kind,subject,page,system,staff,cell,export_bar,last_night_value_beats,tonight_candidates_beats,tonight_reason,what_changed,gather_side_changes,ink_refusal_why,last_night_beam_levels
kept_to_narrowed,glyph/0/0/0/1/3,0,0,0,1,2,1.5,0.75 | 1.5,beam discounted uncertain,stem side None->down,-,,0
kept_to_narrowed,glyph/0/0/0/2/2,0,0,0,2,3,0.375,0.75 | 1.5,beam discounted uncertain,ink refused too_thin (0->2),beams_by_stem 2->0,too_thin,2
kept_to_narrowed,glyph/0/0/0/2/3,0,0,0,2,3,0.375,0.75 | 1.5,beam discounted uncertain,ink refused too_thin (0->2),beams_by_stem 2->0,too_thin,2
kept_to_narrowed,glyph/0/0/0/2/4,0,0,0,2,3,0.375,0.75 | 1.5,beam discounted uncertain,ink refused too_thin (0->2),-,too_thin,2
kept_to_narrowed,glyph/0/0/0/2/5,0,0,0,2,3,0.375,0.75 | 1.5,beam discounted uncertain,ink refused too_thin (0->2),-,too_thin,2
kept_to_narrowed,glyph/0/0/0/3/2,0,0,0,3,4,0.75,0.75 | 1.5,beam discounted uncertain,ink refused too_thin (0->1) + stem side None->down,-,too_thin,1
kept_to_narrowed,glyph/0/0/0/3/3,0,0,0,3,4,0.5,0.5 | 1,beam discounted uncertain,ink refused too_thin (0->1),beams_by_stem 1->0,too_thin,1
kept_to_narrowed,glyph/0/0/0/3/4,0,0,0,3,4,0.5,0.5 | 1,beam discounted uncertain,ink refused too_thin (0->1),-,too_thin,1
kept_to_narrowed,glyph/0/0/0/3/5,0,0,0,3,4,0.5,0.5 | 1,beam discounted uncertain,ink refused too_thin (0->1) + stem side None->down,-,too_thin,1
kept_to_narrowed,glyph/0/0/0/3/6,0,0,0,3,4,0.5,0.5 | 1,beam discounted uncertain,ink refused too_thin (0->1),-,too_thin,1
kept_to_narrowed,glyph/0/0/0/3/9,0,0,0,3,4,0.5,0.5 | 1,beam discounted uncertain,ink refused too_thin (0->1),beams_by_stem 1->0,too_thin,1
kept_to_narrowed,glyph/0/0/0/3/10,0,0,0,3,4,0.75,0.75 | 1.5,beam discounted uncertain,ink refused too_thin (0->1),-,too_thin,1
kept_to_narrowed,glyph/0/0/0/3/11,0,0,0,3,4,0.5,0.5 | 1,beam discounted uncertain,ink refused too_thin (0->1),-,too_thin,1
kept_to_narrowed,glyph/0/0/0/4/2,0,0,0,4,5,0.5,0.5 | 1,beam discounted uncertain,ink refused too_thin (0->1) + stem side None->down,-,too_thin,1
kept_to_narrowed,glyph/0/0/0/4/4,0,0,0,4,5,0.75,0.75 | 1.5,beam discounted uncertain,ink refused too_thin (0->1),-,too_thin,1
kept_to_narrowed,glyph/0/0/0/4/6,0,0,0,4,5,0.5,0.5 | 1,beam discounted uncertain,ink refused too_thin (0->1),-,too_thin,1
kept_to_narrowed,glyph/0/0/0/4/8,0,0,0,4,5,0.5,0.5 | 1,beam discounted uncertain,ink refused too_thin (0->1),-,too_thin,1
kept_to_narrowed,glyph/0/0/0/4/9,0,0,0,4,5,0.5,0.5 | 1,beam discounted uncertain,ink refused too_thin (0->1),-,too_thin,1
kept_to_narrowed,glyph/0/0/0/4/10,0,0,0,4,5,0.5,0.5 | 1,beam discounted uncertain,ink refused too_thin (0->1),-,too_thin,1
kept_to_narrowed,glyph/0/0/0/4/15,0,0,0,4,5,0.75,0.75 | 1.5,beam discounted uncertain,ink refused too_thin (0->1),-,too_thin,1
kept_to_narrowed,glyph/0/0/0/6/6,0,0,0,6,7,1,0.5 | 1,beam discounted uncertain,stem side None->down,-,,0
kept_to_narrowed,glyph/0/0/0/6/7,0,0,0,6,7,1,0.5 | 1,beam discounted uncertain,stem side None->down,-,,0
kept_to_narrowed,glyph/0/0/1/1/4,0,0,1,1,2,0.5,0.5 | 1,beam discounted uncertain,ink refused too_thin (0->1),-,too_thin,1
kept_to_narrowed,glyph/0/0/1/1/5,0,0,1,1,2,0.375,0.75 | 1.5,beam discounted uncertain,ink refused too_thin (0->2),-,too_thin,2
kept_to_narrowed,glyph/0/0/1/1/6,0,0,1,1,2,0.375,0.75 | 1.5,beam discounted uncertain,ink refused too_thin (0->2),-,too_thin,2
kept_to_narrowed,glyph/0/0/1/1/8,0,0,1,1,2,0.5,0.5 | 1,beam discounted uncertain,ink refused too_thin (0->1),-,too_thin,1
kept_to_narrowed,glyph/0/0/1/5/1,0,0,1,5,6,0.75,0.75 | 1.5,beam discounted uncertain,ink refused too_thin (0->1),-,too_thin,1
kept_to_narrowed,glyph/0/0/1/5/2,0,0,1,5,6,0.5,0.5 | 1,beam discounted uncertain,ink refused too_thin (0->1),-,too_thin,1
kept_to_narrowed,glyph/0/0/1/5/3,0,0,1,5,6,0.5,0.5 | 1,beam discounted uncertain,ink refused too_thin (0->1) + stem side None->down,-,too_thin,1
kept_to_narrowed,glyph/0/0/1/5/4,0,0,1,5,6,0.5,0.5 | 1,beam discounted uncertain,ink refused too_thin (0->1),-,too_thin,1
kept_to_narrowed,glyph/0/0/1/5/5,0,0,1,5,6,0.5,0.5 | 1,beam discounted uncertain,ink refused too_thin (0->1) + stem side None->down,-,too_thin,1
kept_to_narrowed,glyph/0/0/1/5/6,0,0,1,5,6,0.75,0.75 | 1.5,beam discounted uncertain,ink refused too_thin (0->1),-,too_thin,1
kept_to_narrowed,glyph/0/0/1/5/8,0,0,1,5,6,0.5,0.5 | 1,beam discounted uncertain,ink refused too_thin (0->1),-,too_thin,1
kept_to_narrowed,glyph/0/0/1/5/9,0,0,1,5,6,0.5,0.5 | 1,beam discounted uncertain,ink refused too_thin (0->1),-,too_thin,1
kept_to_narrowed,glyph/0/0/2/1/4,0,0,2,1,2,0.75,0.75 | 1.5,beam discounted uncertain,ink refused too_thin (0->1),-,too_thin,1
kept_to_narrowed,glyph/0/0/2/1/5,0,0,2,1,2,0.5,0.5 | 1,beam discounted uncertain,ink refused too_thin (0->1),-,too_thin,1
kept_to_narrowed,glyph/0/0/2/1/11,0,0,2,1,2,0.5,0.5 | 1,beam discounted uncertain,ink refused too_thin (0->1),-,too_thin,1
kept_to_narrowed,glyph/0/0/2/1/12,0,0,2,1,2,0.75,0.75 | 1.5,beam discounted uncertain,ink refused too_thin (0->1),-,too_thin,1
kept_to_narrowed,glyph/0/0/2/4/3,0,0,2,4,5,0.75,0.75 | 1.5,beam discounted uncertain,ink refused through_heads (0->1),beams_by_stem 1->0,through_heads,1
kept_to_narrowed,glyph/0/0/4/1/6,0,0,4,1,2,0.5,0.5 | 1,beam discounted uncertain,ink refused too_thin (0->1),beams_by_stem 1->0,too_thin,1
kept_to_narrowed,glyph/0/0/4/2/4,0,0,4,2,3,0.5,0.5 | 1,beam discounted uncertain,ink refused too_thin (0->1),-,too_thin,1
kept_to_narrowed,glyph/0/0/6/1/4,0,0,6,1,2,0.5,0.5 | 1,beam discounted uncertain,ink refused too_thin (0->1),-,too_thin,1
kept_to_narrowed,glyph/0/0/6/1/5,0,0,6,1,2,0.5,0.5 | 1,beam discounted uncertain,ink refused too_thin (0->1),-,too_thin,1
kept_to_narrowed,glyph/0/0/6/2/2,0,0,6,2,3,0.75,0.75 | 1.5,beam discounted uncertain,ink refused too_thin (0->1),beams_by_stem 1->0,too_thin,1
kept_to_narrowed,glyph/0/0/6/2/3,0,0,6,2,3,0.75,0.75 | 1.5,beam discounted uncertain,ink refused too_thin (0->1),-,too_thin,1
kept_to_narrowed,glyph/0/0/6/2/5,0,0,6,2,3,0.75,0.75 | 1.5,beam discounted uncertain,ink refused too_thin (0->1),-,too_thin,1
kept_to_narrowed,glyph/0/0/6/2/12,0,0,6,2,3,0.75,0.75 | 1.5,beam discounted uncertain,ink refused too_thin (0->1),beams_by_stem 1->0,too_thin,1
kept_to_narrowed,glyph/0/0/9/2/1,0,0,9,2,3,0.25,0.5 | 1,beam discounted uncertain,ink refused too_thin (0->3),beams_by_stem 1->0,too_thin,2
kept_to_narrowed,glyph/0/0/9/2/2,0,0,9,2,3,0.125,0.5 | 1,beam discounted uncertain,ink refused too_thin (0->3) + stem side None->down,-,too_thin,3
kept_to_narrowed,glyph/0/0/9/2/4,0,0,9,2,3,0.25,0.5 | 1,beam discounted uncertain,ink refused too_thin (0->3),beams_by_stem 1->0,too_thin,2
kept_to_narrowed,glyph/0/0/9/3/1,0,0,9,3,4,0.25,0.5 | 1,beam discounted uncertain,ink refused too_thin (0->4),beams_by_stem 1->0,too_thin,2
kept_to_narrowed,glyph/0/0/9/3/3,0,0,9,3,4,0.25,0.5 | 1,beam discounted uncertain,ink refused too_thin (0->4),beams_by_stem 1->0,too_thin,2
kept_to_narrowed,glyph/0/0/10/2/2,0,0,10,2,3,0.25,0.5 | 1,beam discounted uncertain,ink refused too_thin (0->2),beams_by_stem 1->0,too_thin,2
kept_to_narrowed,glyph/0/0/10/2/3,0,0,10,2,3,0.25,0.5 | 1,beam discounted uncertain,ink refused too_thin (0->2),-,too_thin,2
kept_to_narrowed,glyph/0/0/10/3/1,0,0,10,3,4,0.5,0.5 | 1,beam discounted uncertain,ink refused too_thin (0->2),-,too_thin,1
kept_to_narrowed,glyph/0/0/10/3/3,0,0,10,3,4,0.5,0.5 | 1,beam discounted uncertain,ink refused too_thin (0->2),-,too_thin,1
kept_to_narrowed,glyph/0/0/10/3/4,0,0,10,3,4,0.5,0.5 | 1,beam discounted uncertain,ink refused too_thin (0->2),-,too_thin,1
kept_to_narrowed,glyph/0/0/11/1/10,0,0,11,1,2,0.75,0.75 | 1.5,beam discounted uncertain,ink refused too_thin (0->1),-,too_thin,1
kept_to_narrowed,glyph/0/0/12/2/1,0,0,12,2,3,0.5,0.5 | 1,beam discounted uncertain,ink refused too_thin (0->1),-,too_thin,1
kept_to_narrowed,glyph/0/0/12/2/4,0,0,12,2,3,0.25,0.5 | 1,beam discounted uncertain,ink refused too_thin (0->1) + far-side strokes 0->1 + stem side None->down,-,too_thin,2
kept_to_narrowed,glyph/0/0/12/2/5,0,0,12,2,3,0.5,0.5 | 1,beam discounted uncertain,ink refused too_thin (0->1),-,too_thin,1
kept_to_narrowed,glyph/1/0/2/0/14,1,0,2,0,8,0.25,0.5 | 1,beam discounted uncertain,ink refused too_thin (0->2),-,too_thin,2
kept_to_narrowed,glyph/1/0/2/0/15,1,0,2,0,8,0.25,0.5 | 1,beam discounted uncertain,ink refused too_thin (0->2),-,too_thin,2
kept_to_narrowed,glyph/1/0/2/0/22,1,0,2,0,8,0.25,0.5 | 1,beam discounted uncertain,ink refused too_thin (0->2),-,too_thin,2
kept_to_narrowed,glyph/1/0/2/0/24,1,0,2,0,8,0.25,0.5 | 1,beam discounted uncertain,ink refused too_thin (0->2),-,too_thin,2
kept_to_narrowed,glyph/1/0/3/0/10,1,0,3,0,8,0.25,0.5 | 1,beam discounted uncertain,ink refused too_thin (0->2),-,too_thin,2
kept_to_narrowed,glyph/1/0/3/0/15,1,0,3,0,8,0.25,0.5 | 1,beam discounted uncertain,ink refused too_thin (0->2),-,too_thin,2
kept_to_narrowed,glyph/1/0/3/0/18,1,0,3,0,8,0.25,0.5 | 1,beam discounted uncertain,ink refused too_thin (0->2),-,too_thin,2
kept_to_narrowed,glyph/1/0/3/0/37,1,0,3,0,8,0.25,0.5 | 1,beam discounted uncertain,ink refused too_thin (0->2),-,too_thin,2
kept_to_narrowed,glyph/1/0/3/3/7,1,0,3,3,11,0.25,0.5 | 1,beam discounted uncertain,ink refused too_thin (0->9),-,too_thin,2
kept_to_narrowed,glyph/1/0/3/4/19,1,0,3,4,12,0.5,0.5 | 1,beam discounted uncertain,ink refused through_heads (0->1),beams_by_stem 1->0,through_heads,1
kept_to_narrowed,glyph/1/0/5/0/1,1,0,5,0,8,0.5,0.5 | 1,beam discounted uncertain,ink refused too_thin (0->3),beams_by_stem 1->0,too_thin,1
kept_to_narrowed,glyph/1/0/5/0/7,1,0,5,0,8,0.5,0.5 | 1,beam discounted uncertain,ink refused too_thin (0->3),beams_by_stem 1->0,too_thin,1
kept_to_narrowed,glyph/1/0/7/0/13,1,0,7,0,8,0.5,0.5 | 1,beam discounted uncertain,ink refused too_thin (0->1),-,too_thin,1
kept_to_narrowed,glyph/1/0/9/0/28,1,0,9,0,8,0.25,0.5 | 1,beam discounted uncertain,ink refused too_thin (0->2),-,too_thin,2
kept_to_narrowed,glyph/1/0/9/3/3,1,0,9,3,11,0.25,0.5 | 1,beam discounted uncertain,ink refused too_thin (0->7),-,too_thin,2
kept_to_narrowed,glyph/1/0/9/3/11,1,0,9,3,11,0.125,0.5 | 1,beam discounted uncertain,ink refused too_thin (0->7),-,too_thin,3
kept_to_narrowed,glyph/1/0/10/3/1,1,0,10,3,11,0.5,0.5 | 1,beam discounted uncertain,ink refused one_stem/too_thin (0->4),beams_by_stem 1->0,one_stem/too_thin,1
kept_to_narrowed,glyph/1/0/10/3/4,1,0,10,3,11,0.25,0.5 | 1,beam discounted uncertain,ink refused one_stem/too_thin (0->4),-,one_stem/too_thin,2
kept_to_narrowed,glyph/1/0/10/3/13,1,0,10,3,11,0.5,0.5 | 1,beam discounted uncertain,ink refused one_stem/too_thin (0->4),-,one_stem/too_thin,1
kept_to_narrowed,glyph/1/0/11/0/17,1,0,11,0,8,0.0625,0.5 | 1,beam discounted uncertain,ink refused no_stem_at_ends/too_thin (0->4),-,no_stem_at_ends/too_thin,4
kept_to_narrowed,glyph/1/0/11/3/5,1,0,11,3,11,0.25,0.5 | 1,beam discounted uncertain,ink refused too_thin (0->5),-,too_thin,2
kept_to_narrowed,glyph/1/1/3/0/7,1,1,3,0,15,0.125,0.5 | 1,beam discounted uncertain,ink refused too_thin (0->8),-,too_thin,3
kept_to_narrowed,glyph/1/1/9/0/15,1,1,9,0,15,0.5,0.5 | 1,beam discounted uncertain,ink refused no_stem_at_ends/too_thin (0->3),-,no_stem_at_ends/too_thin,1
kept_to_narrowed,glyph/1/1/10/0/0,1,1,10,0,15,0.5,0.5 | 1,beam discounted uncertain,ink refused too_thin (0->5),-,too_thin,1
kept_to_narrowed,glyph/1/1/10/0/8,1,1,10,0,15,0.0625,0.5 | 1,beam discounted uncertain,ink refused too_thin (0->5),-,too_thin,4
kept_to_narrowed,glyph/2/0/0/2/2,2,0,0,2,25,1.5,0.75 | 1.5,beam discounted uncertain,stem side None->down,-,,0
kept_to_narrowed,glyph/2/0/0/3/6,2,0,0,3,26,0.5,0.5 | 1,beam discounted uncertain,far-side strokes 0->1 + stem side None->down,-,,1
kept_to_narrowed,glyph/2/0/0/3/7,2,0,0,3,26,0.75,0.75 | 1.5,beam discounted uncertain,far-side strokes 0->1 + stem side None->down,-,,1
kept_to_narrowed,glyph/2/0/0/3/8,2,0,0,3,26,0.75,0.75 | 1.5,beam discounted uncertain,ink refused not_straight (0->1),-,not_straight,1
kept_to_narrowed,glyph/2/0/0/3/10,2,0,0,3,26,0.5,0.5 | 1,beam discounted uncertain,ink refused not_straight (0->1),-,not_straight,1
kept_to_narrowed,glyph/2/0/0/4/2,2,0,0,4,27,0.5,0.5 | 1,beam discounted uncertain,ink refused too_thin (0->1) + stem side None->down,-,too_thin,1
kept_to_narrowed,glyph/2/0/0/4/3,2,0,0,4,27,0.5,0.5 | 1,beam discounted uncertain,ink refused too_thin (0->1) + stem side None->down,-,too_thin,1
kept_to_narrowed,glyph/2/0/0/4/4,2,0,0,4,27,0.5,0.5 | 1,beam discounted uncertain,ink refused too_thin (0->1) + stem side None->down,-,too_thin,1
kept_to_narrowed,glyph/2/0/0/4/9,2,0,0,4,27,0.5,0.5 | 1,beam discounted uncertain,ink refused too_thin (0->1),-,too_thin,1
kept_to_narrowed,glyph/2/0/0/4/12,2,0,0,4,27,0.5,0.5 | 1,beam discounted uncertain,ink refused too_thin (0->1),-,too_thin,1
kept_to_narrowed,glyph/2/0/0/4/13,2,0,0,4,27,0.5,0.5 | 1,beam discounted uncertain,ink refused too_thin (0->1),-,too_thin,1
kept_to_narrowed,glyph/2/0/1/3/4,2,0,1,3,26,0.75,0.75 | 1.5,beam discounted uncertain,ink refused not_straight (0->1),-,not_straight,1
kept_to_narrowed,glyph/2/0/1/3/9,2,0,1,3,26,0.5,0.5 | 1,beam discounted uncertain,ink refused not_straight (0->1),-,not_straight,1
kept_to_narrowed,glyph/2/0/1/3/11,2,0,1,3,26,0.5,0.5 | 1,beam discounted uncertain,ink refused not_straight (0->1),-,not_straight,1
kept_to_narrowed,glyph/2/0/1/3/14,2,0,1,3,26,0.75,0.75 | 1.5,beam discounted uncertain,ink refused not_straight (0->1),-,not_straight,1
kept_to_narrowed,glyph/2/0/1/5/8,2,0,1,5,28,0.75,0.75 | 1.5,beam discounted uncertain,ink refused too_thin (0->1),-,too_thin,1
kept_to_narrowed,glyph/2/0/1/5/9,2,0,1,5,28,0.75,0.75 | 1.5,beam discounted uncertain,ink refused too_thin (0->1),-,too_thin,1
kept_to_narrowed,glyph/2/0/2/3/6,2,0,2,3,26,1.5,0.75 | 1.5,beam discounted uncertain,stem side None->down,-,,0
kept_to_narrowed,glyph/2/0/2/3/8,2,0,2,3,26,1,0.5 | 1,beam discounted uncertain,stem side None->down,-,,0
kept_to_narrowed,glyph/2/0/2/5/3,2,0,2,5,28,0.1875,0.75 | 1.5,beam discounted uncertain,ink refused too_thin (0->5),-,too_thin,3
kept_to_narrowed,glyph/2/0/2/5/21,2,0,2,5,28,0.1875,0.75 | 1.5,beam discounted uncertain,ink refused too_thin (0->5),-,too_thin,3
kept_to_narrowed,glyph/2/0/3/3/10,2,0,3,3,26,1.5,0.75 | 1.5,beam discounted uncertain,far-side strokes 0->1 + stem side None->down,-,,0
kept_to_narrowed,glyph/2/0/3/4/1,2,0,3,4,27,0.5,0.5 | 1,beam discounted uncertain,ink refused too_thin (0->1) + stem side None->down,-,too_thin,1
kept_to_narrowed,glyph/2/0/3/4/2,2,0,3,4,27,0.5,0.5 | 1,beam discounted uncertain,ink refused too_thin (0->1) + stem side None->down,-,too_thin,1
kept_to_narrowed,glyph/2/0/3/4/4,2,0,3,4,27,0.5,0.5 | 1,beam discounted uncertain,ink refused too_thin (0->1),-,too_thin,1
kept_to_narrowed,glyph/2/0/3/4/8,2,0,3,4,27,0.5,0.5 | 1,beam discounted uncertain,ink refused too_thin (0->1),-,too_thin,1
kept_to_narrowed,glyph/2/0/3/4/13,2,0,3,4,27,0.5,0.5 | 1,beam discounted uncertain,ink refused too_thin (0->1),-,too_thin,1
kept_to_narrowed,glyph/2/0/3/4/16,2,0,3,4,27,0.5,0.5 | 1,beam discounted uncertain,ink refused too_thin (0->1),-,too_thin,1
kept_to_narrowed,glyph/2/0/7/3/0,2,0,7,3,26,0.5,0.5 | 1,beam discounted uncertain,ink refused too_thin (0->1),beams_by_stem 1->0,too_thin,1
kept_to_narrowed,glyph/2/0/7/3/4,2,0,7,3,26,0.5,0.5 | 1,beam discounted uncertain,ink refused too_thin (0->1),beams_by_stem 1->0,too_thin,1
kept_to_narrowed,glyph/2/0/9/4/1,2,0,9,4,27,0.5,0.5 | 1,beam discounted uncertain,ink refused too_thin (0->3),-,too_thin,1
kept_to_narrowed,glyph/2/0/9/4/5,2,0,9,4,27,0.25,0.5 | 1,beam discounted uncertain,ink refused too_thin (0->3),-,too_thin,2
kept_to_narrowed,glyph/2/0/9/5/3,2,0,9,5,28,0.25,0.5 | 1,beam discounted uncertain,ink refused too_thin (0->2),-,too_thin,2
kept_to_narrowed,glyph/2/0/9/5/4,2,0,9,5,28,0.25,0.5 | 1,beam discounted uncertain,ink refused too_thin (0->2),-,too_thin,2
kept_to_narrowed,glyph/2/0/11/3/7,2,0,11,3,26,0.25,0.5 | 1,beam discounted uncertain,ink refused too_thin (0->2),beams_by_stem 1->0,too_thin,2
kept_to_narrowed,glyph/2/0/11/3/11,2,0,11,3,26,0.5,0.5 | 1,beam discounted uncertain,ink refused too_thin (0->2),-,too_thin,1
kept_to_narrowed,glyph/2/0/11/3/13,2,0,11,3,26,0.5,0.5 | 1,beam discounted uncertain,ink refused too_thin (0->2),-,too_thin,1
kept_to_narrowed,glyph/2/0/11/5/4,2,0,11,5,28,0.25,0.5 | 1,beam discounted uncertain,ink refused too_thin (0->2) + stem side None->down,-,too_thin,2
kept_to_narrowed,glyph/2/0/11/5/6,2,0,11,5,28,0.25,0.5 | 1,beam discounted uncertain,ink refused too_thin (0->2),-,too_thin,2
kept_to_narrowed,glyph/2/0/11/5/10,2,0,11,5,28,0.5,0.5 | 1,beam discounted uncertain,ink refused too_thin (0->1),beams_by_stem 1->0,too_thin,1
kept_to_narrowed,glyph/2/0/11/5/13,2,0,11,5,28,0.375,0.75 | 1.5,beam discounted uncertain,ink refused too_thin (0->2),-,too_thin,2
kept_to_narrowed,glyph/2/0/11/5/14,2,0,11,5,28,0.25,0.5 | 1,beam discounted uncertain,ink refused too_thin (0->2),-,too_thin,2
kept_to_narrowed,glyph/2/0/12/1/21,2,0,12,1,24,1,2 | 1 | 4,head fill from ink,ink refused too_thin (0->3),-,too_thin,0
kept_to_narrowed,glyph/2/0/12/4/2,2,0,12,4,27,0.5,0.5 | 1,beam discounted uncertain,ink refused too_thin (0->1),-,too_thin,1
kept_to_narrowed,glyph/2/0/12/5/3,2,0,12,5,28,0.5,0.5 | 1,beam discounted uncertain,ink refused too_thin (0->1),-,too_thin,1
kept_to_narrowed,glyph/2/0/12/5/4,2,0,12,5,28,0.25,0.5 | 1,beam discounted uncertain,ink refused too_thin (0->1) + far-side strokes 0->1 + stem side None->down,-,too_thin,2
kept_to_narrowed,glyph/2/1/0/0/9,2,1,0,0,29,1,0.5 | 1,beam discounted uncertain,stem side None->down,-,,0
kept_to_narrowed,glyph/2/1/2/4/6,2,1,2,4,33,0.1875,0.75 | 1.5,beam discounted uncertain,ink refused too_thin (0->5),-,too_thin,3
kept_to_narrowed,glyph/2/1/2/4/8,2,1,2,4,33,0.1875,0.75 | 1.5,beam discounted uncertain,ink refused too_thin (0->5),-,too_thin,3
kept_to_narrowed,glyph/2/1/2/5/0,2,1,2,5,34,0.375,0.75 | 1.5,beam discounted uncertain,ink refused one_stem/too_thin (0->2),-,one_stem/too_thin,2
kept_to_narrowed,glyph/2/1/2/5/1,2,1,2,5,34,0.25,0.5 | 1,beam discounted uncertain,ink refused one_stem/too_thin (0->2),-,one_stem/too_thin,2
kept_to_narrowed,glyph/2/1/2/5/9,2,1,2,5,34,0.375,0.75 | 1.5,beam discounted uncertain,ink refused one_stem/too_thin (0->2),-,one_stem/too_thin,2
kept_to_narrowed,glyph/2/1/3/2/2,2,1,3,2,31,0.75,0.75 | 1.5,beam discounted uncertain,ink refused too_thin (0->1),-,too_thin,1
kept_to_narrowed,glyph/2/1/3/2/3,2,1,3,2,31,0.75,0.75 | 1.5,beam discounted uncertain,ink refused too_thin (0->1),-,too_thin,1
kept_to_narrowed,glyph/2/1/5/2/1,2,1,5,2,31,0.75,0.75 | 1.5,beam discounted uncertain,ink refused too_thin (0->1),beams_by_stem 1->0,too_thin,1
kept_to_narrowed,glyph/2/1/5/2/4,2,1,5,2,31,0.5,0.5 | 1,beam discounted uncertain,ink refused too_thin (0->1),beams_by_stem 1->0,too_thin,1
kept_to_narrowed,glyph/2/1/5/3/0,2,1,5,3,32,0.5,0.5 | 1,beam discounted uncertain,ink refused too_thin (0->1),-,too_thin,1
kept_to_narrowed,glyph/3/0/0/0/5,3,0,0,0,38,1.5,0.75 | 1.5,beam discounted uncertain,stem side None->down,-,,0
kept_to_narrowed,glyph/3/0/0/1/2,3,0,0,1,39,1.5,0.75 | 1.5,beam discounted uncertain,stem side None->down,-,,0
kept_to_narrowed,glyph/3/0/0/1/7,3,0,0,1,39,1.5,0.75 | 1.5,beam discounted uncertain,stem side None->down,-,,0
kept_to_narrowed,glyph/3/0/1/0/4,3,0,1,0,38,1.5,0.75 | 1.5,beam discounted uncertain,stem side None->down,-,,0
kept_to_narrowed,glyph/3/0/1/1/1,3,0,1,1,39,0.375,0.75 | 1.5,beam discounted uncertain,ink refused too_thin (0->2) + stem side None->down,-,too_thin,2
kept_to_narrowed,glyph/3/0/1/1/2,3,0,1,1,39,0.375,0.75 | 1.5,beam discounted uncertain,ink refused too_thin (0->2) + stem side None->down,-,too_thin,2
kept_to_narrowed,glyph/3/0/1/1/3,3,0,1,1,39,0.375,0.75 | 1.5,beam discounted uncertain,ink refused too_thin (0->2),-,too_thin,2
kept_to_narrowed,glyph/3/0/1/1/8,3,0,1,1,39,0.375,0.75 | 1.5,beam discounted uncertain,ink refused too_thin (0->2),-,too_thin,2
kept_to_narrowed,glyph/3/0/1/2/2,3,0,1,2,40,1,0.5 | 1,beam discounted uncertain,stem side None->up,-,,0
kept_to_narrowed,glyph/3/0/1/2/8,3,0,1,2,40,1.5,0.75 | 1.5,beam discounted uncertain,stem side None->up,-,,0
kept_to_narrowed,glyph/3/0/1/8/8,3,0,1,8,46,0.75,0.75 | 1.5,beam discounted uncertain,ink refused too_thin (0->1),-,too_thin,1
kept_to_narrowed,glyph/3/0/1/8/16,3,0,1,8,46,0.5,0.5 | 1,beam discounted uncertain,ink refused too_thin (0->1),-,too_thin,1
kept_to_narrowed,glyph/3/0/1/9/6,3,0,1,9,47,0.75,0.75 | 1.5,beam discounted uncertain,ink refused too_thin (0->1),-,too_thin,1
kept_to_narrowed,glyph/3/0/1/9/10,3,0,1,9,47,0.75,0.75 | 1.5,beam discounted uncertain,ink refused too_thin (0->1),-,too_thin,1
kept_to_narrowed,glyph/3/0/2/1/2,3,0,2,1,39,0.75,0.75 | 1.5,beam discounted uncertain,ink refused too_thin (0->1),beams_by_stem 1->0,too_thin,1
kept_to_narrowed,glyph/3/0/2/1/3,3,0,2,1,39,0.75,0.75 | 1.5,beam discounted uncertain,ink refused too_thin (0->1),-,too_thin,1
kept_to_narrowed,glyph/3/0/2/1/4,3,0,2,1,39,0.75,0.75 | 1.5,beam discounted uncertain,ink refused too_thin (0->1),-,too_thin,1
kept_to_narrowed,glyph/3/0/2/1/17,3,0,2,1,39,0.75,0.75 | 1.5,beam discounted uncertain,ink refused too_thin (0->1),beams_by_stem 1->0,too_thin,1
kept_to_narrowed,glyph/3/0/3/1/3,3,0,3,1,39,1.5,0.75 | 1.5,beam discounted uncertain,stem side None->down,-,,0
kept_to_narrowed,glyph/3/0/3/1/6,3,0,3,1,39,1.5,0.75 | 1.5,beam discounted uncertain,stem side None->down,-,,0
kept_to_narrowed,glyph/3/0/5/9/1,3,0,5,9,47,0.5,0.5 | 1,beam discounted uncertain,ink refused too_thin (0->1) + stem side None->down,-,too_thin,1
kept_to_narrowed,glyph/3/0/5/9/2,3,0,5,9,47,0.5,0.5 | 1,beam discounted uncertain,ink refused too_thin (0->1),beams_by_stem 1->0,too_thin,1
kept_to_narrowed,glyph/3/0/5/9/3,3,0,5,9,47,0.5,0.5 | 1,beam discounted uncertain,ink refused too_thin (0->1) + stem side None->down,-,too_thin,1
kept_to_narrowed,glyph/3/0/5/9/4,3,0,5,9,47,0.5,0.5 | 1,beam discounted uncertain,ink refused too_thin (0->1),beams_by_stem 1->0,too_thin,1
kept_to_narrowed,glyph/3/0/5/9/6,3,0,5,9,47,0.5,0.5 | 1,beam discounted uncertain,ink refused too_thin (0->1),-,too_thin,1
kept_to_narrowed,glyph/3/0/5/9/7,3,0,5,9,47,0.5,0.5 | 1,beam discounted uncertain,ink refused too_thin (0->1),-,too_thin,1
kept_to_narrowed,glyph/3/0/5/9/12,3,0,5,9,47,0.5,0.5 | 1,beam discounted uncertain,ink refused too_thin (0->1),-,too_thin,1
kept_to_narrowed,glyph/3/0/9/5/0,3,0,9,5,43,0.375,0.75 | 1.5,beam discounted uncertain,ink refused too_thin (0->2),-,too_thin,2
kept_to_narrowed,glyph/3/0/9/5/2,3,0,9,5,43,0.25,0.5 | 1,beam discounted uncertain,ink refused too_thin (0->2),-,too_thin,2
kept_to_narrowed,glyph/3/0/9/5/4,3,0,9,5,43,0.25,0.5 | 1,beam discounted uncertain,ink refused too_thin (0->2),-,too_thin,2
kept_to_narrowed,glyph/3/0/9/6/0,3,0,9,6,44,0.25,0.5 | 1,beam discounted uncertain,ink refused too_thin (0->2),-,too_thin,2
kept_to_narrowed,glyph/3/0/9/9/0,3,0,9,9,47,0.5,0.5 | 1,beam discounted uncertain,ink refused too_thin (0->1),-,too_thin,1
kept_to_narrowed,glyph/3/0/9/9/8,3,0,9,9,47,0.5,0.5 | 1,beam discounted uncertain,ink refused too_thin (0->1) + stem side None->down,-,too_thin,1
kept_to_narrowed,glyph/3/0/9/9/9,3,0,9,9,47,0.75,0.75 | 1.5,beam discounted uncertain,ink refused too_thin (0->1),-,too_thin,1
kept_to_narrowed,glyph/3/0/10/5/3,3,0,10,5,43,0.5,0.5 | 1,beam discounted uncertain,ink refused too_thin (0->1),-,too_thin,1
kept_to_narrowed,glyph/3/0/10/5/6,3,0,10,5,43,0.5,0.5 | 1,beam discounted uncertain,ink refused too_thin (0->1),-,too_thin,1
kept_to_narrowed,glyph/3/0/10/5/7,3,0,10,5,43,0.5,0.5 | 1,beam discounted uncertain,ink refused too_thin (0->1) + stem side None->up,-,too_thin,1
kept_to_narrowed,glyph/3/0/10/5/9,3,0,10,5,43,0.5,0.5 | 1,beam discounted uncertain,ink refused too_thin (0->1),-,too_thin,1
kept_to_narrowed,glyph/3/0/10/5/10,3,0,10,5,43,0.5,0.5 | 1,beam discounted uncertain,ink refused too_thin (0->1) + stem side None->up,-,too_thin,1
kept_to_narrowed,glyph/3/0/10/5/13,3,0,10,5,43,0.5,0.5 | 1,beam discounted uncertain,ink refused too_thin (0->1) + stem side None->up,-,too_thin,1
kept_to_narrowed,glyph/3/0/11/9/3,3,0,11,9,47,0.25,0.5 | 1,beam discounted uncertain,ink refused too_thin (0->2),-,too_thin,2
kept_to_narrowed,glyph/3/0/11/9/4,3,0,11,9,47,0.25,0.5 | 1,beam discounted uncertain,ink refused too_thin (0->2),-,too_thin,2
kept_to_narrowed,glyph/3/0/11/9/6,3,0,11,9,47,0.25,0.5 | 1,beam discounted uncertain,ink refused too_thin (0->2),-,too_thin,2
kept_to_narrowed,glyph/3/0/11/9/9,3,0,11,9,47,0.25,0.5 | 1,beam discounted uncertain,ink refused too_thin (0->2),-,too_thin,2
kept_to_narrowed,glyph/3/0/11/9/10,3,0,11,9,47,0.25,0.5 | 1,beam discounted uncertain,ink refused too_thin (0->2),-,too_thin,2
kept_to_narrowed,glyph/3/0/11/9/11,3,0,11,9,47,0.25,0.5 | 1,beam discounted uncertain,ink refused too_thin (0->2),-,too_thin,2
kept_to_narrowed,glyph/3/0/12/5/2,3,0,12,5,43,1.5,0.75 | 1.5,beam discounted uncertain,far-side strokes 0->1 + stem side None->down,-,,0
kept_to_narrowed,glyph/3/0/12/7/3,3,0,12,7,45,0.5,0.5 | 1,beam discounted uncertain,ink refused too_thin (0->1),-,too_thin,1
kept_to_narrowed,glyph/3/0/12/9/0,3,0,12,9,47,0.375,0.75 | 1.5,beam discounted uncertain,ink refused too_thin (0->2),-,too_thin,2
kept_to_narrowed,glyph/3/0/12/9/1,3,0,12,9,47,0.375,0.75 | 1.5,beam discounted uncertain,ink refused too_thin (0->2),-,too_thin,2
kept_to_narrowed,glyph/3/0/13/9/0,3,0,13,9,47,0.09375,0.75 | 1.5,beam discounted uncertain,ink refused too_thin (0->4),-,too_thin,4
kept_to_narrowed,glyph/3/0/13/9/1,3,0,13,9,47,0.75,0.75 | 1.5,beam discounted uncertain,ink refused too_thin (0->2),-,too_thin,1
kept_to_narrowed,glyph/3/1/0/5/4,3,1,0,5,53,0.375,0.75 | 1.5,beam discounted uncertain,ink refused too_thin (0->2) + stem side None->down,-,too_thin,2
kept_to_narrowed,glyph/3/1/0/5/8,3,1,0,5,53,0.375,0.75 | 1.5,beam discounted uncertain,ink refused too_thin (0->2),-,too_thin,2
kept_to_narrowed,glyph/3/1/0/6/5,3,1,0,6,54,0.75,0.75 | 1.5,beam discounted uncertain,ink refused too_thin (0->4),-,too_thin,1
kept_to_narrowed,glyph/3/1/0/6/6,3,1,0,6,54,0.0625,0.5 | 1,beam discounted uncertain,ink refused too_thin (0->4) + stem side None->down,-,too_thin,4
kept_to_narrowed,glyph/3/1/0/6/8,3,1,0,6,54,0.75,0.75 | 1.5,beam discounted uncertain,ink refused too_thin (0->4),-,too_thin,1
kept_to_narrowed,glyph/3/1/0/6/12,3,1,0,6,54,0.0625,0.5 | 1,beam discounted uncertain,ink refused too_thin (0->4),-,too_thin,4
kept_to_narrowed,glyph/3/1/0/7/3,3,1,0,7,55,1,0.5 | 1,beam discounted uncertain,stem side None->down,-,,0
kept_to_narrowed,glyph/3/1/1/5/3,3,1,1,5,53,0.75,0.75 | 1.5,beam discounted uncertain,ink refused too_thin (0->1),-,too_thin,1
kept_to_narrowed,glyph/3/1/1/5/6,3,1,1,5,53,0.75,0.75 | 1.5,beam discounted uncertain,ink refused too_thin (0->1),-,too_thin,1
kept_to_narrowed,glyph/3/1/1/8/2,3,1,1,8,56,0.5,0.5 | 1,beam discounted uncertain,ink refused too_thin (0->1),-,too_thin,1
kept_to_narrowed,glyph/3/1/1/8/3,3,1,1,8,56,0.5,0.5 | 1,beam discounted uncertain,ink refused too_thin (0->1),-,too_thin,1
kept_to_narrowed,glyph/3/1/1/8/5,3,1,1,8,56,0.5,0.5 | 1,beam discounted uncertain,ink refused too_thin (0->1),-,too_thin,1
kept_to_narrowed,glyph/3/1/1/8/12,3,1,1,8,56,0.5,0.5 | 1,beam discounted uncertain,ink refused too_thin (0->1),-,too_thin,1
kept_to_narrowed,glyph/3/1/1/8/14,3,1,1,8,56,0.5,0.5 | 1,beam discounted uncertain,ink refused too_thin (0->1),-,too_thin,1
kept_to_narrowed,glyph/3/1/1/8/15,3,1,1,8,56,0.5,0.5 | 1,beam discounted uncertain,ink refused too_thin (0->1),-,too_thin,1
kept_to_narrowed,glyph/3/1/3/0/1,3,1,3,0,48,1.5,0.75 | 1.5,beam discounted uncertain,stem side None->down,-,,0
kept_to_narrowed,glyph/3/1/3/0/9,3,1,3,0,48,0.75,0.75 | 1.5,beam discounted uncertain,ink refused not_straight (0->1),beams_by_stem 1->0,not_straight,1
kept_to_narrowed,glyph/3/1/3/0/14,3,1,3,0,48,0.75,0.75 | 1.5,beam discounted uncertain,ink refused not_straight (0->1),beams_by_stem 1->0,not_straight,1
kept_to_narrowed,glyph/3/1/3/1/3,3,1,3,1,49,0.5,0.5 | 1,beam discounted uncertain,ink refused not_straight (0->1),beams_by_stem 1->0,not_straight,1
kept_to_narrowed,glyph/3/1/3/1/11,3,1,3,1,49,0.5,0.5 | 1,beam discounted uncertain,ink refused not_straight (0->1),beams_by_stem 1->0,not_straight,1
kept_to_narrowed,glyph/3/1/3/2/3,3,1,3,2,50,0.75,0.75 | 1.5,beam discounted uncertain,ink refused not_straight (0->1),beams_by_stem 1->0,not_straight,1
kept_to_narrowed,glyph/3/1/3/2/6,3,1,3,2,50,0.75,0.75 | 1.5,beam discounted uncertain,ink refused not_straight (0->1),beams_by_stem 1->0,not_straight,1
kept_to_narrowed,glyph/3/1/3/2/8,3,1,3,2,50,0.5,0.5 | 1,beam discounted uncertain,ink refused not_straight (0->1),beams_by_stem 1->0,not_straight,1
kept_to_narrowed,glyph/3/1/3/2/20,3,1,3,2,50,0.5,0.5 | 1,beam discounted uncertain,ink refused not_straight (0->1),beams_by_stem 1->0,not_straight,1
kept_to_narrowed,glyph/3/1/4/0/5,3,1,4,0,48,0.75,0.75 | 1.5,beam discounted uncertain,ink refused not_straight (0->1),beams_by_stem 1->0,not_straight,1
kept_to_narrowed,glyph/3/1/4/0/11,3,1,4,0,48,0.5,0.5 | 1,beam discounted uncertain,ink refused not_straight (0->1),beams_by_stem 1->0,not_straight,1
kept_to_narrowed,glyph/3/1/4/0/15,3,1,4,0,48,0.5,0.5 | 1,beam discounted uncertain,ink refused not_straight (0->1),beams_by_stem 1->0,not_straight,1
kept_to_narrowed,glyph/3/1/5/0/7,3,1,5,0,48,1.5,0.75 | 1.5,beam discounted uncertain,stem side None->down,-,,0
kept_to_narrowed,glyph/3/1/9/2/0,3,1,9,2,50,0.75,0.75 | 1.5,beam discounted uncertain,ink refused too_thin (0->1),-,too_thin,1
kept_to_narrowed,glyph/3/1/9/2/4,3,1,9,2,50,0.75,0.75 | 1.5,beam discounted uncertain,ink refused too_thin (0->1),-,too_thin,1
kept_to_narrowed,glyph/3/1/9/3/2,3,1,9,3,51,1.5,0.75 | 1.5,beam discounted uncertain,stem side None->down,-,,0
kept_to_narrowed,glyph/3/1/9/4/2,3,1,9,4,52,0.75,0.75 | 1.5,beam discounted uncertain,ink refused one_stem/too_thin (0->3),-,one_stem/too_thin,1
kept_to_narrowed,glyph/3/1/9/5/1,3,1,9,5,53,0.5,0.5 | 1,beam discounted uncertain,ink refused too_thin (0->1),-,too_thin,1
kept_to_narrowed,glyph/3/1/9/5/7,3,1,9,5,53,0.75,0.75 | 1.5,beam discounted uncertain,ink refused too_thin (0->1),beams_by_stem 1->0,too_thin,1
kept_to_narrowed,glyph/3/1/10/10/4,3,1,10,10,58,0.5,0.5 | 1,beam discounted uncertain,ink refused too_thin (0->1),-,too_thin,1
kept_to_narrowed,glyph/3/1/11/4/3,3,1,11,4,52,0.5,0.5 | 1,beam discounted uncertain,ink refused no_stem_at_ends (0->1),-,no_stem_at_ends,1
kept_to_narrowed,glyph/3/1/11/4/7,3,1,11,4,52,0.75,0.75 | 1.5,beam discounted uncertain,ink refused no_stem_at_ends/too_thin (0->3),-,no_stem_at_ends/too_thin,1
kept_to_narrowed,glyph/3/1/11/10/0,3,1,11,10,58,0.5,0.5 | 1,beam discounted uncertain,ink refused too_thin (0->1),-,too_thin,1
kept_to_narrowed,glyph/3/1/12/4/1,3,1,12,4,52,0.75,0.75 | 1.5,beam discounted uncertain,ink refused too_thin (0->1),-,too_thin,1
kept_to_narrowed,glyph/3/1/12/4/2,3,1,12,4,52,0.25,0.5 | 1,beam discounted uncertain,ink refused too_thin (0->2),-,too_thin,2
kept_to_narrowed,glyph/3/1/13/1/1,3,1,13,1,49,0.5,0.5 | 1,beam discounted uncertain,ink refused not_straight (0->1),beams_by_stem 1->0,not_straight,1
kept_to_narrowed,glyph/3/1/13/5/2,3,1,13,5,53,0.375,0.75 | 1.5,beam discounted uncertain,ink refused too_thin (0->2),-,too_thin,2
kept_to_narrowed,glyph/3/1/13/6/3,3,1,13,6,54,1.5,0.75 | 1.5,beam discounted uncertain,stem side None->down,-,,0
kept_to_narrowed,glyph/4/0/0/2/5,4,0,0,2,61,0.5,0.5 | 1,beam discounted uncertain,ink refused too_thin (0->1),-,too_thin,1
kept_to_narrowed,glyph/4/0/0/2/9,4,0,0,2,61,0.5,0.5 | 1,beam discounted uncertain,ink refused too_thin (0->1),-,too_thin,1
kept_to_narrowed,glyph/4/0/0/6/0,4,0,0,6,65,0.75,0.75 | 1.5,beam discounted uncertain,ink refused too_thin (0->1) + stem side None->down,-,too_thin,1
kept_to_narrowed,glyph/4/0/0/6/9,4,0,0,6,65,0.75,0.75 | 1.5,beam discounted uncertain,ink refused too_thin (0->1),-,too_thin,1
kept_to_narrowed,glyph/4/0/0/6/10,4,0,0,6,65,0.75,0.75 | 1.5,beam discounted uncertain,ink refused too_thin (0->1),-,too_thin,1
kept_to_narrowed,glyph/4/0/9/10/1,4,0,9,10,69,0.5,0.5 | 1,beam discounted uncertain,ink refused not_straight (0->1),beams_by_stem 1->0,not_straight,1
kept_to_narrowed,glyph/4/0/9/10/2,4,0,9,10,69,0.5,0.5 | 1,beam discounted uncertain,ink refused not_straight/too_thin (0->2),-,not_straight/too_thin,1
kept_to_narrowed,glyph/4/0/9/10/4,4,0,9,10,69,0.75,0.75 | 1.5,beam discounted uncertain,ink refused not_straight (0->1),beams_by_stem 1->0,not_straight,1
kept_to_narrowed,glyph/4/0/9/10/8,4,0,9,10,69,0.75,0.75 | 1.5,beam discounted uncertain,ink refused not_straight (0->1),beams_by_stem 1->0,not_straight,1
kept_to_narrowed,glyph/4/0/9/10/9,4,0,9,10,69,0.5,0.5 | 1,beam discounted uncertain,ink refused not_straight (0->1),beams_by_stem 1->0,not_straight,1
kept_to_narrowed,glyph/4/0/12/3/2,4,0,12,3,62,0.5,0.5 | 1,beam discounted uncertain,ink refused too_thin (0->3),-,too_thin,1
kept_to_narrowed,glyph/4/0/12/3/9,4,0,12,3,62,0.75,0.75 | 1.5,beam discounted uncertain,ink refused too_thin (0->3),-,too_thin,1
kept_to_narrowed,glyph/4/0/12/4/8,4,0,12,4,63,0.5,0.5 | 1,beam discounted uncertain,ink refused too_thin (0->1),-,too_thin,1
kept_to_narrowed,glyph/4/0/13/1/2,4,0,13,1,60,0.75,0.75 | 1.5,beam discounted uncertain,ink refused too_thin (0->2),-,too_thin,1
kept_to_narrowed,glyph/4/0/13/1/5,4,0,13,1,60,0.5,0.5 | 1,beam discounted uncertain,ink refused too_thin (0->2),-,too_thin,1
kept_to_narrowed,glyph/4/0/13/2/3,4,0,13,2,61,0.5,0.5 | 1,beam discounted uncertain,ink refused too_thin (0->1),-,too_thin,1
kept_to_narrowed,glyph/4/0/13/2/4,4,0,13,2,61,0.75,0.75 | 1.5,beam discounted uncertain,ink refused too_thin (0->1),-,too_thin,1
kept_to_narrowed,glyph/4/0/13/3/2,4,0,13,3,62,0.5,0.5 | 1,beam discounted uncertain,ink refused too_thin (0->1),-,too_thin,1
kept_to_narrowed,glyph/4/0/13/3/3,4,0,13,3,62,0.75,0.75 | 1.5,beam discounted uncertain,ink refused too_thin (0->1),-,too_thin,1
kept_to_narrowed,glyph/4/1/0/8/6,4,1,0,8,78,1,0.5 | 1,beam discounted uncertain,stem side None->down,-,,0
kept_to_narrowed,glyph/4/1/1/5/2,4,1,1,5,75,1,0.5 | 1,beam discounted uncertain,far-side strokes 0->1 + stem side None->down,-,,0
kept_to_narrowed,glyph/4/1/2/3/7,4,1,2,3,73,0.5,0.5 | 1,beam discounted uncertain,ink refused too_thin (0->1),-,too_thin,1
kept_to_narrowed,glyph/4/1/2/3/13,4,1,2,3,73,0.5,0.5 | 1,beam discounted uncertain,ink refused too_thin (0->1),-,too_thin,1
kept_to_narrowed,glyph/4/1/3/3/1,4,1,3,3,73,1,0.5 | 1,beam discounted uncertain,stem side None->down,-,,0
kept_to_narrowed,glyph/4/1/3/8/0,4,1,3,8,78,0.75,0.75 | 1.5,beam discounted uncertain,ink refused too_thin (0->3),-,too_thin,1
kept_to_narrowed,glyph/4/1/3/8/3,4,1,3,8,78,0.125,0.5 | 1,beam discounted uncertain,ink refused too_thin (0->3) + stem side None->down,-,too_thin,3
kept_to_narrowed,glyph/4/1/3/8/7,4,1,3,8,78,0.75,0.75 | 1.5,beam discounted uncertain,ink refused too_thin (0->3),-,too_thin,1
kept_to_narrowed,glyph/4/1/3/8/9,4,1,3,8,78,0.125,0.5 | 1,beam discounted uncertain,ink refused too_thin (0->3),-,too_thin,3
kept_to_narrowed,glyph/4/1/10/8/2,4,1,10,8,78,0.5,0.5 | 1,beam discounted uncertain,ink refused too_thin (0->1),-,too_thin,1
kept_to_narrowed,glyph/4/1/11/4/1,4,1,11,4,74,1,0.5 | 1,beam discounted uncertain,stem side None->down,-,,0
kept_to_narrowed,glyph/4/1/11/8/3,4,1,11,8,78,1,0.5 | 1,beam discounted uncertain,stem side None->down,-,,0
kept_to_narrowed,glyph/4/1/12/2/0,4,1,12,2,72,0.5,0.5 | 1,beam discounted uncertain,ink refused too_thin (0->1),beams_by_stem 1->0,too_thin,1
kept_to_narrowed,glyph/4/1/12/3/0,4,1,12,3,73,0.375,0.75 | 1.5,beam discounted uncertain,ink refused too_thin (0->3),beams_by_stem 1->0,too_thin,2
kept_to_narrowed,glyph/4/1/13/2/2,4,1,13,2,72,0.375,0.75 | 1.5,beam discounted uncertain,ink refused no_stem_at_ends/too_thin (0->3),-,no_stem_at_ends/too_thin,2
kept_to_narrowed,glyph/4/1/13/3/0,4,1,13,3,73,0.375,0.75 | 1.5,beam discounted uncertain,ink refused too_thin (0->2),beams_by_stem 1->0,too_thin,2
kept_to_narrowed,glyph/4/1/13/3/2,4,1,13,3,73,0.75,0.75 | 1.5,beam discounted uncertain,ink refused too_thin (0->1),-,too_thin,1
kept_to_narrowed,glyph/4/1/13/4/3,4,1,13,4,74,0.75,0.75 | 1.5,beam discounted uncertain,ink refused not_straight (0->1),beams_by_stem 1->0,not_straight,1
kept_to_narrowed,glyph/4/1/13/8/1,4,1,13,8,78,0.0625,0.5 | 1,beam discounted uncertain,ink refused too_thin (0->6),beams_by_stem 3->0,too_thin,4
kept_to_narrowed,glyph/4/1/13/8/10,4,1,13,8,78,0.0625,0.5 | 1,beam discounted uncertain,ink refused too_thin (0->6),beams_by_stem 4->0,too_thin,4
kept_to_narrowed,glyph/5/0/0/0/2,5,0,0,0,79,1.5,1.5 | 0.75,beams ambiguous,no guard counter changed,beams_by_stem 0->1,,0
kept_to_narrowed,glyph/5/0/0/2/2,5,0,0,2,81,0.375,1.5 | 0.75,beams ambiguous,ink refused too_thin (0->4),beams_by_stem 2->1,too_thin,2
kept_to_narrowed,glyph/5/0/0/3/3,5,0,0,3,82,0.5,0.5 | 1,beam discounted uncertain,ink refused through_heads (0->1),beams_by_stem 1->0,through_heads,1
kept_to_narrowed,glyph/5/0/1/0/2,5,0,1,0,79,0.5,0.5 | 1,beam discounted uncertain,ink refused too_thin (0->1),-,too_thin,1
kept_to_narrowed,glyph/5/0/1/0/4,5,0,1,0,79,0.75,0.75 | 1.5,beam discounted uncertain,ink refused too_thin (0->1),-,too_thin,1
kept_to_narrowed,glyph/5/0/1/2/0,5,0,1,2,81,0.75,0.75 | 1.5,beam discounted uncertain,ink refused too_thin (0->4),-,too_thin,1
kept_to_narrowed,glyph/5/0/1/2/1,5,0,1,2,81,0.75,0.75 | 1.5,beam discounted uncertain,ink refused too_thin (0->4),beams_by_stem 1->0,too_thin,1
kept_to_narrowed,glyph/5/0/1/3/1,5,0,1,3,82,0.5,0.5 | 1,beam discounted uncertain,ink refused too_thin (0->3),-,too_thin,1
kept_to_narrowed,glyph/5/0/1/4/4,5,0,1,4,83,0.5,0.5 | 1,beam discounted uncertain,ink refused too_thin (0->2) + stem side None->down,-,too_thin,1
kept_to_narrowed,glyph/5/0/2/0/5,5,0,2,0,79,0.75,0.75 | 1.5,beam discounted uncertain,ink refused too_thin (0->1),beams_by_stem 1->0,too_thin,1
kept_to_narrowed,glyph/5/0/2/0/7,5,0,2,0,79,0.75,0.75 | 1.5,beam discounted uncertain,ink refused too_thin (0->1),beams_by_stem 1->0,too_thin,1
kept_to_narrowed,glyph/5/0/2/0/10,5,0,2,0,79,0.75,0.75 | 1.5,beam discounted uncertain,ink refused too_thin (0->1),beams_by_stem 1->0,too_thin,1
kept_to_narrowed,glyph/5/0/2/0/14,5,0,2,0,79,0.75,0.75 | 1.5,beam discounted uncertain,ink refused too_thin (0->1),beams_by_stem 1->0,too_thin,1
kept_to_narrowed,glyph/5/0/2/1/2,5,0,2,1,80,0.25,0.5 | 1,beam discounted uncertain,ink refused too_thin (0->2),beams_by_stem 2->0,too_thin,2
kept_to_narrowed,glyph/5/0/2/1/9,5,0,2,1,80,0.25,0.5 | 1,beam discounted uncertain,ink refused too_thin (0->2),beams_by_stem 2->0,too_thin,2
kept_to_narrowed,glyph/5/0/2/2/0,5,0,2,2,81,0.75,0.75 | 1.5,beam discounted uncertain,ink refused too_thin (0->1),beams_by_stem 1->0,too_thin,1
kept_to_narrowed,glyph/5/0/2/2/1,5,0,2,2,81,0.75,0.75 | 1.5,beam discounted uncertain,ink refused too_thin (0->1),beams_by_stem 1->0,too_thin,1
kept_to_narrowed,glyph/5/0/2/2/4,5,0,2,2,81,0.75,0.75 | 1.5,beam discounted uncertain,ink refused too_thin (0->1),beams_by_stem 1->0,too_thin,1
kept_to_narrowed,glyph/5/0/2/2/9,5,0,2,2,81,0.75,0.75 | 1.5,beam discounted uncertain,ink refused too_thin (0->1),beams_by_stem 1->0,too_thin,1
kept_to_narrowed,glyph/5/0/2/3/1,5,0,2,3,82,0.5,0.5 | 1,beam discounted uncertain,ink refused too_thin (0->1),beams_by_stem 1->0,too_thin,1
kept_to_narrowed,glyph/5/0/2/3/2,5,0,2,3,82,0.5,0.5 | 1,beam discounted uncertain,ink refused too_thin (0->1),-,too_thin,1
kept_to_narrowed,glyph/5/0/2/3/8,5,0,2,3,82,0.5,0.5 | 1,beam discounted uncertain,ink refused too_thin (0->1),-,too_thin,1
kept_to_narrowed,glyph/5/0/2/3/9,5,0,2,3,82,0.5,0.5 | 1,beam discounted uncertain,ink refused too_thin (0->1),beams_by_stem 1->0,too_thin,1
kept_to_narrowed,glyph/5/0/2/4/1,5,0,2,4,83,0.5,0.5 | 1,beam discounted uncertain,far-side strokes 0->1 + stem side None->down,-,,1
kept_to_narrowed,glyph/5/0/2/4/6,5,0,2,4,83,0.5,0.5 | 1,beam discounted uncertain,ink refused too_thin (0->1),-,too_thin,1
kept_to_narrowed,glyph/5/0/3/2/0,5,0,3,2,81,0.75,0.75 | 1.5,beam discounted uncertain,ink refused too_thin (0->1),-,too_thin,1
kept_to_narrowed,glyph/5/0/3/2/1,5,0,3,2,81,0.75,0.75 | 1.5,beam discounted uncertain,ink refused too_thin (0->1),-,too_thin,1
kept_to_narrowed,glyph/5/0/3/2/3,5,0,3,2,81,0.375,0.75 | 1.5,beam discounted uncertain,ink refused too_thin (0->2),beams_by_stem 1->0,too_thin,2
kept_to_narrowed,glyph/5/0/3/4/4,5,0,3,4,83,0.25,0.5 | 1,beam discounted uncertain,far-side strokes 0->2 + stem side None->down,-,,2
kept_to_narrowed,glyph/5/0/3/4/5,5,0,3,4,83,0.25,0.5 | 1,beam discounted uncertain,ink refused too_thin (0->2),-,too_thin,2
kept_to_narrowed,glyph/5/0/5/6/5,5,0,5,6,85,0.75,0.75 | 1.5,beam discounted uncertain,ink refused too_thin (0->1),beams_by_stem 1->0,too_thin,1
kept_to_narrowed,glyph/5/0/5/6/10,5,0,5,6,85,0.75,0.75 | 1.5,beam discounted uncertain,ink refused too_thin (0->1),beams_by_stem 1->0,too_thin,1
kept_to_narrowed,glyph/5/0/7/6/22,5,0,7,6,85,0.5,0.5 | 1,beam discounted uncertain,ink refused too_thin (0->1),-,too_thin,1
kept_to_narrowed,glyph/5/0/9/4/2,5,0,9,4,83,0.125,0.5 | 1,beam discounted uncertain,ink refused too_thin (0->3),-,too_thin,3
kept_to_narrowed,glyph/5/0/9/4/4,5,0,9,4,83,0.125,0.5 | 1,beam discounted uncertain,ink refused too_thin (0->3),beams_by_stem 3->0,too_thin,3
kept_to_narrowed,glyph/5/0/9/6/1,5,0,9,6,85,0.1875,0.75 | 1.5,beam discounted uncertain,ink refused too_thin (0->4),beams_by_stem 1->0,too_thin,3
kept_to_narrowed,glyph/5/0/9/6/7,5,0,9,6,85,0.1875,0.75 | 1.5,beam discounted uncertain,ink refused too_thin (0->4),beams_by_stem 1->0,too_thin,3
kept_to_narrowed,glyph/5/0/10/3/0,5,0,10,3,82,0.5,0.5 | 1,beam discounted uncertain,ink refused one_stem (0->1),-,one_stem,1
kept_to_narrowed,glyph/5/0/11/4/12,5,0,11,4,83,0.25,0.5 | 1,beam discounted uncertain,ink refused too_thin (0->2),-,too_thin,2
kept_to_narrowed,glyph/5/0/12/5/17,5,0,12,5,84,0.375,0.75 | 1.5,beam discounted uncertain,ink refused too_thin (0->2),-,too_thin,2
kept_to_narrowed,glyph/5/0/12/6/3,5,0,12,6,85,0.5,0.5 | 1,beam discounted uncertain,ink refused too_thin (0->3),-,too_thin,1
kept_to_narrowed,glyph/5/0/12/7/1,5,0,12,7,86,0.5,0.5 | 1,beam discounted uncertain,ink refused too_thin (0->2),beams_by_stem 1->0,too_thin,1
kept_to_narrowed,glyph/5/0/12/7/26,5,0,12,7,86,0.125,0.5 | 1,beam discounted uncertain,ink refused too_thin (0->4),-,too_thin,3
kept_to_narrowed,glyph/5/0/13/5/8,5,0,13,5,84,0.75,0.75 | 1.5,beam discounted uncertain,ink refused too_thin (0->1),-,too_thin,1
kept_to_narrowed,glyph/5/0/13/7/15,5,0,13,7,86,0.5,0.5 | 1,beam discounted uncertain,ink refused too_thin (0->1),-,too_thin,1
kept_to_narrowed,glyph/5/1/0/9/2,5,1,0,9,96,0.5,0.5 | 1,beam discounted uncertain,ink refused too_thin (0->1) + stem side None->down,-,too_thin,1
kept_to_narrowed,glyph/5/1/0/9/7,5,1,0,9,96,0.5,0.5 | 1,beam discounted uncertain,ink refused too_thin (0->1) + stem side None->down,-,too_thin,1
kept_to_narrowed,glyph/5/1/0/9/29,5,1,0,9,96,0.5,0.5 | 1,beam discounted uncertain,ink refused too_thin (0->1) + stem side None->down,-,too_thin,1
kept_to_narrowed,glyph/5/1/2/5/4,5,1,2,5,92,0.75,0.75 | 1.5,beam discounted uncertain,ink refused too_thin (0->1),-,too_thin,1
kept_to_narrowed,glyph/5/1/2/6/3,5,1,2,6,93,0.5,0.5 | 1,beam discounted uncertain,ink refused too_thin (0->1),beams_by_stem 1->0,too_thin,1
kept_to_narrowed,glyph/5/1/3/9/13,5,1,3,9,96,0.5,0.5 | 1,beam discounted uncertain,ink refused too_thin (0->1),-,too_thin,1
kept_to_narrowed,glyph/5/1/5/6/3,5,1,5,6,93,0.375,0.75 | 1.5,beam discounted uncertain,ink refused too_thin (0->2),beams_by_stem 2->0,too_thin,2
kept_to_narrowed,glyph/5/1/9/2/3,5,1,9,2,89,1,0.5 | 1,beam discounted uncertain,far-side strokes 0->1 + stem side None->up,-,,0
kept_to_narrowed,glyph/5/1/9/8/0,5,1,9,8,95,0.5,0.5 | 1,beam discounted uncertain,ink refused too_thin (0->2),-,too_thin,1
kept_to_narrowed,glyph/5/1/9/8/4,5,1,9,8,95,0.5,0.5 | 1,beam discounted uncertain,ink refused too_thin (0->1),-,too_thin,1
kept_to_narrowed,glyph/5/1/9/9/1,5,1,9,9,96,0.5,0.5 | 1,beam discounted uncertain,ink refused too_thin (0->2),beams_by_stem 1->0,too_thin,1
kept_to_narrowed,glyph/5/1/9/9/4,5,1,9,9,96,0.5,0.5 | 1,beam discounted uncertain,ink refused too_thin (0->2),beams_by_stem 1->0,too_thin,1
kept_to_narrowed,glyph/5/1/10/2/4,5,1,10,2,89,0.5,0.5 | 1,beam discounted uncertain,ink refused too_thin (0->1),-,too_thin,1
kept_to_narrowed,glyph/5/1/10/2/5,5,1,10,2,89,0.5,0.5 | 1,beam discounted uncertain,ink refused too_thin (0->1),-,too_thin,1
kept_to_narrowed,glyph/5/1/10/2/7,5,1,10,2,89,0.5,0.5 | 1,beam discounted uncertain,ink refused too_thin (0->1),-,too_thin,1
kept_to_narrowed,glyph/5/1/10/4/4,5,1,10,4,91,0.5,0.5 | 1,beam discounted uncertain,ink refused too_thin (0->1),beams_by_stem 1->0,too_thin,1
kept_to_narrowed,glyph/5/1/10/4/5,5,1,10,4,91,0.5,0.5 | 1,beam discounted uncertain,ink refused too_thin (0->1),beams_by_stem 1->0,too_thin,1
kept_to_narrowed,glyph/5/1/10/4/10,5,1,10,4,91,0.5,0.5 | 1,beam discounted uncertain,ink refused too_thin (0->1),beams_by_stem 1->0,too_thin,1
kept_to_narrowed,glyph/5/1/10/7/2,5,1,10,7,94,1,0.5 | 1,beam discounted uncertain,far-side strokes 0->1 + stem side None->up,-,,0
kept_to_narrowed,glyph/5/1/11/6/2,5,1,11,6,93,0.375,0.75 | 1.5,beam discounted uncertain,ink refused too_thin (0->2) + stem side None->down,-,too_thin,2
kept_to_narrowed,glyph/5/1/11/6/14,5,1,11,6,93,0.25,0.5 | 1,beam discounted uncertain,ink refused too_thin (0->2),-,too_thin,2
kept_to_narrowed,glyph/5/1/11/9/3,5,1,11,9,96,0.5,0.5 | 1,beam discounted uncertain,ink refused too_thin (0->1),-,too_thin,1
kept_to_narrowed,glyph/5/1/11/9/8,5,1,11,9,96,0.5,0.5 | 1,beam discounted uncertain,ink refused too_thin (0->1),-,too_thin,1
kept_to_narrowed,glyph/5/1/12/0/0,5,1,12,0,87,0.5,0.5 | 1,beam discounted uncertain,ink refused too_thin (0->1),-,too_thin,1
kept_to_narrowed,glyph/5/1/12/0/5,5,1,12,0,87,0.5,0.5 | 1,beam discounted uncertain,ink refused too_thin (0->1),-,too_thin,1
kept_to_narrowed,glyph/5/1/12/6/1,5,1,12,6,93,0.75,0.75 | 1.5,beam discounted uncertain,ink refused too_thin (0->1),-,too_thin,1
kept_to_narrowed,glyph/5/1/12/9/12,5,1,12,9,96,0.125,0.5 | 1,beam discounted uncertain,ink refused too_thin (0->4),-,too_thin,3
kept_to_narrowed,glyph/5/1/13/0/2,5,1,13,0,87,0.5,0.5 | 1,beam discounted uncertain,ink refused one_stem/too_thin (0->2),-,one_stem/too_thin,1
kept_to_narrowed,glyph/5/1/13/0/8,5,1,13,0,87,0.5,0.5 | 1,beam discounted uncertain,ink refused one_stem/too_thin (0->2),-,one_stem/too_thin,1
kept_to_narrowed,glyph/5/1/13/8/3,5,1,13,8,95,0.5,0.5 | 1,beam discounted uncertain,ink refused too_thin (0->1),beams_by_stem 1->0,too_thin,1
kept_to_narrowed,glyph/5/1/13/8/6,5,1,13,8,95,0.5,0.5 | 1,beam discounted uncertain,ink refused too_thin (0->1),beams_by_stem 1->0,too_thin,1
kept_to_narrowed,glyph/6/0/1/3/11,6,0,1,3,100,0.5,0.5 | 1,beam discounted uncertain,ink refused too_thin (0->1),-,too_thin,1
kept_to_narrowed,glyph/6/0/1/7/4,6,0,1,7,104,0.0625,0.5 | 1,beam discounted uncertain,ink refused too_thin (0->7),-,too_thin,4
kept_to_narrowed,glyph/6/0/1/7/15,6,0,1,7,104,0.5,0.5 | 1,beam discounted uncertain,ink refused too_thin (0->1),beams_by_stem 1->0,too_thin,1
kept_to_narrowed,glyph/6/0/2/7/3,6,0,2,7,104,0.125,0.5 | 1,beam discounted uncertain,ink refused too_thin (0->5),beams_by_stem 1->0,too_thin,3
kept_to_narrowed,glyph/6/0/2/7/5,6,0,2,7,104,0.5,0.5 | 1,beam discounted uncertain,ink refused too_thin (0->5),beams_by_stem 1->0,too_thin,1
kept_to_narrowed,glyph/6/0/2/7/14,6,0,2,7,104,0.5,0.5 | 1,beam discounted uncertain,ink refused too_thin (0->5),beams_by_stem 1->0,too_thin,1
kept_to_narrowed,glyph/6/0/3/7/4,6,0,3,7,104,0.125,0.5 | 1,beam discounted uncertain,ink refused too_thin (0->6),-,too_thin,3
kept_to_narrowed,glyph/6/0/3/7/7,6,0,3,7,104,0.125,0.5 | 1,beam discounted uncertain,ink refused too_thin (0->6),beams_by_stem 2->0,too_thin,3
kept_to_narrowed,glyph/6/0/5/8/7,6,0,5,8,105,0.25,0.5 | 1,beam discounted uncertain,ink refused too_thin (0->2),-,too_thin,2
kept_to_narrowed,glyph/6/0/5/8/8,6,0,5,8,105,0.375,0.75 | 1.5,beam discounted uncertain,ink refused too_thin (0->2) + stem side None->up,-,too_thin,2
kept_to_narrowed,glyph/6/0/7/5/6,6,0,7,5,102,0.5,0.5 | 1,beam discounted uncertain,ink refused too_thin (0->1),-,too_thin,1
kept_to_narrowed,glyph/6/0/7/7/1,6,0,7,7,104,0.75,0.75 | 1.5,beam discounted uncertain,ink refused too_thin (0->4),-,too_thin,1
kept_to_narrowed,glyph/6/0/7/7/3,6,0,7,7,104,0.5,0.5 | 1,beam discounted uncertain,ink refused too_thin (0->4),-,too_thin,1
kept_to_narrowed,glyph/6/0/8/0/1,6,0,8,0,97,0.5,0.5 | 1,beam discounted uncertain,ink refused through_heads (0->1),beams_by_stem 1->0,through_heads,1
kept_to_narrowed,glyph/6/0/8/2/6,6,0,8,2,99,0.5,0.5 | 1,beam discounted uncertain,ink refused too_thin (0->2),-,too_thin,1
kept_to_narrowed,glyph/6/0/8/2/7,6,0,8,2,99,0.5,0.5 | 1,beam discounted uncertain,ink refused too_thin (0->2),-,too_thin,1
kept_to_narrowed,glyph/6/0/8/3/4,6,0,8,3,100,0.5,0.5 | 1,beam discounted uncertain,ink refused too_thin (0->1),-,too_thin,1
kept_to_narrowed,glyph/6/0/8/6/15,6,0,8,6,103,0.25,0.5 | 1,beam discounted uncertain,ink refused too_thin (0->2),-,too_thin,2
kept_to_narrowed,glyph/6/0/9/2/6,6,0,9,2,99,0.5,0.5 | 1,beam discounted uncertain,ink refused too_thin (0->2),-,too_thin,1
kept_to_narrowed,glyph/6/0/9/2/10,6,0,9,2,99,0.5,0.5 | 1,beam discounted uncertain,ink refused too_thin (0->2),-,too_thin,1
kept_to_narrowed,glyph/6/0/10/0/9,6,0,10,0,97,0.5,0.5 | 1,beam discounted uncertain,ink refused too_thin (0->1) + stem side None->down,-,too_thin,1
kept_to_narrowed,glyph/6/0/10/0/12,6,0,10,0,97,0.5,0.5 | 1,beam discounted uncertain,ink refused too_thin (0->1),-,too_thin,1
kept_to_narrowed,glyph/6/0/10/1/11,6,0,10,1,98,0.5,0.5 | 1,beam discounted uncertain,ink refused too_thin (0->1),beams_by_stem 1->0,too_thin,1
kept_to_narrowed,glyph/6/0/11/2/2,6,0,11,2,99,0.25,0.5 | 1,beam discounted uncertain,ink refused too_thin (0->2),-,too_thin,2
kept_to_narrowed,glyph/6/0/11/7/8,6,0,11,7,104,0.5,0.5 | 1,beam discounted uncertain,ink refused too_thin (0->5),beams_by_stem 1->0,too_thin,1
kept_to_narrowed,glyph/6/0/11/7/9,6,0,11,7,104,0.5,0.5 | 1,beam discounted uncertain,ink refused too_thin (0->5),beams_by_stem 1->0,too_thin,1
kept_to_narrowed,glyph/6/0/11/8/1,6,0,11,8,105,0.5,0.5 | 1,beam discounted uncertain,ink refused too_thin (0->1),-,too_thin,1
kept_to_narrowed,glyph/6/1/0/2/1,6,1,0,2,108,1.5,0.75 | 1.5,beam discounted uncertain,stem side None->down,-,,0
kept_to_narrowed,glyph/6/1/0/7/1,6,1,0,7,113,0.75,0.75 | 1.5,beam discounted uncertain,ink refused too_thin (0->1) + stem side None->down,-,too_thin,1
kept_to_narrowed,glyph/6/1/0/7/2,6,1,0,7,113,0.5,0.5 | 1,beam discounted uncertain,ink refused too_thin (0->1) + stem side None->down,-,too_thin,1
kept_to_narrowed,glyph/6/1/0/7/3,6,1,0,7,113,0.75,0.75 | 1.5,beam discounted uncertain,ink refused too_thin (0->1),-,too_thin,1
kept_to_narrowed,glyph/6/1/0/7/5,6,1,0,7,113,0.5,0.5 | 1,beam discounted uncertain,ink refused too_thin (0->1),-,too_thin,1
kept_to_narrowed,glyph/6/1/1/6/1,6,1,1,6,112,0.375,0.75 | 1.5,beam discounted uncertain,ink refused too_thin (0->4),beams_by_stem 1->0,too_thin,2
kept_to_narrowed,glyph/6/1/1/6/8,6,1,1,6,112,0.25,0.5 | 1,beam discounted uncertain,ink refused too_thin (0->4),-,too_thin,2
kept_to_narrowed,glyph/6/1/2/0/3,6,1,2,0,106,0.5,0.5 | 1,beam discounted uncertain,ink refused too_thin (0->1),-,too_thin,1
kept_to_narrowed,glyph/6/1/2/0/6,6,1,2,0,106,0.5,0.5 | 1,beam discounted uncertain,ink refused too_thin (0->1),-,too_thin,1
kept_to_narrowed,glyph/6/1/2/0/26,6,1,2,0,106,0.5,0.5 | 1,beam discounted uncertain,ink refused too_thin (0->1),-,too_thin,1
kept_to_narrowed,glyph/6/1/2/0/31,6,1,2,0,106,0.5,0.5 | 1,beam discounted uncertain,ink refused too_thin (0->1),-,too_thin,1
kept_to_narrowed,glyph/6/1/2/5/2,6,1,2,5,111,0.75,0.75 | 1.5,beam discounted uncertain,ink refused too_thin (0->2),beams_by_stem 1->0,too_thin,1
kept_to_narrowed,glyph/6/1/2/6/0,6,1,2,6,112,0.75,0.75 | 1.5,beam discounted uncertain,ink refused too_thin (0->1),beams_by_stem 1->0,too_thin,1
kept_to_narrowed,glyph/6/1/2/6/1,6,1,2,6,112,0.75,0.75 | 1.5,beam discounted uncertain,ink refused too_thin (0->1),beams_by_stem 1->0,too_thin,1
kept_to_narrowed,glyph/6/1/3/0/26,6,1,3,0,106,1,2 | 1 | 4,head fill from ink,no guard counter changed,-,,0
kept_to_narrowed,glyph/6/1/3/5/2,6,1,3,5,111,0.75,0.75 | 1.5,beam discounted uncertain,ink refused too_thin (0->1),beams_by_stem 1->0,too_thin,1
kept_to_narrowed,glyph/6/1/3/5/5,6,1,3,5,111,0.125,0.5 | 1,beam discounted uncertain,ink refused too_thin (0->3),-,too_thin,3
kept_to_narrowed,glyph/6/1/3/5/6,6,1,3,5,111,0.75,0.75 | 1.5,beam discounted uncertain,ink refused too_thin (0->1),beams_by_stem 1->0,too_thin,1
kept_to_narrowed,glyph/6/1/3/6/2,6,1,3,6,112,0.75,0.75 | 1.5,beam discounted uncertain,ink refused too_thin (0->2),-,too_thin,1
kept_to_narrowed,glyph/6/1/3/6/3,6,1,3,6,112,0.75,0.75 | 1.5,beam discounted uncertain,ink refused too_thin (0->2),beams_by_stem 1->0,too_thin,1
kept_to_narrowed,glyph/6/1/4/2/3,6,1,4,2,108,0.5,0.5 | 1,beam discounted uncertain,ink refused too_thin (0->1),-,too_thin,1
kept_to_narrowed,glyph/6/1/4/2/9,6,1,4,2,108,0.5,0.5 | 1,beam discounted uncertain,ink refused too_thin (0->1),-,too_thin,1
kept_to_narrowed,glyph/6/1/4/3/2,6,1,4,3,109,0.5,0.5 | 1,beam discounted uncertain,ink refused too_thin (0->1),-,too_thin,1
kept_to_narrowed,glyph/6/1/4/3/3,6,1,4,3,109,0.5,0.5 | 1,beam discounted uncertain,ink refused too_thin (0->1),-,too_thin,1
kept_to_narrowed,glyph/6/1/4/5/4,6,1,4,5,111,0.1875,0.75 | 1.5,beam discounted uncertain,ink refused too_thin (0->4),beams_by_stem 1->0,too_thin,3
kept_to_narrowed,glyph/6/1/4/5/10,6,1,4,5,111,0.5,0.5 | 1,beam discounted uncertain,ink refused too_thin (0->4),beams_by_stem 1->0,too_thin,1
kept_to_narrowed,glyph/6/1/5/0/4,6,1,5,0,106,0.5,0.5 | 1,beam discounted uncertain,ink refused too_thin (0->1),-,too_thin,1
kept_to_narrowed,glyph/6/1/5/0/6,6,1,5,0,106,0.5,0.5 | 1,beam discounted uncertain,ink refused too_thin (0->1) + stem side None->up,-,too_thin,1
kept_to_narrowed,glyph/6/1/5/0/7,6,1,5,0,106,0.5,0.5 | 1,beam discounted uncertain,ink refused too_thin (0->1),-,too_thin,1
kept_to_narrowed,glyph/6/1/6/2/0,6,1,6,2,108,0.5,0.5 | 1,beam discounted uncertain,ink refused too_thin (0->1) + stem side None->down,-,too_thin,1
kept_to_narrowed,glyph/6/1/6/2/4,6,1,6,2,108,0.5,0.5 | 1,beam discounted uncertain,ink refused too_thin (0->1) + stem side None->down,-,too_thin,1
kept_to_narrowed,glyph/6/1/6/3/0,6,1,6,3,109,0.5,0.5 | 1,beam discounted uncertain,ink refused too_thin (0->1) + stem side None->down,-,too_thin,1
kept_to_narrowed,glyph/6/1/6/3/2,6,1,6,3,109,0.5,0.5 | 1,beam discounted uncertain,ink refused too_thin (0->1) + stem side None->down,-,too_thin,1
kept_to_narrowed,glyph/6/1/6/5/7,6,1,6,5,111,0.25,0.5 | 1,beam discounted uncertain,ink refused too_thin (0->2),beams_by_stem 2->0,too_thin,2
kept_to_narrowed,glyph/6/1/6/6/1,6,1,6,6,112,0.5,0.5 | 1,beam discounted uncertain,ink refused not_straight (0->1) + stem side None->down,-,not_straight,1
kept_to_narrowed,glyph/6/1/6/6/4,6,1,6,6,112,0.5,0.5 | 1,beam discounted uncertain,ink refused not_straight (0->1),beams_by_stem 1->0,not_straight,1
kept_to_narrowed,glyph/6/1/8/0/0,6,1,8,0,106,0.5,0.5 | 1,beam discounted uncertain,ink refused too_thin (0->1),beams_by_stem 1->0,too_thin,1
kept_to_narrowed,glyph/6/1/8/0/13,6,1,8,0,106,0.5,0.5 | 1,beam discounted uncertain,ink refused too_thin (0->1),beams_by_stem 1->0,too_thin,1
kept_to_narrowed,glyph/6/1/8/5/1,6,1,8,5,111,0.5,0.5 | 1,beam discounted uncertain,ink refused not_straight (0->1),beams_by_stem 1->0,not_straight,1
kept_to_narrowed,glyph/6/1/8/6/3,6,1,8,6,112,0.5,0.5 | 1,beam discounted uncertain,ink refused too_thin (0->1),-,too_thin,1
kept_to_narrowed,glyph/6/1/10/0/14,6,1,10,0,106,0.5,0.5 | 1,beam discounted uncertain,ink refused one_stem (0->1),-,one_stem,1
kept_to_narrowed,glyph/6/1/10/0/16,6,1,10,0,106,0.5,0.5 | 1,beam discounted uncertain,ink refused one_stem (0->1),-,one_stem,1
kept_to_narrowed,glyph/6/1/10/0/20,6,1,10,0,106,1,2 | 1 | 4,head fill from ink,ink refused one_stem (0->1),-,one_stem,0
kept_to_narrowed,glyph/6/1/10/6/2,6,1,10,6,112,0.25,0.5 | 1,beam discounted uncertain,ink refused too_thin (0->2),-,too_thin,2
kept_to_narrowed,glyph/6/1/10/8/2,6,1,10,8,114,0.5,0.5 | 1,beam discounted uncertain,ink refused too_thin (0->1),beams_by_stem 1->0,too_thin,1
kept_to_narrowed,glyph/7/0/0/2/4,7,0,0,2,117,0.5,0.5 | 1,beam discounted uncertain,ink refused too_thin (0->1),-,too_thin,1
kept_to_narrowed,glyph/7/0/0/2/7,7,0,0,2,117,0.5,0.5 | 1,beam discounted uncertain,ink refused too_thin (0->1),-,too_thin,1
kept_to_narrowed,glyph/7/0/0/2/10,7,0,0,2,117,0.5,0.5 | 1,beam discounted uncertain,ink refused too_thin (0->1),-,too_thin,1
kept_to_narrowed,glyph/7/0/0/5/2,7,0,0,5,120,0.375,0.75 | 1.5,beam discounted uncertain,ink refused too_thin (0->2),-,too_thin,2
kept_to_narrowed,glyph/7/0/1/2/1,7,0,1,2,117,0.5,0.5 | 1,beam discounted uncertain,ink refused too_thin (0->1),-,too_thin,1
kept_to_narrowed,glyph/7/0/1/2/3,7,0,1,2,117,0.5,0.5 | 1,beam discounted uncertain,ink refused too_thin (0->1),-,too_thin,1
kept_to_narrowed,glyph/7/0/1/7/3,7,0,1,7,122,0.1875,0.75 | 1.5,beam discounted uncertain,ink refused too_thin (0->3),beams_by_stem 1->0,too_thin,3
kept_to_narrowed,glyph/7/0/1/7/6,7,0,1,7,122,0.1875,0.75 | 1.5,beam discounted uncertain,ink refused too_thin (0->3),-,too_thin,3
kept_to_narrowed,glyph/7/0/1/7/9,7,0,1,7,122,0.1875,0.75 | 1.5,beam discounted uncertain,ink refused too_thin (0->3),-,too_thin,3
kept_to_narrowed,glyph/7/0/2/5/0,7,0,2,5,120,0.75,0.75 | 1.5,beam discounted uncertain,ink refused too_thin (0->2),-,too_thin,1
kept_to_narrowed,glyph/7/0/2/5/4,7,0,2,5,120,0.75,0.75 | 1.5,beam discounted uncertain,ink refused too_thin (0->2),-,too_thin,1
kept_to_narrowed,glyph/7/0/2/7/5,7,0,2,7,122,0.03125,0.5 | 1,beam discounted uncertain,ink refused too_thin (0->5),beams_by_stem 1->0,too_thin,5
kept_to_narrowed,glyph/7/0/2/7/6,7,0,2,7,122,0.0625,0.5 | 1,beam discounted uncertain,ink refused too_thin (0->5),-,too_thin,4
kept_to_narrowed,glyph/7/0/2/7/8,7,0,2,7,122,0.375,0.75 | 1.5,beam discounted uncertain,ink refused too_thin (0->2),-,too_thin,2
kept_to_narrowed,glyph/7/0/3/2/0,7,0,3,2,117,1,0.5 | 1,beam discounted uncertain,stem side None->down,-,,0
kept_to_narrowed,glyph/7/0/3/5/2,7,0,3,5,120,0.375,0.75 | 1.5,beam discounted uncertain,ink refused too_thin (0->2),-,too_thin,2
kept_to_narrowed,glyph/7/0/3/5/7,7,0,3,5,120,0.375,0.75 | 1.5,beam discounted uncertain,ink refused too_thin (0->2),-,too_thin,2
kept_to_narrowed,glyph/7/0/3/7/1,7,0,3,7,122,0.125,0.5 | 1,beam discounted uncertain,ink refused too_thin (0->3),-,too_thin,3
kept_to_narrowed,glyph/7/0/3/8/2,7,0,3,8,123,0.25,0.5 | 1,beam discounted uncertain,ink refused too_thin (0->2),-,too_thin,2
kept_to_narrowed,glyph/7/0/5/3/1,7,0,5,3,118,0.375,0.75 | 1.5,beam discounted uncertain,ink refused too_thin (0->2),beams_by_stem 2->0,too_thin,2
kept_to_narrowed,glyph/7/0/5/6/5,7,0,5,6,121,0.75,0.75 | 1.5,beam discounted uncertain,ink refused too_thin (0->2),beams_by_stem 1->0,too_thin,1
kept_to_narrowed,glyph/7/0/5/7/5,7,0,5,7,122,0.75,0.75 | 1.5,beam discounted uncertain,ink refused through_heads (0->1),beams_by_stem 1->0,through_heads,1
kept_to_narrowed,glyph/7/0/7/4/0,7,0,7,4,119,0.5,0.5 | 1,beam discounted uncertain,ink refused too_thin (0->1),-,too_thin,1
kept_to_narrowed,glyph/7/0/7/5/0,7,0,7,5,120,0.5,0.5 | 1,beam discounted uncertain,ink refused too_thin (0->1),-,too_thin,1
kept_to_narrowed,glyph/7/0/9/8/2,7,0,9,8,123,0.25,0.5 | 1,beam discounted uncertain,ink refused too_thin (0->2),beams_by_stem 1->0,too_thin,2
kept_to_narrowed,glyph/7/0/10/4/4,7,0,10,4,119,0.5,0.5 | 1,beam discounted uncertain,ink refused too_thin (0->1),-,too_thin,1
kept_to_narrowed,glyph/7/0/10/5/1,7,0,10,5,120,0.25,0.5 | 1,beam discounted uncertain,ink refused too_thin (0->2),-,too_thin,2
kept_to_narrowed,glyph/7/1/1/0/10,7,1,1,0,124,0.375,0.75 | 1.5,beam discounted uncertain,ink refused too_thin (0->2),-,too_thin,2
kept_to_narrowed,glyph/7/1/1/2/1,7,1,1,2,126,0.75,0.75 | 1.5,beam discounted uncertain,ink refused too_thin (0->1),beams_by_stem 1->0,too_thin,1
kept_to_narrowed,glyph/7/1/1/2/3,7,1,1,2,126,0.75,0.75 | 1.5,beam discounted uncertain,ink refused too_thin (0->1),beams_by_stem 1->0,too_thin,1
kept_to_narrowed,glyph/7/1/1/3/12,7,1,1,3,127,0.1875,0.75 | 1.5,beam discounted uncertain,ink refused too_thin (0->3),-,too_thin,3
kept_to_narrowed,glyph/7/1/1/4/4,7,1,1,4,128,0.75,0.75 | 1.5,beam discounted uncertain,ink refused too_thin (0->2),-,too_thin,1
kept_to_narrowed,glyph/7/1/1/4/6,7,1,1,4,128,0.75,0.75 | 1.5,beam discounted uncertain,ink refused too_thin (0->2),-,too_thin,1
kept_to_narrowed,glyph/7/1/1/7/0,7,1,1,7,131,1.5,0.75 | 1.5,beam discounted uncertain,stem side None->down,-,,0
kept_to_narrowed,glyph/7/1/1/8/2,7,1,1,8,132,0.75,0.75 | 1.5,beam discounted uncertain,ink refused too_thin (0->1),-,too_thin,1
kept_to_narrowed,glyph/7/1/1/8/4,7,1,1,8,132,0.75,0.75 | 1.5,beam discounted uncertain,ink refused too_thin (0->1),-,too_thin,1
kept_to_narrowed,glyph/7/1/1/9/3,7,1,1,9,133,0.25,0.5 | 1,beam discounted uncertain,ink refused too_thin (0->3),-,too_thin,2
kept_to_narrowed,glyph/7/1/1/9/6,7,1,1,9,133,0.25,0.5 | 1,beam discounted uncertain,ink refused too_thin (0->3),-,too_thin,2
kept_to_narrowed,glyph/7/1/1/9/8,7,1,1,9,133,0.75,0.75 | 1.5,beam discounted uncertain,ink refused too_thin (0->3),-,too_thin,1
kept_to_narrowed,glyph/7/1/1/10/1,7,1,1,10,134,0.1875,0.75 | 1.5,beam discounted uncertain,ink refused too_thin (0->3),-,too_thin,3
kept_to_narrowed,glyph/7/1/2/0/2,7,1,2,0,124,0.25,0.5 | 1,beam discounted uncertain,ink refused too_thin (0->2),beams_by_stem 1->0,too_thin,2
kept_to_narrowed,glyph/7/1/2/1/3,7,1,2,1,125,0.5,0.5 | 1,beam discounted uncertain,ink refused too_thin (0->1),-,too_thin,1
kept_to_narrowed,glyph/7/1/2/3/5,7,1,2,3,127,0.375,0.75 | 1.5,beam discounted uncertain,ink refused too_thin (0->2),beams_by_stem 2->0,too_thin,2
kept_to_narrowed,glyph/7/1/2/3/8,7,1,2,3,127,0.5,0.5 | 1,beam discounted uncertain,ink refused too_thin (0->1),-,too_thin,1
kept_to_narrowed,glyph/7/1/2/10/2,7,1,2,10,134,0.1875,0.75 | 1.5,beam discounted uncertain,ink refused too_thin (0->3),-,too_thin,3
kept_to_narrowed,glyph/7/1/2/10/8,7,1,2,10,134,0.1875,0.75 | 1.5,beam discounted uncertain,ink refused too_thin (0->3),-,too_thin,3
kept_to_narrowed,glyph/7/1/2/10/12,7,1,2,10,134,0.1875,0.75 | 1.5,beam discounted uncertain,ink refused too_thin (0->3),-,too_thin,3
kept_to_narrowed,glyph/7/1/2/10/14,7,1,2,10,134,0.1875,0.75 | 1.5,beam discounted uncertain,ink refused too_thin (0->3),-,too_thin,3
kept_to_narrowed,glyph/7/1/3/0/2,7,1,3,0,124,0.75,0.75 | 1.5,beam discounted uncertain,ink refused too_thin (0->1),beams_by_stem 1->0,too_thin,1
kept_to_narrowed,glyph/7/1/3/0/9,7,1,3,0,124,0.75,0.75 | 1.5,beam discounted uncertain,ink refused too_thin (0->1),beams_by_stem 1->0,too_thin,1
kept_to_narrowed,glyph/7/1/3/3/8,7,1,3,3,127,0.5,0.5 | 1,beam discounted uncertain,ink refused too_thin (0->1),beams_by_stem 1->0,too_thin,1
kept_to_narrowed,glyph/7/1/3/4/9,7,1,3,4,128,0.5,0.5 | 1,beam discounted uncertain,ink refused too_thin (0->1),-,too_thin,1
kept_to_narrowed,glyph/7/1/3/10/1,7,1,3,10,134,0.75,0.75 | 1.5,beam discounted uncertain,ink refused too_thin (0->1),-,too_thin,1
kept_to_narrowed,glyph/7/1/3/10/6,7,1,3,10,134,0.5,0.5 | 1,beam discounted uncertain,ink refused too_thin (0->1),-,too_thin,1
kept_to_narrowed,glyph/7/1/6/1/1,7,1,6,1,125,0.5,0.5 | 1,beam discounted uncertain,ink refused too_thin (0->1),-,too_thin,1
kept_to_narrowed,glyph/7/1/6/4/2,7,1,6,4,128,0.0625,0.5 | 1,beam discounted uncertain,ink refused too_thin (0->4),-,too_thin,4
kept_to_narrowed,glyph/7/1/6/5/1,7,1,6,5,129,0.5,0.5 | 1,beam discounted uncertain,ink refused too_thin (0->3),-,too_thin,1
kept_to_narrowed,glyph/7/1/6/5/2,7,1,6,5,129,0.75,0.75 | 1.5,beam discounted uncertain,ink refused too_thin (0->3),-,too_thin,1
kept_to_narrowed,glyph/7/1/7/2/1,7,1,7,2,126,0.75,0.75 | 1.5,beam discounted uncertain,ink refused too_thin (0->1),-,too_thin,1
kept_to_narrowed,glyph/7/1/7/2/4,7,1,7,2,126,0.5,0.5 | 1,beam discounted uncertain,ink refused too_thin (0->1),-,too_thin,1
kept_to_narrowed,glyph/7/1/7/4/7,7,1,7,4,128,0.125,0.5 | 1,beam discounted uncertain,ink refused too_thin (0->3),-,too_thin,3
kept_to_narrowed,glyph/7/1/9/3/1,7,1,9,3,127,0.75,0.75 | 1.5,beam discounted uncertain,ink refused too_thin (0->1),-,too_thin,1
kept_to_narrowed,glyph/7/1/9/4/1,7,1,9,4,128,0.375,0.75 | 1.5,beam discounted uncertain,ink refused too_thin (0->2),-,too_thin,2
kept_to_narrowed,glyph/7/1/9/4/2,7,1,9,4,128,0.25,0.5 | 1,beam discounted uncertain,ink refused too_thin (0->2),-,too_thin,2
kept_to_narrowed,glyph/7/1/9/10/0,7,1,9,10,134,0.375,0.75 | 1.5,beam discounted uncertain,ink refused too_thin (0->2),-,too_thin,2
kept_to_narrowed,glyph/7/1/9/10/3,7,1,9,10,134,0.375,0.75 | 1.5,beam discounted uncertain,ink refused too_thin (0->2),-,too_thin,2
kept_to_narrowed,glyph/7/1/10/4/0,7,1,10,4,128,0.125,0.5 | 1,beam discounted uncertain,ink refused too_thin (0->3),-,too_thin,3
kept_to_narrowed,glyph/7/1/10/4/1,7,1,10,4,128,0.1875,0.75 | 1.5,beam discounted uncertain,ink refused too_thin (0->3),-,too_thin,3
kept_to_narrowed,glyph/8/0/1/1/7,8,0,1,1,137,0.25,0.5 | 1,beam discounted uncertain,ink refused too_thin (0->2),-,too_thin,2
kept_to_narrowed,glyph/8/0/1/2/2,8,0,1,2,138,0.25,0.5 | 1,beam discounted uncertain,ink refused too_thin (0->4),beams_by_stem 1->0,too_thin,2
kept_to_narrowed,glyph/8/0/1/2/16,8,0,1,2,138,0.25,0.5 | 1,beam discounted uncertain,ink refused too_thin (0->4),beams_by_stem 1->0,too_thin,2
kept_to_narrowed,glyph/8/0/1/3/5,8,0,1,3,139,0.375,0.75 | 1.5,beam discounted uncertain,ink refused too_thin (0->2),-,too_thin,2
kept_to_narrowed,glyph/8/0/1/4/3,8,0,1,4,140,0.5,0.5 | 1,beam discounted uncertain,ink refused too_thin (0->4),beams_by_stem 1->0,too_thin,1
kept_to_narrowed,glyph/8/0/1/4/14,8,0,1,4,140,0.5,0.5 | 1,beam discounted uncertain,ink refused too_thin (0->4),beams_by_stem 1->0,too_thin,1
kept_to_narrowed,glyph/8/0/1/5/3,8,0,1,5,141,0.25,0.5 | 1,beam discounted uncertain,ink refused too_thin (0->2),-,too_thin,2
kept_to_narrowed,glyph/8/0/1/6/2,8,0,1,6,142,0.5,0.5 | 1,beam discounted uncertain,ink refused too_thin (0->1),-,too_thin,1
kept_to_narrowed,glyph/8/0/1/7/3,8,0,1,7,143,0.5,0.5 | 1,beam discounted uncertain,ink refused too_thin (0->1),beams_by_stem 1->0,too_thin,1
kept_to_narrowed,glyph/8/0/1/8/0,8,0,1,8,144,0.75,0.75 | 1.5,beam discounted uncertain,ink refused too_thin (0->1),-,too_thin,1
kept_to_narrowed,glyph/8/0/1/8/2,8,0,1,8,144,0.5,0.5 | 1,beam discounted uncertain,ink refused too_thin (0->1),beams_by_stem 1->0,too_thin,1
kept_to_narrowed,glyph/8/0/1/9/2,8,0,1,9,145,0.5,0.5 | 1,beam discounted uncertain,ink refused too_thin (0->1),-,too_thin,1
kept_to_narrowed,glyph/8/0/1/9/5,8,0,1,9,145,0.75,0.75 | 1.5,beam discounted uncertain,ink refused too_thin (0->1),-,too_thin,1
kept_to_narrowed,glyph/8/0/1/9/6,8,0,1,9,145,0.5,0.5 | 1,beam discounted uncertain,ink refused too_thin (0->1),beams_by_stem 1->0,too_thin,1
kept_to_narrowed,glyph/8/0/2/2/8,8,0,2,2,138,0.25,0.5 | 1,beam discounted uncertain,ink refused too_thin (0->5),-,too_thin,2
kept_to_narrowed,glyph/8/0/2/5/11,8,0,2,5,141,0.25,0.5 | 1,beam discounted uncertain,ink refused too_thin (0->3),-,too_thin,2
kept_to_narrowed,glyph/8/0/2/6/5,8,0,2,6,142,0.5,0.5 | 1,beam discounted uncertain,ink refused too_thin (0->4),beams_by_stem 1->0,too_thin,1
kept_to_narrowed,glyph/8/0/2/8/6,8,0,2,8,144,0.1875,0.75 | 1.5,beam discounted uncertain,ink refused too_thin (0->5),beams_by_stem 1->0,too_thin,3
kept_to_narrowed,glyph/8/0/3/1/12,8,0,3,1,137,0.75,0.75 | 1.5,beam discounted uncertain,ink refused too_thin (0->4),beams_by_stem 1->0,too_thin,1
kept_to_narrowed,glyph/8/0/3/2/4,8,0,3,2,138,0.5,0.5 | 1,beam discounted uncertain,ink refused too_thin (0->6),-,too_thin,1
kept_to_narrowed,glyph/8/0/3/3/19,8,0,3,3,139,0.046875,0.75 | 1.5,beam discounted uncertain,ink refused too_thin (0->5),-,too_thin,5
kept_to_narrowed,glyph/8/0/3/4/5,8,0,3,4,140,0.125,0.5 | 1,beam discounted uncertain,ink refused too_thin (0->7),-,too_thin,3
kept_to_narrowed,glyph/8/0/3/4/9,8,0,3,4,140,0.09375,0.75 | 1.5,beam discounted uncertain,ink refused too_thin (0->7),beams_by_stem 1->0,too_thin,4
kept_to_narrowed,glyph/8/0/3/5/6,8,0,3,5,141,0.046875,0.75 | 1.5,beam discounted uncertain,ink refused too_thin (0->5),-,too_thin,5
kept_to_narrowed,glyph/8/0/3/6/2,8,0,3,6,142,0.75,0.75 | 1.5,beam discounted uncertain,ink refused too_thin (0->1),-,too_thin,1
kept_to_narrowed,glyph/8/0/3/7/1,8,0,3,7,143,0.75,0.75 | 1.5,beam discounted uncertain,ink refused too_thin (0->1),beams_by_stem 1->0,too_thin,1
kept_to_narrowed,glyph/8/0/3/7/8,8,0,3,7,143,0.75,0.75 | 1.5,beam discounted uncertain,ink refused too_thin (0->1),-,too_thin,1
kept_to_narrowed,glyph/8/0/3/8/3,8,0,3,8,144,0.5,0.5 | 1,beam discounted uncertain,ink refused too_thin (0->4),-,too_thin,1
kept_to_narrowed,glyph/8/0/3/8/7,8,0,3,8,144,0.03125,0.5 | 1,beam discounted uncertain,ink refused too_thin (0->5),-,too_thin,5
kept_to_narrowed,glyph/8/0/3/8/8,8,0,3,8,144,0.03125,0.5 | 1,beam discounted uncertain,ink refused too_thin (0->5),-,too_thin,5
kept_to_narrowed,glyph/8/0/5/2/1,8,0,5,2,138,0.375,0.75 | 1.5,beam discounted uncertain,ink refused too_thin (0->2),-,too_thin,2
kept_to_narrowed,glyph/8/0/5/2/4,8,0,5,2,138,0.375,0.75 | 1.5,beam discounted uncertain,ink refused too_thin (0->2),-,too_thin,2
kept_to_narrowed,glyph/8/0/5/3/1,8,0,5,3,139,0.09375,0.75 | 1.5,beam discounted uncertain,ink refused too_thin (0->4),-,too_thin,4
kept_to_narrowed,glyph/8/0/5/3/2,8,0,5,3,139,0.09375,0.75 | 1.5,beam discounted uncertain,ink refused too_thin (0->4),-,too_thin,4
kept_to_narrowed,glyph/8/0/5/4/1,8,0,5,4,140,0.09375,0.75 | 1.5,beam discounted uncertain,ink refused too_thin (0->4),-,too_thin,4
kept_to_narrowed,glyph/8/0/5/4/2,8,0,5,4,140,0.09375,0.75 | 1.5,beam discounted uncertain,ink refused too_thin (0->4),-,too_thin,4
kept_to_narrowed,glyph/8/0/5/5/0,8,0,5,5,141,0.09375,0.75 | 1.5,beam discounted uncertain,ink refused too_thin (0->4),-,too_thin,4
kept_to_narrowed,glyph/8/0/5/5/3,8,0,5,5,141,0.09375,0.75 | 1.5,beam discounted uncertain,ink refused too_thin (0->4),-,too_thin,4
kept_to_narrowed,glyph/8/0/5/6/1,8,0,5,6,142,0.375,0.75 | 1.5,beam discounted uncertain,ink refused too_thin (0->2),-,too_thin,2
kept_to_narrowed,glyph/8/0/5/6/5,8,0,5,6,142,0.375,0.75 | 1.5,beam discounted uncertain,ink refused too_thin (0->2),-,too_thin,2
kept_to_narrowed,glyph/8/0/5/7/6,8,0,5,7,143,0.75,0.75 | 1.5,beam discounted uncertain,ink refused too_thin (0->1),-,too_thin,1
kept_to_narrowed,glyph/8/0/5/7/7,8,0,5,7,143,0.75,0.75 | 1.5,beam discounted uncertain,ink refused too_thin (0->1),-,too_thin,1
kept_to_narrowed,glyph/8/0/7/10/1,8,0,7,10,146,0.09375,0.75 | 1.5,beam discounted uncertain,ink refused too_thin (0->4),beams_by_stem 3->0,too_thin,4
kept_to_narrowed,glyph/8/0/7/10/3,8,0,7,10,146,0.0625,0.5 | 1,beam discounted uncertain,ink refused too_thin (0->4),beams_by_stem 3->0,too_thin,4
kept_to_narrowed,glyph/8/0/7/12/0,8,0,7,12,148,0.5,0.5 | 1,beam discounted uncertain,ink refused too_thin (0->1),-,too_thin,1
kept_to_narrowed,glyph/8/0/7/12/2,8,0,7,12,148,0.75,0.75 | 1.5,beam discounted uncertain,ink refused too_thin (0->1),-,too_thin,1
kept_to_narrowed,glyph/8/0/8/10/4,8,0,8,10,146,0.5,0.5 | 1,beam discounted uncertain,ink refused too_thin (0->2),beams_by_stem 1->0,too_thin,1
kept_to_narrowed,glyph/8/0/8/10/5,8,0,8,10,146,0.75,0.75 | 1.5,beam discounted uncertain,ink refused too_thin (0->2),beams_by_stem 1->0,too_thin,1
kept_to_narrowed,glyph/8/0/8/11/0,8,0,8,11,147,0.75,0.75 | 1.5,beam discounted uncertain,ink refused too_thin (0->1),-,too_thin,1
kept_to_narrowed,glyph/8/0/8/12/2,8,0,8,12,148,0.125,0.5 | 1,beam discounted uncertain,ink refused too_thin (0->3),beams_by_stem 2->0,too_thin,3
kept_to_narrowed,glyph/8/0/8/12/3,8,0,8,12,148,0.1875,0.75 | 1.5,beam discounted uncertain,ink refused too_thin (0->3),beams_by_stem 1->0,too_thin,3
kept_to_narrowed,glyph/8/0/9/1/1,8,0,9,1,137,0.375,0.75 | 1.5,beam discounted uncertain,ink refused too_thin (0->4),beams_by_stem 1->0,too_thin,2
kept_to_narrowed,glyph/8/0/9/1/6,8,0,9,1,137,0.0625,0.5 | 1,beam discounted uncertain,ink refused too_thin (0->4),beams_by_stem 2->0,too_thin,4
kept_to_narrowed,glyph/8/0/9/2/4,8,0,9,2,138,0.09375,0.75 | 1.5,beam discounted uncertain,ink refused too_thin (0->4),beams_by_stem 1->0,too_thin,4
kept_to_narrowed,glyph/8/0/9/4/4,8,0,9,4,140,0.25,0.5 | 1,beam discounted uncertain,ink refused too_thin (0->3),-,too_thin,2
kept_to_narrowed,glyph/8/0/9/6/4,8,0,9,6,142,0.125,0.5 | 1,beam discounted uncertain,ink refused too_thin (0->3),-,too_thin,3
kept_to_narrowed,glyph/8/0/9/8/1,8,0,9,8,144,0.5,0.5 | 1,beam discounted uncertain,ink refused too_thin (0->1),beams_by_stem 1->0,too_thin,1
kept_to_narrowed,glyph/8/0/9/8/4,8,0,9,8,144,0.5,0.5 | 1,beam discounted uncertain,ink refused too_thin (0->1),beams_by_stem 1->0,too_thin,1
kept_to_narrowed,glyph/8/0/9/10/0,8,0,9,10,146,0.75,0.75 | 1.5,beam discounted uncertain,ink refused too_thin (0->1),beams_by_stem 1->0,too_thin,1
kept_to_narrowed,glyph/8/0/9/10/6,8,0,9,10,146,0.75,0.75 | 1.5,beam discounted uncertain,ink refused too_thin (0->1),beams_by_stem 1->0,too_thin,1
kept_to_narrowed,glyph/8/0/9/11/1,8,0,9,11,147,0.75,0.75 | 1.5,beam discounted uncertain,ink refused too_thin (0->1),beams_by_stem 1->0,too_thin,1
kept_to_narrowed,glyph/8/0/9/11/4,8,0,9,11,147,0.75,0.75 | 1.5,beam discounted uncertain,ink refused too_thin (0->1),beams_by_stem 1->0,too_thin,1
kept_to_narrowed,glyph/8/0/9/12/3,8,0,9,12,148,0.25,0.5 | 1,beam discounted uncertain,ink refused too_thin (0->3),beams_by_stem 1->0,too_thin,2
kept_to_narrowed,glyph/8/1/2/0/4,8,1,2,0,149,0.375,0.75 | 1.5,beam discounted uncertain,ink refused too_thin (0->3),-,too_thin,2
kept_to_narrowed,glyph/8/1/2/1/4,8,1,2,1,150,0.25,0.5 | 1,beam discounted uncertain,ink refused too_thin (0->2),-,too_thin,2
kept_to_narrowed,glyph/8/1/2/2/0,8,1,2,2,151,0.75,0.75 | 1.5,beam discounted uncertain,ink refused too_thin (0->2),-,too_thin,1
kept_to_narrowed,glyph/8/1/2/2/3,8,1,2,2,151,0.5,0.5 | 1,beam discounted uncertain,ink refused too_thin (0->2),-,too_thin,1
kept_to_narrowed,glyph/8/1/2/4/8,8,1,2,4,153,0.5,0.5 | 1,beam discounted uncertain,ink refused too_thin (0->1),-,too_thin,1
kept_to_narrowed,glyph/8/1/5/1/0,8,1,5,1,150,0.1875,0.75 | 1.5,beam discounted uncertain,ink refused too_thin (0->3),-,too_thin,3
kept_to_narrowed,glyph/8/1/5/2/2,8,1,5,2,151,0.25,0.5 | 1,beam discounted uncertain,ink refused too_thin (0->2),-,too_thin,2
kept_to_narrowed,glyph/8/1/5/3/0,8,1,5,3,152,0.75,0.75 | 1.5,beam discounted uncertain,ink refused too_thin (0->4),-,too_thin,1
kept_to_narrowed,glyph/8/1/6/5/0,8,1,6,5,154,0.5,0.5 | 1,beam discounted uncertain,ink refused too_thin (0->1),beams_by_stem 1->0,too_thin,1
kept_to_narrowed,glyph/8/1/6/5/7,8,1,6,5,154,0.25,0.5 | 1,beam discounted uncertain,ink refused too_thin (0->2),-,too_thin,2
kept_to_narrowed,glyph/8/1/6/8/0,8,1,6,8,157,0.25,0.5 | 1,beam discounted uncertain,ink refused too_thin (0->2),beams_by_stem 1->0,too_thin,2
kept_to_narrowed,glyph/8/1/6/8/6,8,1,6,8,157,0.25,0.5 | 1,beam discounted uncertain,ink refused too_thin (0->2),beams_by_stem 1->0,too_thin,2
kept_to_narrowed,glyph/8/1/7/1/1,8,1,7,1,150,0.75,0.75 | 1.5,beam discounted uncertain,ink refused too_thin (0->1),-,too_thin,1
kept_to_narrowed,glyph/8/1/7/1/4,8,1,7,1,150,0.75,0.75 | 1.5,beam discounted uncertain,ink refused too_thin (0->1),-,too_thin,1
kept_to_narrowed,glyph/8/1/7/2/2,8,1,7,2,151,0.5,0.5 | 1,beam discounted uncertain,ink refused too_thin (0->1),beams_by_stem 1->0,too_thin,1
kept_to_narrowed,glyph/8/1/7/2/3,8,1,7,2,151,0.75,0.75 | 1.5,beam discounted uncertain,ink refused too_thin (0->2),beams_by_stem 1->0,too_thin,1
kept_to_narrowed,glyph/8/1/7/3/0,8,1,7,3,152,0.75,0.75 | 1.5,beam discounted uncertain,ink refused too_thin (0->1),-,too_thin,1
kept_to_narrowed,glyph/8/1/7/3/1,8,1,7,3,152,0.75,0.75 | 1.5,beam discounted uncertain,ink refused too_thin (0->2),-,too_thin,1
kept_to_narrowed,glyph/8/1/7/5/0,8,1,7,5,154,0.5,0.5 | 1,beam discounted uncertain,ink refused too_thin (0->1),beams_by_stem 1->0,too_thin,1
kept_to_narrowed,glyph/8/1/8/1/1,8,1,8,1,150,0.375,0.75 | 1.5,beam discounted uncertain,ink refused too_thin (0->3),beams_by_stem 1->0,too_thin,2
kept_to_narrowed,glyph/8/1/8/1/2,8,1,8,1,150,0.375,0.75 | 1.5,beam discounted uncertain,ink refused too_thin (0->3),beams_by_stem 1->0,too_thin,2
kept_to_narrowed,glyph/8/1/8/2/2,8,1,8,2,151,0.75,0.75 | 1.5,beam discounted uncertain,ink refused too_thin (0->1),-,too_thin,1
kept_to_narrowed,glyph/8/1/8/2/9,8,1,8,2,151,0.75,0.75 | 1.5,beam discounted uncertain,ink refused too_thin (0->1),-,too_thin,1
kept_to_narrowed,glyph/8/1/9/1/1,8,1,9,1,150,0.75,0.75 | 1.5,beam discounted uncertain,ink refused too_thin (0->1),-,too_thin,1
kept_to_narrowed,glyph/8/1/9/2/1,8,1,9,2,151,0.75,0.75 | 1.5,beam discounted uncertain,ink refused too_thin (0->1),-,too_thin,1
kept_to_narrowed,glyph/8/1/9/2/3,8,1,9,2,151,0.75,0.75 | 1.5,beam discounted uncertain,ink refused too_thin (0->1),beams_by_stem 1->0,too_thin,1
kept_to_narrowed,glyph/8/1/9/3/1,8,1,9,3,152,0.75,0.75 | 1.5,beam discounted uncertain,ink refused too_thin (0->2),beams_by_stem 1->0,too_thin,1
kept_to_narrowed,glyph/8/1/9/3/6,8,1,9,3,152,0.75,0.75 | 1.5,beam discounted uncertain,ink refused too_thin (0->2),beams_by_stem 1->0,too_thin,1
kept_to_narrowed,glyph/8/1/9/8/0,8,1,9,8,157,0.5,0.5 | 1,beam discounted uncertain,ink refused too_thin (0->1),beams_by_stem 1->0,too_thin,1
kept_to_narrowed,glyph/8/1/9/8/3,8,1,9,8,157,0.5,0.5 | 1,beam discounted uncertain,ink refused too_thin (0->1),beams_by_stem 1->0,too_thin,1
kept_to_narrowed,glyph/8/1/10/11/4,8,1,10,11,160,0.5,0.5 | 1,beam discounted uncertain,ink refused too_thin (0->1),beams_by_stem 1->0,too_thin,1
kept_to_narrowed,glyph/9/0/0/4/2,9,0,0,4,165,0.5,0.5 | 1,beam discounted uncertain,ink refused too_thin (0->1),-,too_thin,1
kept_to_narrowed,glyph/9/0/0/4/6,9,0,0,4,165,0.75,0.75 | 1.5,beam discounted uncertain,ink refused too_thin (0->1),-,too_thin,1
kept_to_narrowed,glyph/9/0/0/4/9,9,0,0,4,165,0.75,0.75 | 1.5,beam discounted uncertain,ink refused too_thin (0->1),-,too_thin,1
kept_to_narrowed,glyph/9/0/0/4/12,9,0,0,4,165,0.5,0.5 | 1,beam discounted uncertain,ink refused too_thin (0->1),-,too_thin,1
kept_to_narrowed,glyph/9/0/6/1/2,9,0,6,1,162,0.75,0.75 | 1.5,beam discounted uncertain,ink refused too_thin (0->1),-,too_thin,1
kept_to_narrowed,glyph/9/0/6/1/6,9,0,6,1,162,0.75,0.75 | 1.5,beam discounted uncertain,ink refused too_thin (0->1),-,too_thin,1
kept_to_narrowed,glyph/9/0/6/4/7,9,0,6,4,165,0.5,0.5 | 1,beam discounted uncertain,ink refused too_thin (0->1),-,too_thin,1
kept_to_narrowed,glyph/9/0/6/4/8,9,0,6,4,165,0.75,0.75 | 1.5,beam discounted uncertain,ink refused too_thin (0->1),-,too_thin,1
kept_to_narrowed,glyph/9/0/6/4/9,9,0,6,4,165,0.75,0.75 | 1.5,beam discounted uncertain,ink refused too_thin (0->1),-,too_thin,1
kept_to_narrowed,glyph/9/0/6/4/10,9,0,6,4,165,0.5,0.5 | 1,beam discounted uncertain,ink refused too_thin (0->1),-,too_thin,1
kept_to_narrowed,glyph/9/0/7/4/4,9,0,7,4,165,0.75,0.75 | 1.5,beam discounted uncertain,ink refused too_thin (0->1) + stem side None->down,-,too_thin,1
kept_to_narrowed,glyph/9/0/7/4/7,9,0,7,4,165,0.5,0.5 | 1,beam discounted uncertain,ink refused too_thin (0->1),-,too_thin,1
kept_to_narrowed,glyph/9/0/10/8/4,9,0,10,8,169,0.75,0.75 | 1.5,beam discounted uncertain,ink refused too_thin (0->1),-,too_thin,1
kept_to_narrowed,glyph/9/0/11/5/3,9,0,11,5,166,1,0.5 | 1,beam discounted uncertain,stem side None->down,-,,0
kept_to_narrowed,glyph/9/1/1/5/3,9,1,1,5,175,0.75,0.75 | 1.5,beam discounted uncertain,ink refused too_thin (0->1),-,too_thin,1
kept_to_narrowed,glyph/9/1/1/5/9,9,1,1,5,175,0.75,0.75 | 1.5,beam discounted uncertain,ink refused too_thin (0->1),-,too_thin,1
kept_to_narrowed,glyph/9/1/2/3/2,9,1,2,3,173,1.5,0.75 | 1.5,beam discounted uncertain,stem side None->down,-,,0
kept_to_narrowed,glyph/9/1/2/6/1,9,1,2,6,176,0.5,0.5 | 1,beam discounted uncertain,ink refused too_thin (0->1),-,too_thin,1
kept_to_narrowed,glyph/9/1/2/6/5,9,1,2,6,176,0.5,0.5 | 1,beam discounted uncertain,ink refused too_thin (0->1),-,too_thin,1
kept_to_narrowed,glyph/9/1/3/1/13,9,1,3,1,171,0.75,0.75 | 1.5,beam discounted uncertain,ink refused too_thin (0->1),-,too_thin,1
kept_to_narrowed,glyph/9/1/6/4/2,9,1,6,4,174,0.5,0.5 | 1,beam discounted uncertain,ink refused too_thin (0->1),-,too_thin,1
kept_to_narrowed,glyph/9/1/6/4/3,9,1,6,4,174,0.5,0.5 | 1,beam discounted uncertain,ink refused too_thin (0->1),-,too_thin,1
kept_to_narrowed,glyph/9/1/6/6/2,9,1,6,6,176,0.5,0.5 | 1,beam discounted uncertain,ink refused too_thin (0->1),beams_by_stem 1->0,too_thin,1
kept_to_narrowed,glyph/9/1/6/6/3,9,1,6,6,176,0.5,0.5 | 1,beam discounted uncertain,ink refused too_thin (0->1),beams_by_stem 1->0,too_thin,1
kept_to_narrowed,glyph/9/1/8/1/2,9,1,8,1,171,0.5,0.5 | 1,beam discounted uncertain,ink refused too_thin (0->1),-,too_thin,1
kept_to_narrowed,glyph/9/1/8/4/5,9,1,8,4,174,0.5,0.5 | 1,beam discounted uncertain,ink refused too_thin (0->1) + stem side None->down,-,too_thin,1
kept_to_narrowed,glyph/9/1/8/4/6,9,1,8,4,174,0.5,0.5 | 1,beam discounted uncertain,ink refused too_thin (0->1) + stem side None->down,-,too_thin,1
kept_to_narrowed,glyph/9/1/8/4/7,9,1,8,4,174,0.5,0.5 | 1,beam discounted uncertain,ink refused too_thin (0->1),beams_by_stem 1->0,too_thin,1
kept_to_narrowed,glyph/9/1/8/6/2,9,1,8,6,176,1,0.5 | 1,beam discounted uncertain,stem side None->down,-,,0
kept_to_narrowed,glyph/9/1/9/1/0,9,1,9,1,171,0.1875,0.75 | 1.5,beam discounted uncertain,ink refused too_thin (0->3),-,too_thin,3
kept_to_narrowed,glyph/9/1/10/0/5,9,1,10,0,170,0.75,0.75 | 1.5,beam discounted uncertain,ink refused too_thin (0->1),-,too_thin,1
kept_to_narrowed,glyph/9/1/10/3/1,9,1,10,3,173,0.75,0.75 | 1.5,beam discounted uncertain,ink refused too_thin (0->1),-,too_thin,1
kept_to_narrowed,glyph/9/1/11/0/8,9,1,11,0,170,0.75,0.75 | 1.5,beam discounted uncertain,ink refused too_thin (0->1),-,too_thin,1
kept_to_narrowed,glyph/9/1/12/4/3,9,1,12,4,174,0.75,0.75 | 1.5,beam discounted uncertain,ink refused too_thin (0->1),beams_by_stem 1->0,too_thin,1
kept_to_narrowed,glyph/9/1/12/4/4,9,1,12,4,174,0.5,0.5 | 1,beam discounted uncertain,ink refused too_thin (0->1),beams_by_stem 1->0,too_thin,1
kept_to_narrowed,glyph/10/0/0/2/1,10,0,0,2,181,0.5,0.5 | 1,beam discounted uncertain,ink refused too_thin (0->1),-,too_thin,1
kept_to_narrowed,glyph/10/0/0/2/2,10,0,0,2,181,0.5,0.5 | 1,beam discounted uncertain,ink refused too_thin (0->1),-,too_thin,1
kept_to_narrowed,glyph/10/0/0/2/6,10,0,0,2,181,0.5,0.5 | 1,beam discounted uncertain,ink refused too_thin (0->1),-,too_thin,1
kept_to_narrowed,glyph/10/0/0/2/9,10,0,0,2,181,0.5,0.5 | 1,beam discounted uncertain,ink refused too_thin (0->1),-,too_thin,1
kept_to_narrowed,glyph/10/0/4/5/0,10,0,4,5,184,0.75,0.75 | 1.5,beam discounted uncertain,ink refused too_thin (0->1),-,too_thin,1
kept_to_narrowed,glyph/10/0/12/0/4,10,0,12,0,179,0.5,0.5 | 1,beam discounted uncertain,far-side strokes 0->1 + stem side None->down,-,,1
kept_to_narrowed,glyph/10/0/12/0/6,10,0,12,0,179,0.5,0.5 | 1,beam discounted uncertain,far-side strokes 0->1 + stem side None->down,-,,1
kept_to_narrowed,glyph/10/0/12/1/1,10,0,12,1,180,0.75,0.75 | 1.5,beam discounted uncertain,ink refused too_thin (0->1),-,too_thin,1
kept_to_narrowed,glyph/10/1/0/1/7,10,1,0,1,189,1.5,0.75 | 1.5,beam discounted uncertain,stem side None->down,-,,0
kept_to_narrowed,glyph/10/1/0/2/0,10,1,0,2,190,1.5,0.75 | 1.5,beam discounted uncertain,stem side None->down,-,,0
kept_to_narrowed,glyph/10/1/0/2/4,10,1,0,2,190,1.5,0.75 | 1.5,beam discounted uncertain,stem side None->down,-,,0
kept_to_narrowed,glyph/10/1/1/1/2,10,1,1,1,189,1.5,0.75 | 1.5,beam discounted uncertain,stem side None->down,-,,0
kept_to_narrowed,glyph/10/1/1/6/1,10,1,1,6,194,0.75,0.75 | 1.5,beam discounted uncertain,ink refused too_thin (0->1),-,too_thin,1
kept_to_narrowed,glyph/10/1/1/6/2,10,1,1,6,194,0.75,0.75 | 1.5,beam discounted uncertain,ink refused too_thin (0->1),-,too_thin,1
kept_to_narrowed,glyph/10/1/2/5/13,10,1,2,5,193,1.5,0.75 | 1.5,beam discounted uncertain,stem side None->down,-,,0
kept_to_narrowed,glyph/10/1/3/1/5,10,1,3,1,189,0.75,0.75 | 1.5,beam discounted uncertain,far-side strokes 0->1 + stem side None->down,-,,1
kept_to_narrowed,glyph/10/1/3/1/10,10,1,3,1,189,0.75,0.75 | 1.5,beam discounted uncertain,ink refused too_thin (0->1),-,too_thin,1
kept_to_narrowed,glyph/10/1/3/2/6,10,1,3,2,190,1.5,0.75 | 1.5,beam discounted uncertain,stem side None->down,-,,0
kept_to_narrowed,glyph/10/1/12/6/1,10,1,12,6,194,1,0.5 | 1,beam discounted uncertain,far-side strokes 0->1 + stem side None->down,-,,0
kept_to_narrowed,glyph/11/0/0/2/2,11,0,0,2,198,0.75,0.75 | 1.5,beam discounted uncertain,ink refused too_thin (0->1),-,too_thin,1
kept_to_narrowed,glyph/11/0/0/2/14,11,0,0,2,198,0.75,0.75 | 1.5,beam discounted uncertain,ink refused too_thin (0->1),-,too_thin,1
kept_to_narrowed,glyph/11/0/0/3/6,11,0,0,3,199,1,0.5 | 1,beam discounted uncertain,stem side None->down,-,,0
kept_to_narrowed,glyph/11/0/0/9/2,11,0,0,9,205,0.75,0.75 | 1.5,beam discounted uncertain,ink refused too_thin (0->1),-,too_thin,1
kept_to_narrowed,glyph/11/0/0/9/3,11,0,0,9,205,0.375,0.75 | 1.5,beam discounted uncertain,ink refused too_thin (0->3),-,too_thin,2
kept_to_narrowed,glyph/11/0/1/1/0,11,0,1,1,197,1,0.5 | 1,beam discounted uncertain,stem side None->down,-,,0
kept_to_narrowed,glyph/11/0/1/1/1,11,0,1,1,197,1.5,0.75 | 1.5,beam discounted uncertain,stem side None->down,-,,0
kept_to_narrowed,glyph/11/0/1/2/1,11,0,1,2,198,0.75,0.75 | 1.5,beam discounted uncertain,ink refused too_thin (0->1),-,too_thin,1
kept_to_narrowed,glyph/11/0/1/2/12,11,0,1,2,198,0.75,0.75 | 1.5,beam discounted uncertain,ink refused too_thin (0->1),-,too_thin,1
kept_to_narrowed,glyph/11/0/1/3/7,11,0,1,3,199,0.5,0.5 | 1,beam discounted uncertain,ink refused too_thin (0->1),-,too_thin,1
kept_to_narrowed,glyph/11/0/1/3/8,11,0,1,3,199,0.5,0.5 | 1,beam discounted uncertain,ink refused too_thin (0->1),-,too_thin,1
kept_to_narrowed,glyph/11/0/2/1/1,11,0,2,1,197,1,0.5 | 1,beam discounted uncertain,stem side None->down,-,,0
kept_to_narrowed,glyph/11/0/3/3/1,11,0,3,3,199,0.75,0.75 | 1.5,beam discounted uncertain,ink refused too_thin (0->1),beams_by_stem 1->0,too_thin,1
kept_to_narrowed,glyph/11/0/3/3/11,11,0,3,3,199,1,2 | 1 | 4,head fill from ink,ink refused too_thin (0->1),-,too_thin,0
kept_to_narrowed,glyph/11/0/3/6/0,11,0,3,6,202,0.375,0.75 | 1.5,beam discounted uncertain,ink refused too_thin (0->2),-,too_thin,2
kept_to_narrowed,glyph/11/0/3/6/2,11,0,3,6,202,0.375,0.75 | 1.5,beam discounted uncertain,ink refused too_thin (0->2),-,too_thin,2
kept_to_narrowed,glyph/11/0/6/1/1,11,0,6,1,197,0.5,0.5 | 1,beam discounted uncertain,ink refused too_thin (0->1),-,too_thin,1
kept_to_narrowed,glyph/11/0/9/1/3,11,0,9,1,197,1.5,0.75 | 1.5,beam discounted uncertain,stem side None->down,-,,0
kept_to_narrowed,glyph/11/0/9/2/3,11,0,9,2,198,0.5,0.5 | 1,beam discounted uncertain,ink refused too_thin (0->3),beams_by_stem 1->0,too_thin,1
kept_to_narrowed,glyph/11/0/9/2/4,11,0,9,2,198,0.5,0.5 | 1,beam discounted uncertain,ink refused too_thin (0->3),beams_by_stem 1->0,too_thin,1
kept_to_narrowed,glyph/11/0/10/1/1,11,0,10,1,197,1.5,0.75 | 1.5,beam discounted uncertain,stem side None->down,-,,0
kept_to_narrowed,glyph/11/0/10/2/0,11,0,10,2,198,0.5,0.5 | 1,beam discounted uncertain,ink refused too_thin (0->1),-,too_thin,1
kept_to_narrowed,glyph/11/0/10/2/2,11,0,10,2,198,0.5,0.5 | 1,beam discounted uncertain,ink refused too_thin (0->1),-,too_thin,1
kept_to_narrowed,glyph/11/0/10/6/6,11,0,10,6,202,0.375,0.75 | 1.5,beam discounted uncertain,ink refused through_heads/too_thin (0->4),beams_by_stem 2->0,through_heads/too_thin,2
kept_to_narrowed,glyph/11/0/10/9/3,11,0,10,9,205,0.375,0.75 | 1.5,beam discounted uncertain,ink refused too_thin (0->2),-,too_thin,2
kept_to_narrowed,glyph/11/0/10/9/5,11,0,10,9,205,0.375,0.75 | 1.5,beam discounted uncertain,ink refused too_thin (0->2),-,too_thin,2
kept_to_narrowed,glyph/11/0/10/9/18,11,0,10,9,205,0.25,0.5 | 1,beam discounted uncertain,ink refused too_thin (0->2),-,too_thin,2
kept_to_narrowed,glyph/11/0/12/0/4,11,0,12,0,196,1,0.5 | 1,beam discounted uncertain,stem side None->down,-,,0
kept_to_narrowed,glyph/11/0/12/5/1,11,0,12,5,201,0.25,0.5 | 1,beam discounted uncertain,ink refused too_thin (0->3),-,too_thin,2
kept_to_narrowed,glyph/11/0/12/5/2,11,0,12,5,201,0.375,0.75 | 1.5,beam discounted uncertain,ink refused too_thin (0->3),-,too_thin,2
kept_to_narrowed,glyph/11/0/12/8/0,11,0,12,8,204,0.75,0.75 | 1.5,beam discounted uncertain,ink refused too_thin (0->2),beams_by_stem 1->0,too_thin,1
kept_to_narrowed,glyph/11/0/12/8/1,11,0,12,8,204,0.75,0.75 | 1.5,beam discounted uncertain,ink refused too_thin (0->2),beams_by_stem 1->0,too_thin,1
kept_to_narrowed,glyph/11/0/13/8/0,11,0,13,8,204,0.75,0.75 | 1.5,beam discounted uncertain,ink refused too_thin (0->1),beams_by_stem 1->0,too_thin,1
kept_to_narrowed,glyph/11/0/13/8/1,11,0,13,8,204,0.75,0.75 | 1.5,beam discounted uncertain,ink refused too_thin (0->1),beams_by_stem 1->0,too_thin,1
kept_to_narrowed,glyph/11/1/0/1/3,11,1,0,1,208,1.5,0.75 | 1.5,beam discounted uncertain,stem side None->down,-,,0
kept_to_narrowed,glyph/11/1/0/3/3,11,1,0,3,210,0.375,0.75 | 1.5,beam discounted uncertain,ink refused too_thin (0->6),beams_by_stem 1->0,too_thin,2
kept_to_narrowed,glyph/11/1/0/3/5,11,1,0,3,210,0.375,0.75 | 1.5,beam discounted uncertain,ink refused too_thin (0->6),beams_by_stem 1->0,too_thin,2
kept_to_narrowed,glyph/11/1/1/3/0,11,1,1,3,210,0.75,0.75 | 1.5,beam discounted uncertain,ink refused too_thin (0->1),-,too_thin,1
kept_to_narrowed,glyph/11/1/1/3/1,11,1,1,3,210,0.75,0.75 | 1.5,beam discounted uncertain,ink refused too_thin (0->1),-,too_thin,1
kept_to_narrowed,glyph/11/1/1/7/4,11,1,1,7,214,0.75,0.75 | 1.5,beam discounted uncertain,ink refused too_thin (0->1),-,too_thin,1
kept_to_narrowed,glyph/11/1/1/7/9,11,1,1,7,214,0.25,0.5 | 1,beam discounted uncertain,ink refused too_thin (0->5),-,too_thin,2
kept_to_narrowed,glyph/11/1/3/0/1,11,1,3,0,207,0.5,0.5 | 1,beam discounted uncertain,ink refused too_thin (0->1),-,too_thin,1
kept_to_narrowed,glyph/11/1/3/9/0,11,1,3,9,216,1.5,0.75 | 1.5,beam discounted uncertain,stem side None->down,-,,0
kept_to_narrowed,glyph/11/1/6/6/0,11,1,6,6,213,0.5,0.5 | 1,beam discounted uncertain,ink refused too_thin (0->1),-,too_thin,1
kept_to_narrowed,glyph/11/1/9/4/3,11,1,9,4,211,0.25,0.5 | 1,beam discounted uncertain,ink refused too_thin (0->2),-,too_thin,2
kept_to_narrowed,glyph/11/1/9/4/4,11,1,9,4,211,0.25,0.5 | 1,beam discounted uncertain,ink refused too_thin (0->2),-,too_thin,2
kept_to_narrowed,glyph/11/1/9/4/7,11,1,9,4,211,0.25,0.5 | 1,beam discounted uncertain,ink refused too_thin (0->2),-,too_thin,2
kept_to_narrowed,glyph/11/1/9/4/9,11,1,9,4,211,0.25,0.5 | 1,beam discounted uncertain,ink refused too_thin (0->2),-,too_thin,2
kept_to_narrowed,glyph/11/1/9/4/11,11,1,9,4,211,0.25,0.5 | 1,beam discounted uncertain,ink refused too_thin (0->2),-,too_thin,2
kept_to_narrowed,glyph/11/1/10/4/1,11,1,10,4,211,0.75,0.75 | 1.5,beam discounted uncertain,ink refused too_thin (0->3),-,too_thin,1
kept_to_narrowed,glyph/11/1/10/4/4,11,1,10,4,211,0.5,0.5 | 1,beam discounted uncertain,ink refused too_thin (0->3),-,too_thin,1
kept_to_narrowed,glyph/11/1/10/6/2,11,1,10,6,213,0.1875,0.75 | 1.5,beam discounted uncertain,ink refused too_thin (0->3),-,too_thin,3
kept_to_narrowed,glyph/11/1/10/6/3,11,1,10,6,213,0.1875,0.75 | 1.5,beam discounted uncertain,ink refused too_thin (0->3),-,too_thin,3
kept_to_narrowed,glyph/11/1/10/8/6,11,1,10,8,215,0.5,0.5 | 1,beam discounted uncertain,ink refused too_thin (0->3),-,too_thin,1
kept_to_narrowed,glyph/11/1/11/2/2,11,1,11,2,209,0.5,0.5 | 1,beam discounted uncertain,ink refused too_thin (0->1),-,too_thin,1
kept_to_narrowed,glyph/11/1/12/5/0,11,1,12,5,212,0.75,0.75 | 1.5,beam discounted uncertain,ink refused too_thin (0->3),beams_by_stem 1->0,too_thin,1
kept_to_narrowed,glyph/11/1/12/5/3,11,1,12,5,212,0.75,0.75 | 1.5,beam discounted uncertain,ink refused too_thin (0->3),beams_by_stem 1->0,too_thin,1
kept_to_narrowed,glyph/11/1/12/8/1,11,1,12,8,215,0.0625,0.5 | 1,beam discounted uncertain,ink refused too_thin (0->6),-,too_thin,4
kept_to_narrowed,glyph/11/1/12/9/0,11,1,12,9,216,0.5,0.5 | 1,beam discounted uncertain,ink refused not_straight/too_thin (0->3),beams_by_stem 1->0,not_straight/too_thin,1
kept_to_narrowed,glyph/11/1/12/9/2,11,1,12,9,216,0.5,0.5 | 1,beam discounted uncertain,ink refused not_straight/too_thin (0->3),beams_by_stem 1->0,not_straight/too_thin,1
kept_to_narrowed,glyph/11/1/13/5/0,11,1,13,5,212,0.75,0.75 | 1.5,beam discounted uncertain,ink refused too_thin (0->1),beams_by_stem 1->0,too_thin,1
kept_to_narrowed,glyph/11/1/13/5/5,11,1,13,5,212,0.75,0.75 | 1.5,beam discounted uncertain,ink refused too_thin (0->1),beams_by_stem 1->0,too_thin,1
kept_to_narrowed,glyph/11/1/13/7/1,11,1,13,7,214,0.75,0.75 | 1.5,beam discounted uncertain,ink refused too_thin (0->1),-,too_thin,1
kept_to_narrowed,glyph/12/0/0/1/2,12,0,0,1,219,0.1875,0.75 | 1.5,beam discounted uncertain,ink refused too_thin (0->4),beams_by_stem 2->0,too_thin,3
kept_to_narrowed,glyph/12/0/0/1/4,12,0,0,1,219,0.1875,0.75 | 1.5,beam discounted uncertain,ink refused too_thin (0->4),beams_by_stem 2->0,too_thin,3
kept_to_narrowed,glyph/12/0/0/3/0,12,0,0,3,221,0.375,0.75 | 1.5,beam discounted uncertain,ink refused too_thin (0->4),beams_by_stem 1->0,too_thin,2
kept_to_narrowed,glyph/12/0/0/3/3,12,0,0,3,221,0.375,0.75 | 1.5,beam discounted uncertain,ink refused too_thin (0->4),beams_by_stem 1->0,too_thin,2
kept_to_narrowed,glyph/12/0/0/5/0,12,0,0,5,223,0.375,0.75 | 1.5,beam discounted uncertain,ink refused too_thin (0->4),beams_by_stem 1->0,too_thin,2
kept_to_narrowed,glyph/12/0/0/5/3,12,0,0,5,223,0.375,0.75 | 1.5,beam discounted uncertain,ink refused too_thin (0->4),beams_by_stem 1->0,too_thin,2
kept_to_narrowed,glyph/12/0/0/7/0,12,0,0,7,225,0.75,0.75 | 1.5,beam discounted uncertain,ink refused too_thin (0->1),-,too_thin,1
kept_to_narrowed,glyph/12/0/0/7/3,12,0,0,7,225,0.75,0.75 | 1.5,beam discounted uncertain,ink refused too_thin (0->1) + far-side strokes 0->1 + stem side None->down,-,too_thin,1
kept_to_narrowed,glyph/12/0/0/10/3,12,0,0,10,228,0.5,0.5 | 1,beam discounted uncertain,ink refused too_thin (0->3),beams_by_stem 1->0,too_thin,1
kept_to_narrowed,glyph/12/0/1/7/1,12,0,1,7,225,0.75,0.75 | 1.5,beam discounted uncertain,ink refused too_thin (0->1),-,too_thin,1
kept_to_narrowed,glyph/12/0/3/4/0,12,0,3,4,222,0.5,0.5 | 1,beam discounted uncertain,ink refused too_thin (0->2),-,too_thin,1
kept_to_narrowed,glyph/12/0/3/4/4,12,0,3,4,222,0.5,0.5 | 1,beam discounted uncertain,ink refused too_thin (0->2),-,too_thin,1
kept_to_narrowed,glyph/12/0/5/1/2,12,0,5,1,219,0.375,0.75 | 1.5,beam discounted uncertain,ink refused too_thin (0->2),-,too_thin,2
kept_to_narrowed,glyph/12/0/5/3/0,12,0,5,3,221,0.75,0.75 | 1.5,beam discounted uncertain,ink refused too_thin (0->1),-,too_thin,1
kept_to_narrowed,glyph/12/0/5/3/1,12,0,5,3,221,0.75,0.75 | 1.5,beam discounted uncertain,ink refused too_thin (0->1),-,too_thin,1
kept_to_narrowed,glyph/12/0/5/3/3,12,0,5,3,221,0.5,0.5 | 1,beam discounted uncertain,ink refused too_thin (0->1),-,too_thin,1
kept_to_narrowed,glyph/12/0/5/3/5,12,0,5,3,221,0.75,0.75 | 1.5,beam discounted uncertain,ink refused too_thin (0->1),-,too_thin,1
kept_to_narrowed,glyph/12/0/5/5/0,12,0,5,5,223,0.375,0.75 | 1.5,beam discounted uncertain,ink refused too_thin (0->2),-,too_thin,2
kept_to_narrowed,glyph/12/0/5/5/2,12,0,5,5,223,0.375,0.75 | 1.5,beam discounted uncertain,ink refused too_thin (0->2),-,too_thin,2
kept_to_narrowed,glyph/12/0/5/6/3,12,0,5,6,224,0.75,0.75 | 1.5,beam discounted uncertain,ink refused too_thin (0->1),-,too_thin,1
kept_to_narrowed,glyph/12/0/5/7/1,12,0,5,7,225,0.75,0.75 | 1.5,beam discounted uncertain,ink refused too_thin (0->3),-,too_thin,1
kept_to_narrowed,glyph/12/0/5/7/2,12,0,5,7,225,0.75,0.75 | 1.5,beam discounted uncertain,ink refused too_thin (0->3),-,too_thin,1
kept_to_narrowed,glyph/12/0/5/9/0,12,0,5,9,227,0.75,0.75 | 1.5,beam discounted uncertain,ink refused too_thin (0->1),-,too_thin,1
kept_to_narrowed,glyph/12/0/7/5/0,12,0,7,5,223,0.5,0.5 | 1,beam discounted uncertain,ink refused too_thin (0->1),-,too_thin,1
kept_to_narrowed,glyph/12/0/7/5/4,12,0,7,5,223,0.5,0.5 | 1,beam discounted uncertain,ink refused too_thin (0->1),-,too_thin,1
kept_to_narrowed,glyph/12/0/7/9/0,12,0,7,9,227,0.5,0.5 | 1,beam discounted uncertain,ink refused too_thin (0->1),-,too_thin,1
kept_to_narrowed,glyph/12/0/9/1/9,12,0,9,1,219,0.5,0.5 | 1,beam discounted uncertain,far-side strokes 0->1 + stem side None->up,-,,1
kept_to_narrowed,glyph/12/0/10/1/3,12,0,10,1,219,0.5,0.5 | 1,beam discounted uncertain,ink refused too_thin (0->1),-,too_thin,1
kept_to_narrowed,glyph/12/0/10/1/5,12,0,10,1,219,0.5,0.5 | 1,beam discounted uncertain,ink refused too_thin (0->1),-,too_thin,1
kept_to_narrowed,glyph/12/0/11/6/5,12,0,11,6,224,0.5,0.5 | 1,beam discounted uncertain,ink refused too_thin (0->1),-,too_thin,1
kept_to_narrowed,glyph/12/0/11/12/2,12,0,11,12,230,0.5,0.5 | 1,beam discounted uncertain,ink refused one_stem (0->1),beams_by_stem 1->0,one_stem,1
kept_to_narrowed,glyph/12/0/11/12/9,12,0,11,12,230,0.5,0.5 | 1,beam discounted uncertain,ink refused one_stem (0->1),-,one_stem,1
kept_to_narrowed,glyph/12/0/12/3/0,12,0,12,3,221,0.25,0.5 | 1,beam discounted uncertain,ink refused not_straight/too_thin (0->2),beams_by_stem 2->0,not_straight/too_thin,2
kept_to_narrowed,glyph/12/0/12/3/1,12,0,12,3,221,0.375,0.75 | 1.5,beam discounted uncertain,ink refused not_straight/too_thin (0->2),beams_by_stem 2->0,not_straight/too_thin,2
kept_to_narrowed,glyph/12/0/12/5/1,12,0,12,5,223,0.375,0.75 | 1.5,beam discounted uncertain,ink refused too_thin (0->2),beams_by_stem 2->0,too_thin,2
kept_to_narrowed,glyph/12/0/12/5/2,12,0,12,5,223,0.375,0.75 | 1.5,beam discounted uncertain,ink refused too_thin (0->2),beams_by_stem 2->0,too_thin,2
kept_to_narrowed,glyph/12/0/12/7/0,12,0,12,7,225,0.75,0.75 | 1.5,beam discounted uncertain,ink refused too_thin (0->1),beams_by_stem 1->0,too_thin,1
kept_to_narrowed,glyph/12/0/12/7/1,12,0,12,7,225,0.75,0.75 | 1.5,beam discounted uncertain,ink refused too_thin (0->1),beams_by_stem 1->0,too_thin,1
kept_to_narrowed,glyph/12/0/13/3/0,12,0,13,3,221,0.75,0.75 | 1.5,beam discounted uncertain,ink refused not_straight (0->1),beams_by_stem 1->0,not_straight,1
kept_to_narrowed,glyph/12/0/13/3/1,12,0,13,3,221,0.5,0.5 | 1,beam discounted uncertain,ink refused not_straight (0->1),beams_by_stem 1->0,not_straight,1
kept_to_narrowed,glyph/12/0/13/7/0,12,0,13,7,225,0.75,0.75 | 1.5,beam discounted uncertain,ink refused too_thin (0->1),beams_by_stem 1->0,too_thin,1
kept_to_narrowed,glyph/12/0/13/7/1,12,0,13,7,225,0.75,0.75 | 1.5,beam discounted uncertain,ink refused too_thin (0->1),beams_by_stem 1->0,too_thin,1
kept_to_narrowed,glyph/12/1/0/1/2,12,1,0,1,233,0.375,0.75 | 1.5,beam discounted uncertain,ink refused too_thin (0->1) + far-side strokes 0->1 + stem side None->down,-,too_thin,2
kept_to_narrowed,glyph/12/1/0/1/10,12,1,0,1,233,0.375,0.75 | 1.5,beam discounted uncertain,ink refused too_thin (0->2),-,too_thin,2
kept_to_narrowed,glyph/12/1/0/2/3,12,1,0,2,234,1.5,0.75 | 1.5,beam discounted uncertain,stem side None->down,-,,0
kept_to_narrowed,glyph/12/1/0/2/4,12,1,0,2,234,1,0.5 | 1,beam discounted uncertain,stem side None->down,-,,0
kept_to_narrowed,glyph/12/1/0/3/0,12,1,0,3,235,0.1875,0.75 | 1.5,beam discounted uncertain,ink refused too_thin (0->2) + far-side strokes 0->1 + stem side None->down,-,too_thin,3
kept_to_narrowed,glyph/12/1/0/3/7,12,1,0,3,235,0.1875,0.75 | 1.5,beam discounted uncertain,ink refused too_thin (0->3),-,too_thin,3
kept_to_narrowed,glyph/12/1/0/9/7,12,1,0,9,241,0.375,0.75 | 1.5,beam discounted uncertain,ink refused too_thin (0->3) + far-side strokes 0->1 + stem side None->down,-,too_thin,2
kept_to_narrowed,glyph/12/1/0/9/11,12,1,0,9,241,0.375,0.75 | 1.5,beam discounted uncertain,ink refused too_thin (0->4),-,too_thin,2
kept_to_narrowed,glyph/12/1/1/3/0,12,1,1,3,235,0.75,0.75 | 1.5,beam discounted uncertain,ink refused too_thin (0->2),beams_by_stem 1->0,too_thin,1
kept_to_narrowed,glyph/12/1/1/3/2,12,1,1,3,235,0.75,0.75 | 1.5,beam discounted uncertain,ink refused too_thin (0->2),beams_by_stem 1->0,too_thin,1
kept_to_narrowed,glyph/12/1/2/1/14,12,1,2,1,233,0.375,0.75 | 1.5,beam discounted uncertain,ink refused too_thin (0->2),-,too_thin,2
kept_to_narrowed,glyph/12/1/2/1/15,12,1,2,1,233,0.375,0.75 | 1.5,beam discounted uncertain,ink refused too_thin (0->2),-,too_thin,2
kept_to_narrowed,glyph/12/1/2/3/1,12,1,2,3,235,0.375,0.75 | 1.5,beam discounted uncertain,ink refused too_thin (0->2),-,too_thin,2
kept_to_narrowed,glyph/12/1/2/3/6,12,1,2,3,235,0.375,0.75 | 1.5,beam discounted uncertain,ink refused too_thin (0->2),-,too_thin,2
kept_to_narrowed,glyph/12/1/2/7/4,12,1,2,7,239,0.75,0.75 | 1.5,beam discounted uncertain,ink refused too_thin (0->1),beams_by_stem 1->0,too_thin,1
kept_to_narrowed,glyph/12/1/3/0/3,12,1,3,0,232,1.5,0.75 | 1.5,beam discounted uncertain,stem side None->down,-,,0
kept_to_narrowed,glyph/12/1/3/1/1,12,1,3,1,233,1.5,0.75 | 1.5,beam discounted uncertain,far-side strokes 0->1 + stem side None->down,-,,0
kept_to_narrowed,glyph/12/1/3/1/6,12,1,3,1,233,0.75,0.75 | 1.5,beam discounted uncertain,far-side strokes 0->1 + stem side None->down,-,,1
kept_to_narrowed,glyph/12/1/3/1/9,12,1,3,1,233,0.75,0.75 | 1.5,beam discounted uncertain,ink refused too_thin (0->1),-,too_thin,1
kept_to_narrowed,glyph/12/1/3/2/1,12,1,3,2,234,1.5,0.75 | 1.5,beam discounted uncertain,stem side None->down,-,,0
kept_to_narrowed,glyph/12/1/3/2/2,12,1,3,2,234,1,0.5 | 1,beam discounted uncertain,stem side None->down,-,,0
kept_to_narrowed,glyph/12/1/3/3/0,12,1,3,3,235,0.75,0.75 | 1.5,beam discounted uncertain,far-side strokes 0->1 + stem side None->down,-,,1
kept_to_narrowed,glyph/12/1/3/3/4,12,1,3,3,235,0.75,0.75 | 1.5,beam discounted uncertain,ink refused too_thin (0->1),-,too_thin,1
kept_to_narrowed,glyph/12/1/3/9/1,12,1,3,9,241,0.375,0.75 | 1.5,beam discounted uncertain,ink refused too_thin (0->2) + far-side strokes 0->1 + stem side None->down,-,too_thin,2
kept_to_narrowed,glyph/12/1/3/9/10,12,1,3,9,241,0.375,0.75 | 1.5,beam discounted uncertain,ink refused too_thin (0->3),-,too_thin,2
kept_to_narrowed,glyph/12/1/6/7/1,12,1,6,7,239,1,0.5 | 1,beam discounted uncertain,stem side None->up,-,,0
kept_to_narrowed,glyph/12/1/6/7/2,12,1,6,7,239,1,0.5 | 1,beam discounted uncertain,stem side None->up,-,,0
kept_to_narrowed,glyph/12/1/6/7/6,12,1,6,7,239,1,0.5 | 1,beam discounted uncertain,stem side None->up,-,,0
kept_to_narrowed,glyph/12/1/6/8/2,12,1,6,8,240,1,0.5 | 1,beam discounted uncertain,stem side None->up,-,,0
kept_to_narrowed,glyph/12/1/9/4/3,12,1,9,4,236,0.75,0.75 | 1.5,beam discounted uncertain,ink refused too_thin (0->3),beams_by_stem 1->0,too_thin,1
kept_to_narrowed,glyph/12/1/9/4/7,12,1,9,4,236,0.75,0.75 | 1.5,beam discounted uncertain,ink refused too_thin (0->3),beams_by_stem 1->0,too_thin,1
kept_to_narrowed,glyph/12/1/11/7/3,12,1,11,7,239,0.75,0.75 | 1.5,beam discounted uncertain,ink refused too_thin (0->1),-,too_thin,1
kept_to_narrowed,glyph/12/1/11/9/6,12,1,11,9,241,0.75,0.75 | 1.5,beam discounted uncertain,ink refused too_thin (0->1),-,too_thin,1
kept_to_narrowed,glyph/13/0/0/0/2,13,0,0,0,242,1.5,0.75 | 1.5,beam discounted uncertain,stem side None->down,-,,0
kept_to_narrowed,glyph/13/0/0/0/5,13,0,0,0,242,1,0.5 | 1,beam discounted uncertain,stem side None->down,-,,0
kept_to_narrowed,glyph/13/0/0/1/1,13,0,0,1,243,1,0.5 | 1,beam discounted uncertain,stem side None->down,-,,0
kept_to_narrowed,glyph/13/0/0/8/1,13,0,0,8,250,0.09375,0.75 | 1.5,beam discounted uncertain,ink refused too_thin (0->3) + far-side strokes 0->1 + stem side None->down,-,too_thin,4
kept_to_narrowed,glyph/13/0/0/8/7,13,0,0,8,250,0.0625,0.5 | 1,beam discounted uncertain,ink refused no_stem_at_ends/too_thin (0->4),-,no_stem_at_ends/too_thin,4
kept_to_narrowed,glyph/13/0/0/8/8,13,0,0,8,250,0.09375,0.75 | 1.5,beam discounted uncertain,ink refused no_stem_at_ends/too_thin (0->4),-,no_stem_at_ends/too_thin,4
kept_to_narrowed,glyph/13/0/0/8/10,13,0,0,8,250,0.09375,0.75 | 1.5,beam discounted uncertain,ink refused too_thin (0->3) + far-side strokes 0->1 + stem side None->down,-,too_thin,4
kept_to_narrowed,glyph/13/0/0/8/17,13,0,0,8,250,0.0625,0.5 | 1,beam discounted uncertain,ink refused no_stem_at_ends/too_thin (0->4),-,no_stem_at_ends/too_thin,4
kept_to_narrowed,glyph/13/0/0/9/4,13,0,0,9,251,0.375,0.75 | 1.5,beam discounted uncertain,ink refused through_heads/too_thin (0->4),beams_by_stem 2->0,through_heads/too_thin,2
kept_to_narrowed,glyph/13/0/0/9/5,13,0,0,9,251,0.25,0.5 | 1,beam discounted uncertain,ink refused through_heads/too_thin (0->4),beams_by_stem 2->0,through_heads/too_thin,2
kept_to_narrowed,glyph/13/0/2/2/4,13,0,2,2,244,0.75,0.75 | 1.5,beam discounted uncertain,ink refused too_thin (0->1),-,too_thin,1
kept_to_narrowed,glyph/13/0/2/2/5,13,0,2,2,244,0.75,0.75 | 1.5,beam discounted uncertain,ink refused too_thin (0->1),-,too_thin,1
kept_to_narrowed,glyph/13/0/2/2/8,13,0,2,2,244,0.75,0.75 | 1.5,beam discounted uncertain,ink refused too_thin (0->1),-,too_thin,1
kept_to_narrowed,glyph/13/0/2/2/10,13,0,2,2,244,0.75,0.75 | 1.5,beam discounted uncertain,ink refused too_thin (0->1),-,too_thin,1
kept_to_narrowed,glyph/13/0/2/3/0,13,0,2,3,245,0.75,0.75 | 1.5,beam discounted uncertain,ink refused too_thin (0->1),-,too_thin,1
kept_to_narrowed,glyph/13/0/2/3/1,13,0,2,3,245,0.75,0.75 | 1.5,beam discounted uncertain,far-side strokes 0->1 + stem side None->down,-,,1
kept_to_narrowed,glyph/13/0/2/8/0,13,0,2,8,250,0.75,0.75 | 1.5,beam discounted uncertain,ink refused too_thin (0->1) + stem side None->down,-,too_thin,1
kept_to_narrowed,glyph/13/0/2/8/4,13,0,2,8,250,0.75,0.75 | 1.5,beam discounted uncertain,ink refused too_thin (0->1),-,too_thin,1
kept_to_narrowed,glyph/13/0/2/8/5,13,0,2,8,250,0.75,0.75 | 1.5,beam discounted uncertain,ink refused too_thin (0->1) + stem side None->down,-,too_thin,1
kept_to_narrowed,glyph/13/0/2/8/7,13,0,2,8,250,0.5,0.5 | 1,beam discounted uncertain,ink refused too_thin (0->1),-,too_thin,1
kept_to_narrowed,glyph/13/0/2/9/1,13,0,2,9,251,0.75,0.75 | 1.5,beam discounted uncertain,ink refused one_stem (0->1) + stem side None->down,-,one_stem,1
kept_to_narrowed,glyph/13/0/2/9/7,13,0,2,9,251,0.75,0.75 | 1.5,beam discounted uncertain,ink refused one_stem (0->1),-,one_stem,1
kept_to_narrowed,glyph/13/0/3/1/2,13,0,3,1,243,1,0.5 | 1,beam discounted uncertain,far-side strokes 0->1 + stem side None->down,-,,0
kept_to_narrowed,glyph/13/0/3/3/0,13,0,3,3,245,0.5,0.5 | 1,beam discounted uncertain,ink refused not_straight (0->1),beams_by_stem 1->0,not_straight,1
kept_to_narrowed,glyph/13/0/3/3/5,13,0,3,3,245,0.5,0.5 | 1,beam discounted uncertain,ink refused not_straight (0->1),beams_by_stem 1->0,not_straight,1
kept_to_narrowed,glyph/13/0/3/7/2,13,0,3,7,249,0.75,0.75 | 1.5,beam discounted uncertain,ink refused too_thin (0->1),-,too_thin,1
kept_to_narrowed,glyph/13/0/3/8/2,13,0,3,8,250,0.75,0.75 | 1.5,beam discounted uncertain,ink refused too_thin (0->1),-,too_thin,1
kept_to_narrowed,glyph/13/0/3/9/0,13,0,3,9,251,0.375,0.75 | 1.5,beam discounted uncertain,ink refused too_thin (0->2),beams_by_stem 1->0,too_thin,2
kept_to_narrowed,glyph/13/0/3/9/3,13,0,3,9,251,0.5,0.5 | 1,beam discounted uncertain,ink refused too_thin (0->1),beams_by_stem 1->0,too_thin,1
kept_to_narrowed,glyph/13/0/4/3/1,13,0,4,3,245,0.5,0.5 | 1,beam discounted uncertain,ink refused too_thin (0->1),beams_by_stem 1->0,too_thin,1
kept_to_narrowed,glyph/13/0/4/3/7,13,0,4,3,245,0.75,0.75 | 1.5,beam discounted uncertain,ink refused too_thin (0->1),beams_by_stem 1->0,too_thin,1
kept_to_narrowed,glyph/13/0/4/9/4,13,0,4,9,251,0.5,0.5 | 1,beam discounted uncertain,ink refused too_thin (0->1),beams_by_stem 1->0,too_thin,1
kept_to_narrowed,glyph/13/0/6/1/0,13,0,6,1,243,0.5,0.5 | 1,beam discounted uncertain,ink refused too_thin (0->1),beams_by_stem 1->0,too_thin,1
kept_to_narrowed,glyph/13/0/6/1/3,13,0,6,1,243,0.5,0.5 | 1,beam discounted uncertain,ink refused too_thin (0->1),beams_by_stem 1->0,too_thin,1
kept_to_narrowed,glyph/13/0/9/4/0,13,0,9,4,246,1.5,0.75 | 1.5,beam discounted uncertain,stem side None->down,-,,0
kept_to_narrowed,glyph/13/0/9/4/1,13,0,9,4,246,1.5,0.75 | 1.5,beam discounted uncertain,stem side None->down,-,,0
kept_to_narrowed,glyph/13/0/10/5/3,13,0,10,5,247,0.5,0.5 | 1,beam discounted uncertain,ink refused too_thin (0->1),-,too_thin,1
kept_to_narrowed,glyph/13/0/10/5/5,13,0,10,5,247,0.75,0.75 | 1.5,beam discounted uncertain,ink refused too_thin (0->1),-,too_thin,1
kept_to_narrowed,glyph/13/0/10/11/1,13,0,10,11,253,0.5,0.5 | 1,beam discounted uncertain,ink refused too_thin (0->1),-,too_thin,1
kept_to_narrowed,glyph/13/0/10/11/2,13,0,10,11,253,0.75,0.75 | 1.5,beam discounted uncertain,far-side strokes 0->1 + stem side None->down,-,,1
kept_to_narrowed,glyph/13/0/10/11/5,13,0,10,11,253,0.75,0.75 | 1.5,beam discounted uncertain,ink refused too_thin (0->1),-,too_thin,1
kept_to_narrowed,glyph/13/0/10/11/10,13,0,10,11,253,0.5,0.5 | 1,beam discounted uncertain,ink refused too_thin (0->1),-,too_thin,1
kept_to_narrowed,glyph/13/0/11/4/1,13,0,11,4,246,0.75,0.75 | 1.5,beam discounted uncertain,ink refused too_thin (0->1) + stem side None->down,-,too_thin,1
kept_to_narrowed,glyph/13/0/11/4/3,13,0,11,4,246,0.75,0.75 | 1.5,beam discounted uncertain,ink refused too_thin (0->1),-,too_thin,1
kept_to_narrowed,glyph/13/0/11/6/2,13,0,11,6,248,0.75,0.75 | 1.5,beam discounted uncertain,ink refused through_heads (0->1),beams_by_stem 1->0,through_heads,1
kept_to_narrowed,glyph/13/0/13/10/0,13,0,13,10,252,0.75,0.75 | 1.5,beam discounted uncertain,ink refused too_thin (0->1),-,too_thin,1
kept_to_narrowed,glyph/13/0/13/10/1,13,0,13,10,252,0.75,0.75 | 1.5,beam discounted uncertain,ink refused too_thin (0->1),-,too_thin,1
kept_to_narrowed,glyph/13/1/0/6/4,13,1,0,6,260,0.00585938,0.75 | 1.5,beam discounted uncertain,ink refused too_thin (0->7) + far-side strokes 0->1 + stem side None->down,-,too_thin,8
kept_to_narrowed,glyph/13/1/0/6/13,13,1,0,6,260,0.00585938,0.75 | 1.5,beam discounted uncertain,ink refused too_thin (0->8),-,too_thin,8
kept_to_narrowed,glyph/13/1/0/7/2,13,1,0,7,261,0.1875,0.75 | 1.5,beam discounted uncertain,ink refused too_thin (0->3) + stem side None->down,-,too_thin,3
kept_to_narrowed,glyph/13/1/0/7/15,13,1,0,7,261,0.1875,0.75 | 1.5,beam discounted uncertain,ink refused too_thin (0->3),-,too_thin,3
kept_to_narrowed,glyph/13/1/0/8/2,13,1,0,8,262,0.375,0.75 | 1.5,beam discounted uncertain,ink refused too_thin (0->2),-,too_thin,2
kept_to_narrowed,glyph/13/1/0/8/5,13,1,0,8,262,0.1875,0.75 | 1.5,beam discounted uncertain,ink refused too_thin (0->2) + far-side strokes 0->1 + stem side None->down,-,too_thin,3
kept_to_narrowed,glyph/13/1/0/8/10,13,1,0,8,262,0.1875,0.75 | 1.5,beam discounted uncertain,ink refused too_thin (0->3),-,too_thin,3
kept_to_narrowed,glyph/13/1/0/8/14,13,1,0,8,262,0.375,0.75 | 1.5,beam discounted uncertain,ink refused too_thin (0->2),-,too_thin,2
kept_to_narrowed,glyph/13/1/0/9/1,13,1,0,9,263,0.0625,0.5 | 1,beam discounted uncertain,ink refused too_thin (0->4),-,too_thin,4
kept_to_narrowed,glyph/13/1/0/9/3,13,1,0,9,263,0.75,0.75 | 1.5,beam discounted uncertain,ink refused too_thin (0->4),-,too_thin,1
kept_to_narrowed,glyph/13/1/0/9/8,13,1,0,9,263,0.0625,0.5 | 1,beam discounted uncertain,ink refused too_thin (0->4),-,too_thin,4
kept_to_narrowed,glyph/13/1/0/9/15,13,1,0,9,263,0.75,0.75 | 1.5,beam discounted uncertain,ink refused too_thin (0->4),-,too_thin,1
kept_to_narrowed,glyph/13/1/1/1/3,13,1,1,1,255,0.1875,0.75 | 1.5,beam discounted uncertain,ink refused too_thin (0->2) + far-side strokes 0->1 + stem side None->down,-,too_thin,3
kept_to_narrowed,glyph/13/1/1/1/10,13,1,1,1,255,0.1875,0.75 | 1.5,beam discounted uncertain,ink refused too_thin (0->3),-,too_thin,3
kept_to_narrowed,glyph/13/1/1/2/6,13,1,1,2,256,0.375,0.75 | 1.5,beam discounted uncertain,ink refused too_thin (0->2),-,too_thin,2
kept_to_narrowed,glyph/13/1/1/2/7,13,1,1,2,256,0.375,0.75 | 1.5,beam discounted uncertain,ink refused too_thin (0->1) + far-side strokes 0->1 + stem side None->down,-,too_thin,2
kept_to_narrowed,glyph/13/1/1/4/3,13,1,1,4,258,0.0234375,0.75 | 1.5,beam discounted uncertain,ink refused too_thin (0->6),-,too_thin,6
kept_to_narrowed,glyph/13/1/1/4/6,13,1,1,4,258,0.0234375,0.75 | 1.5,beam discounted uncertain,ink refused too_thin (0->4) + far-side strokes 0->2 + stem side None->down,-,too_thin,6
kept_to_narrowed,glyph/13/1/1/6/4,13,1,1,6,260,0.75,0.75 | 1.5,beam discounted uncertain,ink refused too_thin (0->2),-,too_thin,1
kept_to_narrowed,glyph/13/1/1/6/6,13,1,1,6,260,0.75,0.75 | 1.5,beam discounted uncertain,ink refused too_thin (0->2),-,too_thin,1
kept_to_narrowed,glyph/13/1/1/7/2,13,1,1,7,261,0.75,0.75 | 1.5,beam discounted uncertain,ink refused too_thin (0->1),-,too_thin,1
kept_to_narrowed,glyph/13/1/1/7/4,13,1,1,7,261,0.75,0.75 | 1.5,beam discounted uncertain,ink refused too_thin (0->1),-,too_thin,1
kept_to_narrowed,glyph/13/1/1/8/2,13,1,1,8,262,0.1875,0.75 | 1.5,beam discounted uncertain,ink refused too_thin (0->2) + far-side strokes 0->1 + stem side None->down,-,too_thin,3
kept_to_narrowed,glyph/13/1/1/8/3,13,1,1,8,262,0.375,0.75 | 1.5,beam discounted uncertain,ink refused too_thin (0->2),-,too_thin,2
kept_to_narrowed,glyph/13/1/1/8/6,13,1,1,8,262,0.375,0.75 | 1.5,beam discounted uncertain,ink refused too_thin (0->2),-,too_thin,2
kept_to_narrowed,glyph/13/1/1/8/18,13,1,1,8,262,0.1875,0.75 | 1.5,beam discounted uncertain,ink refused too_thin (0->3),-,too_thin,3
kept_to_narrowed,glyph/13/1/1/9/0,13,1,1,9,263,0.75,0.75 | 1.5,beam discounted uncertain,ink refused too_thin (0->1),-,too_thin,1
kept_to_narrowed,glyph/13/1/1/9/1,13,1,1,9,263,0.125,0.5 | 1,beam discounted uncertain,ink refused too_thin (0->1) + far-side strokes 0->2 + stem side None->down,-,too_thin,3
kept_to_narrowed,glyph/13/1/1/9/4,13,1,1,9,263,0.75,0.75 | 1.5,beam discounted uncertain,ink refused too_thin (0->1),-,too_thin,1
kept_to_narrowed,glyph/13/1/1/9/11,13,1,1,9,263,0.125,0.5 | 1,beam discounted uncertain,ink refused too_thin (0->3),-,too_thin,3
kept_to_narrowed,glyph/13/1/2/1/12,13,1,2,1,255,0.046875,0.75 | 1.5,beam discounted uncertain,ink refused too_thin (0->5),-,too_thin,5
kept_to_narrowed,glyph/13/1/2/2/0,13,1,2,2,256,0.046875,0.75 | 1.5,beam discounted uncertain,ink refused too_thin (0->5),-,too_thin,5
kept_to_narrowed,glyph/13/1/2/2/1,13,1,2,2,256,0.25,0.5 | 1,beam discounted uncertain,ink refused too_thin (0->2),beams_by_stem 2->0,too_thin,2
kept_to_narrowed,glyph/13/1/2/2/7,13,1,2,2,256,0.046875,0.75 | 1.5,beam discounted uncertain,ink refused too_thin (0->2) + far-side strokes 0->3 + stem side None->down,-,too_thin,5
kept_to_narrowed,glyph/13/1/2/2/8,13,1,2,2,256,0.25,0.5 | 1,beam discounted uncertain,ink refused too_thin (0->2),beams_by_stem 2->0,too_thin,2
kept_to_narrowed,glyph/13/1/2/3/0,13,1,2,3,257,0.1875,0.75 | 1.5,beam discounted uncertain,ink refused too_thin (0->3),-,too_thin,3
kept_to_narrowed,glyph/13/1/2/3/10,13,1,2,3,257,0.1875,0.75 | 1.5,beam discounted uncertain,ink refused too_thin (0->3),-,too_thin,3
kept_to_narrowed,glyph/13/1/2/4/0,13,1,2,4,258,0.75,0.75 | 1.5,beam discounted uncertain,far-side strokes 0->1 + stem side None->down,-,,1
kept_to_narrowed,glyph/13/1/2/4/3,13,1,2,4,258,0.5,0.5 | 1,beam discounted uncertain,ink refused too_thin (0->1),-,too_thin,1
kept_to_narrowed,glyph/13/1/2/5/2,13,1,2,5,259,0.1875,0.75 | 1.5,beam discounted uncertain,ink refused too_thin (0->3),beams_by_stem 3->0,too_thin,3
kept_to_narrowed,glyph/13/1/2/5/12,13,1,2,5,259,0.1875,0.75 | 1.5,beam discounted uncertain,ink refused too_thin (0->3),beams_by_stem 3->0,too_thin,3
kept_to_narrowed,glyph/13/1/2/6/1,13,1,2,6,260,0.375,0.75 | 1.5,beam discounted uncertain,ink refused too_thin (0->2),beams_by_stem 2->0,too_thin,2
kept_to_narrowed,glyph/13/1/2/6/18,13,1,2,6,260,0.375,0.75 | 1.5,beam discounted uncertain,ink refused too_thin (0->2),beams_by_stem 2->0,too_thin,2
kept_to_narrowed,glyph/13/1/2/7/1,13,1,2,7,261,0.375,0.75 | 1.5,beam discounted uncertain,ink refused too_thin (0->2),-,too_thin,2
kept_to_narrowed,glyph/13/1/2/7/5,13,1,2,7,261,0.375,0.75 | 1.5,beam discounted uncertain,ink refused too_thin (0->2),-,too_thin,2
kept_to_narrowed,glyph/13/1/2/7/7,13,1,2,7,261,0.046875,0.75 | 1.5,beam discounted uncertain,ink refused too_thin (0->2) + far-side strokes 0->3 + stem side None->down,-,too_thin,5
kept_to_narrowed,glyph/13/1/2/8/0,13,1,2,8,262,0.75,0.75 | 1.5,beam discounted uncertain,ink refused too_thin (0->2),-,too_thin,1
kept_to_narrowed,glyph/13/1/2/8/2,13,1,2,8,262,0.75,0.75 | 1.5,beam discounted uncertain,ink refused too_thin (0->2),-,too_thin,1
kept_to_narrowed,glyph/13/1/2/8/6,13,1,2,8,262,0.75,0.75 | 1.5,beam discounted uncertain,ink refused too_thin (0->2),-,too_thin,1
kept_to_narrowed,glyph/13/1/2/9/0,13,1,2,9,263,0.25,0.5 | 1,beam discounted uncertain,ink refused too_thin (0->2),-,too_thin,2
kept_to_narrowed,glyph/13/1/2/9/1,13,1,2,9,263,0.09375,0.75 | 1.5,beam discounted uncertain,ink refused too_thin (0->2) + far-side strokes 0->2 + stem side None->down,-,too_thin,4
kept_to_narrowed,glyph/13/1/2/9/3,13,1,2,9,263,0.25,0.5 | 1,beam discounted uncertain,ink refused too_thin (0->2),-,too_thin,2
kept_to_narrowed,glyph/13/1/2/9/7,13,1,2,9,263,0.09375,0.75 | 1.5,beam discounted uncertain,ink refused too_thin (0->4),-,too_thin,4
kept_to_narrowed,glyph/13/1/3/1/2,13,1,3,1,255,0.1875,0.75 | 1.5,beam discounted uncertain,ink refused too_thin (0->3),-,too_thin,3
kept_to_narrowed,glyph/13/1/3/1/7,13,1,3,1,255,0.1875,0.75 | 1.5,beam discounted uncertain,ink refused too_thin (0->3),-,too_thin,3
kept_to_narrowed,glyph/13/1/3/3/0,13,1,3,3,257,0.375,0.75 | 1.5,beam discounted uncertain,ink refused too_thin (0->2),-,too_thin,2
kept_to_narrowed,glyph/13/1/3/3/6,13,1,3,3,257,0.375,0.75 | 1.5,beam discounted uncertain,ink refused too_thin (0->2),-,too_thin,2
kept_to_narrowed,glyph/13/1/3/5/2,13,1,3,5,259,0.375,0.75 | 1.5,beam discounted uncertain,ink refused too_thin (0->3),-,too_thin,2
kept_to_narrowed,glyph/13/1/3/5/8,13,1,3,5,259,0.375,0.75 | 1.5,beam discounted uncertain,ink refused too_thin (0->3),-,too_thin,2
kept_to_narrowed,glyph/13/1/3/8/1,13,1,3,8,262,0.375,0.75 | 1.5,beam discounted uncertain,ink refused too_thin (0->2),-,too_thin,2
kept_to_narrowed,glyph/13/1/3/8/4,13,1,3,8,262,0.375,0.75 | 1.5,beam discounted uncertain,ink refused too_thin (0->2),-,too_thin,2
kept_to_narrowed,glyph/13/1/3/8/8,13,1,3,8,262,0.375,0.75 | 1.5,beam discounted uncertain,ink refused too_thin (0->2),-,too_thin,2
kept_to_narrowed,glyph/13/1/3/9/1,13,1,3,9,263,0.375,0.75 | 1.5,beam discounted uncertain,ink refused too_thin (0->2),-,too_thin,2
kept_to_narrowed,glyph/13/1/3/9/2,13,1,3,9,263,0.25,0.5 | 1,beam discounted uncertain,ink refused too_thin (0->2),-,too_thin,2
kept_to_narrowed,glyph/13/1/3/9/4,13,1,3,9,263,0.25,0.5 | 1,beam discounted uncertain,ink refused too_thin (0->2),-,too_thin,2
kept_to_narrowed,glyph/13/1/3/9/7,13,1,3,9,263,0.25,0.5 | 1,beam discounted uncertain,ink refused too_thin (0->2),-,too_thin,2
kept_to_narrowed,glyph/13/1/4/1/13,13,1,4,1,255,0.375,0.75 | 1.5,beam discounted uncertain,ink refused too_thin (0->2),-,too_thin,2
kept_to_narrowed,glyph/13/1/4/2/2,13,1,4,2,256,0.375,0.75 | 1.5,beam discounted uncertain,ink refused too_thin (0->2),-,too_thin,2
kept_to_narrowed,glyph/13/1/4/2/8,13,1,4,2,256,0.25,0.5 | 1,beam discounted uncertain,ink refused too_thin (0->2),-,too_thin,2
kept_to_narrowed,glyph/13/1/4/3/4,13,1,4,3,257,0.375,0.75 | 1.5,beam discounted uncertain,ink refused too_thin (0->2),-,too_thin,2
kept_to_narrowed,glyph/13/1/4/4/1,13,1,4,4,258,0.1875,0.75 | 1.5,beam discounted uncertain,ink refused too_thin (0->3),-,too_thin,3
kept_to_narrowed,glyph/13/1/4/4/10,13,1,4,4,258,0.125,0.5 | 1,beam discounted uncertain,ink refused too_thin (0->3),-,too_thin,3
kept_to_narrowed,glyph/13/1/4/5/12,13,1,4,5,259,0.1875,0.75 | 1.5,beam discounted uncertain,ink refused too_thin (0->3),-,too_thin,3
kept_to_narrowed,glyph/13/1/4/6/0,13,1,4,6,260,0.375,0.75 | 1.5,beam discounted uncertain,ink refused too_thin (0->4),beams_by_stem 1->0,too_thin,2
kept_to_narrowed,glyph/13/1/4/6/5,13,1,4,6,260,0.25,0.5 | 1,beam discounted uncertain,ink refused too_thin (0->4),beams_by_stem 2->0,too_thin,2
kept_to_narrowed,glyph/13/1/4/7/0,13,1,4,7,261,0.1875,0.75 | 1.5,beam discounted uncertain,ink refused too_thin (0->3),-,too_thin,3
kept_to_narrowed,glyph/13/1/4/9/1,13,1,4,9,263,0.375,0.75 | 1.5,beam discounted uncertain,ink refused too_thin (0->2),-,too_thin,2
kept_to_narrowed,glyph/13/1/5/1/3,13,1,5,1,255,0.375,0.75 | 1.5,beam discounted uncertain,ink refused one_stem/too_thin (0->4),-,one_stem/too_thin,2
kept_to_narrowed,glyph/13/1/5/3/0,13,1,5,3,257,0.375,0.75 | 1.5,beam discounted uncertain,ink refused too_thin (0->3),-,too_thin,2
kept_to_narrowed,glyph/13/1/5/4/2,13,1,5,4,258,0.5,0.5 | 1,beam discounted uncertain,ink refused too_thin (0->1),-,too_thin,1
kept_to_narrowed,glyph/13/1/5/5/4,13,1,5,5,259,0.1875,0.75 | 1.5,beam discounted uncertain,ink refused too_thin (0->4),-,too_thin,3
kept_to_narrowed,glyph/13/1/5/5/10,13,1,5,5,259,0.1875,0.75 | 1.5,beam discounted uncertain,ink refused too_thin (0->4),-,too_thin,3
kept_to_narrowed,glyph/13/1/6/10/0,13,1,6,10,264,0.5,0.5 | 1,beam discounted uncertain,ink refused too_thin (0->1),-,too_thin,1
kept_to_narrowed,glyph/13/1/6/10/2,13,1,6,10,264,0.5,0.5 | 1,beam discounted uncertain,ink refused too_thin (0->1),-,too_thin,1
kept_to_narrowed,glyph/13/1/6/10/3,13,1,6,10,264,0.75,0.75 | 1.5,beam discounted uncertain,ink refused too_thin (0->1),-,too_thin,1
kept_to_narrowed,glyph/13/1/7/6/1,13,1,7,6,260,0.75,0.75 | 1.5,beam discounted uncertain,ink refused too_thin (0->2),-,too_thin,1
kept_to_narrowed,glyph/13/1/7/6/2,13,1,7,6,260,0.75,0.75 | 1.5,beam discounted uncertain,ink refused too_thin (0->3),beams_by_stem 1->0,too_thin,1
kept_to_narrowed,glyph/13/1/7/6/8,13,1,7,6,260,0.75,0.75 | 1.5,beam discounted uncertain,ink refused too_thin (0->2),-,too_thin,1
kept_to_narrowed,glyph/13/1/7/6/15,13,1,7,6,260,0.75,0.75 | 1.5,beam discounted uncertain,ink refused too_thin (0->3),beams_by_stem 1->0,too_thin,1
kept_to_narrowed,glyph/13/1/9/3/3,13,1,9,3,257,0.125,0.5 | 1,beam discounted uncertain,ink refused too_thin (0->3),-,too_thin,3
kept_to_narrowed,glyph/13/1/9/3/6,13,1,9,3,257,0.1875,0.75 | 1.5,beam discounted uncertain,ink refused too_thin (0->3),-,too_thin,3
kept_to_narrowed,glyph/13/1/9/4/3,13,1,9,4,258,0.375,0.75 | 1.5,beam discounted uncertain,ink refused too_thin (0->2),-,too_thin,2
kept_to_narrowed,glyph/13/1/9/5/2,13,1,9,5,259,0.1875,0.75 | 1.5,beam discounted uncertain,ink refused too_thin (0->3),-,too_thin,3
kept_to_narrowed,glyph/13/1/9/7/3,13,1,9,7,261,0.75,0.75 | 1.5,beam discounted uncertain,ink refused too_thin (0->4),-,too_thin,1
kept_to_narrowed,glyph/13/1/9/9/4,13,1,9,9,263,0.375,0.75 | 1.5,beam discounted uncertain,ink refused too_thin (0->2),-,too_thin,2
kept_to_narrowed,glyph/13/1/9/9/10,13,1,9,9,263,0.375,0.75 | 1.5,beam discounted uncertain,ink refused too_thin (0->2),-,too_thin,2
kept_to_narrowed,glyph/13/1/9/11/2,13,1,9,11,265,0.75,0.75 | 1.5,beam discounted uncertain,ink refused too_thin (0->2),beams_by_stem 1->0,too_thin,1
kept_to_narrowed,glyph/13/1/9/11/8,13,1,9,11,265,0.75,0.75 | 1.5,beam discounted uncertain,ink refused too_thin (0->2),beams_by_stem 1->0,too_thin,1
kept_to_narrowed,glyph/13/1/10/2/0,13,1,10,2,256,0.046875,0.75 | 1.5,beam discounted uncertain,ink refused too_thin (0->3) + far-side strokes 0->2 + stem side None->down,-,too_thin,5
kept_to_narrowed,glyph/13/1/10/2/8,13,1,10,2,256,0.046875,0.75 | 1.5,beam discounted uncertain,ink refused too_thin (0->5),-,too_thin,5
kept_to_narrowed,glyph/13/1/10/3/2,13,1,10,3,257,0.25,0.5 | 1,beam discounted uncertain,ink refused too_thin (0->1) + far-side strokes 0->1 + stem side None->down,-,too_thin,2
kept_to_narrowed,glyph/13/1/10/3/3,13,1,10,3,257,0.75,0.75 | 1.5,beam discounted uncertain,ink refused too_thin (0->1),-,too_thin,1
kept_to_narrowed,glyph/13/1/10/3/4,13,1,10,3,257,0.75,0.75 | 1.5,beam discounted uncertain,ink refused too_thin (0->1),-,too_thin,1
kept_to_narrowed,glyph/13/1/10/3/11,13,1,10,3,257,0.25,0.5 | 1,beam discounted uncertain,ink refused too_thin (0->2),-,too_thin,2
kept_to_narrowed,glyph/13/1/10/4/0,13,1,10,4,258,0.09375,0.75 | 1.5,beam discounted uncertain,ink refused too_thin (0->3) + far-side strokes 0->1 + stem side None->down,-,too_thin,4
kept_to_narrowed,glyph/13/1/10/4/9,13,1,10,4,258,0.09375,0.75 | 1.5,beam discounted uncertain,ink refused too_thin (0->4),-,too_thin,4
kept_to_narrowed,glyph/13/1/10/5/0,13,1,10,5,259,0.75,0.75 | 1.5,beam discounted uncertain,ink refused too_thin (0->1),-,too_thin,1
kept_to_narrowed,glyph/13/1/10/5/4,13,1,10,5,259,0.75,0.75 | 1.5,beam discounted uncertain,ink refused too_thin (0->1),-,too_thin,1
kept_to_narrowed,glyph/13/1/10/7/3,13,1,10,7,261,0.375,0.75 | 1.5,beam discounted uncertain,far-side strokes 0->2 + stem side None->down,-,,2
kept_to_narrowed,glyph/13/1/10/7/9,13,1,10,7,261,0.375,0.75 | 1.5,beam discounted uncertain,ink refused too_thin (0->2),-,too_thin,2
kept_to_narrowed,glyph/13/1/10/8/7,13,1,10,8,262,0.1875,0.75 | 1.5,beam discounted uncertain,ink refused too_thin (0->3),-,too_thin,3
kept_to_narrowed,glyph/13/1/10/8/8,13,1,10,8,262,0.1875,0.75 | 1.5,beam discounted uncertain,ink refused too_thin (0->3),-,too_thin,3
kept_to_narrowed,glyph/13/1/10/9/2,13,1,10,9,263,0.375,0.75 | 1.5,beam discounted uncertain,ink refused too_thin (0->2),-,too_thin,2
kept_to_narrowed,glyph/13/1/10/9/3,13,1,10,9,263,0.09375,0.75 | 1.5,beam discounted uncertain,ink refused too_thin (0->2) + far-side strokes 0->2 + stem side None->down,-,too_thin,4
kept_to_narrowed,glyph/13/1/10/9/5,13,1,10,9,263,0.25,0.5 | 1,beam discounted uncertain,ink refused too_thin (0->2),-,too_thin,2
kept_to_narrowed,glyph/13/1/10/9/17,13,1,10,9,263,0.09375,0.75 | 1.5,beam discounted uncertain,ink refused too_thin (0->4),-,too_thin,4
kept_to_narrowed,glyph/13/1/10/11/1,13,1,10,11,265,0.75,0.75 | 1.5,beam discounted uncertain,far-side strokes 0->2 + stem side None->down,-,,1
kept_to_narrowed,glyph/13/1/10/11/10,13,1,10,11,265,0.75,0.75 | 1.5,beam discounted uncertain,ink refused too_thin (0->2),-,too_thin,1
kept_to_narrowed,glyph/13/1/11/2/6,13,1,11,2,256,0.09375,0.75 | 1.5,beam discounted uncertain,ink refused too_thin (0->4),-,too_thin,4
kept_to_narrowed,glyph/13/1/11/2/7,13,1,11,2,256,0.09375,0.75 | 1.5,beam discounted uncertain,ink refused too_thin (0->2) + far-side strokes 0->2 + stem side None->down,-,too_thin,4
kept_to_narrowed,glyph/13/1/11/3/0,13,1,11,3,257,0.0625,0.5 | 1,beam discounted uncertain,ink refused too_thin (0->3) + far-side strokes 0->1 + stem side None->down,-,too_thin,4
kept_to_narrowed,glyph/13/1/11/3/1,13,1,11,3,257,0.375,0.75 | 1.5,beam discounted uncertain,ink refused too_thin (0->3),-,too_thin,2
kept_to_narrowed,glyph/13/1/11/3/4,13,1,11,3,257,0.0625,0.5 | 1,beam discounted uncertain,ink refused too_thin (0->4),-,too_thin,4
kept_to_narrowed,glyph/13/1/11/3/7,13,1,11,3,257,0.25,0.5 | 1,beam discounted uncertain,ink refused too_thin (0->3),-,too_thin,2
kept_to_narrowed,glyph/13/1/11/4/0,13,1,11,4,258,0.0234375,0.75 | 1.5,beam discounted uncertain,ink refused too_thin (0->3) + far-side strokes 0->3 + stem side None->down,-,too_thin,6
kept_to_narrowed,glyph/13/1/11/4/6,13,1,11,4,258,0.0234375,0.75 | 1.5,beam discounted uncertain,ink refused too_thin (0->6),-,too_thin,6
kept_to_narrowed,glyph/13/1/11/5/1,13,1,11,5,259,0.125,0.5 | 1,beam discounted uncertain,ink refused too_thin (0->2) + far-side strokes 0->1 + stem side None->down,-,too_thin,3
kept_to_narrowed,glyph/13/1/11/5/2,13,1,11,5,259,0.75,0.75 | 1.5,beam discounted uncertain,ink refused too_thin (0->2),-,too_thin,1
kept_to_narrowed,glyph/13/1/11/5/3,13,1,11,5,259,0.125,0.5 | 1,beam discounted uncertain,ink refused too_thin (0->3),-,too_thin,3
kept_to_narrowed,glyph/13/1/11/7/3,13,1,11,7,261,0.09375,0.75 | 1.5,beam discounted uncertain,ink refused too_thin (0->2) + far-side strokes 0->2 + stem side None->down,-,too_thin,4
kept_to_narrowed,glyph/13/1/11/7/7,13,1,11,7,261,0.09375,0.75 | 1.5,beam discounted uncertain,ink refused too_thin (0->4),-,too_thin,4
kept_to_narrowed,glyph/13/1/11/8/2,13,1,11,8,262,0.09375,0.75 | 1.5,beam discounted uncertain,ink refused too_thin (0->3) + far-side strokes 0->1 + stem side None->down,-,too_thin,4
kept_to_narrowed,glyph/13/1/11/8/3,13,1,11,8,262,0.1875,0.75 | 1.5,beam discounted uncertain,ink refused too_thin (0->3),-,too_thin,3
kept_to_narrowed,glyph/13/1/11/8/8,13,1,11,8,262,0.09375,0.75 | 1.5,beam discounted uncertain,ink refused too_thin (0->4),-,too_thin,4
kept_to_narrowed,glyph/13/1/11/9/2,13,1,11,9,263,0.1875,0.75 | 1.5,beam discounted uncertain,ink refused too_thin (0->3),-,too_thin,3
kept_to_narrowed,glyph/13/1/11/9/3,13,1,11,9,263,0.375,0.75 | 1.5,beam discounted uncertain,ink refused too_thin (0->2),-,too_thin,2
kept_to_narrowed,glyph/13/1/11/9/5,13,1,11,9,263,0.1875,0.75 | 1.5,beam discounted uncertain,ink refused too_thin (0->2) + far-side strokes 0->1 + stem side None->down,-,too_thin,3
kept_to_narrowed,glyph/13/1/12/2/3,13,1,12,2,256,0.1875,0.75 | 1.5,beam discounted uncertain,ink refused too_thin (0->3),-,too_thin,3
kept_to_narrowed,glyph/13/1/12/3/0,13,1,12,3,257,0.1875,0.75 | 1.5,beam discounted uncertain,ink refused too_thin (0->3),-,too_thin,3
kept_to_narrowed,glyph/13/1/12/3/6,13,1,12,3,257,0.125,0.5 | 1,beam discounted uncertain,ink refused too_thin (0->3),-,too_thin,3
kept_to_narrowed,glyph/13/1/12/4/4,13,1,12,4,258,0.1875,0.75 | 1.5,beam discounted uncertain,ink refused too_thin (0->3),-,too_thin,3
kept_to_narrowed,glyph/13/1/12/5/0,13,1,12,5,259,0.375,0.75 | 1.5,beam discounted uncertain,ink refused too_thin (0->2),-,too_thin,2
kept_to_narrowed,glyph/13/1/12/5/4,13,1,12,5,259,0.25,0.5 | 1,beam discounted uncertain,ink refused too_thin (0->2),-,too_thin,2
kept_to_narrowed,glyph/13/1/12/7/6,13,1,12,7,261,0.375,0.75 | 1.5,beam discounted uncertain,ink refused too_thin (0->2),-,too_thin,2
kept_to_narrowed,glyph/13/1/12/8/0,13,1,12,8,262,0.375,0.75 | 1.5,beam discounted uncertain,ink refused too_thin (0->2),-,too_thin,2
kept_to_narrowed,glyph/13/1/12/8/5,13,1,12,8,262,0.25,0.5 | 1,beam discounted uncertain,ink refused too_thin (0->2),-,too_thin,2
kept_to_narrowed,glyph/13/1/12/9/0,13,1,12,9,263,0.375,0.75 | 1.5,beam discounted uncertain,ink refused too_thin (0->2),-,too_thin,2
kept_to_narrowed,glyph/13/1/12/9/4,13,1,12,9,263,0.375,0.75 | 1.5,beam discounted uncertain,ink refused too_thin (0->2),-,too_thin,2
kept_to_narrowed,glyph/13/1/12/11/0,13,1,12,11,265,0.75,0.75 | 1.5,beam discounted uncertain,ink refused too_thin (0->2),beams_by_stem 1->0,too_thin,1
kept_to_narrowed,glyph/13/1/12/11/2,13,1,12,11,265,0.5,0.5 | 1,beam discounted uncertain,ink refused too_thin (0->2),beams_by_stem 1->0,too_thin,1
kept_to_narrowed,glyph/13/1/13/3/0,13,1,13,3,257,0.75,0.75 | 1.5,beam discounted uncertain,ink refused no_stem_at_ends/too_thin (0->4),beams_by_stem 1->0,no_stem_at_ends/too_thin,1
kept_to_narrowed,glyph/13/1/13/3/4,13,1,13,3,257,0.5,0.5 | 1,beam discounted uncertain,ink refused no_stem_at_ends/too_thin (0->4),beams_by_stem 1->0,no_stem_at_ends/too_thin,1
kept_to_narrowed,glyph/13/1/13/5/0,13,1,13,5,259,0.375,0.75 | 1.5,beam discounted uncertain,ink refused too_thin (0->5),beams_by_stem 2->0,too_thin,2
kept_to_narrowed,glyph/13/1/13/5/10,13,1,13,5,259,0.25,0.5 | 1,beam discounted uncertain,ink refused too_thin (0->5),beams_by_stem 2->0,too_thin,2
kept_to_narrowed,glyph/13/1/13/7/5,13,1,13,7,261,0.375,0.75 | 1.5,beam discounted uncertain,ink refused too_thin (0->3),-,too_thin,2
kept_to_narrowed,glyph/13/1/13/8/0,13,1,13,8,262,0.046875,0.75 | 1.5,beam discounted uncertain,ink refused too_thin (0->5),-,too_thin,5
kept_to_narrowed,glyph/13/1/13/8/12,13,1,13,8,262,0.0625,0.5 | 1,beam discounted uncertain,ink refused too_thin (0->5),-,too_thin,4
kept_to_narrowed,glyph/13/1/13/9/0,13,1,13,9,263,0.75,0.75 | 1.5,beam discounted uncertain,ink refused too_thin (0->1),-,too_thin,1
kept_to_narrowed,glyph/13/1/13/9/10,13,1,13,9,263,0.75,0.75 | 1.5,beam discounted uncertain,ink refused too_thin (0->1),-,too_thin,1
kept_to_narrowed,glyph/14/0/0/0/12,14,0,0,0,266,0.5,1 | 0.5,beams ambiguous,no guard counter changed,-,,1
kept_to_narrowed,glyph/14/0/0/1/4,14,0,0,1,267,0.75,0.75 | 1.5,beam discounted uncertain,ink refused too_thin (0->2) + far-side strokes 0->1 + stem side None->down,-,too_thin,1
kept_to_narrowed,glyph/14/0/0/1/5,14,0,0,1,267,0.75,0.75 | 1.5,beam discounted uncertain,ink refused too_thin (0->3),-,too_thin,1
kept_to_narrowed,glyph/14/0/0/5/1,14,0,0,5,271,0.375,0.75 | 1.5,beam discounted uncertain,ink refused too_thin (0->3),beams_by_stem 1->0,too_thin,2
kept_to_narrowed,glyph/14/0/0/5/3,14,0,0,5,271,0.375,0.75 | 1.5,beam discounted uncertain,ink refused too_thin (0->3),beams_by_stem 1->0,too_thin,2
kept_to_narrowed,glyph/14/0/1/2/0,14,0,1,2,268,0.5,0.5 | 1,beam discounted uncertain,ink refused too_thin (0->1) + stem side None->down,-,too_thin,1
kept_to_narrowed,glyph/14/0/1/2/2,14,0,1,2,268,0.5,0.5 | 1,beam discounted uncertain,ink refused too_thin (0->1),-,too_thin,1
kept_to_narrowed,glyph/14/0/2/0/3,14,0,2,0,266,0.75,0.75 | 1.5,beam discounted uncertain,ink refused through_heads (0->1),beams_by_stem 1->0,through_heads,1
kept_to_narrowed,glyph/14/0/2/5/1,14,0,2,5,271,1.5,0.75 | 1.5,beam discounted uncertain,far-side strokes 0->1 + stem side None->down,-,,0
kept_to_narrowed,glyph/14/0/3/1/3,14,0,3,1,267,0.5,0.5 | 1,beam discounted uncertain,ink refused too_thin (0->1),-,too_thin,1
kept_to_narrowed,glyph/14/0/3/4/6,14,0,3,4,270,0.5,0.5 | 1,beam discounted uncertain,ink refused too_thin (0->1),-,too_thin,1
kept_to_narrowed,glyph/14/0/3/4/9,14,0,3,4,270,0.5,0.5 | 1,beam discounted uncertain,far-side strokes 0->1 + stem side None->down,-,,1
kept_to_narrowed,glyph/14/0/3/5/0,14,0,3,5,271,0.75,0.75 | 1.5,beam discounted uncertain,ink refused too_thin (0->1),beams_by_stem 1->0,too_thin,1
kept_to_narrowed,glyph/14/0/3/5/2,14,0,3,5,271,0.75,0.75 | 1.5,beam discounted uncertain,ink refused too_thin (0->1),beams_by_stem 1->0,too_thin,1
kept_to_narrowed,glyph/14/0/4/5/0,14,0,4,5,271,0.75,0.75 | 1.5,beam discounted uncertain,ink refused too_thin (0->3),-,too_thin,1
kept_to_narrowed,glyph/14/0/4/5/1,14,0,4,5,271,0.75,0.75 | 1.5,beam discounted uncertain,ink refused too_thin (0->3),-,too_thin,1
kept_to_narrowed,glyph/14/0/5/0/0,14,0,5,0,266,0.5,0.5 | 1,beam discounted uncertain,ink refused too_thin (0->1),beams_by_stem 1->0,too_thin,1
kept_to_narrowed,glyph/14/0/5/0/3,14,0,5,0,266,0.5,0.5 | 1,beam discounted uncertain,ink refused too_thin (0->1),beams_by_stem 1->0,too_thin,1
kept_to_narrowed,glyph/14/0/6/2/3,14,0,6,2,268,0.5,0.5 | 1,beam discounted uncertain,ink refused too_thin (0->1),beams_by_stem 1->0,too_thin,1
kept_to_narrowed,glyph/14/0/6/4/4,14,0,6,4,270,0.125,0.5 | 1,beam discounted uncertain,ink refused too_thin (0->3),-,too_thin,3
kept_to_narrowed,glyph/14/0/6/6/2,14,0,6,6,272,0.75,0.75 | 1.5,beam discounted uncertain,ink refused too_thin (0->1),-,too_thin,1
kept_to_narrowed,glyph/14/0/9/0/1,14,0,9,0,266,1,0.5 | 1,beam discounted uncertain,stem side None->down,-,,0
kept_to_narrowed,glyph/14/0/9/3/3,14,0,9,3,269,0.75,0.75 | 1.5,beam discounted uncertain,ink refused too_thin (0->5),-,too_thin,1
kept_to_narrowed,glyph/14/0/9/3/5,14,0,9,3,269,0.1875,0.75 | 1.5,beam discounted uncertain,ink refused too_thin (0->5) + far-side strokes 0->1 + stem side None->down,-,too_thin,3
kept_to_narrowed,glyph/14/0/10/3/3,14,0,10,3,269,0.75,0.75 | 1.5,beam discounted uncertain,ink refused too_thin (0->1),-,too_thin,1
kept_to_narrowed,glyph/14/0/10/3/9,14,0,10,3,269,0.75,0.75 | 1.5,beam discounted uncertain,ink refused too_thin (0->1) + far-side strokes 0->1 + stem side None->down,-,too_thin,1
kept_to_narrowed,glyph/14/0/10/3/15,14,0,10,3,269,0.75,0.75 | 1.5,beam discounted uncertain,ink refused too_thin (0->2),-,too_thin,1
kept_to_narrowed,glyph/14/0/10/7/2,14,0,10,7,273,0.75,0.75 | 1.5,beam discounted uncertain,ink refused too_thin (0->3),-,too_thin,1
kept_to_narrowed,glyph/14/0/10/7/6,14,0,10,7,273,0.75,0.75 | 1.5,beam discounted uncertain,ink refused too_thin (0->3),beams_by_stem 1->0,too_thin,1
kept_to_narrowed,glyph/14/0/12/3/1,14,0,12,3,269,0.75,0.75 | 1.5,beam discounted uncertain,ink refused too_thin (0->1),-,too_thin,1
kept_to_narrowed,glyph/14/0/12/3/2,14,0,12,3,269,0.75,0.75 | 1.5,beam discounted uncertain,ink refused too_thin (0->1),-,too_thin,1
kept_to_narrowed,glyph/14/0/12/7/0,14,0,12,7,273,0.375,0.75 | 1.5,beam discounted uncertain,ink refused too_thin (0->2),-,too_thin,2
kept_to_narrowed,glyph/14/0/12/7/4,14,0,12,7,273,0.375,0.75 | 1.5,beam discounted uncertain,ink refused too_thin (0->2),-,too_thin,2
kept_to_narrowed,glyph/14/0/13/3/1,14,0,13,3,269,0.75,0.75 | 1.5,beam discounted uncertain,ink refused through_heads/too_thin (0->2),-,through_heads/too_thin,1
kept_to_narrowed,glyph/14/0/13/3/4,14,0,13,3,269,0.125,0.5 | 1,beam discounted uncertain,ink refused through_heads/too_thin (0->3),-,through_heads/too_thin,3
kept_to_narrowed,glyph/14/0/13/7/0,14,0,13,7,273,0.1875,0.75 | 1.5,beam discounted uncertain,ink refused too_thin (0->3),-,too_thin,3
kept_to_narrowed,glyph/14/0/13/7/1,14,0,13,7,273,0.375,0.75 | 1.5,beam discounted uncertain,ink refused too_thin (0->3),-,too_thin,2
kept_to_narrowed,glyph/14/0/13/9/1,14,0,13,9,275,0.75,0.75 | 1.5,beam discounted uncertain,ink refused not_straight/too_thin (0->2),-,not_straight/too_thin,1
kept_to_narrowed,glyph/14/1/0/1/4,14,1,0,1,277,0.75,0.75 | 1.5,beam discounted uncertain,far-side strokes 0->1 + stem side None->down,-,,1
kept_to_narrowed,glyph/14/1/0/1/6,14,1,0,1,277,0.75,0.75 | 1.5,beam discounted uncertain,far-side strokes 0->1 + stem side None->down,-,,1
kept_to_narrowed,glyph/14/1/0/1/8,14,1,0,1,277,0.75,0.75 | 1.5,beam discounted uncertain,ink refused too_thin (0->1),-,too_thin,1
kept_to_narrowed,glyph/14/1/0/1/12,14,1,0,1,277,0.75,0.75 | 1.5,beam discounted uncertain,ink refused too_thin (0->1),-,too_thin,1
kept_to_narrowed,glyph/14/1/0/2/3,14,1,0,2,278,1.5,0.75 | 1.5,beam discounted uncertain,far-side strokes 0->1 + stem side None->down,-,,0
kept_to_narrowed,glyph/14/1/0/3/7,14,1,0,3,279,1.5,0.75 | 1.5,beam discounted uncertain,far-side strokes 0->1 + stem side None->down,-,,0
kept_to_narrowed,glyph/14/1/0/4/1,14,1,0,4,280,0.75,0.75 | 1.5,beam discounted uncertain,ink refused too_thin (0->2),-,too_thin,1
kept_to_narrowed,glyph/14/1/0/4/3,14,1,0,4,280,0.25,0.5 | 1,beam discounted uncertain,ink refused too_thin (0->2),-,too_thin,2
kept_to_narrowed,glyph/14/1/0/4/4,14,1,0,4,280,0.25,0.5 | 1,beam discounted uncertain,ink refused too_thin (0->2),-,too_thin,2
kept_to_narrowed,glyph/14/1/0/4/5,14,1,0,4,280,0.75,0.75 | 1.5,beam discounted uncertain,ink refused too_thin (0->2),-,too_thin,1
kept_to_narrowed,glyph/14/1/0/5/2,14,1,0,5,281,0.75,0.75 | 1.5,beam discounted uncertain,ink refused too_thin (0->1),-,too_thin,1
kept_to_narrowed,glyph/14/1/0/5/3,14,1,0,5,281,0.75,0.75 | 1.5,beam discounted uncertain,ink refused too_thin (0->1),-,too_thin,1
kept_to_narrowed,glyph/14/1/0/5/4,14,1,0,5,281,0.75,0.75 | 1.5,beam discounted uncertain,ink refused too_thin (0->1),-,too_thin,1
kept_to_narrowed,glyph/14/1/0/5/5,14,1,0,5,281,0.75,0.75 | 1.5,beam discounted uncertain,ink refused too_thin (0->1),-,too_thin,1
kept_to_narrowed,glyph/14/1/1/0/5,14,1,1,0,276,0.5,0.5 | 1,beam discounted uncertain,ink refused too_thin (0->1),-,too_thin,1
kept_to_narrowed,glyph/14/1/1/0/7,14,1,1,0,276,0.75,0.75 | 1.5,beam discounted uncertain,ink refused too_thin (0->1),-,too_thin,1
kept_to_narrowed,glyph/14/1/1/2/2,14,1,1,2,278,0.5,0.5 | 1,beam discounted uncertain,ink refused too_thin (0->1),-,too_thin,1
kept_to_narrowed,glyph/14/1/1/2/4,14,1,1,2,278,0.5,0.5 | 1,beam discounted uncertain,ink refused too_thin (0->1),-,too_thin,1
kept_to_narrowed,glyph/14/1/2/3/3,14,1,2,3,279,0.75,0.75 | 1.5,beam discounted uncertain,ink refused too_thin (0->1),-,too_thin,1
kept_to_narrowed,glyph/14/1/2/3/5,14,1,2,3,279,0.75,0.75 | 1.5,beam discounted uncertain,ink refused too_thin (0->1),-,too_thin,1
kept_to_narrowed,glyph/14/1/2/4/9,14,1,2,4,280,0.5,0.5 | 1,beam discounted uncertain,ink refused too_thin (0->3),-,too_thin,1
kept_to_narrowed,glyph/14/1/3/0/4,14,1,3,0,276,0.75,0.75 | 1.5,beam discounted uncertain,far-side strokes 0->1 + stem side None->down,-,,1
kept_to_narrowed,glyph/14/1/3/0/7,14,1,3,0,276,1,0.5 | 1,beam discounted uncertain,far-side strokes 0->1 + stem side None->down,-,,0
kept_to_narrowed,glyph/14/1/3/0/16,14,1,3,0,276,0.75,0.75 | 1.5,beam discounted uncertain,ink refused too_thin (0->1),-,too_thin,1
kept_to_narrowed,glyph/14/1/3/1/2,14,1,3,1,277,0.75,0.75 | 1.5,beam discounted uncertain,far-side strokes 0->1 + stem side None->down,-,,1
kept_to_narrowed,glyph/14/1/3/1/3,14,1,3,1,277,0.75,0.75 | 1.5,beam discounted uncertain,ink refused too_thin (0->1),-,too_thin,1
kept_to_narrowed,glyph/14/1/3/1/4,14,1,3,1,277,0.75,0.75 | 1.5,beam discounted uncertain,far-side strokes 0->1 + stem side None->down,-,,1
kept_to_narrowed,glyph/14/1/3/1/8,14,1,3,1,277,0.75,0.75 | 1.5,beam discounted uncertain,ink refused too_thin (0->1),-,too_thin,1
kept_to_narrowed,glyph/14/1/3/3/5,14,1,3,3,279,0.5,0.5 | 1,beam discounted uncertain,ink refused too_thin (0->1),-,too_thin,1
kept_to_narrowed,glyph/14/1/3/3/6,14,1,3,3,279,0.5,0.5 | 1,beam discounted uncertain,ink refused too_thin (0->1),-,too_thin,1
kept_to_narrowed,glyph/14/1/3/4/1,14,1,3,4,280,0.5,0.5 | 1,beam discounted uncertain,ink refused too_thin (0->2),-,too_thin,1
kept_to_narrowed,glyph/14/1/3/4/4,14,1,3,4,280,0.5,0.5 | 1,beam discounted uncertain,ink refused too_thin (0->2),-,too_thin,1
kept_to_narrowed,glyph/14/1/3/4/9,14,1,3,4,280,0.5,0.5 | 1,beam discounted uncertain,ink refused too_thin (0->2),-,too_thin,1
kept_to_narrowed,glyph/14/1/3/4/10,14,1,3,4,280,0.5,0.5 | 1,beam discounted uncertain,ink refused too_thin (0->2),-,too_thin,1
kept_to_narrowed,glyph/14/1/3/5/0,14,1,3,5,281,0.75,0.75 | 1.5,beam discounted uncertain,ink refused one_stem (0->1),-,one_stem,1
kept_to_narrowed,glyph/14/1/3/5/2,14,1,3,5,281,0.75,0.75 | 1.5,beam discounted uncertain,ink refused one_stem (0->1),-,one_stem,1
kept_to_narrowed,glyph/14/1/3/5/3,14,1,3,5,281,0.75,0.75 | 1.5,beam discounted uncertain,ink refused one_stem (0->1),-,one_stem,1
kept_to_narrowed,glyph/14/1/3/5/4,14,1,3,5,281,0.75,0.75 | 1.5,beam discounted uncertain,ink refused one_stem (0->1),-,one_stem,1
kept_to_narrowed,glyph/14/1/3/8/2,14,1,3,8,284,1.5,0.75 | 1.5,beam discounted uncertain,stem side None->down,-,,0
kept_to_narrowed,glyph/14/1/5/5/0,14,1,5,5,281,0.75,0.75 | 1.5,beam discounted uncertain,ink refused too_thin (0->1),-,too_thin,1
kept_to_narrowed,glyph/14/1/5/5/1,14,1,5,5,281,0.75,0.75 | 1.5,beam discounted uncertain,ink refused too_thin (0->1),-,too_thin,1
kept_to_narrowed,glyph/14/1/5/5/3,14,1,5,5,281,0.75,0.75 | 1.5,beam discounted uncertain,ink refused too_thin (0->1),-,too_thin,1
kept_to_narrowed,glyph/14/1/5/5/4,14,1,5,5,281,0.75,0.75 | 1.5,beam discounted uncertain,ink refused too_thin (0->1),-,too_thin,1
kept_to_narrowed,glyph/14/1/7/3/0,14,1,7,3,279,0.375,0.75 | 1.5,beam discounted uncertain,ink refused too_thin (0->2) + far-side strokes 0->1 + stem side None->down,-,too_thin,2
kept_to_narrowed,glyph/14/1/7/3/1,14,1,7,3,279,0.375,0.75 | 1.5,beam discounted uncertain,ink refused too_thin (0->2),-,too_thin,2
kept_to_narrowed,glyph/14/1/7/5/0,14,1,7,5,281,0.75,0.75 | 1.5,beam discounted uncertain,ink refused too_thin (0->1),-,too_thin,1
kept_to_narrowed,glyph/14/1/7/5/1,14,1,7,5,281,0.75,0.75 | 1.5,beam discounted uncertain,ink refused too_thin (0->1) + far-side strokes 0->1 + stem side None->down,-,too_thin,1
kept_to_narrowed,glyph/14/1/7/6/3,14,1,7,6,282,0.375,0.75 | 1.5,beam discounted uncertain,ink refused too_thin (0->2),-,too_thin,2
kept_to_narrowed,glyph/14/1/8/3/3,14,1,8,3,279,0.75,0.75 | 1.5,beam discounted uncertain,ink refused too_thin (0->2),-,too_thin,1
kept_to_narrowed,glyph/14/1/8/4/3,14,1,8,4,280,0.5,0.5 | 1,beam discounted uncertain,ink refused too_thin (0->1),-,too_thin,1
kept_to_narrowed,glyph/14/1/8/6/1,14,1,8,6,282,0.75,0.75 | 1.5,beam discounted uncertain,ink refused too_thin (0->2),-,too_thin,1
kept_to_narrowed,glyph/14/1/8/7/1,14,1,8,7,283,0.5,0.5 | 1,beam discounted uncertain,ink refused too_thin (0->1),-,too_thin,1
kept_to_narrowed,glyph/14/1/8/7/2,14,1,8,7,283,0.75,0.75 | 1.5,beam discounted uncertain,ink refused too_thin (0->1),-,too_thin,1
kept_to_narrowed,glyph/14/1/8/8/13,14,1,8,8,284,0.5,0.5 | 1,beam discounted uncertain,ink refused too_thin (0->1),-,too_thin,1
kept_to_narrowed,glyph/14/1/9/0/6,14,1,9,0,276,0.75,0.75 | 1.5,beam discounted uncertain,ink refused too_thin (0->1),beams_by_stem 1->0,too_thin,1
kept_to_narrowed,glyph/14/1/9/1/1,14,1,9,1,277,0.5,0.5 | 1,beam discounted uncertain,ink refused too_thin (0->1),beams_by_stem 1->0,too_thin,1
kept_to_narrowed,glyph/14/1/9/1/5,14,1,9,1,277,0.5,0.5 | 1,beam discounted uncertain,ink refused too_thin (0->1),-,too_thin,1
kept_to_narrowed,glyph/14/1/9/1/9,14,1,9,1,277,0.75,0.75 | 1.5,beam discounted uncertain,ink refused too_thin (0->1),-,too_thin,1
kept_to_narrowed,glyph/14/1/9/1/16,14,1,9,1,277,0.5,0.5 | 1,beam discounted uncertain,ink refused too_thin (0->1),-,too_thin,1
kept_to_narrowed,glyph/14/1/9/2/2,14,1,9,2,278,0.5,0.5 | 1,beam discounted uncertain,ink refused too_thin (0->1),-,too_thin,1
kept_to_narrowed,glyph/14/1/9/3/1,14,1,9,3,279,0.25,0.5 | 1,beam discounted uncertain,ink refused too_thin (0->2),-,too_thin,2
kept_to_narrowed,glyph/14/1/9/3/2,14,1,9,3,279,0.375,0.75 | 1.5,beam discounted uncertain,ink refused too_thin (0->2),-,too_thin,2
kept_to_narrowed,glyph/14/1/9/3/3,14,1,9,3,279,0.25,0.5 | 1,beam discounted uncertain,ink refused too_thin (0->2),-,too_thin,2
kept_to_narrowed,glyph/14/1/9/3/4,14,1,9,3,279,0.375,0.75 | 1.5,beam discounted uncertain,ink refused too_thin (0->2),-,too_thin,2
kept_to_narrowed,glyph/14/1/9/4/0,14,1,9,4,280,0.1875,0.75 | 1.5,beam discounted uncertain,ink refused too_thin (0->4),beams_by_stem 3->0,too_thin,3
kept_to_narrowed,glyph/14/1/9/4/7,14,1,9,4,280,0.25,0.5 | 1,beam discounted uncertain,ink refused too_thin (0->4),beams_by_stem 2->0,too_thin,2
kept_to_narrowed,glyph/14/1/9/5/0,14,1,9,5,281,0.75,0.75 | 1.5,beam discounted uncertain,ink refused too_thin (0->1),beams_by_stem 1->0,too_thin,1
kept_to_narrowed,glyph/14/1/9/5/2,14,1,9,5,281,0.75,0.75 | 1.5,beam discounted uncertain,ink refused too_thin (0->1),-,too_thin,1
kept_to_narrowed,glyph/14/1/9/5/7,14,1,9,5,281,0.75,0.75 | 1.5,beam discounted uncertain,ink refused too_thin (0->1),-,too_thin,1
kept_to_narrowed,glyph/14/1/9/5/12,14,1,9,5,281,0.75,0.75 | 1.5,beam discounted uncertain,ink refused too_thin (0->1),-,too_thin,1
kept_to_narrowed,glyph/14/1/9/6/3,14,1,9,6,282,0.75,0.75 | 1.5,beam discounted uncertain,ink refused too_thin (0->3),-,too_thin,1
kept_to_narrowed,glyph/14/1/9/6/4,14,1,9,6,282,0.5,0.5 | 1,beam discounted uncertain,ink refused too_thin (0->1),beams_by_stem 1->0,too_thin,1
kept_to_narrowed,glyph/15/0/2/3/6,15,0,2,3,288,0.125,0.5 | 1,beam discounted uncertain,ink refused too_thin (0->4),-,too_thin,3
kept_to_narrowed,glyph/15/0/2/3/14,15,0,2,3,288,0.125,0.5 | 1,beam discounted uncertain,ink refused too_thin (0->4),-,too_thin,3
kept_to_narrowed,glyph/15/0/2/6/1,15,0,2,6,291,1,0.5 | 1,beam discounted uncertain,stem side None->up,-,,0
kept_to_narrowed,glyph/15/0/2/6/5,15,0,2,6,291,1.5,0.75 | 1.5,beam discounted uncertain,stem side None->up,-,,0
kept_to_narrowed,glyph/15/0/3/5/4,15,0,3,5,290,0.5,0.5 | 1,beam discounted uncertain,ink refused too_thin (0->5),-,too_thin,1
kept_to_narrowed,glyph/15/0/3/6/2,15,0,3,6,291,0.0625,0.5 | 1,beam discounted uncertain,ink refused too_thin (0->5),-,too_thin,4
kept_to_narrowed,glyph/15/0/3/6/4,15,0,3,6,291,0.0625,0.5 | 1,beam discounted uncertain,ink refused too_thin (0->5),-,too_thin,4
kept_to_narrowed,glyph/15/0/3/7/1,15,0,3,7,292,0.5,0.5 | 1,beam discounted uncertain,ink refused too_thin (0->2),-,too_thin,1
kept_to_narrowed,glyph/15/0/5/5/2,15,0,5,5,290,0.5,0.5 | 1,beam discounted uncertain,ink refused too_thin (0->4),-,too_thin,1
kept_to_narrowed,glyph/15/0/8/0/9,15,0,8,0,285,0.25,0.5 | 1,beam discounted uncertain,ink refused too_thin (0->2),beams_by_stem 2->0,too_thin,2
kept_to_narrowed,glyph/15/0/8/6/2,15,0,8,6,291,0.75,0.75 | 1.5,beam discounted uncertain,ink refused too_thin (0->1),-,too_thin,1
kept_to_narrowed,glyph/15/0/8/6/8,15,0,8,6,291,0.5,0.5 | 1,beam discounted uncertain,ink refused too_thin (0->1),-,too_thin,1
kept_to_narrowed,glyph/15/0/9/4/0,15,0,9,4,289,0.75,0.75 | 1.5,beam discounted uncertain,ink refused too_thin (0->1),-,too_thin,1
kept_to_narrowed,glyph/15/0/9/4/1,15,0,9,4,289,0.75,0.75 | 1.5,beam discounted uncertain,ink refused too_thin (0->1),-,too_thin,1
kept_to_narrowed,glyph/15/1/2/7/2,15,1,2,7,301,0.5,0.5 | 1,beam discounted uncertain,ink refused too_thin (0->1),beams_by_stem 1->0,too_thin,1
kept_to_narrowed,glyph/15/1/2/7/5,15,1,2,7,301,0.5,0.5 | 1,beam discounted uncertain,ink refused too_thin (0->1),beams_by_stem 1->0,too_thin,1
kept_to_narrowed,glyph/15/1/3/9/2,15,1,3,9,303,0.75,0.75 | 1.5,beam discounted uncertain,ink refused too_thin (0->1),-,too_thin,1
kept_to_narrowed,glyph/15/1/3/9/6,15,1,3,9,303,0.75,0.75 | 1.5,beam discounted uncertain,ink refused too_thin (0->1),-,too_thin,1
kept_to_narrowed,glyph/15/1/4/5/3,15,1,4,5,299,0.75,0.75 | 1.5,beam discounted uncertain,ink refused too_thin (0->1),beams_by_stem 1->0,too_thin,1
kept_to_narrowed,glyph/15/1/4/5/4,15,1,4,5,299,0.5,0.5 | 1,beam discounted uncertain,ink refused too_thin (0->1),beams_by_stem 1->0,too_thin,1
kept_to_narrowed,glyph/15/1/4/9/14,15,1,4,9,303,0.75,0.75 | 1.5,beam discounted uncertain,ink refused too_thin (0->1),-,too_thin,1
kept_to_narrowed,glyph/15/1/7/6/2,15,1,7,6,300,0.5,0.5 | 1,beam discounted uncertain,ink refused too_thin (0->1),beams_by_stem 1->0,too_thin,1
kept_to_narrowed,glyph/15/1/8/3/5,15,1,8,3,297,0.75,0.75 | 1.5,beam discounted uncertain,ink refused too_thin (0->1),beams_by_stem 1->0,too_thin,1
kept_to_narrowed,glyph/15/1/8/6/0,15,1,8,6,300,0.75,0.75 | 1.5,beam discounted uncertain,ink refused too_thin (0->1),-,too_thin,1
kept_to_narrowed,glyph/15/1/8/6/2,15,1,8,6,300,0.75,0.75 | 1.5,beam discounted uncertain,ink refused too_thin (0->1),beams_by_stem 1->0,too_thin,1
kept_to_narrowed,glyph/15/1/8/7/2,15,1,8,7,301,0.5,0.5 | 1,beam discounted uncertain,ink refused too_thin (0->1),-,too_thin,1
kept_to_narrowed,glyph/15/1/8/7/5,15,1,8,7,301,0.75,0.75 | 1.5,beam discounted uncertain,ink refused too_thin (0->1),-,too_thin,1
kept_to_narrowed,glyph/15/1/8/8/0,15,1,8,8,302,0.375,0.75 | 1.5,beam discounted uncertain,ink refused too_thin (0->2),-,too_thin,2
kept_to_narrowed,glyph/15/1/8/8/2,15,1,8,8,302,0.25,0.5 | 1,beam discounted uncertain,ink refused too_thin (0->2),beams_by_stem 1->0,too_thin,2
kept_to_narrowed,glyph/15/1/9/1/0,15,1,9,1,295,0.75,0.75 | 1.5,beam discounted uncertain,ink refused too_thin (0->1),-,too_thin,1
kept_to_narrowed,glyph/15/1/9/3/1,15,1,9,3,297,0.375,0.75 | 1.5,beam discounted uncertain,ink refused too_thin (0->2),-,too_thin,2
kept_to_narrowed,glyph/15/1/9/3/21,15,1,9,3,297,0.25,0.5 | 1,beam discounted uncertain,ink refused too_thin (0->2),-,too_thin,2
kept_to_narrowed,glyph/15/1/9/4/3,15,1,9,4,298,0.1875,0.75 | 1.5,beam discounted uncertain,ink refused too_thin (0->4),-,too_thin,3
kept_to_narrowed,glyph/15/1/9/4/8,15,1,9,4,298,0.09375,0.75 | 1.5,beam discounted uncertain,ink refused too_thin (0->4),-,too_thin,4
kept_to_narrowed,glyph/15/1/9/5/1,15,1,9,5,299,0.75,0.75 | 1.5,beam discounted uncertain,ink refused too_thin (0->2),-,too_thin,1
kept_to_narrowed,glyph/15/1/9/5/6,15,1,9,5,299,0.5,0.5 | 1,beam discounted uncertain,ink refused too_thin (0->2),-,too_thin,1
kept_to_narrowed,glyph/15/1/9/5/14,15,1,9,5,299,0.5,0.5 | 1,beam discounted uncertain,ink refused too_thin (0->2),-,too_thin,1
kept_to_narrowed,glyph/15/1/9/6/3,15,1,9,6,300,0.09375,0.75 | 1.5,beam discounted uncertain,ink refused too_thin (0->4),-,too_thin,4
kept_to_narrowed,glyph/15/1/9/6/7,15,1,9,6,300,0.015625,0.5 | 1,beam discounted uncertain,ink refused too_thin (0->6),-,too_thin,6
kept_to_narrowed,glyph/15/1/9/6/15,15,1,9,6,300,0.015625,0.5 | 1,beam discounted uncertain,ink refused too_thin (0->6),-,too_thin,6
kept_to_narrowed,glyph/15/1/9/8/1,15,1,9,8,302,0.09375,0.75 | 1.5,beam discounted uncertain,ink refused too_thin (0->5),-,too_thin,4
kept_to_narrowed,glyph/15/1/9/8/2,15,1,9,8,302,0.09375,0.75 | 1.5,beam discounted uncertain,ink refused too_thin (0->5),-,too_thin,4
kept_to_narrowed,glyph/15/1/9/10/2,15,1,9,10,304,0.75,0.75 | 1.5,beam discounted uncertain,ink refused too_thin (0->3),-,too_thin,1
kept_to_narrowed,glyph/15/1/9/10/4,15,1,9,10,304,0.75,0.75 | 1.5,beam discounted uncertain,ink refused too_thin (0->3),-,too_thin,1
kept_to_narrowed,glyph/15/1/9/10/11,15,1,9,10,304,0.5,0.5 | 1,beam discounted uncertain,ink refused too_thin (0->3),-,too_thin,1
kept_to_narrowed,glyph/15/1/9/10/14,15,1,9,10,304,0.5,0.5 | 1,beam discounted uncertain,ink refused too_thin (0->3),-,too_thin,1
kept_to_narrowed,glyph/15/1/10/4/3,15,1,10,4,298,0.375,0.75 | 1.5,beam discounted uncertain,ink refused too_thin (0->2),-,too_thin,2
kept_to_narrowed,glyph/15/1/10/4/7,15,1,10,4,298,0.375,0.75 | 1.5,beam discounted uncertain,ink refused too_thin (0->2),-,too_thin,2
kept_to_narrowed,glyph/15/1/10/6/3,15,1,10,6,300,0.375,0.75 | 1.5,beam discounted uncertain,ink refused too_thin (0->2),-,too_thin,2
kept_to_narrowed,glyph/15/1/10/6/7,15,1,10,6,300,0.375,0.75 | 1.5,beam discounted uncertain,ink refused too_thin (0->2),-,too_thin,2
kept_to_narrowed,glyph/15/1/10/6/14,15,1,10,6,300,0.25,0.5 | 1,beam discounted uncertain,ink refused too_thin (0->2),-,too_thin,2
kept_to_narrowed,glyph/15/1/10/8/4,15,1,10,8,302,0.375,0.75 | 1.5,beam discounted uncertain,ink refused too_thin (0->2),-,too_thin,2
kept_to_narrowed,glyph/15/1/10/8/5,15,1,10,8,302,0.25,0.5 | 1,beam discounted uncertain,ink refused too_thin (0->2),-,too_thin,2
kept_to_narrowed,glyph/15/1/10/8/7,15,1,10,8,302,0.25,0.5 | 1,beam discounted uncertain,ink refused too_thin (0->2),-,too_thin,2
kept_to_narrowed,glyph/15/1/11/1/4,15,1,11,1,295,0.75,0.75 | 1.5,beam discounted uncertain,ink refused too_thin (0->1),-,too_thin,1
kept_to_narrowed,glyph/15/1/11/4/3,15,1,11,4,298,0.75,0.75 | 1.5,beam discounted uncertain,ink refused too_thin (0->3),-,too_thin,1
kept_to_narrowed,glyph/15/1/11/4/5,15,1,11,4,298,0.5,0.5 | 1,beam discounted uncertain,ink refused too_thin (0->3),beams_by_stem 1->0,too_thin,1
kept_to_narrowed,glyph/15/1/11/6/2,15,1,11,6,300,0.1875,0.75 | 1.5,beam discounted uncertain,ink refused too_thin (0->3),-,too_thin,3
kept_to_narrowed,glyph/15/1/11/8/2,15,1,11,8,302,0.75,0.75 | 1.5,beam discounted uncertain,ink refused too_thin (0->3),beams_by_stem 1->0,too_thin,1
kept_to_narrowed,glyph/15/1/11/8/5,15,1,11,8,302,0.5,0.5 | 1,beam discounted uncertain,ink refused too_thin (0->3),beams_by_stem 1->0,too_thin,1
kept_to_narrowed,glyph/15/1/11/9/1,15,1,11,9,303,0.75,0.75 | 1.5,beam discounted uncertain,ink refused too_thin (0->1),-,too_thin,1
kept_to_narrowed,glyph/15/1/11/9/11,15,1,11,9,303,0.75,0.75 | 1.5,beam discounted uncertain,ink refused too_thin (0->1),beams_by_stem 1->0,too_thin,1
kept_to_narrowed,glyph/15/1/11/10/3,15,1,11,10,304,0.75,0.75 | 1.5,beam discounted uncertain,ink refused too_thin (0->1),beams_by_stem 1->0,too_thin,1
kept_to_narrowed,glyph/15/1/12/3/1,15,1,12,3,297,0.125,0.5 | 1,beam discounted uncertain,ink refused one_stem/too_thin (0->3),-,one_stem/too_thin,3
kept_to_narrowed,glyph/15/1/12/3/3,15,1,12,3,297,0.1875,0.75 | 1.5,beam discounted uncertain,ink refused one_stem/too_thin (0->3),-,one_stem/too_thin,3
kept_to_narrowed,glyph/15/1/12/4/2,15,1,12,4,298,0.5,0.5 | 1,beam discounted uncertain,ink refused too_thin (0->3),-,too_thin,1
kept_to_narrowed,glyph/15/1/12/4/3,15,1,12,4,298,0.5,0.5 | 1,beam discounted uncertain,ink refused too_thin (0->3),beams_by_stem 1->0,too_thin,1
kept_to_narrowed,glyph/15/1/12/7/3,15,1,12,7,301,0.1875,0.75 | 1.5,beam discounted uncertain,ink refused one_stem/too_thin (0->3),-,one_stem/too_thin,3
kept_to_narrowed,glyph/15/1/12/7/8,15,1,12,7,301,0.125,0.5 | 1,beam discounted uncertain,ink refused one_stem/too_thin (0->3),-,one_stem/too_thin,3
kept_to_narrowed,glyph/15/1/12/8/0,15,1,12,8,302,0.75,0.75 | 1.5,beam discounted uncertain,ink refused too_thin (0->1),-,too_thin,1
kept_to_narrowed,glyph/15/1/12/8/1,15,1,12,8,302,0.5,0.5 | 1,beam discounted uncertain,ink refused too_thin (0->1),beams_by_stem 1->0,too_thin,1
kept_to_narrowed,glyph/15/1/12/9/9,15,1,12,9,303,0.75,0.75 | 1.5,beam discounted uncertain,ink refused no_stem_at_ends (0->1),-,no_stem_at_ends,1
kept_to_narrowed,glyph/15/1/12/10/6,15,1,12,10,304,0.5,0.5 | 1,beam discounted uncertain,ink refused too_thin (0->1),beams_by_stem 1->0,too_thin,1
kept_to_narrowed,glyph/15/1/12/11/1,15,1,12,11,305,0.5,0.5 | 1,beam discounted uncertain,ink refused too_thin (0->1),-,too_thin,1
kept_to_narrowed,glyph/16/0/0/11/3,16,0,0,11,317,0.5,0.5 | 1,beam discounted uncertain,ink refused too_thin (0->1),-,too_thin,1
kept_to_narrowed,glyph/16/0/1/6/3,16,0,1,6,312,1,0.5 | 1,beam discounted uncertain,stem side None->down,-,,0
kept_to_narrowed,glyph/16/0/1/6/8,16,0,1,6,312,1,0.5 | 1,beam discounted uncertain,stem side None->down,-,,0
kept_to_narrowed,glyph/16/0/1/7/1,16,0,1,7,313,0.375,0.75 | 1.5,beam discounted uncertain,ink refused too_thin (0->2) + far-side strokes 0->2 + stem side None->down,-,too_thin,2
kept_to_narrowed,glyph/16/0/1/7/17,16,0,1,7,313,0.375,0.75 | 1.5,beam discounted uncertain,ink refused too_thin (0->4),-,too_thin,2
kept_to_narrowed,glyph/16/0/2/4/1,16,0,2,4,310,0.75,0.75 | 1.5,beam discounted uncertain,ink refused too_thin (0->1),-,too_thin,1
kept_to_narrowed,glyph/16/0/2/4/9,16,0,2,4,310,0.75,0.75 | 1.5,beam discounted uncertain,ink refused too_thin (0->1),-,too_thin,1
kept_to_narrowed,glyph/16/0/2/9/1,16,0,2,9,315,0.75,0.75 | 1.5,beam discounted uncertain,ink refused too_thin (0->1),-,too_thin,1
kept_to_narrowed,glyph/16/0/2/9/9,16,0,2,9,315,0.75,0.75 | 1.5,beam discounted uncertain,ink refused too_thin (0->1),-,too_thin,1
kept_to_narrowed,glyph/16/0/3/1/0,16,0,3,1,307,0.75,0.75 | 1.5,beam discounted uncertain,ink refused too_thin (0->1),-,too_thin,1
kept_to_narrowed,glyph/16/0/3/1/2,16,0,3,1,307,0.75,0.75 | 1.5,beam discounted uncertain,ink refused too_thin (0->2),-,too_thin,1
kept_to_narrowed,glyph/16/0/3/1/3,16,0,3,1,307,0.75,0.75 | 1.5,beam discounted uncertain,ink refused too_thin (0->2),-,too_thin,1
kept_to_narrowed,glyph/16/0/3/1/4,16,0,3,1,307,0.5,0.5 | 1,beam discounted uncertain,ink refused too_thin (0->1),-,too_thin,1
kept_to_narrowed,glyph/16/0/3/1/14,16,0,3,1,307,0.5,0.5 | 1,beam discounted uncertain,ink refused too_thin (0->2),-,too_thin,1
kept_to_narrowed,glyph/16/0/3/1/19,16,0,3,1,307,0.5,0.5 | 1,beam discounted uncertain,ink refused too_thin (0->2),-,too_thin,1
kept_to_narrowed,glyph/16/0/3/3/1,16,0,3,3,309,0.75,0.75 | 1.5,beam discounted uncertain,ink refused one_stem/too_thin (0->2) + stem side None->down,-,one_stem/too_thin,1
kept_to_narrowed,glyph/16/0/3/3/6,16,0,3,3,309,0.75,0.75 | 1.5,beam discounted uncertain,ink refused one_stem/too_thin (0->2),-,one_stem/too_thin,1
kept_to_narrowed,glyph/16/0/3/7/0,16,0,3,7,313,0.75,0.75 | 1.5,beam discounted uncertain,ink refused too_thin (0->2),-,too_thin,1
kept_to_narrowed,glyph/16/0/3/7/1,16,0,3,7,313,0.375,0.75 | 1.5,beam discounted uncertain,ink refused too_thin (0->2),-,too_thin,2
kept_to_narrowed,glyph/16/0/3/7/3,16,0,3,7,313,0.75,0.75 | 1.5,beam discounted uncertain,ink refused too_thin (0->2),-,too_thin,1
kept_to_narrowed,glyph/16/0/3/7/10,16,0,3,7,313,0.375,0.75 | 1.5,beam discounted uncertain,ink refused too_thin (0->2),-,too_thin,2
kept_to_narrowed,glyph/16/0/3/11/10,16,0,3,11,317,1.5,0.75 | 1.5,beam discounted uncertain,stem side None->down,-,,0
kept_to_narrowed,glyph/16/0/4/0/4,16,0,4,0,306,0.5,0.5 | 1,beam discounted uncertain,ink refused too_thin (0->1),-,too_thin,1
kept_to_narrowed,glyph/16/0/4/1/0,16,0,4,1,307,0.75,0.75 | 1.5,beam discounted uncertain,ink refused too_thin (0->1),-,too_thin,1
kept_to_narrowed,glyph/16/0/4/1/1,16,0,4,1,307,0.75,0.75 | 1.5,beam discounted uncertain,ink refused too_thin (0->1),-,too_thin,1
kept_to_narrowed,glyph/16/0/4/2/0,16,0,4,2,308,0.5,0.5 | 1,beam discounted uncertain,ink refused too_thin (0->1),beams_by_stem 1->0,too_thin,1
kept_to_narrowed,glyph/16/0/4/2/1,16,0,4,2,308,0.75,0.75 | 1.5,beam discounted uncertain,ink refused too_thin (0->1),beams_by_stem 1->0,too_thin,1
kept_to_narrowed,glyph/16/0/4/3/1,16,0,4,3,309,0.375,0.75 | 1.5,beam discounted uncertain,ink refused too_thin (0->2),beams_by_stem 1->0,too_thin,2
kept_to_narrowed,glyph/16/0/4/3/3,16,0,4,3,309,0.25,0.5 | 1,beam discounted uncertain,ink refused too_thin (0->2),beams_by_stem 1->0,too_thin,2
kept_to_narrowed,glyph/16/0/4/4/0,16,0,4,4,310,0.5,0.5 | 1,beam discounted uncertain,ink refused too_thin (0->3) + stem side None->down,-,too_thin,1
kept_to_narrowed,glyph/16/0/4/4/1,16,0,4,4,310,0.75,0.75 | 1.5,beam discounted uncertain,ink refused too_thin (0->1),beams_by_stem 1->0,too_thin,1
kept_to_narrowed,glyph/16/0/4/5/2,16,0,4,5,311,0.75,0.75 | 1.5,beam discounted uncertain,ink refused too_thin (0->1),-,too_thin,1
kept_to_narrowed,glyph/16/0/4/5/7,16,0,4,5,311,0.75,0.75 | 1.5,beam discounted uncertain,ink refused too_thin (0->1),beams_by_stem 1->0,too_thin,1
kept_to_narrowed,glyph/16/0/4/6/3,16,0,4,6,312,0.375,0.75 | 1.5,beam discounted uncertain,ink refused too_thin (0->2),beams_by_stem 2->0,too_thin,2
kept_to_narrowed,glyph/16/0/4/7/0,16,0,4,7,313,0.75,0.75 | 1.5,beam discounted uncertain,ink refused too_thin (0->1),-,too_thin,1
kept_to_narrowed,glyph/16/0/4/7/2,16,0,4,7,313,0.75,0.75 | 1.5,beam discounted uncertain,ink refused too_thin (0->1),-,too_thin,1
kept_to_narrowed,glyph/16/0/4/8/2,16,0,4,8,314,0.75,0.75 | 1.5,beam discounted uncertain,ink refused too_thin (0->1),beams_by_stem 1->0,too_thin,1
kept_to_narrowed,glyph/16/0/4/9/3,16,0,4,9,315,0.75,0.75 | 1.5,beam discounted uncertain,ink refused too_thin (0->1),beams_by_stem 1->0,too_thin,1
kept_to_narrowed,glyph/16/0/4/10/0,16,0,4,10,316,0.75,0.75 | 1.5,beam discounted uncertain,ink refused too_thin (0->1),beams_by_stem 1->0,too_thin,1
kept_to_narrowed,glyph/16/0/4/11/8,16,0,4,11,317,0.5,0.5 | 1,beam discounted uncertain,ink refused not_straight (0->1),beams_by_stem 1->0,not_straight,1
kept_to_narrowed,glyph/16/0/5/10/1,16,0,5,10,316,0.5,0.5 | 1,beam discounted uncertain,ink refused too_thin (0->1),-,too_thin,1
kept_to_narrowed,glyph/16/0/9/6/0,16,0,9,6,312,0.75,0.75 | 1.5,beam discounted uncertain,ink refused too_thin (0->1),beams_by_stem 1->0,too_thin,1
kept_to_narrowed,glyph/16/0/9/6/1,16,0,9,6,312,0.75,0.75 | 1.5,beam discounted uncertain,ink refused too_thin (0->1),beams_by_stem 1->0,too_thin,1
kept_to_narrowed,glyph/16/0/9/11/4,16,0,9,11,317,0.5,0.5 | 1,beam discounted uncertain,ink refused too_thin (0->1),-,too_thin,1
kept_to_narrowed,glyph/16/0/9/11/6,16,0,9,11,317,0.75,0.75 | 1.5,beam discounted uncertain,ink refused too_thin (0->1),-,too_thin,1
kept_to_narrowed,glyph/16/0/10/4/1,16,0,10,4,310,0.75,0.75 | 1.5,beam discounted uncertain,ink refused too_thin (0->1),-,too_thin,1
kept_to_narrowed,glyph/16/0/10/4/2,16,0,10,4,310,0.75,0.75 | 1.5,beam discounted uncertain,ink refused too_thin (0->1),-,too_thin,1
kept_to_narrowed,glyph/16/0/10/4/6,16,0,10,4,310,0.5,0.5 | 1,beam discounted uncertain,ink refused too_thin (0->1),-,too_thin,1
kept_to_narrowed,glyph/16/0/10/5/0,16,0,10,5,311,0.75,0.75 | 1.5,beam discounted uncertain,ink refused too_thin (0->1),-,too_thin,1
kept_to_narrowed,glyph/16/0/10/7/4,16,0,10,7,313,0.75,0.75 | 1.5,beam discounted uncertain,ink refused too_thin (0->1),-,too_thin,1
kept_to_narrowed,glyph/16/0/10/7/6,16,0,10,7,313,0.5,0.5 | 1,beam discounted uncertain,ink refused too_thin (0->1),-,too_thin,1
kept_to_narrowed,glyph/16/0/10/7/8,16,0,10,7,313,0.5,0.5 | 1,beam discounted uncertain,ink refused too_thin (0->1),-,too_thin,1
kept_to_narrowed,glyph/16/0/11/1/6,16,0,11,1,307,1,0.5 | 1,beam discounted uncertain,stem side None->up,-,,0
kept_to_narrowed,glyph/16/0/11/6/10,16,0,11,6,312,0.5,0.5 | 1,beam discounted uncertain,ink refused too_thin (0->1),-,too_thin,1
kept_to_narrowed,glyph/16/0/11/9/0,16,0,11,9,315,0.75,0.75 | 1.5,beam discounted uncertain,ink refused too_thin (0->1),-,too_thin,1
kept_to_narrowed,glyph/16/0/11/9/1,16,0,11,9,315,0.75,0.75 | 1.5,beam discounted uncertain,ink refused too_thin (0->1),-,too_thin,1
kept_to_narrowed,glyph/16/0/11/10/3,16,0,11,10,316,1.5,0.75 | 1.5,beam discounted uncertain,stem side None->down,-,,0
kept_to_narrowed,glyph/16/0/12/0/7,16,0,12,0,306,0.5,0.5 | 1,beam discounted uncertain,ink refused too_thin (0->1),beams_by_stem 1->0,too_thin,1
kept_to_narrowed,glyph/16/0/12/3/1,16,0,12,3,309,0.75,0.75 | 1.5,beam discounted uncertain,ink refused too_thin (0->1),beams_by_stem 1->0,too_thin,1
kept_to_narrowed,glyph/16/0/12/3/3,16,0,12,3,309,0.75,0.75 | 1.5,beam discounted uncertain,ink refused too_thin (0->1),beams_by_stem 1->0,too_thin,1
kept_to_narrowed,glyph/16/0/12/4/1,16,0,12,4,310,0.75,0.75 | 1.5,beam discounted uncertain,ink refused too_thin (0->1),beams_by_stem 1->0,too_thin,1
kept_to_narrowed,glyph/16/0/12/5/1,16,0,12,5,311,0.75,0.75 | 1.5,beam discounted uncertain,ink refused too_thin (0->1),beams_by_stem 1->0,too_thin,1
kept_to_narrowed,glyph/16/0/12/5/4,16,0,12,5,311,0.75,0.75 | 1.5,beam discounted uncertain,ink refused too_thin (0->1),beams_by_stem 1->0,too_thin,1
kept_to_narrowed,glyph/16/0/12/7/1,16,0,12,7,313,0.75,0.75 | 1.5,beam discounted uncertain,ink refused too_thin (0->1),-,too_thin,1
kept_to_narrowed,glyph/16/0/12/7/4,16,0,12,7,313,0.75,0.75 | 1.5,beam discounted uncertain,ink refused too_thin (0->1),-,too_thin,1
kept_to_narrowed,glyph/16/0/12/9/1,16,0,12,9,315,0.75,0.75 | 1.5,beam discounted uncertain,ink refused too_thin (0->1),-,too_thin,1
kept_to_narrowed,glyph/16/0/12/9/2,16,0,12,9,315,0.75,0.75 | 1.5,beam discounted uncertain,ink refused too_thin (0->1),beams_by_stem 1->0,too_thin,1
kept_to_narrowed,glyph/16/0/13/1/0,16,0,13,1,307,0.75,0.75 | 1.5,beam discounted uncertain,ink refused too_thin (0->2),-,too_thin,1
kept_to_narrowed,glyph/16/0/13/1/3,16,0,13,1,307,0.5,0.5 | 1,beam discounted uncertain,ink refused too_thin (0->2),-,too_thin,1
kept_to_narrowed,glyph/16/0/13/2/0,16,0,13,2,308,0.5,0.5 | 1,beam discounted uncertain,ink refused too_thin (0->1),beams_by_stem 1->0,too_thin,1
kept_to_narrowed,glyph/16/0/13/2/1,16,0,13,2,308,0.75,0.75 | 1.5,beam discounted uncertain,ink refused too_thin (0->2),beams_by_stem 1->0,too_thin,1
kept_to_narrowed,glyph/16/0/13/3/0,16,0,13,3,309,0.75,0.75 | 1.5,beam discounted uncertain,ink refused too_thin (0->1),-,too_thin,1
kept_to_narrowed,glyph/16/0/13/3/3,16,0,13,3,309,0.75,0.75 | 1.5,beam discounted uncertain,ink refused too_thin (0->1),-,too_thin,1
kept_to_narrowed,glyph/16/0/13/5/0,16,0,13,5,311,0.75,0.75 | 1.5,beam discounted uncertain,ink refused too_thin (0->1),beams_by_stem 1->0,too_thin,1
kept_to_narrowed,glyph/16/0/13/5/4,16,0,13,5,311,0.75,0.75 | 1.5,beam discounted uncertain,ink refused too_thin (0->1),beams_by_stem 1->0,too_thin,1
kept_to_narrowed,glyph/16/0/13/9/3,16,0,13,9,315,0.75,0.75 | 1.5,beam discounted uncertain,ink refused too_thin (0->1),-,too_thin,1
kept_to_narrowed,glyph/16/1/0/1/0,16,1,0,1,319,0.75,0.75 | 1.5,beam discounted uncertain,ink refused too_thin (0->2),-,too_thin,1
kept_to_narrowed,glyph/16/1/0/1/1,16,1,0,1,319,0.5,0.5 | 1,beam discounted uncertain,ink refused too_thin (0->2),-,too_thin,1
kept_to_narrowed,glyph/16/1/0/3/2,16,1,0,3,321,0.25,0.5 | 1,beam discounted uncertain,ink refused too_thin (0->2),-,too_thin,2
kept_to_narrowed,glyph/16/1/1/2/1,16,1,1,2,320,0.125,0.5 | 1,beam discounted uncertain,ink refused too_thin (0->3),beams_by_stem 3->0,too_thin,3
kept_to_narrowed,glyph/16/1/1/4/3,16,1,1,4,322,0.125,0.5 | 1,beam discounted uncertain,ink refused too_thin (0->3),-,too_thin,3
kept_to_narrowed,glyph/16/1/1/5/1,16,1,1,5,323,0.5,0.5 | 1,beam discounted uncertain,ink refused too_thin (0->2),-,too_thin,1
kept_to_narrowed,glyph/16/1/1/5/2,16,1,1,5,323,0.375,0.75 | 1.5,beam discounted uncertain,ink refused too_thin (0->2) + far-side strokes 0->1 + stem side None->down,-,too_thin,2
kept_to_narrowed,glyph/16/1/1/5/4,16,1,1,5,323,0.375,0.75 | 1.5,beam discounted uncertain,ink refused too_thin (0->3),-,too_thin,2
kept_to_narrowed,glyph/16/1/2/0/17,16,1,2,0,318,1.5,0.75 | 1.5,beam discounted uncertain,stem side None->down,-,,0
kept_to_narrowed,glyph/16/1/2/3/6,16,1,2,3,321,0.375,0.75 | 1.5,beam discounted uncertain,ink refused no_stem_at_ends/too_thin (0->3),-,no_stem_at_ends/too_thin,2
kept_to_narrowed,glyph/16/1/2/3/10,16,1,2,3,321,0.375,0.75 | 1.5,beam discounted uncertain,ink refused no_stem_at_ends/too_thin (0->3),-,no_stem_at_ends/too_thin,2
kept_to_narrowed,glyph/16/1/2/4/3,16,1,2,4,322,0.75,0.75 | 1.5,beam discounted uncertain,ink refused too_thin (0->2),-,too_thin,1
kept_to_narrowed,glyph/16/1/2/4/4,16,1,2,4,322,0.75,0.75 | 1.5,beam discounted uncertain,ink refused too_thin (0->2),-,too_thin,1
kept_to_narrowed,glyph/16/1/3/2/1,16,1,3,2,320,1.5,0.75 | 1.5,beam discounted uncertain,far-side strokes 0->1 + stem side None->down,-,,0
kept_to_narrowed,glyph/16/1/3/3/6,16,1,3,3,321,0.375,0.75 | 1.5,beam discounted uncertain,ink refused too_thin (0->2),-,too_thin,2
kept_to_narrowed,glyph/16/1/3/3/8,16,1,3,3,321,0.375,0.75 | 1.5,beam discounted uncertain,ink refused too_thin (0->2),-,too_thin,2
kept_to_narrowed,glyph/16/1/3/4/7,16,1,3,4,322,0.75,0.75 | 1.5,beam discounted uncertain,ink refused too_thin (0->2),-,too_thin,1
kept_to_narrowed,glyph/16/1/3/4/9,16,1,3,4,322,0.75,0.75 | 1.5,beam discounted uncertain,ink refused too_thin (0->2),-,too_thin,1
kept_to_narrowed,glyph/16/1/3/4/10,16,1,3,4,322,0.75,0.75 | 1.5,beam discounted uncertain,ink refused too_thin (0->2),-,too_thin,1
kept_to_narrowed,glyph/16/1/3/4/11,16,1,3,4,322,0.75,0.75 | 1.5,beam discounted uncertain,ink refused too_thin (0->2),-,too_thin,1
kept_to_narrowed,glyph/16/1/4/4/0,16,1,4,4,322,0.25,0.5 | 1,beam discounted uncertain,ink refused too_thin (0->2),-,too_thin,2
kept_to_narrowed,glyph/16/1/4/4/1,16,1,4,4,322,0.75,0.75 | 1.5,beam discounted uncertain,ink refused too_thin (0->1),-,too_thin,1
kept_to_narrowed,glyph/16/1/4/5/0,16,1,4,5,323,0.375,0.75 | 1.5,beam discounted uncertain,ink refused too_thin (0->2),beams_by_stem 2->0,too_thin,2
kept_to_narrowed,glyph/16/1/4/5/1,16,1,4,5,323,0.0625,0.5 | 1,beam discounted uncertain,ink refused too_thin (0->4),-,too_thin,4
kept_to_narrowed,glyph/16/1/5/0/4,16,1,5,0,318,0.5,0.5 | 1,beam discounted uncertain,ink refused too_thin (0->1),-,too_thin,1
kept_to_narrowed,glyph/16/1/5/4/2,16,1,5,4,322,0.125,0.5 | 1,beam discounted uncertain,ink refused too_thin (0->3),-,too_thin,3
kept_to_narrowed,glyph/16/1/5/5/0,16,1,5,5,323,0.125,0.5 | 1,beam discounted uncertain,ink refused too_thin (0->3),-,too_thin,3
kept_to_narrowed,glyph/16/1/7/3/1,16,1,7,3,321,0.0625,1 | 0.5,beam certain not joined,ink refused too_thin (0->1),-,too_thin,4
kept_to_narrowed,glyph/16/1/7/3/2,16,1,7,3,321,0.0625,1 | 0.5,beam certain not joined,ink refused too_thin (0->1),-,too_thin,4
kept_to_narrowed,glyph/16/1/7/3/3,16,1,7,3,321,0.0625,1 | 0.5,beam certain not joined,ink refused too_thin (0->1),-,too_thin,4
kept_to_narrowed,glyph/16/1/7/4/2,16,1,7,4,322,0.125,0.5 | 1,beam discounted uncertain,ink refused too_thin (0->3),-,too_thin,3
kept_to_narrowed,glyph/16/1/7/5/1,16,1,7,5,323,0.5,0.5 | 1,beam discounted uncertain,ink refused too_thin (0->1),-,too_thin,1
kept_to_narrowed,glyph/16/1/7/6/14,16,1,7,6,324,0.5,0.5 | 1,beam discounted uncertain,ink refused too_thin (0->1),-,too_thin,1
kept_to_narrowed,glyph/16/1/9/0/6,16,1,9,0,318,0.75,0.75 | 1.5,beam discounted uncertain,far-side strokes 0->1 + stem side None->down,-,,1
kept_to_narrowed,glyph/16/1/9/2/0,16,1,9,2,320,1.5,0.75 | 1.5,beam discounted uncertain,far-side strokes 0->1 + stem side None->down,-,,0
kept_to_narrowed,glyph/16/1/9/3/2,16,1,9,3,321,0.75,0.75 | 1.5,beam discounted uncertain,ink refused one_stem (0->1) + far-side strokes 0->1 + stem side None->down,-,one_stem,1
kept_to_narrowed,glyph/16/1/9/4/2,16,1,9,4,322,0.25,0.5 | 1,beam discounted uncertain,ink refused too_thin (0->2) + stem side None->down,-,too_thin,2
kept_to_narrowed,glyph/16/1/9/4/6,16,1,9,4,322,0.375,0.75 | 1.5,beam discounted uncertain,ink refused too_thin (0->2) + stem side None->down,-,too_thin,2
kept_to_narrowed,glyph/16/1/9/5/3,16,1,9,5,323,0.25,0.5 | 1,beam discounted uncertain,ink refused too_thin (0->2),-,too_thin,2
kept_to_narrowed,glyph/16/1/10/4/6,16,1,10,4,322,0.03125,0.5 | 1,beam discounted uncertain,ink refused too_thin (0->5),-,too_thin,5
kept_to_narrowed,glyph/16/1/11/1/0,16,1,11,1,319,0.75,0.75 | 1.5,beam discounted uncertain,ink refused too_thin (0->1),-,too_thin,1
kept_to_narrowed,glyph/16/1/11/1/1,16,1,11,1,319,0.75,0.75 | 1.5,beam discounted uncertain,ink refused too_thin (0->1),beams_by_stem 1->0,too_thin,1
kept_to_narrowed,glyph/16/1/11/2/1,16,1,11,2,320,0.75,0.75 | 1.5,beam discounted uncertain,ink refused too_thin (0->2),beams_by_stem 1->0,too_thin,1
kept_to_narrowed,glyph/16/1/11/4/2,16,1,11,4,322,0.125,0.5 | 1,beam discounted uncertain,ink refused one_stem/too_thin (0->4),-,one_stem/too_thin,3
kept_to_narrowed,glyph/16/1/11/4/8,16,1,11,4,322,0.125,0.5 | 1,beam discounted uncertain,ink refused one_stem/too_thin (0->4),-,one_stem/too_thin,3
kept_to_narrowed,glyph/16/1/12/1/0,16,1,12,1,319,0.75,0.75 | 1.5,beam discounted uncertain,ink refused too_thin (0->1),beams_by_stem 1->0,too_thin,1
kept_to_narrowed,glyph/16/1/12/3/4,16,1,12,3,321,0.75,0.75 | 1.5,beam discounted uncertain,ink refused too_thin (0->1),beams_by_stem 1->0,too_thin,1
kept_to_narrowed,glyph/16/1/12/4/1,16,1,12,4,322,0.5,0.5 | 1,beam discounted uncertain,ink refused too_thin (0->1),-,too_thin,1
kept_to_narrowed,glyph/16/1/12/5/5,16,1,12,5,323,0.5,0.5 | 1,beam discounted uncertain,ink refused too_thin (0->2),-,too_thin,1
kept_to_narrowed,glyph/16/1/13/1/3,16,1,13,1,319,0.75,0.75 | 1.5,beam discounted uncertain,ink refused too_thin (0->1),-,too_thin,1
kept_to_narrowed,glyph/16/1/13/2/1,16,1,13,2,320,0.75,0.75 | 1.5,beam discounted uncertain,ink refused too_thin (0->1),-,too_thin,1
kept_to_narrowed,glyph/16/1/13/4/0,16,1,13,4,322,0.75,0.75 | 1.5,beam discounted uncertain,ink refused too_thin (0->1),-,too_thin,1
kept_to_narrowed,glyph/16/1/13/4/1,16,1,13,4,322,0.25,0.5 | 1,beam discounted uncertain,ink refused no_stem_at_ends (0->2),-,no_stem_at_ends,2
kept_to_narrowed,glyph/16/1/13/5/1,16,1,13,5,323,0.25,0.5 | 1,beam discounted uncertain,ink refused no_stem_at_ends (0->2) + stem side None->down,-,no_stem_at_ends,2
kept_to_narrowed,glyph/17/0/0/2/3,17,0,0,2,329,1,0.5 | 1,beam discounted uncertain,stem side None->down,-,,0
kept_to_narrowed,glyph/17/0/0/2/14,17,0,0,2,329,1,0.5 | 1,beam discounted uncertain,stem side None->down,-,,0
kept_to_narrowed,glyph/17/0/0/5/2,17,0,0,5,332,1.5,0.75 | 1.5,beam discounted uncertain,far-side strokes 0->1 + stem side None->down,-,,0
kept_to_narrowed,glyph/17/0/1/0/5,17,0,1,0,327,1,0.5 | 1,beam discounted uncertain,stem side None->down,-,,0
kept_to_narrowed,glyph/17/0/1/0/6,17,0,1,0,327,1,0.5 | 1,beam discounted uncertain,stem side None->down,-,,0
kept_to_narrowed,glyph/17/0/1/0/8,17,0,1,0,327,1.5,0.75 | 1.5,beam discounted uncertain,stem side None->down,-,,0
kept_to_narrowed,glyph/17/0/2/4/0,17,0,2,4,331,0.75,0.75 | 1.5,beam discounted uncertain,ink refused too_thin (0->1),-,too_thin,1
kept_to_narrowed,glyph/17/0/2/4/1,17,0,2,4,331,0.75,0.75 | 1.5,beam discounted uncertain,ink refused too_thin (0->1),-,too_thin,1
kept_to_narrowed,glyph/17/1/0/0/8,17,1,0,0,333,1.5,0.75 | 1.5,beam discounted uncertain,far-side strokes 0->2 + stem side None->down,-,,0
kept_to_narrowed,glyph/17/1/0/0/9,17,1,0,0,333,0.75,0.75 | 1.5,beam discounted uncertain,far-side strokes 0->2 + stem side None->down,-,,1
kept_to_narrowed,glyph/17/1/0/0/15,17,1,0,0,333,0.75,0.75 | 1.5,beam discounted uncertain,ink refused too_thin (0->2),-,too_thin,1
kept_to_narrowed,glyph/17/1/0/5/2,17,1,0,5,338,1.5,0.75 | 1.5,beam discounted uncertain,stem side None->down,-,,0
kept_to_narrowed,glyph/17/1/1/1/4,17,1,1,1,334,1.5,0.75 | 1.5,beam discounted uncertain,stem side None->down,-,,0
kept_to_narrowed,glyph/17/1/1/5/3,17,1,1,5,338,1.5,0.75 | 1.5,beam discounted uncertain,stem side None->down,-,,0
kept_to_narrowed,glyph/17/1/10/5/9,17,1,10,5,338,0.25,0.5 | 1,beam discounted uncertain,ink refused too_thin (0->2),-,too_thin,2
kept_to_narrowed,glyph/17/1/10/5/10,17,1,10,5,338,0.5,0.5 | 1,beam discounted uncertain,ink refused too_thin (0->1),-,too_thin,1
kept_to_narrowed,glyph/17/1/10/5/11,17,1,10,5,338,0.25,0.5 | 1,beam discounted uncertain,ink refused too_thin (0->2),-,too_thin,2
kept_to_narrowed,glyph/17/1/10/5/12,17,1,10,5,338,0.5,0.5 | 1,beam discounted uncertain,ink refused too_thin (0->1),-,too_thin,1
kept_to_narrowed,glyph/17/1/10/5/13,17,1,10,5,338,0.25,0.5 | 1,beam discounted uncertain,ink refused too_thin (0->2),-,too_thin,2
kept_to_narrowed,glyph/17/1/10/5/14,17,1,10,5,338,0.25,0.5 | 1,beam discounted uncertain,ink refused too_thin (0->2),-,too_thin,2
kept_to_narrowed,glyph/18/0/0/4/0,18,0,0,4,343,0.75,0.75 | 1.5,beam discounted uncertain,ink refused too_thin (0->2),-,too_thin,1
kept_to_narrowed,glyph/18/0/0/4/6,18,0,0,4,343,0.75,0.75 | 1.5,beam discounted uncertain,ink refused too_thin (0->2) + stem side None->down,-,too_thin,1
kept_to_narrowed,glyph/18/0/0/4/11,18,0,0,4,343,0.75,0.75 | 1.5,beam discounted uncertain,ink refused too_thin (0->2),-,too_thin,1
kept_to_narrowed,glyph/18/0/0/4/16,18,0,0,4,343,0.75,0.75 | 1.5,beam discounted uncertain,ink refused too_thin (0->2),-,too_thin,1
kept_to_narrowed,glyph/18/0/1/0/2,18,0,1,0,339,0.75,0.75 | 1.5,beam discounted uncertain,ink refused too_thin (0->1),-,too_thin,1
kept_to_narrowed,glyph/18/0/1/2/3,18,0,1,2,341,0.75,0.75 | 1.5,beam discounted uncertain,ink refused too_thin (0->2),-,too_thin,1
kept_to_narrowed,glyph/18/0/1/2/4,18,0,1,2,341,0.75,0.75 | 1.5,beam discounted uncertain,ink refused too_thin (0->2),-,too_thin,1
kept_to_narrowed,glyph/18/0/1/4/0,18,0,1,4,343,1.5,0.75 | 1.5,beam discounted uncertain,far-side strokes 0->1 + stem side None->down,-,,0
kept_to_narrowed,glyph/18/0/1/5/0,18,0,1,5,344,1.5,0.75 | 1.5,beam discounted uncertain,stem side None->down,-,,0
kept_to_narrowed,glyph/18/0/1/5/5,18,0,1,5,344,1,0.5 | 1,beam discounted uncertain,stem side None->down,-,,0
kept_to_narrowed,glyph/18/0/2/2/2,18,0,2,2,341,0.75,0.75 | 1.5,beam discounted uncertain,ink refused too_thin (0->1),beams_by_stem 1->0,too_thin,1
kept_to_narrowed,glyph/18/0/2/2/7,18,0,2,2,341,0.75,0.75 | 1.5,beam discounted uncertain,ink refused too_thin (0->1),beams_by_stem 1->0,too_thin,1
kept_to_narrowed,glyph/18/0/2/2/11,18,0,2,2,341,0.375,0.75 | 1.5,beam discounted uncertain,ink refused too_thin (0->2),-,too_thin,2
kept_to_narrowed,glyph/18/0/2/2/12,18,0,2,2,341,0.375,0.75 | 1.5,beam discounted uncertain,ink refused too_thin (0->2),-,too_thin,2
kept_to_narrowed,glyph/18/0/3/0/6,18,0,3,0,339,0.75,0.75 | 1.5,beam discounted uncertain,ink refused too_thin (0->2),-,too_thin,1
kept_to_narrowed,glyph/18/0/3/0/19,18,0,3,0,339,0.75,0.75 | 1.5,beam discounted uncertain,ink refused too_thin (0->2),-,too_thin,1
kept_to_narrowed,glyph/18/0/4/2/1,18,0,4,2,341,0.75,0.75 | 1.5,beam discounted uncertain,ink refused not_straight (0->1),beams_by_stem 1->0,not_straight,1
kept_to_narrowed,glyph/18/0/4/2/3,18,0,4,2,341,0.5,0.5 | 1,beam discounted uncertain,ink refused not_straight (0->1),beams_by_stem 1->0,not_straight,1
kept_to_narrowed,glyph/18/0/4/4/4,18,0,4,4,343,0.75,0.75 | 1.5,beam discounted uncertain,ink refused too_thin (0->1),-,too_thin,1
kept_to_narrowed,glyph/18/0/5/1/1,18,0,5,1,340,1.5,0.75 | 1.5,beam discounted uncertain,far-side strokes 0->1 + stem side None->down,-,,0
kept_to_narrowed,glyph/18/0/5/2/0,18,0,5,2,341,0.75,0.75 | 1.5,beam discounted uncertain,ink refused too_thin (0->1),-,too_thin,1
kept_to_narrowed,glyph/18/0/5/2/1,18,0,5,2,341,0.75,0.75 | 1.5,beam discounted uncertain,ink refused too_thin (0->1),-,too_thin,1
kept_to_narrowed,glyph/18/0/5/2/3,18,0,5,2,341,0.5,0.5 | 1,beam discounted uncertain,ink refused too_thin (0->1),-,too_thin,1
kept_to_narrowed,glyph/18/0/5/2/5,18,0,5,2,341,0.5,0.5 | 1,beam discounted uncertain,ink refused too_thin (0->1) + stem side None->down,-,too_thin,1
kept_to_narrowed,glyph/18/0/5/2/6,18,0,5,2,341,0.5,0.5 | 1,beam discounted uncertain,ink refused too_thin (0->1) + stem side None->down,-,too_thin,1
kept_to_narrowed,glyph/18/0/5/2/11,18,0,5,2,341,0.5,0.5 | 1,beam discounted uncertain,ink refused too_thin (0->1),-,too_thin,1
kept_to_narrowed,glyph/18/0/7/1/0,18,0,7,1,340,1.5,0.75 | 1.5,beam discounted uncertain,stem side None->down,-,,0
kept_to_narrowed,glyph/18/0/7/3/4,18,0,7,3,342,0.75,0.75 | 1.5,beam discounted uncertain,ink refused through_heads (0->1),beams_by_stem 1->0,through_heads,1
kept_to_narrowed,glyph/18/0/9/1/5,18,0,9,1,340,1.5,0.75 | 1.5,beam discounted uncertain,far-side strokes 0->1 + stem side None->down,-,,0
kept_to_narrowed,glyph/18/0/9/2/0,18,0,9,2,341,0.75,0.75 | 1.5,beam discounted uncertain,ink refused too_thin (0->1),beams_by_stem 1->0,too_thin,1
kept_to_narrowed,glyph/18/0/9/2/1,18,0,9,2,341,0.75,0.75 | 1.5,beam discounted uncertain,ink refused too_thin (0->1),beams_by_stem 1->0,too_thin,1
kept_to_narrowed,glyph/18/0/9/3/6,18,0,9,3,342,0.75,0.75 | 1.5,beam discounted uncertain,ink refused too_thin (0->1),-,too_thin,1
kept_to_narrowed,glyph/18/0/9/4/1,18,0,9,4,343,0.75,0.75 | 1.5,beam discounted uncertain,ink refused too_thin (0->1),-,too_thin,1
kept_to_narrowed,glyph/18/0/9/4/3,18,0,9,4,343,0.75,0.75 | 1.5,beam discounted uncertain,ink refused too_thin (0->1) + far-side strokes 0->1 + stem side None->down,-,too_thin,1
kept_to_narrowed,glyph/18/0/10/1/0,18,0,10,1,340,1,0.5 | 1,beam discounted uncertain,stem side None->up,-,,0
kept_to_narrowed,glyph/18/0/10/1/1,18,0,10,1,340,1,0.5 | 1,beam discounted uncertain,stem side None->up,-,,0
kept_to_narrowed,glyph/18/0/10/1/3,18,0,10,1,340,1,0.5 | 1,beam discounted uncertain,stem side None->up,-,,0
kept_to_narrowed,glyph/18/0/10/1/5,18,0,10,1,340,1,0.5 | 1,beam discounted uncertain,stem side None->up,-,,0
kept_to_narrowed,glyph/18/0/10/2/1,18,0,10,2,341,0.5,0.5 | 1,beam discounted uncertain,ink refused too_thin (0->1) + stem side None->down,-,too_thin,1
kept_to_narrowed,glyph/18/0/10/2/6,18,0,10,2,341,0.5,0.5 | 1,beam discounted uncertain,ink refused too_thin (0->1),-,too_thin,1
kept_to_narrowed,glyph/18/0/10/3/12,18,0,10,3,342,0.5,0.5 | 1,beam discounted uncertain,ink refused too_thin (0->1),-,too_thin,1
kept_to_narrowed,glyph/18/0/10/3/20,18,0,10,3,342,0.5,0.5 | 1,beam discounted uncertain,ink refused too_thin (0->1),-,too_thin,1
kept_to_narrowed,glyph/18/0/12/4/5,18,0,12,4,343,0.75,0.75 | 1.5,beam discounted uncertain,ink refused too_thin (0->1),-,too_thin,1
kept_to_narrowed,glyph/18/1/0/5/1,18,1,0,5,351,0.75,0.75 | 1.5,beam discounted uncertain,ink refused too_thin (0->1) + far-side strokes 0->1 + stem side None->down,-,too_thin,1
kept_to_narrowed,glyph/18/1/0/5/7,18,1,0,5,351,0.75,0.75 | 1.5,beam discounted uncertain,ink refused too_thin (0->1),-,too_thin,1
kept_to_narrowed,glyph/18/1/0/5/19,18,1,0,5,351,0.75,0.75 | 1.5,beam discounted uncertain,ink refused too_thin (0->1),-,too_thin,1
kept_to_narrowed,glyph/18/1/0/5/21,18,1,0,5,351,0.75,0.75 | 1.5,beam discounted uncertain,ink refused too_thin (0->1) + far-side strokes 0->1 + stem side None->down,-,too_thin,1
kept_to_narrowed,glyph/18/1/0/5/22,18,1,0,5,351,0.5,0.5 | 1,beam discounted uncertain,ink refused too_thin (0->1) + far-side strokes 0->1 + stem side None->down,-,too_thin,1
kept_to_narrowed,glyph/18/1/2/5/2,18,1,2,5,351,0.75,0.75 | 1.5,beam discounted uncertain,ink refused too_thin (0->2),-,too_thin,1
kept_to_narrowed,glyph/18/1/2/5/12,18,1,2,5,351,0.5,0.5 | 1,beam discounted uncertain,ink refused too_thin (0->2),-,too_thin,1
kept_to_narrowed,glyph/18/1/3/2/0,18,1,3,2,348,0.5,0.5 | 1,beam discounted uncertain,ink refused one_stem (0->1) + stem side None->down,-,one_stem,1
kept_to_narrowed,glyph/18/1/3/2/2,18,1,3,2,348,0.5,0.5 | 1,beam discounted uncertain,ink refused one_stem (0->1) + stem side None->down,-,one_stem,1
kept_to_narrowed,glyph/18/1/3/2/8,18,1,3,2,348,0.5,0.5 | 1,beam discounted uncertain,ink refused one_stem (0->1),-,one_stem,1
kept_to_narrowed,glyph/18/1/3/2/10,18,1,3,2,348,0.5,0.5 | 1,beam discounted uncertain,ink refused one_stem (0->1),-,one_stem,1
kept_to_narrowed,glyph/18/1/3/5/4,18,1,3,5,351,0.375,0.75 | 1.5,beam discounted uncertain,ink refused too_thin (0->2),-,too_thin,2
kept_to_narrowed,glyph/18/1/3/5/6,18,1,3,5,351,0.09375,0.75 | 1.5,beam discounted uncertain,ink refused too_thin (0->2) + far-side strokes 0->2 + stem side None->down,-,too_thin,4
kept_to_narrowed,glyph/18/1/3/5/7,18,1,3,5,351,0.375,0.75 | 1.5,beam discounted uncertain,ink refused too_thin (0->2),-,too_thin,2
kept_to_narrowed,glyph/18/1/3/5/15,18,1,3,5,351,0.0625,0.5 | 1,beam discounted uncertain,ink refused too_thin (0->4),-,too_thin,4
kept_to_narrowed,glyph/18/1/3/6/2,18,1,3,6,352,1.5,0.75 | 1.5,beam discounted uncertain,stem side None->down,-,,0
kept_to_narrowed,glyph/18/1/3/7/3,18,1,3,7,353,0.75,0.75 | 1.5,beam discounted uncertain,ink refused not_straight (0->1),beams_by_stem 1->0,not_straight,1
kept_to_narrowed,glyph/18/1/3/7/16,18,1,3,7,353,0.5,0.5 | 1,beam discounted uncertain,ink refused not_straight (0->1),beams_by_stem 1->0,not_straight,1
kept_to_narrowed,glyph/18/1/5/2/2,18,1,5,2,348,1.5,0.75 | 1.5,beam discounted uncertain,stem side None->down,-,,0
kept_to_narrowed,glyph/18/1/5/3/0,18,1,5,3,349,1,0.5 | 1,beam discounted uncertain,far-side strokes 0->1 + stem side None->down,-,,0
kept_to_narrowed,glyph/18/1/5/5/4,18,1,5,5,351,1,0.5 | 1,beam discounted uncertain,stem side None->down,-,,0
kept_to_narrowed,glyph/18/1/5/5/6,18,1,5,5,351,1,0.5 | 1,beam discounted uncertain,stem side None->down,-,,0
kept_to_narrowed,glyph/18/1/5/5/7,18,1,5,5,351,1,0.5 | 1,beam discounted uncertain,stem side None->down,-,,0
kept_to_narrowed,glyph/18/1/5/6/2,18,1,5,6,352,1.5,0.75 | 1.5,beam discounted uncertain,stem side None->down,-,,0
kept_to_narrowed,glyph/18/1/5/6/8,18,1,5,6,352,1,0.5 | 1,beam discounted uncertain,stem side None->down,-,,0
kept_to_narrowed,glyph/18/1/9/1/1,18,1,9,1,347,0.375,0.75 | 1.5,beam discounted uncertain,ink refused one_stem (0->2),-,one_stem,2
kept_to_narrowed,glyph/18/1/9/1/2,18,1,9,1,347,0.25,0.5 | 1,beam discounted uncertain,ink refused one_stem (0->2),-,one_stem,2
kept_to_narrowed,glyph/18/1/9/1/5,18,1,9,1,347,0.25,0.5 | 1,beam discounted uncertain,ink refused one_stem (0->2),-,one_stem,2
kept_to_narrowed,glyph/18/1/9/6/9,18,1,9,6,352,1.5,0.75 | 1.5,beam discounted uncertain,stem side None->down,-,,0
kept_to_narrowed,glyph/18/1/9/6/15,18,1,9,6,352,1,2 | 1 | 4,head fill from ink,no guard counter changed,-,,0
kept_to_narrowed,glyph/18/1/9/7/4,18,1,9,7,353,0.1875,0.75 | 1.5,beam discounted uncertain,ink refused too_thin (0->3),beams_by_stem 3->0,too_thin,3
kept_to_narrowed,glyph/18/1/9/7/10,18,1,9,7,353,0.1875,0.75 | 1.5,beam discounted uncertain,ink refused too_thin (0->3),beams_by_stem 3->0,too_thin,3
kept_to_narrowed,glyph/18/1/10/1/4,18,1,10,1,347,0.125,0.5 | 1,beam discounted uncertain,ink refused too_thin (0->3),-,too_thin,3
kept_to_narrowed,glyph/18/1/10/1/7,18,1,10,1,347,0.125,0.5 | 1,beam discounted uncertain,ink refused too_thin (0->3),-,too_thin,3
kept_to_narrowed,glyph/18/1/10/1/8,18,1,10,1,347,0.125,0.5 | 1,beam discounted uncertain,ink refused too_thin (0->3) + stem side None->up,-,too_thin,3
kept_to_narrowed,glyph/18/1/10/1/9,18,1,10,1,347,0.125,0.5 | 1,beam discounted uncertain,ink refused too_thin (0->3),-,too_thin,3
kept_to_narrowed,glyph/18/1/10/1/11,18,1,10,1,347,0.125,0.5 | 1,beam discounted uncertain,ink refused too_thin (0->3) + stem side None->up,-,too_thin,3
kept_to_narrowed,glyph/18/1/10/1/12,18,1,10,1,347,0.125,0.5 | 1,beam discounted uncertain,ink refused too_thin (0->3) + stem side None->up,-,too_thin,3
kept_to_narrowed,glyph/18/1/11/5/6,18,1,11,5,351,0.25,0.5 | 1,beam discounted uncertain,ink refused too_thin (0->2),-,too_thin,2
kept_to_narrowed,glyph/18/1/11/5/8,18,1,11,5,351,0.25,0.5 | 1,beam discounted uncertain,ink refused too_thin (0->2),-,too_thin,2
kept_to_narrowed,glyph/18/1/11/5/9,18,1,11,5,351,0.25,0.5 | 1,beam discounted uncertain,ink refused too_thin (0->2),-,too_thin,2
kept_to_narrowed,glyph/18/1/11/5/10,18,1,11,5,351,0.25,0.5 | 1,beam discounted uncertain,ink refused too_thin (0->2),-,too_thin,2
kept_to_narrowed,glyph/18/1/11/5/12,18,1,11,5,351,0.25,0.5 | 1,beam discounted uncertain,ink refused too_thin (0->2),-,too_thin,2
kept_to_narrowed,glyph/18/1/11/5/15,18,1,11,5,351,0.25,0.5 | 1,beam discounted uncertain,ink refused too_thin (0->2),-,too_thin,2
kept_to_narrowed,glyph/18/1/12/1/0,18,1,12,1,347,0.75,0.75 | 1.5,beam discounted uncertain,ink refused too_thin (0->1),-,too_thin,1
kept_to_narrowed,glyph/18/1/12/1/1,18,1,12,1,347,0.75,0.75 | 1.5,beam discounted uncertain,ink refused too_thin (0->1) + far-side strokes 0->1 + stem side None->down,-,too_thin,1
kept_to_narrowed,glyph/18/1/12/5/0,18,1,12,5,351,0.09375,0.75 | 1.5,beam discounted uncertain,ink refused too_thin (0->1) + far-side strokes 0->3 + stem side None->down,-,too_thin,4
kept_to_narrowed,glyph/18/1/12/5/1,18,1,12,5,351,0.75,0.75 | 1.5,beam discounted uncertain,ink refused too_thin (0->1),-,too_thin,1
kept_to_narrowed,glyph/18/1/13/4/2,18,1,13,4,350,0.75,0.75 | 1.5,beam discounted uncertain,ink refused no_stem_at_ends (0->1),-,no_stem_at_ends,1
kept_to_narrowed,glyph/18/1/13/5/0,18,1,13,5,351,0.75,0.75 | 1.5,beam discounted uncertain,ink refused too_thin (0->1),-,too_thin,1
kept_to_narrowed,glyph/18/1/13/5/1,18,1,13,5,351,0.75,0.75 | 1.5,beam discounted uncertain,ink refused too_thin (0->1) + stem side None->down,-,too_thin,1
kept_to_narrowed,glyph/19/0/0/2/3,19,0,0,2,356,0.75,0.75 | 1.5,beam discounted uncertain,ink refused no_stem_at_ends/too_thin (0->5),-,no_stem_at_ends/too_thin,1
kept_to_narrowed,glyph/19/0/0/4/6,19,0,0,4,358,0.5,0.5 | 1,beam discounted uncertain,ink refused too_thin (0->2),-,too_thin,1
kept_to_narrowed,glyph/19/0/0/4/9,19,0,0,4,358,0.5,0.5 | 1,beam discounted uncertain,ink refused too_thin (0->2),-,too_thin,1
kept_to_narrowed,glyph/19/0/0/5/4,19,0,0,5,359,1,0.5 | 1,beam discounted uncertain,stem side None->down,-,,0
kept_to_narrowed,glyph/19/0/0/8/2,19,0,0,8,362,0.1875,0.75 | 1.5,beam discounted uncertain,ink refused too_thin (0->5),-,too_thin,3
kept_to_narrowed,glyph/19/0/0/10/2,19,0,0,10,364,0.5,0.5 | 1,beam discounted uncertain,ink refused too_thin (0->1),-,too_thin,1
kept_to_narrowed,glyph/19/0/0/10/5,19,0,0,10,364,0.5,0.5 | 1,beam discounted uncertain,ink refused too_thin (0->1),-,too_thin,1
kept_to_narrowed,glyph/19/0/1/2/1,19,0,1,2,356,0.75,0.75 | 1.5,beam discounted uncertain,ink refused too_thin (0->3),-,too_thin,1
kept_to_narrowed,glyph/19/0/1/7/5,19,0,1,7,361,0.5,0.5 | 1,beam discounted uncertain,ink refused too_thin (0->3),-,too_thin,1
kept_to_narrowed,glyph/19/0/1/7/8,19,0,1,7,361,0.375,0.75 | 1.5,beam discounted uncertain,ink refused too_thin (0->3),beams_by_stem 1->0,too_thin,2
kept_to_narrowed,glyph/19/0/1/8/2,19,0,1,8,362,0.375,0.75 | 1.5,beam discounted uncertain,ink refused too_thin (0->4),-,too_thin,2
kept_to_narrowed,glyph/19/0/1/8/5,19,0,1,8,362,0.375,0.75 | 1.5,beam discounted uncertain,ink refused too_thin (0->3),-,too_thin,2
kept_to_narrowed,glyph/19/0/1/9/6,19,0,1,9,363,0.5,0.5 | 1,beam discounted uncertain,ink refused too_thin (0->1),-,too_thin,1
kept_to_narrowed,glyph/19/0/2/2/1,19,0,2,2,356,0.75,0.75 | 1.5,beam discounted uncertain,ink refused too_thin (0->2),-,too_thin,1
kept_to_narrowed,glyph/19/0/2/6/2,19,0,2,6,360,0.5,0.5 | 1,beam discounted uncertain,ink refused too_thin (0->1),-,too_thin,1
kept_to_narrowed,glyph/19/0/2/6/5,19,0,2,6,360,0.5,0.5 | 1,beam discounted uncertain,ink refused too_thin (0->1),-,too_thin,1
kept_to_narrowed,glyph/19/0/2/7/11,19,0,2,7,361,0.1875,0.75 | 1.5,beam discounted uncertain,ink refused too_thin (0->3),-,too_thin,3
kept_to_narrowed,glyph/19/0/2/7/25,19,0,2,7,361,0.1875,0.75 | 1.5,beam discounted uncertain,ink refused too_thin (0->3),-,too_thin,3
kept_to_narrowed,glyph/19/0/2/8/1,19,0,2,8,362,0.5,0.5 | 1,beam discounted uncertain,ink refused too_thin (0->3),-,too_thin,1
kept_to_narrowed,glyph/19/0/2/8/13,19,0,2,8,362,0.5,0.5 | 1,beam discounted uncertain,ink refused too_thin (0->3),-,too_thin,1
kept_to_narrowed,glyph/19/0/3/2/2,19,0,3,2,356,0.75,0.75 | 1.5,beam discounted uncertain,ink refused too_thin (0->1),-,too_thin,1
kept_to_narrowed,glyph/19/0/3/7/3,19,0,3,7,361,0.375,0.75 | 1.5,beam discounted uncertain,ink refused too_thin (0->2),-,too_thin,2
kept_to_narrowed,glyph/19/0/3/8/0,19,0,3,8,362,0.75,0.75 | 1.5,beam discounted uncertain,ink refused too_thin (0->1),-,too_thin,1
kept_to_narrowed,glyph/19/0/3/8/8,19,0,3,8,362,0.5,0.5 | 1,beam discounted uncertain,ink refused too_thin (0->2),-,too_thin,1
kept_to_narrowed,glyph/19/0/3/9/1,19,0,3,9,363,0.5,0.5 | 1,beam discounted uncertain,ink refused too_thin (0->1),beams_by_stem 1->0,too_thin,1
kept_to_narrowed,glyph/19/0/3/10/8,19,0,3,10,364,0.5,0.5 | 1,beam discounted uncertain,ink refused too_thin (0->1) + stem side None->down,-,too_thin,1
kept_to_narrowed,glyph/19/0/3/10/12,19,0,3,10,364,0.5,0.5 | 1,beam discounted uncertain,ink refused too_thin (0->1),-,too_thin,1
kept_to_narrowed,glyph/19/0/4/1/0,19,0,4,1,355,1,0.5 | 1,beam discounted uncertain,stem side None->up,-,,0
kept_to_narrowed,glyph/19/0/4/5/1,19,0,4,5,359,0.75,0.75 | 1.5,beam discounted uncertain,ink refused too_thin (0->1),-,too_thin,1
kept_to_narrowed,glyph/19/0/4/5/2,19,0,4,5,359,0.75,0.75 | 1.5,beam discounted uncertain,ink refused too_thin (0->1),-,too_thin,1
kept_to_narrowed,glyph/19/0/4/9/1,19,0,4,9,363,0.75,0.75 | 1.5,beam discounted uncertain,ink refused too_thin (0->1),-,too_thin,1
kept_to_narrowed,glyph/19/0/6/2/1,19,0,6,2,356,0.25,0.5 | 1,beam discounted uncertain,ink refused too_thin (0->2),-,too_thin,2
kept_to_narrowed,glyph/19/0/6/3/4,19,0,6,3,357,0.75,0.75 | 1.5,beam discounted uncertain,ink refused too_thin (0->2),-,too_thin,1
kept_to_narrowed,glyph/19/0/6/4/0,19,0,6,4,358,1.5,0.75 | 1.5,beam discounted uncertain,stem side None->down,-,,0
kept_to_narrowed,glyph/19/0/6/4/2,19,0,6,4,358,1,0.5 | 1,beam discounted uncertain,stem side None->down,-,,0
kept_to_narrowed,glyph/19/0/9/3/0,19,0,9,3,357,0.5,0.5 | 1,beam discounted uncertain,ink refused too_thin (0->1),beams_by_stem 1->0,too_thin,1
kept_to_narrowed,glyph/19/0/9/7/1,19,0,9,7,361,0.375,0.75 | 1.5,beam discounted uncertain,ink refused too_thin (0->3),beams_by_stem 1->0,too_thin,2
kept_to_narrowed,glyph/19/0/9/8/3,19,0,9,8,362,0.375,0.75 | 1.5,beam discounted uncertain,ink refused too_thin (0->3),-,too_thin,2
kept_to_narrowed,glyph/19/0/10/1/2,19,0,10,1,355,0.75,0.75 | 1.5,beam discounted uncertain,ink refused too_thin (0->1),-,too_thin,1
kept_to_narrowed,glyph/19/0/10/2/1,19,0,10,2,356,0.375,0.75 | 1.5,beam discounted uncertain,ink refused too_thin (0->3),-,too_thin,2
kept_to_narrowed,glyph/19/0/10/8/3,19,0,10,8,362,0.75,0.75 | 1.5,beam discounted uncertain,ink refused too_thin (0->2),-,too_thin,1
kept_to_narrowed,glyph/19/0/10/9/1,19,0,10,9,363,0.5,0.5 | 1,beam discounted uncertain,ink refused too_thin (0->2),beams_by_stem 1->0,too_thin,1
kept_to_narrowed,glyph/19/0/11/1/5,19,0,11,1,355,0.1875,0.75 | 1.5,beam discounted uncertain,ink refused too_thin (0->3),-,too_thin,3
kept_to_narrowed,glyph/19/0/11/2/3,19,0,11,2,356,0.25,0.5 | 1,beam discounted uncertain,ink refused too_thin (0->2),-,too_thin,2
kept_to_narrowed,glyph/19/0/11/3/0,19,0,11,3,357,0.25,0.5 | 1,beam discounted uncertain,ink refused too_thin (0->3),-,too_thin,2
kept_to_narrowed,glyph/19/0/11/8/3,19,0,11,8,362,0.375,0.75 | 1.5,beam discounted uncertain,ink refused too_thin (0->2),-,too_thin,2
kept_to_narrowed,glyph/19/0/11/9/11,19,0,11,9,363,0.25,0.5 | 1,beam discounted uncertain,ink refused too_thin (0->2),beams_by_stem 2->0,too_thin,2
kept_to_narrowed,glyph/19/0/11/10/1,19,0,11,10,364,0.75,0.75 | 1.5,beam discounted uncertain,ink refused too_thin (0->1),-,too_thin,1
kept_to_narrowed,glyph/19/0/12/1/0,19,0,12,1,355,0.75,0.75 | 1.5,beam discounted uncertain,ink refused too_thin (0->1),-,too_thin,1
kept_to_narrowed,glyph/19/0/12/2/0,19,0,12,2,356,0.75,0.75 | 1.5,beam discounted uncertain,ink refused too_thin (0->2),-,too_thin,1
kept_to_narrowed,glyph/19/0/12/3/1,19,0,12,3,357,0.5,0.5 | 1,beam discounted uncertain,ink refused too_thin (0->1),beams_by_stem 1->0,too_thin,1
kept_to_narrowed,glyph/19/0/12/7/1,19,0,12,7,361,0.75,0.75 | 1.5,beam discounted uncertain,ink refused too_thin (0->3),-,too_thin,1
kept_to_narrowed,glyph/19/0/12/8/3,19,0,12,8,362,0.25,0.5 | 1,beam discounted uncertain,ink refused too_thin (0->2),-,too_thin,2
kept_to_narrowed,glyph/19/0/12/10/3,19,0,12,10,364,0.5,0.5 | 1,beam discounted uncertain,ink refused too_thin (0->1),-,too_thin,1
kept_to_narrowed,glyph/19/0/13/3/2,19,0,13,3,357,0.75,0.75 | 1.5,beam discounted uncertain,ink refused too_thin (0->1),-,too_thin,1
kept_to_narrowed,glyph/19/1/0/1/1,19,1,0,1,366,0.5,0.5 | 1,beam discounted uncertain,ink refused too_thin (0->1) + stem side None->down,-,too_thin,1
kept_to_narrowed,glyph/19/1/0/1/7,19,1,0,1,366,0.5,0.5 | 1,beam discounted uncertain,ink refused too_thin (0->1) + stem side None->down,-,too_thin,1
kept_to_narrowed,glyph/19/1/0/1/10,19,1,0,1,366,0.5,2 | 1 | 4,head fill from ink,ink refused too_thin (0->1),-,too_thin,1
kept_to_narrowed,glyph/19/1/0/4/1,19,1,0,4,369,0.75,0.75 | 1.5,beam discounted uncertain,ink refused too_thin (0->1) + stem side None->down,-,too_thin,1
kept_to_narrowed,glyph/19/1/0/4/6,19,1,0,4,369,0.75,0.75 | 1.5,beam discounted uncertain,ink refused too_thin (0->1),beams_by_stem 1->0,too_thin,1
kept_to_narrowed,glyph/19/1/0/4/7,19,1,0,4,369,0.75,0.75 | 1.5,beam discounted uncertain,ink refused too_thin (0->1),-,too_thin,1
kept_to_narrowed,glyph/19/1/1/1/1,19,1,1,1,366,0.5,0.5 | 1,beam discounted uncertain,ink refused too_thin (0->1),-,too_thin,1
kept_to_narrowed,glyph/19/1/1/1/2,19,1,1,1,366,0.5,0.5 | 1,beam discounted uncertain,ink refused too_thin (0->1) + stem side None->down,-,too_thin,1
kept_to_narrowed,glyph/19/1/3/1/3,19,1,3,1,366,1,0.5 | 1,beam discounted uncertain,stem side None->down,-,,0
kept_to_narrowed,glyph/19/1/3/2/1,19,1,3,2,367,0.25,0.5 | 1,beam discounted uncertain,ink refused too_thin (0->2) + stem side None->down,-,too_thin,2
kept_to_narrowed,glyph/19/1/3/2/7,19,1,3,2,367,0.25,0.5 | 1,beam discounted uncertain,ink refused too_thin (0->2),-,too_thin,2
kept_to_narrowed,glyph/19/1/4/1/0,19,1,4,1,366,0.5,0.5 | 1,beam discounted uncertain,ink refused too_thin (0->1),-,too_thin,1
kept_to_narrowed,glyph/19/1/5/1/2,19,1,5,1,366,0.5,0.5 | 1,beam discounted uncertain,ink refused too_thin (0->1),-,too_thin,1
kept_to_narrowed,glyph/19/1/5/1/3,19,1,5,1,366,0.75,0.75 | 1.5,beam discounted uncertain,ink refused too_thin (0->2),beams_by_stem 1->0,too_thin,1
kept_to_narrowed,glyph/19/1/5/1/12,19,1,5,1,366,0.5,0.5 | 1,beam discounted uncertain,ink refused too_thin (0->1),-,too_thin,1
kept_to_narrowed,glyph/19/1/5/1/15,19,1,5,1,366,0.75,0.75 | 1.5,beam discounted uncertain,ink refused too_thin (0->2),beams_by_stem 1->0,too_thin,1
kept_to_narrowed,glyph/19/1/5/2/0,19,1,5,2,367,0.5,0.5 | 1,beam discounted uncertain,ink refused too_thin (0->1),beams_by_stem 1->0,too_thin,1
kept_to_narrowed,glyph/19/1/5/2/13,19,1,5,2,367,0.5,0.5 | 1,beam discounted uncertain,ink refused too_thin (0->1),beams_by_stem 1->0,too_thin,1
kept_to_narrowed,glyph/19/1/5/6/0,19,1,5,6,371,0.75,0.75 | 1.5,beam discounted uncertain,ink refused too_thin (0->1),-,too_thin,1
kept_to_narrowed,glyph/19/1/5/6/2,19,1,5,6,371,0.75,0.75 | 1.5,beam discounted uncertain,ink refused too_thin (0->1),-,too_thin,1
kept_to_narrowed,glyph/19/1/6/0/2,19,1,6,0,365,0.5,0.5 | 1,beam discounted uncertain,ink refused too_thin (0->3),beams_by_stem 1->0,too_thin,1
kept_to_narrowed,glyph/19/1/8/2/7,19,1,8,2,367,0.75,0.75 | 1.5,beam discounted uncertain,ink refused too_thin (0->1),beams_by_stem 1->0,too_thin,1
kept_to_narrowed,glyph/19/1/8/3/17,19,1,8,3,368,0.125,0.5 | 1,beam discounted uncertain,ink refused no_stem_at_ends/too_thin (0->4),-,no_stem_at_ends/too_thin,3
kept_to_narrowed,glyph/19/1/8/4/4,19,1,8,4,369,0.25,0.5 | 1,beam discounted uncertain,ink refused too_thin (0->3),beams_by_stem 2->0,too_thin,2
kept_to_narrowed,glyph/19/1/8/4/9,19,1,8,4,369,0.75,0.75 | 1.5,beam discounted uncertain,ink refused too_thin (0->3),beams_by_stem 1->0,too_thin,1
kept_to_narrowed,glyph/19/1/8/5/4,19,1,8,5,370,0.25,0.5 | 1,beam discounted uncertain,ink refused too_thin (0->2),beams_by_stem 1->0,too_thin,2
kept_to_narrowed,glyph/19/1/9/6/15,19,1,9,6,371,0.5,0.5 | 1,beam discounted uncertain,ink refused too_thin (0->1),-,too_thin,1
kept_to_narrowed,glyph/19/1/10/3/11,19,1,10,3,368,0.5,0.5 | 1,beam discounted uncertain,ink refused not_straight/too_thin (0->2),-,not_straight/too_thin,1
kept_to_narrowed,glyph/19/1/11/2/1,19,1,11,2,367,0.5,0.5 | 1,beam discounted uncertain,ink refused too_thin (0->1),-,too_thin,1
kept_to_narrowed,glyph/19/1/12/2/6,19,1,12,2,367,1.5,0.75 | 1.5,beam discounted uncertain,far-side strokes 0->1 + stem side None->down,-,,0
kept_to_narrowed,glyph/20/0/1/6/3,20,0,1,6,380,0.5,0.5 | 1,beam discounted uncertain,ink refused too_thin (0->5),-,too_thin,1
kept_to_narrowed,glyph/20/0/3/6/6,20,0,3,6,380,0.5,0.5 | 1,beam discounted uncertain,ink refused too_thin (0->5),-,too_thin,1
kept_to_narrowed,glyph/20/0/3/6/9,20,0,3,6,380,0.125,0.5 | 1,beam discounted uncertain,ink refused too_thin (0->7),-,too_thin,3
kept_to_narrowed,glyph/20/0/8/5/5,20,0,8,5,379,0.125,0.5 | 1,beam discounted uncertain,ink refused too_thin (0->3) + stem side None->down,-,too_thin,3
kept_to_narrowed,glyph/20/0/8/6/4,20,0,8,6,380,0.125,0.5 | 1,beam discounted uncertain,ink refused too_thin (0->3),-,too_thin,3
kept_to_narrowed,glyph/20/0/8/6/5,20,0,8,6,380,0.1875,0.75 | 1.5,beam discounted uncertain,ink refused too_thin (0->3),-,too_thin,3
kept_to_narrowed,glyph/20/0/9/2/3,20,0,9,2,376,0.25,0.5 | 1,beam discounted uncertain,ink refused too_thin (0->2),-,too_thin,2
kept_to_narrowed,glyph/20/0/9/5/4,20,0,9,5,379,0.0625,0.5 | 1,beam discounted uncertain,ink refused too_thin (0->4),-,too_thin,4
kept_to_narrowed,glyph/20/0/9/6/2,20,0,9,6,380,0.5,0.5 | 1,beam discounted uncertain,ink refused too_thin (0->2),-,too_thin,1
kept_to_narrowed,glyph/20/0/9/6/3,20,0,9,6,380,0.75,0.75 | 1.5,beam discounted uncertain,ink refused too_thin (0->2),-,too_thin,1
kept_to_narrowed,glyph/20/0/11/2/3,20,0,11,2,376,0.25,0.5 | 1,beam discounted uncertain,ink refused too_thin (0->2),-,too_thin,2
kept_to_narrowed,glyph/20/0/11/2/5,20,0,11,2,376,0.25,0.5 | 1,beam discounted uncertain,ink refused too_thin (0->2),-,too_thin,2
kept_to_narrowed,glyph/20/0/11/6/8,20,0,11,6,380,0.5,0.5 | 1,beam discounted uncertain,ink refused no_stem_at_ends (0->1),beams_by_stem 1->0,no_stem_at_ends,1
kept_to_narrowed,glyph/20/0/11/6/11,20,0,11,6,380,0.5,0.5 | 1,beam discounted uncertain,ink refused no_stem_at_ends (0->1),beams_by_stem 1->0,no_stem_at_ends,1
kept_to_narrowed,glyph/20/0/12/3/1,20,0,12,3,377,0.5,0.5 | 1,beam discounted uncertain,ink refused too_thin (0->1),beams_by_stem 1->0,too_thin,1
kept_to_narrowed,glyph/20/1/0/5/3,20,1,0,5,388,0.75,0.75 | 1.5,beam discounted uncertain,ink refused too_thin (0->1),-,too_thin,1
kept_to_narrowed,glyph/20/1/0/5/6,20,1,0,5,388,0.75,0.75 | 1.5,beam discounted uncertain,ink refused too_thin (0->1),beams_by_stem 1->0,too_thin,1
kept_to_narrowed,glyph/20/1/1/5/1,20,1,1,5,388,0.75,0.75 | 1.5,beam discounted uncertain,ink refused too_thin (0->3),beams_by_stem 1->0,too_thin,1
kept_to_narrowed,glyph/20/1/1/5/8,20,1,1,5,388,0.5,0.5 | 1,beam discounted uncertain,ink refused too_thin (0->3),beams_by_stem 1->0,too_thin,1
kept_to_narrowed,glyph/20/1/2/4/9,20,1,2,4,387,0.375,0.75 | 1.5,beam discounted uncertain,ink refused too_thin (0->2),-,too_thin,2
kept_to_narrowed,glyph/20/1/2/4/10,20,1,2,4,387,0.375,0.75 | 1.5,beam discounted uncertain,ink refused too_thin (0->2),-,too_thin,2
kept_to_narrowed,glyph/20/1/2/5/7,20,1,2,5,388,0.75,0.75 | 1.5,beam discounted uncertain,ink refused too_thin (0->1),-,too_thin,1
kept_to_narrowed,glyph/20/1/2/5/14,20,1,2,5,388,0.75,0.75 | 1.5,beam discounted uncertain,ink refused too_thin (0->1),-,too_thin,1
kept_to_narrowed,glyph/20/1/2/8/4,20,1,2,8,391,0.25,0.5 | 1,beam discounted uncertain,ink refused too_thin (0->2),-,too_thin,2
kept_to_narrowed,glyph/20/1/2/8/5,20,1,2,8,391,0.25,0.5 | 1,beam discounted uncertain,ink refused too_thin (0->2),-,too_thin,2
kept_to_narrowed,glyph/20/1/3/4/2,20,1,3,4,387,0.75,0.75 | 1.5,beam discounted uncertain,ink refused too_thin (0->1),-,too_thin,1
kept_to_narrowed,glyph/20/1/3/4/7,20,1,3,4,387,0.75,0.75 | 1.5,beam discounted uncertain,ink refused too_thin (0->1),-,too_thin,1
kept_to_narrowed,glyph/20/1/3/7/0,20,1,3,7,390,0.5,0.5 | 1,beam discounted uncertain,ink refused too_thin (0->1),-,too_thin,1
kept_to_narrowed,glyph/20/1/3/7/1,20,1,3,7,390,0.5,0.5 | 1,beam discounted uncertain,ink refused too_thin (0->1),-,too_thin,1
kept_to_narrowed,glyph/20/1/4/5/3,20,1,4,5,388,0.75,0.75 | 1.5,beam discounted uncertain,ink refused too_thin (0->2),-,too_thin,1
kept_to_narrowed,glyph/20/1/4/7/4,20,1,4,7,390,0.25,0.5 | 1,beam discounted uncertain,ink refused too_thin (0->2),-,too_thin,2
kept_to_narrowed,glyph/20/1/4/7/5,20,1,4,7,390,0.25,0.5 | 1,beam discounted uncertain,ink refused too_thin (0->2),-,too_thin,2
kept_to_narrowed,glyph/20/1/7/7/0,20,1,7,7,390,0.5,0.5 | 1,beam discounted uncertain,ink refused too_thin (0->1),-,too_thin,1
kept_to_narrowed,glyph/20/1/7/8/0,20,1,7,8,391,0.5,0.5 | 1,beam discounted uncertain,ink refused too_thin (0->1),-,too_thin,1
kept_to_narrowed,glyph/20/1/8/5/7,20,1,8,5,388,0.5,0.5 | 1,beam discounted uncertain,ink refused too_thin (0->1),beams_by_stem 1->0,too_thin,1
kept_to_narrowed,glyph/20/1/8/5/9,20,1,8,5,388,0.5,0.5 | 1,beam discounted uncertain,ink refused too_thin (0->1),-,too_thin,1
kept_to_narrowed,glyph/20/1/9/4/5,20,1,9,4,387,0.25,0.5 | 1,beam discounted uncertain,ink refused too_thin (0->2),-,too_thin,2
kept_to_narrowed,glyph/20/1/10/1/15,20,1,10,1,384,0.03125,0.5 | 1,beam discounted uncertain,ink refused too_thin (0->5),-,too_thin,5
kept_to_narrowed,glyph/21/0/1/0/10,21,0,1,0,392,0.5,0.5 | 1,beam discounted uncertain,ink refused too_thin (0->1),-,too_thin,1
kept_to_narrowed,glyph/21/0/1/0/11,21,0,1,0,392,0.5,0.5 | 1,beam discounted uncertain,ink refused too_thin (0->1),-,too_thin,1
kept_to_narrowed,glyph/21/0/1/1/0,21,0,1,1,393,0.5,0.5 | 1,beam discounted uncertain,ink refused too_thin (0->1),-,too_thin,1
kept_to_narrowed,glyph/21/0/1/1/1,21,0,1,1,393,0.5,0.5 | 1,beam discounted uncertain,ink refused too_thin (0->1),-,too_thin,1
kept_to_narrowed,glyph/21/0/1/6/0,21,0,1,6,398,0.5,0.5 | 1,beam discounted uncertain,ink refused too_thin (0->1),beams_by_stem 1->0,too_thin,1
kept_to_narrowed,glyph/21/0/1/6/1,21,0,1,6,398,0.375,0.75 | 1.5,beam discounted uncertain,ink refused too_thin (0->2),beams_by_stem 2->0,too_thin,2
kept_to_narrowed,glyph/21/0/1/6/6,21,0,1,6,398,0.375,0.75 | 1.5,beam discounted uncertain,ink refused too_thin (0->2),beams_by_stem 2->0,too_thin,2
kept_to_narrowed,glyph/21/0/1/7/0,21,0,1,7,399,0.5,0.5 | 1,beam discounted uncertain,ink refused too_thin (0->1),-,too_thin,1
kept_to_narrowed,glyph/21/0/1/7/3,21,0,1,7,399,0.5,0.5 | 1,beam discounted uncertain,ink refused too_thin (0->1),-,too_thin,1
kept_to_narrowed,glyph/21/0/1/8/4,21,0,1,8,400,0.1875,0.75 | 1.5,beam discounted uncertain,ink refused too_thin (0->3),-,too_thin,3
kept_to_narrowed,glyph/21/0/1/8/5,21,0,1,8,400,0.1875,0.75 | 1.5,beam discounted uncertain,ink refused too_thin (0->3),-,too_thin,3
kept_to_narrowed,glyph/21/0/3/1/4,21,0,3,1,393,0.5,0.5 | 1,beam discounted uncertain,ink refused too_thin (0->2),-,too_thin,1
kept_to_narrowed,glyph/21/0/3/1/12,21,0,3,1,393,0.5,0.5 | 1,beam discounted uncertain,ink refused too_thin (0->2),-,too_thin,1
kept_to_narrowed,glyph/21/0/3/4/1,21,0,3,4,396,0.75,0.75 | 1.5,beam discounted uncertain,ink refused too_thin (0->2),-,too_thin,1
kept_to_narrowed,glyph/21/0/3/4/7,21,0,3,4,396,0.75,0.75 | 1.5,beam discounted uncertain,ink refused too_thin (0->2),-,too_thin,1
kept_to_narrowed,glyph/21/0/3/5/3,21,0,3,5,397,0.375,0.75 | 1.5,beam discounted uncertain,ink refused too_thin (0->3) + far-side strokes 0->1 + stem side None->down,-,too_thin,2
kept_to_narrowed,glyph/21/0/3/6/1,21,0,3,6,398,0.75,0.75 | 1.5,beam discounted uncertain,ink refused too_thin (0->1) + far-side strokes 0->2 + stem side None->down,-,too_thin,1
kept_to_narrowed,glyph/21/0/3/6/7,21,0,3,6,398,0.75,0.75 | 1.5,beam discounted uncertain,ink refused too_thin (0->3),-,too_thin,1
kept_to_narrowed,glyph/21/0/3/6/8,21,0,3,6,398,0.75,0.75 | 1.5,beam discounted uncertain,ink refused too_thin (0->1),-,too_thin,1
kept_to_narrowed,glyph/21/0/3/6/14,21,0,3,6,398,0.75,0.75 | 1.5,beam discounted uncertain,ink refused too_thin (0->1),-,too_thin,1
kept_to_narrowed,glyph/21/0/3/8/8,21,0,3,8,400,0.75,0.75 | 1.5,beam discounted uncertain,ink refused too_thin (0->3),-,too_thin,1
kept_to_narrowed,glyph/21/0/3/8/10,21,0,3,8,400,0.75,0.75 | 1.5,beam discounted uncertain,ink refused too_thin (0->3),-,too_thin,1
kept_to_narrowed,glyph/21/0/4/1/4,21,0,4,1,393,0.5,0.5 | 1,beam discounted uncertain,ink refused too_thin (0->1),beams_by_stem 1->0,too_thin,1
kept_to_narrowed,glyph/21/0/4/2/2,21,0,4,2,394,0.375,0.75 | 1.5,beam discounted uncertain,ink refused too_thin (0->2),beams_by_stem 1->0,too_thin,2
kept_to_narrowed,glyph/21/0/4/6/1,21,0,4,6,398,0.375,0.75 | 1.5,beam discounted uncertain,ink refused too_thin (0->2),beams_by_stem 2->0,too_thin,2
kept_to_narrowed,glyph/21/0/4/6/3,21,0,4,6,398,0.375,0.75 | 1.5,beam discounted uncertain,ink refused too_thin (0->2),beams_by_stem 2->0,too_thin,2
kept_to_narrowed,glyph/21/0/4/6/8,21,0,4,6,398,0.25,0.5 | 1,beam discounted uncertain,ink refused too_thin (0->2),beams_by_stem 2->0,too_thin,2
kept_to_narrowed,glyph/21/0/4/8/3,21,0,4,8,400,0.5,0.5 | 1,beam discounted uncertain,ink refused too_thin (0->1),beams_by_stem 1->0,too_thin,1
kept_to_narrowed,glyph/21/0/4/8/7,21,0,4,8,400,0.75,0.75 | 1.5,beam discounted uncertain,ink refused too_thin (0->5),beams_by_stem 1->0,too_thin,1
kept_to_narrowed,glyph/21/0/10/0/3,21,0,10,0,392,0.5,0.5 | 1,beam discounted uncertain,ink refused too_thin (0->1),beams_by_stem 1->0,too_thin,1
kept_to_narrowed,glyph/21/0/10/0/5,21,0,10,0,392,0.5,0.5 | 1,beam discounted uncertain,ink refused too_thin (0->1),-,too_thin,1
kept_to_narrowed,glyph/21/0/10/0/12,21,0,10,0,392,0.5,0.5 | 1,beam discounted uncertain,ink refused too_thin (0->1),-,too_thin,1
kept_to_narrowed,glyph/21/0/10/1/2,21,0,10,1,393,0.5,0.5 | 1,beam discounted uncertain,ink refused too_thin (0->1),beams_by_stem 1->0,too_thin,1
kept_to_narrowed,glyph/21/0/10/3/1,21,0,10,3,395,0.25,0.5 | 1,beam discounted uncertain,ink refused too_thin (0->2),-,too_thin,2
kept_to_narrowed,glyph/21/1/0/9/2,21,1,0,9,410,0.25,0.5 | 1,beam discounted uncertain,ink refused too_thin (0->3),-,too_thin,2
kept_to_narrowed,glyph/21/1/0/9/6,21,1,0,9,410,0.1875,0.75 | 1.5,beam discounted uncertain,ink refused too_thin (0->4),-,too_thin,3
kept_to_narrowed,glyph/21/1/0/9/7,21,1,0,9,410,0.25,0.5 | 1,beam discounted uncertain,ink refused too_thin (0->3),-,too_thin,2
kept_to_narrowed,glyph/21/1/0/9/8,21,1,0,9,410,0.1875,0.75 | 1.5,beam discounted uncertain,ink refused too_thin (0->3) + far-side strokes 0->1 + stem side None->down,-,too_thin,3
kept_to_narrowed,glyph/21/1/1/5/5,21,1,1,5,406,0.5,0.5 | 1,beam discounted uncertain,ink refused too_thin (0->3),-,too_thin,1
kept_to_narrowed,glyph/21/1/1/6/1,21,1,1,6,407,0.75,0.75 | 1.5,beam discounted uncertain,ink refused too_thin (0->1),beams_by_stem 1->0,too_thin,1
kept_to_narrowed,glyph/21/1/1/6/4,21,1,1,6,407,0.75,0.75 | 1.5,beam discounted uncertain,ink refused too_thin (0->1),-,too_thin,1
kept_to_narrowed,glyph/21/1/1/7/0,21,1,1,7,408,0.75,0.75 | 1.5,beam discounted uncertain,ink refused too_thin (0->1),beams_by_stem 1->0,too_thin,1
kept_to_narrowed,glyph/21/1/1/7/2,21,1,1,7,408,0.75,0.75 | 1.5,beam discounted uncertain,ink refused too_thin (0->1),-,too_thin,1
kept_to_narrowed,glyph/21/1/1/8/9,21,1,1,8,409,0.5,0.5 | 1,beam discounted uncertain,ink refused too_thin (0->3),-,too_thin,1
kept_to_narrowed,glyph/21/1/1/8/10,21,1,1,8,409,0.75,0.75 | 1.5,beam discounted uncertain,ink refused too_thin (0->1),-,too_thin,1
kept_to_narrowed,glyph/21/1/1/9/3,21,1,1,9,410,0.125,0.5 | 1,beam discounted uncertain,ink refused too_thin (0->3),beams_by_stem 1->0,too_thin,3
kept_to_narrowed,glyph/21/1/1/10/4,21,1,1,10,411,0.75,0.75 | 1.5,beam discounted uncertain,ink refused too_thin (0->1),beams_by_stem 1->0,too_thin,1
kept_to_narrowed,glyph/21/1/1/10/6,21,1,1,10,411,0.75,0.75 | 1.5,beam discounted uncertain,ink refused too_thin (0->1),-,too_thin,1
kept_to_narrowed,glyph/21/1/2/0/17,21,1,2,0,401,0.5,0.5 | 1,beam discounted uncertain,ink refused too_thin (0->1),-,too_thin,1
kept_to_narrowed,glyph/21/1/2/5/5,21,1,2,5,406,0.5,0.5 | 1,beam discounted uncertain,ink refused too_thin (0->1),beams_by_stem 1->0,too_thin,1
kept_to_narrowed,glyph/21/1/2/9/6,21,1,2,9,410,0.0234375,0.75 | 1.5,beam discounted uncertain,ink refused too_thin (0->6),-,too_thin,6
kept_to_narrowed,glyph/21/1/2/9/7,21,1,2,9,410,0.015625,0.5 | 1,beam discounted uncertain,ink refused too_thin (0->6),-,too_thin,6
kept_to_narrowed,glyph/21/1/3/0/8,21,1,3,0,401,1,0.5 | 1,beam discounted uncertain,stem side None->down,-,,0
kept_to_narrowed,glyph/21/1/3/1/1,21,1,3,1,402,0.1875,0.75 | 1.5,beam discounted uncertain,ink refused too_thin (0->5),-,too_thin,3
kept_to_narrowed,glyph/21/1/3/1/18,21,1,3,1,402,0.1875,0.75 | 1.5,beam discounted uncertain,ink refused too_thin (0->5),-,too_thin,3
kept_to_narrowed,glyph/21/1/3/2/7,21,1,3,2,403,0.75,0.75 | 1.5,beam discounted uncertain,ink refused too_thin (0->4),-,too_thin,1
kept_to_narrowed,glyph/21/1/3/3/4,21,1,3,3,404,0.75,0.75 | 1.5,beam discounted uncertain,ink refused too_thin (0->2),-,too_thin,1
kept_to_narrowed,glyph/21/1/3/3/8,21,1,3,3,404,0.5,0.5 | 1,beam discounted uncertain,ink refused too_thin (0->2),-,too_thin,1
kept_to_narrowed,glyph/21/1/3/5/1,21,1,3,5,406,0.1875,0.75 | 1.5,beam discounted uncertain,ink refused too_thin (0->6),-,too_thin,3
kept_to_narrowed,glyph/21/1/3/5/14,21,1,3,5,406,0.1875,0.75 | 1.5,beam discounted uncertain,ink refused too_thin (0->6),-,too_thin,3
kept_to_narrowed,glyph/21/1/3/8/0,21,1,3,8,409,0.75,0.75 | 1.5,beam discounted uncertain,ink refused too_thin (0->2),-,too_thin,1
kept_to_narrowed,glyph/21/1/3/8/6,21,1,3,8,409,0.5,0.5 | 1,beam discounted uncertain,ink refused too_thin (0->4),-,too_thin,1
kept_to_narrowed,glyph/21/1/3/8/10,21,1,3,8,409,0.5,0.5 | 1,beam discounted uncertain,ink refused too_thin (0->2),-,too_thin,1
kept_to_narrowed,glyph/21/1/3/9/3,21,1,3,9,410,0.375,0.75 | 1.5,beam discounted uncertain,ink refused too_thin (0->2),-,too_thin,2
kept_to_narrowed,glyph/21/1/3/9/9,21,1,3,9,410,0.25,0.5 | 1,beam discounted uncertain,ink refused too_thin (0->2),-,too_thin,2
kept_to_narrowed,glyph/21/1/4/1/5,21,1,4,1,402,0.375,0.75 | 1.5,beam discounted uncertain,ink refused too_thin (0->3),-,too_thin,2
kept_to_narrowed,glyph/21/1/4/1/6,21,1,4,1,402,0.1875,0.75 | 1.5,beam discounted uncertain,ink refused too_thin (0->3),-,too_thin,3
kept_to_narrowed,glyph/21/1/4/1/10,21,1,4,1,402,0.375,0.75 | 1.5,beam discounted uncertain,ink refused too_thin (0->3),-,too_thin,2
kept_to_narrowed,glyph/21/1/4/1/11,21,1,4,1,402,0.1875,0.75 | 1.5,beam discounted uncertain,ink refused too_thin (0->3),-,too_thin,3
kept_to_narrowed,glyph/21/1/4/2/0,21,1,4,2,403,0.5,0.5 | 1,beam discounted uncertain,ink refused too_thin (0->1),beams_by_stem 1->0,too_thin,1
kept_to_narrowed,glyph/21/1/4/2/4,21,1,4,2,403,0.75,0.75 | 1.5,beam discounted uncertain,ink refused too_thin (0->1),beams_by_stem 1->0,too_thin,1
kept_to_narrowed,glyph/21/1/4/2/14,21,1,4,2,403,0.75,0.75 | 1.5,beam discounted uncertain,ink refused too_thin (0->1),beams_by_stem 1->0,too_thin,1
kept_to_narrowed,glyph/21/1/4/7/1,21,1,4,7,408,0.5,0.5 | 1,beam discounted uncertain,ink refused one_stem/too_thin (0->3),-,one_stem/too_thin,1
kept_to_narrowed,glyph/21/1/6/0/4,21,1,6,0,401,0.5,0.5 | 1,beam discounted uncertain,ink refused too_thin (0->2),-,too_thin,1
kept_to_narrowed,glyph/21/1/6/1/3,21,1,6,1,402,0.25,0.5 | 1,beam discounted uncertain,ink refused too_thin (0->3),beams_by_stem 1->0,too_thin,2
kept_to_narrowed,glyph/21/1/6/1/4,21,1,6,1,402,0.375,0.75 | 1.5,beam discounted uncertain,ink refused too_thin (0->3),beams_by_stem 1->0,too_thin,2
kept_to_narrowed,glyph/21/1/6/2/2,21,1,6,2,403,0.375,0.75 | 1.5,beam discounted uncertain,ink refused too_thin (0->2),-,too_thin,2
kept_to_narrowed,glyph/21/1/6/3/1,21,1,6,3,404,0.5,0.5 | 1,beam discounted uncertain,ink refused too_thin (0->3),-,too_thin,1
kept_to_narrowed,glyph/21/1/6/3/2,21,1,6,3,404,0.5,0.5 | 1,beam discounted uncertain,ink refused too_thin (0->3),-,too_thin,1
kept_to_narrowed,glyph/21/1/6/9/2,21,1,6,9,410,0.5,0.5 | 1,beam discounted uncertain,ink refused too_thin (0->1),beams_by_stem 1->0,too_thin,1
kept_to_narrowed,glyph/21/1/6/9/3,21,1,6,9,410,0.75,0.75 | 1.5,beam discounted uncertain,ink refused too_thin (0->1),-,too_thin,1
kept_to_narrowed,glyph/21/1/7/2/14,21,1,7,2,403,0.75,0.75 | 1.5,beam discounted uncertain,ink refused too_thin (0->1),-,too_thin,1
kept_to_narrowed,glyph/21/1/7/3/4,21,1,7,3,404,0.5,0.5 | 1,beam discounted uncertain,ink refused too_thin (0->5),beams_by_stem 1->0,too_thin,1
kept_to_narrowed,glyph/21/1/9/1/0,21,1,9,1,402,0.046875,0.75 | 1.5,beam discounted uncertain,ink refused too_thin (0->7),-,too_thin,5
kept_to_narrowed,glyph/21/1/9/1/10,21,1,9,1,402,0.375,0.75 | 1.5,beam discounted uncertain,ink refused too_thin (0->3),-,too_thin,2
kept_to_narrowed,glyph/21/1/9/1/15,21,1,9,1,402,0.03125,0.5 | 1,beam discounted uncertain,ink refused too_thin (0->7),-,too_thin,5
kept_to_narrowed,glyph/21/1/9/2/1,21,1,9,2,403,0.5,0.5 | 1,beam discounted uncertain,ink refused too_thin (0->2),-,too_thin,1
kept_to_narrowed,glyph/21/1/9/2/4,21,1,9,2,403,0.75,0.75 | 1.5,beam discounted uncertain,ink refused too_thin (0->2),-,too_thin,1
kept_to_narrowed,glyph/21/1/9/3/14,21,1,9,3,404,0.25,0.5 | 1,beam discounted uncertain,ink refused too_thin (0->2),-,too_thin,2
kept_to_narrowed,glyph/21/1/10/1/2,21,1,10,1,402,0.375,0.75 | 1.5,beam discounted uncertain,ink refused too_thin (0->3),beams_by_stem 1->0,too_thin,2
kept_to_narrowed,glyph/21/1/10/1/7,21,1,10,1,402,0.25,0.5 | 1,beam discounted uncertain,ink refused too_thin (0->3),beams_by_stem 1->0,too_thin,2
kept_to_narrowed,glyph/21/1/10/1/8,21,1,10,1,402,0.125,0.5 | 1,beam discounted uncertain,ink refused too_thin (0->4),-,too_thin,3
kept_to_narrowed,glyph/21/1/10/2/4,21,1,10,2,403,0.1875,0.75 | 1.5,beam discounted uncertain,ink refused too_thin (0->3),-,too_thin,3
kept_to_narrowed,glyph/21/1/10/3/0,21,1,10,3,404,0.75,0.75 | 1.5,beam discounted uncertain,ink refused too_thin (0->2),-,too_thin,1
kept_to_narrowed,glyph/21/1/10/3/2,21,1,10,3,404,0.5,0.5 | 1,beam discounted uncertain,ink refused too_thin (0->2),-,too_thin,1
kept_to_narrowed,glyph/22/0/0/1/3,22,0,0,1,413,0.1875,0.75 | 1.5,beam discounted uncertain,ink refused too_thin (0->4),-,too_thin,3
kept_to_narrowed,glyph/22/0/0/1/5,22,0,0,1,413,0.5,0.5 | 1,beam discounted uncertain,ink refused too_thin (0->1),-,too_thin,1
kept_to_narrowed,glyph/22/0/0/1/6,22,0,0,1,413,0.1875,0.75 | 1.5,beam discounted uncertain,ink refused too_thin (0->3),-,too_thin,3
kept_to_narrowed,glyph/22/0/0/2/7,22,0,0,2,414,0.375,0.75 | 1.5,beam discounted uncertain,ink refused too_thin (0->2),-,too_thin,2
kept_to_narrowed,glyph/22/0/0/2/9,22,0,0,2,414,0.25,0.5 | 1,beam discounted uncertain,ink refused too_thin (0->2),-,too_thin,2
kept_to_narrowed,glyph/22/0/0/3/0,22,0,0,3,415,0.375,0.75 | 1.5,beam discounted uncertain,ink refused too_thin (0->2),-,too_thin,2
kept_to_narrowed,glyph/22/0/0/3/5,22,0,0,3,415,0.375,0.75 | 1.5,beam discounted uncertain,ink refused too_thin (0->2),-,too_thin,2
kept_to_narrowed,glyph/22/0/0/4/4,22,0,0,4,416,0.375,0.75 | 1.5,beam discounted uncertain,ink refused too_thin (0->2),-,too_thin,2
kept_to_narrowed,glyph/22/0/0/4/7,22,0,0,4,416,0.375,0.75 | 1.5,beam discounted uncertain,ink refused too_thin (0->2),-,too_thin,2
kept_to_narrowed,glyph/22/0/0/4/8,22,0,0,4,416,0.125,0.5 | 1,beam discounted uncertain,ink refused too_thin (0->4),-,too_thin,3
kept_to_narrowed,glyph/22/0/0/5/0,22,0,0,5,417,0.75,0.75 | 1.5,beam discounted uncertain,ink refused too_thin (0->1),-,too_thin,1
kept_to_narrowed,glyph/22/0/0/5/2,22,0,0,5,417,0.75,0.75 | 1.5,beam discounted uncertain,ink refused too_thin (0->1),-,too_thin,1
kept_to_narrowed,glyph/22/0/0/6/3,22,0,0,6,418,0.1875,0.75 | 1.5,beam discounted uncertain,ink refused too_thin (0->3),-,too_thin,3
kept_to_narrowed,glyph/22/0/0/6/9,22,0,0,6,418,0.1875,0.75 | 1.5,beam discounted uncertain,ink refused too_thin (0->3),-,too_thin,3
kept_to_narrowed,glyph/22/0/1/1/8,22,0,1,1,413,0.25,0.5 | 1,beam discounted uncertain,ink refused too_thin (0->4),-,too_thin,2
kept_to_narrowed,glyph/22/0/1/2/3,22,0,1,2,414,0.75,0.75 | 1.5,beam discounted uncertain,ink refused too_thin (0->1),-,too_thin,1
kept_to_narrowed,glyph/22/0/1/2/4,22,0,1,2,414,0.25,0.5 | 1,beam discounted uncertain,ink refused too_thin (0->2),-,too_thin,2
kept_to_narrowed,glyph/22/0/1/2/6,22,0,1,2,414,0.5,0.5 | 1,beam discounted uncertain,ink refused too_thin (0->1),-,too_thin,1
kept_to_narrowed,glyph/22/0/1/4/4,22,0,1,4,416,0.5,0.5 | 1,beam discounted uncertain,ink refused too_thin (0->1),-,too_thin,1
kept_to_narrowed,glyph/22/0/1/4/7,22,0,1,4,416,0.125,0.5 | 1,beam discounted uncertain,ink refused too_thin (0->4),beams_by_stem 1->0,too_thin,3
kept_to_narrowed,glyph/22/0/1/4/8,22,0,1,4,416,0.75,0.75 | 1.5,beam discounted uncertain,ink refused too_thin (0->1),-,too_thin,1
kept_to_narrowed,glyph/22/0/1/5/3,22,0,1,5,417,0.25,0.5 | 1,beam discounted uncertain,ink refused too_thin (0->2),-,too_thin,2
kept_to_narrowed,glyph/22/0/1/6/0,22,0,1,6,418,0.75,0.75 | 1.5,beam discounted uncertain,ink refused too_thin (0->1),beams_by_stem 1->0,too_thin,1
kept_to_narrowed,glyph/22/0/2/2/11,22,0,2,2,414,0.375,0.75 | 1.5,beam discounted uncertain,ink refused too_thin (0->2),-,too_thin,2
kept_to_narrowed,glyph/22/0/2/3/4,22,0,2,3,415,0.375,0.75 | 1.5,beam discounted uncertain,ink refused too_thin (0->5),-,too_thin,2
kept_to_narrowed,glyph/22/0/2/3/6,22,0,2,3,415,0.015625,0.5 | 1,beam discounted uncertain,ink refused too_thin (0->8),beams_by_stem 1->0,too_thin,6
kept_to_narrowed,glyph/22/0/2/4/16,22,0,2,4,416,0.1875,0.75 | 1.5,beam discounted uncertain,ink refused too_thin (0->4),-,too_thin,3
kept_to_narrowed,glyph/22/0/2/5/2,22,0,2,5,417,0.1875,0.75 | 1.5,beam discounted uncertain,ink refused too_thin (0->5),-,too_thin,3
kept_to_narrowed,glyph/22/0/2/5/14,22,0,2,5,417,0.015625,0.5 | 1,beam discounted uncertain,ink refused too_thin (0->5),-,too_thin,6
kept_to_narrowed,glyph/22/0/2/6/2,22,0,2,6,418,0.75,0.75 | 1.5,beam discounted uncertain,ink refused too_thin (0->2),beams_by_stem 1->0,too_thin,1
kept_to_narrowed,glyph/22/0/2/7/10,22,0,2,7,419,0.75,0.75 | 1.5,beam discounted uncertain,ink refused too_thin (0->1),-,too_thin,1
kept_to_narrowed,glyph/22/0/2/8/0,22,0,2,8,420,0.5,0.5 | 1,beam discounted uncertain,ink refused too_thin (0->1),beams_by_stem 1->0,too_thin,1
kept_to_narrowed,glyph/22/0/2/8/2,22,0,2,8,420,0.75,0.75 | 1.5,beam discounted uncertain,ink refused too_thin (0->1),beams_by_stem 1->0,too_thin,1
kept_to_narrowed,glyph/22/0/3/2/3,22,0,3,2,414,0.75,0.75 | 1.5,beam discounted uncertain,ink refused too_thin (0->5),beams_by_stem 1->0,too_thin,1
kept_to_narrowed,glyph/22/0/3/2/7,22,0,3,2,414,0.1875,0.75 | 1.5,beam discounted uncertain,ink refused too_thin (0->4),-,too_thin,3
kept_to_narrowed,glyph/22/0/3/4/5,22,0,3,4,416,0.75,0.75 | 1.5,beam discounted uncertain,ink refused too_thin (0->4),beams_by_stem 1->0,too_thin,1
kept_to_narrowed,glyph/22/0/3/4/6,22,0,3,4,416,0.75,0.75 | 1.5,beam discounted uncertain,ink refused too_thin (0->4),-,too_thin,1
kept_to_narrowed,glyph/22/0/3/6/2,22,0,3,6,418,0.1875,0.75 | 1.5,beam discounted uncertain,ink refused too_thin (0->4),-,too_thin,3
kept_to_narrowed,glyph/22/0/3/6/8,22,0,3,6,418,0.1875,0.75 | 1.5,beam discounted uncertain,ink refused too_thin (0->4),-,too_thin,3
kept_to_narrowed,glyph/22/0/3/7/1,22,0,3,7,419,0.75,0.75 | 1.5,beam discounted uncertain,ink refused too_thin (0->2),-,too_thin,1
kept_to_narrowed,glyph/22/0/3/7/2,22,0,3,7,419,0.75,0.75 | 1.5,beam discounted uncertain,ink refused too_thin (0->2),-,too_thin,1
kept_to_narrowed,glyph/22/0/3/7/9,22,0,3,7,419,0.75,0.75 | 1.5,beam discounted uncertain,ink refused too_thin (0->2),-,too_thin,1
kept_to_narrowed,glyph/22/0/3/8/3,22,0,3,8,420,0.75,0.75 | 1.5,beam discounted uncertain,ink refused too_thin (0->1),-,too_thin,1
kept_to_narrowed,glyph/22/0/3/8/10,22,0,3,8,420,0.75,0.75 | 1.5,beam discounted uncertain,ink refused too_thin (0->1),-,too_thin,1
kept_to_narrowed,glyph/22/0/3/9/0,22,0,3,9,421,0.5,0.5 | 1,beam discounted uncertain,ink refused too_thin (0->1),beams_by_stem 1->0,too_thin,1
kept_to_narrowed,glyph/22/0/3/9/1,22,0,3,9,421,0.5,0.5 | 1,beam discounted uncertain,ink refused too_thin (0->1),beams_by_stem 1->0,too_thin,1
kept_to_narrowed,glyph/22/0/4/1/4,22,0,4,1,413,0.375,0.75 | 1.5,beam discounted uncertain,ink refused too_thin (0->3),-,too_thin,2
kept_to_narrowed,glyph/22/0/4/2/4,22,0,4,2,414,0.125,0.5 | 1,beam discounted uncertain,ink refused too_thin (0->3),beams_by_stem 1->0,too_thin,3
kept_to_narrowed,glyph/22/0/4/2/5,22,0,4,2,414,0.75,0.75 | 1.5,beam discounted uncertain,ink refused too_thin (0->2),-,too_thin,1
kept_to_narrowed,glyph/22/0/4/3/3,22,0,4,3,415,0.375,0.75 | 1.5,beam discounted uncertain,ink refused too_thin (0->2),-,too_thin,2
kept_to_narrowed,glyph/22/0/4/4/1,22,0,4,4,416,0.75,0.75 | 1.5,beam discounted uncertain,ink refused too_thin (0->2),-,too_thin,1
kept_to_narrowed,glyph/22/0/4/4/3,22,0,4,4,416,0.25,0.5 | 1,beam discounted uncertain,ink refused too_thin (0->2),-,too_thin,2
kept_to_narrowed,glyph/22/0/5/8/5,22,0,5,8,420,0.75,0.75 | 1.5,beam discounted uncertain,ink refused too_thin (0->1),-,too_thin,1
kept_to_narrowed,glyph/22/0/6/6/2,22,0,6,6,418,0.375,0.75 | 1.5,beam discounted uncertain,ink refused too_thin (0->2),beams_by_stem 1->0,too_thin,2
kept_to_narrowed,glyph/22/0/6/6/3,22,0,6,6,418,0.375,0.75 | 1.5,beam discounted uncertain,ink refused too_thin (0->2),beams_by_stem 1->0,too_thin,2
kept_to_narrowed,glyph/22/0/6/7/1,22,0,6,7,419,0.375,0.75 | 1.5,beam discounted uncertain,ink refused too_thin (0->2),-,too_thin,2
kept_to_narrowed,glyph/22/0/6/7/2,22,0,6,7,419,0.375,0.75 | 1.5,beam discounted uncertain,ink refused too_thin (0->2),-,too_thin,2
kept_to_narrowed,glyph/22/0/6/8/2,22,0,6,8,420,0.75,0.75 | 1.5,beam discounted uncertain,ink refused too_thin (0->3),beams_by_stem 1->0,too_thin,1
kept_to_narrowed,glyph/22/0/6/8/7,22,0,6,8,420,0.75,0.75 | 1.5,beam discounted uncertain,ink refused too_thin (0->3),beams_by_stem 1->0,too_thin,1
kept_to_narrowed,glyph/22/0/6/9/3,22,0,6,9,421,0.375,0.75 | 1.5,beam discounted uncertain,ink refused too_thin (0->2),-,too_thin,2
kept_to_narrowed,glyph/22/0/6/9/9,22,0,6,9,421,0.375,0.75 | 1.5,beam discounted uncertain,ink refused too_thin (0->2),-,too_thin,2
kept_to_narrowed,glyph/22/0/6/10/1,22,0,6,10,422,0.75,0.75 | 1.5,beam discounted uncertain,ink refused too_thin (0->1),beams_by_stem 1->0,too_thin,1
kept_to_narrowed,glyph/22/0/6/10/3,22,0,6,10,422,0.75,0.75 | 1.5,beam discounted uncertain,ink refused too_thin (0->1),beams_by_stem 1->0,too_thin,1
kept_to_narrowed,glyph/22/0/7/1/3,22,0,7,1,413,0.875,0.75 | 1.5,beam discounted uncertain,ink refused too_thin (0->3),-,too_thin,1
kept_to_narrowed,glyph/22/0/7/2/5,22,0,7,2,414,0.75,0.75 | 1.5,beam discounted uncertain,ink refused too_thin (0->6),beams_by_stem 1->0,too_thin,1
kept_to_narrowed,glyph/22/0/7/2/11,22,0,7,2,414,0.5,0.5 | 1,beam discounted uncertain,ink refused too_thin (0->6),beams_by_stem 1->0,too_thin,1
kept_to_narrowed,glyph/22/0/7/3/3,22,0,7,3,415,0.375,0.75 | 1.5,beam discounted uncertain,ink refused too_thin (0->2),-,too_thin,2
kept_to_narrowed,glyph/22/0/7/4/6,22,0,7,4,416,0.25,0.5 | 1,beam discounted uncertain,ink refused too_thin (0->7),beams_by_stem 2->0,too_thin,2
kept_to_narrowed,glyph/22/0/7/4/8,22,0,7,4,416,0.375,0.75 | 1.5,beam discounted uncertain,ink refused too_thin (0->7),beams_by_stem 2->0,too_thin,2
kept_to_narrowed,glyph/22/0/7/5/7,22,0,7,5,417,0.375,0.75 | 1.5,beam discounted uncertain,ink refused too_thin (0->2),-,too_thin,2
kept_to_narrowed,glyph/22/0/7/6/7,22,0,7,6,418,0.375,0.75 | 1.5,beam discounted uncertain,ink refused too_thin (0->5),beams_by_stem 2->0,too_thin,2
kept_to_narrowed,glyph/22/0/7/6/10,22,0,7,6,418,0.375,0.75 | 1.5,beam discounted uncertain,ink refused too_thin (0->5),beams_by_stem 1->0,too_thin,2
kept_to_narrowed,glyph/22/0/7/7/3,22,0,7,7,419,0.75,0.75 | 1.5,beam discounted uncertain,ink refused too_thin (0->3),-,too_thin,1
kept_to_narrowed,glyph/22/0/7/7/5,22,0,7,7,419,0.75,0.75 | 1.5,beam discounted uncertain,ink refused too_thin (0->3),beams_by_stem 1->0,too_thin,1
kept_to_narrowed,glyph/22/0/7/8/2,22,0,7,8,420,0.375,0.75 | 1.5,beam discounted uncertain,ink refused too_thin (0->5),beams_by_stem 1->0,too_thin,2
kept_to_narrowed,glyph/22/0/7/8/3,22,0,7,8,420,0.375,0.75 | 1.5,beam discounted uncertain,ink refused too_thin (0->5),beams_by_stem 1->0,too_thin,2
kept_to_narrowed,glyph/22/0/7/9/1,22,0,7,9,421,0.09375,0.75 | 1.5,beam discounted uncertain,ink refused too_thin (0->5),beams_by_stem 3->0,too_thin,4
kept_to_narrowed,glyph/22/0/7/11/0,22,0,7,11,423,0.75,0.75 | 1.5,beam discounted uncertain,ink refused too_thin (0->2),-,too_thin,1
kept_to_narrowed,glyph/22/0/7/11/2,22,0,7,11,423,0.75,0.75 | 1.5,beam discounted uncertain,ink refused too_thin (0->2),-,too_thin,1
kept_to_narrowed,glyph/22/0/8/10/1,22,0,8,10,422,0.1875,0.75 | 1.5,beam discounted uncertain,ink refused too_thin (0->3),beams_by_stem 2->0,too_thin,3
kept_to_narrowed,glyph/22/0/8/10/4,22,0,8,10,422,0.1875,0.75 | 1.5,beam discounted uncertain,ink refused too_thin (0->3),beams_by_stem 2->0,too_thin,3
kept_to_narrowed,glyph/22/0/8/11/0,22,0,8,11,423,0.09375,0.75 | 1.5,beam discounted uncertain,ink refused too_thin (0->5),beams_by_stem 2->0,too_thin,4
kept_to_narrowed,glyph/22/0/8/11/6,22,0,8,11,423,0.09375,0.75 | 1.5,beam discounted uncertain,ink refused too_thin (0->5),beams_by_stem 3->0,too_thin,4
kept_to_narrowed,glyph/22/1/2/1/4,22,1,2,1,425,0.375,0.75 | 1.5,beam discounted uncertain,ink refused too_thin (0->2),-,too_thin,2
kept_to_narrowed,glyph/22/1/4/1/4,22,1,4,1,425,0.5,0.5 | 1,beam discounted uncertain,ink refused too_thin (0->2),-,too_thin,1
kept_to_narrowed,glyph/22/1/4/2/0,22,1,4,2,426,0.375,0.75 | 1.5,beam discounted uncertain,ink refused too_thin (0->3),-,too_thin,2
kept_to_narrowed,glyph/22/1/4/2/5,22,1,4,2,426,0.5,0.5 | 1,beam discounted uncertain,ink refused too_thin (0->1),beams_by_stem 1->0,too_thin,1
kept_to_narrowed,glyph/22/1/4/4/1,22,1,4,4,428,0.5,0.5 | 1,beam discounted uncertain,ink refused too_thin (0->1),beams_by_stem 1->0,too_thin,1
kept_to_narrowed,glyph/22/1/4/6/0,22,1,4,6,430,0.375,0.75 | 1.5,beam discounted uncertain,ink refused too_thin (0->2),-,too_thin,2
kept_to_narrowed,glyph/22/1/6/2/0,22,1,6,2,426,0.75,0.75 | 1.5,beam discounted uncertain,ink refused too_thin (0->1),beams_by_stem 1->0,too_thin,1
kept_to_narrowed,glyph/22/1/6/2/2,22,1,6,2,426,0.75,0.75 | 1.5,beam discounted uncertain,ink refused too_thin (0->1),beams_by_stem 1->0,too_thin,1
kept_to_narrowed,glyph/22/1/6/3/1,22,1,6,3,427,0.375,0.75 | 1.5,beam discounted uncertain,ink refused too_thin (0->2),beams_by_stem 2->0,too_thin,2
kept_to_narrowed,glyph/22/1/6/3/2,22,1,6,3,427,0.375,0.75 | 1.5,beam discounted uncertain,ink refused too_thin (0->2),beams_by_stem 2->0,too_thin,2
kept_to_narrowed,glyph/22/1/6/9/1,22,1,6,9,433,0.5,0.5 | 1,beam discounted uncertain,ink refused too_thin (0->1),beams_by_stem 1->0,too_thin,1
kept_to_narrowed,glyph/22/1/6/10/2,22,1,6,10,434,0.25,0.5 | 1,beam discounted uncertain,ink refused too_thin (0->2),beams_by_stem 1->0,too_thin,2
kept_to_narrowed,glyph/22/1/6/10/8,22,1,6,10,434,0.5,0.5 | 1,beam discounted uncertain,ink refused too_thin (0->1),-,too_thin,1
kept_to_narrowed,glyph/22/1/7/1/1,22,1,7,1,425,0.375,0.75 | 1.5,beam discounted uncertain,ink refused too_thin (0->3),beams_by_stem 1->0,too_thin,2
kept_to_narrowed,glyph/22/1/7/1/2,22,1,7,1,425,0.375,0.75 | 1.5,beam discounted uncertain,ink refused too_thin (0->3),beams_by_stem 1->0,too_thin,2
kept_to_narrowed,glyph/22/1/7/2/2,22,1,7,2,426,0.375,0.75 | 1.5,beam discounted uncertain,ink refused too_thin (0->3),beams_by_stem 1->0,too_thin,2
kept_to_narrowed,glyph/22/1/7/2/5,22,1,7,2,426,0.375,0.75 | 1.5,beam discounted uncertain,ink refused too_thin (0->3),beams_by_stem 1->0,too_thin,2
kept_to_narrowed,glyph/22/1/7/3/1,22,1,7,3,427,0.1875,0.75 | 1.5,beam discounted uncertain,ink refused too_thin (0->3),beams_by_stem 2->0,too_thin,3
kept_to_narrowed,glyph/22/1/7/3/2,22,1,7,3,427,0.1875,0.75 | 1.5,beam discounted uncertain,ink refused too_thin (0->3),beams_by_stem 2->0,too_thin,3
kept_to_narrowed,glyph/22/1/7/4/1,22,1,7,4,428,0.875,0.875 | 1.75,beam discounted uncertain,ink refused too_thin (0->1),-,too_thin,1
kept_to_narrowed,glyph/22/1/7/4/4,22,1,7,4,428,0.75,0.75 | 1.5,beam discounted uncertain,ink refused too_thin (0->1),-,too_thin,1
kept_to_narrowed,glyph/22/1/7/10/0,22,1,7,10,434,0.25,0.5 | 1,beam discounted uncertain,ink refused too_thin (0->2),beams_by_stem 1->0,too_thin,2
kept_to_narrowed,glyph/22/1/7/10/2,22,1,7,10,434,0.5,0.5 | 1,beam discounted uncertain,ink refused too_thin (0->1),-,too_thin,1
kept_to_narrowed,glyph/22/1/8/1/3,22,1,8,1,425,0.75,0.75 | 1.5,beam discounted uncertain,ink refused too_thin (0->2),beams_by_stem 1->0,too_thin,1
kept_to_narrowed,glyph/22/1/8/1/6,22,1,8,1,425,0.75,0.75 | 1.5,beam discounted uncertain,ink refused too_thin (0->2),beams_by_stem 1->0,too_thin,1
kept_to_narrowed,glyph/22/1/8/2/1,22,1,8,2,426,0.75,0.75 | 1.5,beam discounted uncertain,ink refused too_thin (0->3),-,too_thin,1
kept_to_narrowed,glyph/22/1/8/2/2,22,1,8,2,426,0.75,0.75 | 1.5,beam discounted uncertain,ink refused too_thin (0->3),-,too_thin,1
kept_to_narrowed,glyph/22/1/8/3/3,22,1,8,3,427,0.1875,0.75 | 1.5,beam discounted uncertain,ink refused too_thin (0->3),beams_by_stem 2->0,too_thin,3
kept_to_narrowed,glyph/22/1/8/3/4,22,1,8,3,427,0.1875,0.75 | 1.5,beam discounted uncertain,ink refused too_thin (0->3),beams_by_stem 2->0,too_thin,3
kept_to_narrowed,glyph/22/1/8/4/0,22,1,8,4,428,0.75,0.75 | 1.5,beam discounted uncertain,ink refused too_thin (0->2),-,too_thin,1
kept_to_narrowed,glyph/22/1/8/4/1,22,1,8,4,428,0.75,0.75 | 1.5,beam discounted uncertain,ink refused too_thin (0->2),-,too_thin,1
kept_to_narrowed,glyph/22/1/9/1/2,22,1,9,1,425,0.75,0.75 | 1.5,beam discounted uncertain,ink refused too_thin (0->2),-,too_thin,1
kept_to_narrowed,glyph/22/1/9/1/3,22,1,9,1,425,0.75,0.75 | 1.5,beam discounted uncertain,ink refused too_thin (0->2),beams_by_stem 1->0,too_thin,1
kept_to_narrowed,glyph/22/1/9/2/5,22,1,9,2,426,0.75,0.75 | 1.5,beam discounted uncertain,ink refused too_thin (0->2),-,too_thin,1
kept_to_narrowed,glyph/22/1/9/2/7,22,1,9,2,426,0.5,0.5 | 1,beam discounted uncertain,ink refused too_thin (0->2),beams_by_stem 1->0,too_thin,1
kept_to_narrowed,glyph/22/1/9/3/2,22,1,9,3,427,0.75,0.75 | 1.5,beam discounted uncertain,ink refused too_thin (0->2),-,too_thin,1
kept_to_narrowed,glyph/22/1/9/3/4,22,1,9,3,427,0.75,0.75 | 1.5,beam discounted uncertain,ink refused too_thin (0->2),beams_by_stem 1->0,too_thin,1
kept_to_narrowed,glyph/22/1/9/4/6,22,1,9,4,428,0.75,0.75 | 1.5,beam discounted uncertain,ink refused too_thin (0->2),-,too_thin,1
kept_to_narrowed,glyph/22/1/9/4/7,22,1,9,4,428,0.75,0.75 | 1.5,beam discounted uncertain,ink refused too_thin (0->2),-,too_thin,1
kept_to_narrowed,glyph/22/1/10/9/4,22,1,10,9,433,0.5,0.5 | 1,beam discounted uncertain,ink refused too_thin (0->1),beams_by_stem 1->0,too_thin,1
kept_to_narrowed,glyph/22/1/10/10/0,22,1,10,10,434,0.5,0.5 | 1,beam discounted uncertain,ink refused too_thin (0->1),beams_by_stem 1->0,too_thin,1
kept_to_narrowed,glyph/23/0/0/2/2,23,0,0,2,439,1.5,0.75 | 1.5,beam discounted uncertain,stem side None->down,-,,0
kept_to_narrowed,glyph/23/0/0/4/4,23,0,0,4,441,1,0.5 | 1,beam discounted uncertain,far-side strokes 0->1 + stem side None->down,-,,0
kept_to_narrowed,glyph/23/0/1/2/1,23,0,1,2,439,1.5,0.75 | 1.5,beam discounted uncertain,stem side None->down,-,,0
kept_to_narrowed,glyph/23/0/8/4/0,23,0,8,4,441,1.5,0.75 | 1.5,beam discounted uncertain,stem side None->down,-,,0
kept_to_narrowed,glyph/23/0/10/2/1,23,0,10,2,439,0.75,0.75 | 1.5,beam discounted uncertain,ink refused too_thin (0->1),-,too_thin,1
kept_to_narrowed,glyph/23/1/0/0/8,23,1,0,0,447,1.5,0.75 | 1.5,beam discounted uncertain,stem side None->down,-,,0
kept_to_narrowed,glyph/23/1/0/1/0,23,1,0,1,448,0.5,0.5 | 1,beam discounted uncertain,ink refused too_thin (0->2) + stem side None->down,-,too_thin,1
kept_to_narrowed,glyph/23/1/0/4/6,23,1,0,4,451,0.75,0.75 | 1.5,beam discounted uncertain,ink refused too_thin (0->1) + stem side None->down,-,too_thin,1
kept_to_narrowed,glyph/23/1/0/4/12,23,1,0,4,451,0.75,0.75 | 1.5,beam discounted uncertain,ink refused too_thin (0->1),-,too_thin,1
kept_to_narrowed,glyph/23/1/0/6/1,23,1,0,6,453,0.5,0.5 | 1,beam discounted uncertain,ink refused too_thin (0->1),-,too_thin,1
kept_to_narrowed,glyph/23/1/0/6/2,23,1,0,6,453,0.5,0.5 | 1,beam discounted uncertain,ink refused too_thin (0->1),-,too_thin,1
kept_to_narrowed,glyph/23/1/0/6/3,23,1,0,6,453,0.5,0.5 | 1,beam discounted uncertain,ink refused too_thin (0->1),-,too_thin,1
kept_to_narrowed,glyph/23/1/0/6/5,23,1,0,6,453,0.5,0.5 | 1,beam discounted uncertain,ink refused too_thin (0->1),-,too_thin,1
kept_to_narrowed,glyph/23/1/0/7/3,23,1,0,7,454,0.5,0.5 | 1,beam discounted uncertain,ink refused too_thin (0->1) + stem side None->down,-,too_thin,1
kept_to_narrowed,glyph/23/1/0/7/5,23,1,0,7,454,0.5,0.5 | 1,beam discounted uncertain,ink refused too_thin (0->1),-,too_thin,1
kept_to_narrowed,glyph/23/1/0/7/7,23,1,0,7,454,0.5,0.5 | 1,beam discounted uncertain,ink refused too_thin (0->1) + stem side None->down,-,too_thin,1
kept_to_narrowed,glyph/23/1/0/7/10,23,1,0,7,454,0.5,0.5 | 1,beam discounted uncertain,ink refused too_thin (0->1),-,too_thin,1
kept_to_narrowed,glyph/23/1/0/8/2,23,1,0,8,455,0.5,0.5 | 1,beam discounted uncertain,ink refused too_thin (0->1),-,too_thin,1
kept_to_narrowed,glyph/23/1/0/8/4,23,1,0,8,455,0.5,0.5 | 1,beam discounted uncertain,ink refused too_thin (0->1) + stem side None->down,-,too_thin,1
kept_to_narrowed,glyph/23/1/0/8/5,23,1,0,8,455,0.5,0.5 | 1,beam discounted uncertain,ink refused too_thin (0->1),-,too_thin,1
kept_to_narrowed,glyph/23/1/0/8/6,23,1,0,8,455,0.5,0.5 | 1,beam discounted uncertain,ink refused too_thin (0->1),-,too_thin,1
kept_to_narrowed,glyph/23/1/0/9/0,23,1,0,9,456,0.5,0.5 | 1,beam discounted uncertain,ink refused too_thin (0->1),-,too_thin,1
kept_to_narrowed,glyph/23/1/0/9/1,23,1,0,9,456,0.5,0.5 | 1,beam discounted uncertain,ink refused too_thin (0->1) + stem side None->down,-,too_thin,1
kept_to_narrowed,glyph/23/1/0/9/3,23,1,0,9,456,0.5,0.5 | 1,beam discounted uncertain,ink refused too_thin (0->1),-,too_thin,1
kept_to_narrowed,glyph/23/1/0/9/7,23,1,0,9,456,0.5,0.5 | 1,beam discounted uncertain,ink refused too_thin (0->1) + stem side None->down,-,too_thin,1
kept_to_narrowed,glyph/23/1/0/9/10,23,1,0,9,456,0.5,0.5 | 1,beam discounted uncertain,ink refused too_thin (0->1) + stem side None->down,-,too_thin,1
kept_to_narrowed,glyph/23/1/1/0/1,23,1,1,0,447,0.75,0.75 | 1.5,beam discounted uncertain,ink refused too_thin (0->1),-,too_thin,1
kept_to_narrowed,glyph/23/1/1/0/4,23,1,1,0,447,0.75,0.75 | 1.5,beam discounted uncertain,ink refused too_thin (0->1),-,too_thin,1
kept_to_narrowed,glyph/23/1/1/0/22,23,1,1,0,447,0.5,0.5 | 1,beam discounted uncertain,ink refused too_thin (0->1),beams_by_stem 1->0,too_thin,1
kept_to_narrowed,glyph/23/1/1/3/1,23,1,1,3,450,1,0.5 | 1,beam discounted uncertain,stem side None->down,-,,0
kept_to_narrowed,glyph/23/1/6/9/4,23,1,6,9,456,0.75,0.75 | 1.5,beam discounted uncertain,ink refused too_thin (0->1),-,too_thin,1
kept_to_narrowed,glyph/23/1/7/7/8,23,1,7,7,454,0.75,0.75 | 1.5,beam discounted uncertain,ink refused through_heads (0->1),beams_by_stem 1->0,through_heads,1
kept_to_narrowed,glyph/23/1/7/9/0,23,1,7,9,456,0.75,0.75 | 1.5,beam discounted uncertain,ink refused too_thin (0->1),beams_by_stem 1->0,too_thin,1
kept_to_narrowed,glyph/23/1/8/0/5,23,1,8,0,447,0.75,0.75 | 1.5,beam discounted uncertain,ink refused too_thin (0->1),-,too_thin,1
kept_to_narrowed,glyph/23/1/8/2/1,23,1,8,2,449,0.5,0.5 | 1,beam discounted uncertain,ink refused too_thin (0->1),-,too_thin,1
kept_to_narrowed,glyph/23/1/8/2/2,23,1,8,2,449,0.5,0.5 | 1,beam discounted uncertain,ink refused too_thin (0->1),beams_by_stem 1->0,too_thin,1
kept_to_narrowed,glyph/23/1/8/8/0,23,1,8,8,455,0.5,0.5 | 1,beam discounted uncertain,ink refused too_thin (0->1),beams_by_stem 1->0,too_thin,1
kept_to_narrowed,glyph/23/1/8/8/1,23,1,8,8,455,0.5,0.5 | 1,beam discounted uncertain,ink refused too_thin (0->1),-,too_thin,1
kept_to_narrowed,glyph/23/1/8/8/2,23,1,8,8,455,0.5,0.5 | 1,beam discounted uncertain,ink refused too_thin (0->1),beams_by_stem 1->0,too_thin,1
kept_to_narrowed,glyph/23/1/8/8/4,23,1,8,8,455,0.5,0.5 | 1,beam discounted uncertain,ink refused too_thin (0->1),beams_by_stem 1->0,too_thin,1
kept_to_narrowed,glyph/23/1/8/8/8,23,1,8,8,455,0.5,0.5 | 1,beam discounted uncertain,ink refused too_thin (0->1),beams_by_stem 1->0,too_thin,1
kept_to_narrowed,glyph/23/1/8/8/9,23,1,8,8,455,0.5,0.5 | 1,beam discounted uncertain,ink refused too_thin (0->1),beams_by_stem 1->0,too_thin,1
kept_to_narrowed,glyph/23/1/8/8/10,23,1,8,8,455,0.5,0.5 | 1,beam discounted uncertain,ink refused too_thin (0->1),beams_by_stem 1->0,too_thin,1
kept_to_narrowed,glyph/23/1/8/8/14,23,1,8,8,455,0.5,0.5 | 1,beam discounted uncertain,ink refused too_thin (0->1),-,too_thin,1
kept_to_narrowed,glyph/23/1/9/3/3,23,1,9,3,450,0.5,0.5 | 1,beam discounted uncertain,ink refused no_stem_at_ends (0->1),beams_by_stem 1->0,no_stem_at_ends,1
kept_to_narrowed,glyph/23/1/9/3/6,23,1,9,3,450,0.5,0.5 | 1,beam discounted uncertain,ink refused no_stem_at_ends (0->1),beams_by_stem 1->0,no_stem_at_ends,1
kept_to_narrowed,glyph/23/1/9/8/1,23,1,9,8,455,1.5,0.75 | 1.5,beam discounted uncertain,stem side None->up,-,,0
kept_to_narrowed,glyph/23/1/11/2/1,23,1,11,2,449,0.5,0.5 | 1,beam discounted uncertain,ink refused too_thin (0->1),beams_by_stem 1->0,too_thin,1
kept_to_narrowed,glyph/23/1/11/2/7,23,1,11,2,449,0.75,0.75 | 1.5,beam discounted uncertain,ink refused too_thin (0->1),-,too_thin,1
kept_to_narrowed,glyph/23/1/11/8/3,23,1,11,8,455,0.5,0.5 | 1,beam discounted uncertain,ink refused too_thin (0->1),-,too_thin,1
kept_to_narrowed,glyph/23/1/11/8/4,23,1,11,8,455,0.5,0.5 | 1,beam discounted uncertain,ink refused too_thin (0->1),beams_by_stem 1->0,too_thin,1
kept_to_narrowed,glyph/23/1/11/8/6,23,1,11,8,455,0.5,0.5 | 1,beam discounted uncertain,ink refused too_thin (0->1),-,too_thin,1
kept_to_narrowed,glyph/23/1/11/8/8,23,1,11,8,455,0.5,0.5 | 1,beam discounted uncertain,ink refused too_thin (0->1),beams_by_stem 1->0,too_thin,1
kept_to_narrowed,glyph/23/1/11/8/9,23,1,11,8,455,0.5,0.5 | 1,beam discounted uncertain,ink refused too_thin (0->1),beams_by_stem 1->0,too_thin,1
kept_to_narrowed,glyph/23/1/12/2/3,23,1,12,2,449,0.75,0.75 | 1.5,beam discounted uncertain,ink refused too_thin (0->1),-,too_thin,1
kept_to_narrowed,glyph/23/1/12/2/11,23,1,12,2,449,0.5,0.5 | 1,beam discounted uncertain,ink refused too_thin (0->1),beams_by_stem 1->0,too_thin,1
kept_to_narrowed,glyph/23/1/12/4/0,23,1,12,4,451,0.5,0.5 | 1,beam discounted uncertain,ink refused too_thin (0->1),beams_by_stem 1->0,too_thin,1
kept_to_narrowed,glyph/23/1/12/4/1,23,1,12,4,451,0.75,0.75 | 1.5,beam discounted uncertain,ink refused too_thin (0->1),-,too_thin,1
kept_to_narrowed,glyph/23/1/12/8/8,23,1,12,8,455,0.5,0.5 | 1,beam discounted uncertain,ink refused too_thin (0->1),-,too_thin,1
kept_to_narrowed,glyph/24/0/0/3/0,24,0,0,3,460,0.5,0.5 | 1,beam discounted uncertain,ink refused too_thin (0->1),-,too_thin,1
kept_to_narrowed,glyph/24/0/0/3/1,24,0,0,3,460,0.5,0.5 | 1,beam discounted uncertain,ink refused too_thin (0->1) + stem side None->down,-,too_thin,1
kept_to_narrowed,glyph/24/0/0/3/6,24,0,0,3,460,0.5,0.5 | 1,beam discounted uncertain,ink refused too_thin (0->1),-,too_thin,1
kept_to_narrowed,glyph/24/0/0/3/7,24,0,0,3,460,0.5,0.5 | 1,beam discounted uncertain,ink refused too_thin (0->1) + stem side None->down,-,too_thin,1
kept_to_narrowed,glyph/24/0/2/0/2,24,0,2,0,457,1,0.5 | 1,beam discounted uncertain,stem side None->down,-,,0
kept_to_narrowed,glyph/24/0/2/0/3,24,0,2,0,457,1,0.5 | 1,beam discounted uncertain,stem side None->down,-,,0
kept_to_narrowed,glyph/24/0/2/1/2,24,0,2,1,458,1,0.5 | 1,beam discounted uncertain,stem side None->down,-,,0
kept_to_narrowed,glyph/24/0/3/3/0,24,0,3,3,460,0.75,0.75 | 1.5,beam discounted uncertain,ink refused too_thin (0->1),-,too_thin,1
kept_to_narrowed,glyph/24/0/3/3/1,24,0,3,3,460,0.75,0.75 | 1.5,beam discounted uncertain,ink refused too_thin (0->1),-,too_thin,1
kept_to_narrowed,glyph/24/0/5/0/3,24,0,5,0,457,0.5,0.5 | 1,beam discounted uncertain,ink refused too_thin (0->1),beams_by_stem 1->0,too_thin,1
kept_to_narrowed,glyph/24/0/6/3/2,24,0,6,3,460,0.75,0.75 | 1.5,beam discounted uncertain,ink refused too_thin (0->1),beams_by_stem 1->0,too_thin,1
kept_to_narrowed,glyph/24/0/7/2/4,24,0,7,2,459,0.5,0.5 | 1,beam discounted uncertain,ink refused through_heads (0->1),beams_by_stem 1->0,through_heads,1
kept_to_narrowed,glyph/24/0/7/3/2,24,0,7,3,460,0.75,0.75 | 1.5,beam discounted uncertain,ink refused too_thin (0->1),beams_by_stem 1->0,too_thin,1
kept_to_narrowed,glyph/24/0/7/3/4,24,0,7,3,460,0.75,0.75 | 1.5,beam discounted uncertain,ink refused too_thin (0->1),beams_by_stem 1->0,too_thin,1
kept_to_narrowed,glyph/24/0/7/3/5,24,0,7,3,460,0.75,0.75 | 1.5,beam discounted uncertain,ink refused too_thin (0->1),beams_by_stem 1->0,too_thin,1
kept_to_narrowed,glyph/24/0/7/3/6,24,0,7,3,460,0.75,0.75 | 1.5,beam discounted uncertain,ink refused too_thin (0->1),beams_by_stem 1->0,too_thin,1
kept_to_narrowed,glyph/24/1/0/8/1,24,1,0,8,474,0.5,0.5 | 1,beam discounted uncertain,ink refused too_thin (0->1),-,too_thin,1
kept_to_narrowed,glyph/24/1/0/8/10,24,1,0,8,474,0.5,0.5 | 1,beam discounted uncertain,ink refused too_thin (0->1),-,too_thin,1
kept_to_narrowed,glyph/24/1/0/8/11,24,1,0,8,474,0.5,0.5 | 1,beam discounted uncertain,ink refused too_thin (0->1),-,too_thin,1
kept_to_narrowed,glyph/24/1/3/1/2,24,1,3,1,467,0.75,0.75 | 1.5,beam discounted uncertain,ink refused too_thin (0->1),-,too_thin,1
kept_to_narrowed,glyph/24/1/3/1/4,24,1,3,1,467,0.75,0.75 | 1.5,beam discounted uncertain,ink refused too_thin (0->1),-,too_thin,1
kept_to_narrowed,glyph/24/1/3/4/1,24,1,3,4,470,0.5,0.5 | 1,beam discounted uncertain,ink refused too_thin (0->1),beams_by_stem 1->0,too_thin,1
kept_to_narrowed,glyph/24/1/3/4/4,24,1,3,4,470,0.5,0.5 | 1,beam discounted uncertain,ink refused too_thin (0->1),beams_by_stem 1->0,too_thin,1
kept_to_narrowed,glyph/24/1/4/8/1,24,1,4,8,474,0.5,0.5 | 1,beam discounted uncertain,ink refused too_thin (0->1),-,too_thin,1
kept_to_narrowed,glyph/24/1/4/8/2,24,1,4,8,474,0.5,0.5 | 1,beam discounted uncertain,ink refused too_thin (0->1),-,too_thin,1
kept_to_narrowed,glyph/24/1/4/8/3,24,1,4,8,474,0.5,0.5 | 1,beam discounted uncertain,ink refused too_thin (0->1) + stem side None->up,-,too_thin,1
kept_to_narrowed,glyph/24/1/5/1/1,24,1,5,1,467,0.75,0.75 | 1.5,beam discounted uncertain,ink refused too_thin (0->1),-,too_thin,1
kept_to_narrowed,glyph/24/1/5/1/4,24,1,5,1,467,0.75,0.75 | 1.5,beam discounted uncertain,ink refused too_thin (0->1),-,too_thin,1
kept_to_narrowed,glyph/24/1/13/8/0,24,1,13,8,474,0.5,0.5 | 1,beam discounted uncertain,ink refused too_thin (0->1),-,too_thin,1
kept_to_narrowed,glyph/24/1/13/8/3,24,1,13,8,474,0.5,0.5 | 1,beam discounted uncertain,ink refused too_thin (0->1),-,too_thin,1
kept_to_narrowed,glyph/25/0/0/0/3,25,0,0,0,475,0.5,0.5 | 1,beam discounted uncertain,ink refused too_thin (0->1),-,too_thin,1
kept_to_narrowed,glyph/25/0/0/0/26,25,0,0,0,475,0.5,0.5 | 1,beam discounted uncertain,ink refused too_thin (0->1),-,too_thin,1
kept_to_narrowed,glyph/25/0/0/1/4,25,0,0,1,476,0.5,0.5 | 1,beam discounted uncertain,ink refused too_thin (0->1) + stem side None->down,-,too_thin,1
kept_to_narrowed,glyph/25/0/0/1/6,25,0,0,1,476,0.5,0.5 | 1,beam discounted uncertain,ink refused too_thin (0->1) + stem side None->down,-,too_thin,1
kept_to_narrowed,glyph/25/0/0/1/13,25,0,0,1,476,0.5,0.5 | 1,beam discounted uncertain,ink refused too_thin (0->1) + stem side None->down,-,too_thin,1
kept_to_narrowed,glyph/25/0/0/8/1,25,0,0,8,483,0.375,0.75 | 1.5,beam discounted uncertain,ink refused too_thin (0->3) + stem side None->down,-,too_thin,2
kept_to_narrowed,glyph/25/0/0/8/12,25,0,0,8,483,0.375,0.75 | 1.5,beam discounted uncertain,ink refused too_thin (0->3),-,too_thin,2
kept_to_narrowed,glyph/25/0/0/9/3,25,0,0,9,484,1.5,0.75 | 1.5,beam discounted uncertain,far-side strokes 0->1 + stem side None->down,-,,0
kept_to_narrowed,glyph/25/0/1/1/0,25,0,1,1,476,0.5,0.5 | 1,beam discounted uncertain,ink refused too_thin (0->1) + stem side None->down,-,too_thin,1
kept_to_narrowed,glyph/25/0/1/1/1,25,0,1,1,476,0.5,0.5 | 1,beam discounted uncertain,ink refused too_thin (0->1) + stem side None->down,-,too_thin,1
kept_to_narrowed,glyph/25/0/2/1/0,25,0,2,1,476,0.5,0.5 | 1,beam discounted uncertain,ink refused too_thin (0->1) + stem side None->down,-,too_thin,1
kept_to_narrowed,glyph/25/0/2/1/11,25,0,2,1,476,0.5,0.5 | 1,beam discounted uncertain,ink refused too_thin (0->1) + stem side None->down,-,too_thin,1
kept_to_narrowed,glyph/25/0/3/1/0,25,0,3,1,476,0.25,0.5 | 1,beam discounted uncertain,ink refused too_thin (0->2),-,too_thin,2
kept_to_narrowed,glyph/25/0/3/1/3,25,0,3,1,476,0.25,0.5 | 1,beam discounted uncertain,ink refused too_thin (0->2),-,too_thin,2
kept_to_narrowed,glyph/25/0/4/1/1,25,0,4,1,476,0.25,0.5 | 1,beam discounted uncertain,ink refused too_thin (0->2),-,too_thin,2
kept_to_narrowed,glyph/25/0/4/1/2,25,0,4,1,476,0.25,0.5 | 1,beam discounted uncertain,ink refused too_thin (0->2),-,too_thin,2
kept_to_narrowed,glyph/25/0/4/1/3,25,0,4,1,476,0.25,0.5 | 1,beam discounted uncertain,ink refused too_thin (0->2),-,too_thin,2
kept_to_narrowed,glyph/25/0/4/1/12,25,0,4,1,476,0.25,0.5 | 1,beam discounted uncertain,ink refused too_thin (0->2),-,too_thin,2
kept_to_narrowed,glyph/25/0/5/0/9,25,0,5,0,475,1,2 | 1 | 4,head fill from ink,ink refused too_thin (0->1),-,too_thin,0
kept_to_narrowed,glyph/25/0/6/7/0,25,0,6,7,482,0.75,0.75 | 1.5,beam discounted uncertain,ink refused too_thin (0->1),-,too_thin,1
kept_to_narrowed,glyph/25/0/6/7/2,25,0,6,7,482,0.75,0.75 | 1.5,beam discounted uncertain,ink refused too_thin (0->1),-,too_thin,1
kept_to_narrowed,glyph/25/0/6/9/0,25,0,6,9,484,0.75,0.75 | 1.5,beam discounted uncertain,ink refused too_thin (0->1),-,too_thin,1
kept_to_narrowed,glyph/25/0/6/9/2,25,0,6,9,484,0.75,0.75 | 1.5,beam discounted uncertain,ink refused too_thin (0->1),-,too_thin,1
kept_to_narrowed,glyph/25/0/6/9/7,25,0,6,9,484,0.75,0.75 | 1.5,beam discounted uncertain,ink refused too_thin (0->1),-,too_thin,1
kept_to_narrowed,glyph/25/0/6/9/8,25,0,6,9,484,0.75,0.75 | 1.5,beam discounted uncertain,ink refused too_thin (0->1),-,too_thin,1
kept_to_narrowed,glyph/25/0/9/1/1,25,0,9,1,476,0.5,0.5 | 1,beam discounted uncertain,ink refused too_thin (0->1) + stem side None->down,-,too_thin,1
kept_to_narrowed,glyph/25/0/9/1/2,25,0,9,1,476,0.5,0.5 | 1,beam discounted uncertain,ink refused too_thin (0->1) + stem side None->down,-,too_thin,1
kept_to_narrowed,glyph/25/0/9/7/1,25,0,9,7,482,0.375,0.75 | 1.5,beam discounted uncertain,ink refused too_thin (0->2),-,too_thin,2
kept_to_narrowed,glyph/25/0/9/7/2,25,0,9,7,482,0.375,0.75 | 1.5,beam discounted uncertain,ink refused too_thin (0->2),-,too_thin,2
kept_to_narrowed,glyph/25/0/9/9/2,25,0,9,9,484,0.5,0.5 | 1,beam discounted uncertain,ink refused too_thin (0->1),-,too_thin,1
kept_to_narrowed,glyph/25/0/10/0/6,25,0,10,0,475,0.5,0.5 | 1,beam discounted uncertain,ink refused too_thin (0->1),-,too_thin,1
kept_to_narrowed,glyph/25/0/10/0/9,25,0,10,0,475,0.5,0.5 | 1,beam discounted uncertain,ink refused too_thin (0->1),-,too_thin,1
kept_to_narrowed,glyph/25/0/10/1/1,25,0,10,1,476,0.5,0.5 | 1,beam discounted uncertain,ink refused too_thin (0->1) + stem side None->down,-,too_thin,1
kept_to_narrowed,glyph/25/0/10/1/3,25,0,10,1,476,0.5,0.5 | 1,beam discounted uncertain,ink refused too_thin (0->1) + stem side None->down,-,too_thin,1
kept_to_narrowed,glyph/25/0/11/1/1,25,0,11,1,476,0.5,0.5 | 1,beam discounted uncertain,ink refused too_thin (0->1),-,too_thin,1
kept_to_narrowed,glyph/25/0/11/1/4,25,0,11,1,476,0.5,0.5 | 1,beam discounted uncertain,ink refused too_thin (0->1) + stem side None->down,-,too_thin,1
kept_to_narrowed,glyph/25/0/12/1/0,25,0,12,1,476,0.25,0.5 | 1,beam discounted uncertain,ink refused too_thin (0->2),-,too_thin,2
kept_to_narrowed,glyph/25/0/12/1/3,25,0,12,1,476,0.25,0.5 | 1,beam discounted uncertain,ink refused too_thin (0->2),-,too_thin,2
kept_to_narrowed,glyph/25/0/12/1/4,25,0,12,1,476,0.25,0.5 | 1,beam discounted uncertain,ink refused too_thin (0->2),-,too_thin,2
kept_to_narrowed,glyph/25/1/0/1/0,25,1,0,1,486,1.5,0.75 | 1.5,beam discounted uncertain,far-side strokes 0->1 + stem side None->down,-,,0
kept_to_narrowed,glyph/25/1/0/2/1,25,1,0,2,487,1.5,0.75 | 1.5,beam discounted uncertain,far-side strokes 0->1 + stem side None->down,-,,0
kept_to_narrowed,glyph/25/1/0/7/1,25,1,0,7,492,0.75,0.75 | 1.5,beam discounted uncertain,ink refused one_stem/too_thin (0->3),-,one_stem/too_thin,1
kept_to_narrowed,glyph/25/1/0/7/4,25,1,0,7,492,0.75,0.75 | 1.5,beam discounted uncertain,ink refused one_stem/too_thin (0->3),-,one_stem/too_thin,1
kept_to_narrowed,glyph/25/1/0/7/5,25,1,0,7,492,0.75,0.75 | 1.5,beam discounted uncertain,ink refused one_stem/too_thin (0->3),-,one_stem/too_thin,1
kept_to_narrowed,glyph/25/1/0/7/13,25,1,0,7,492,0.75,0.75 | 1.5,beam discounted uncertain,ink refused one_stem/too_thin (0->3),-,one_stem/too_thin,1
kept_to_narrowed,glyph/25/1/1/5/1,25,1,1,5,490,0.5,0.5 | 1,beam discounted uncertain,ink refused too_thin (0->1),beams_by_stem 1->0,too_thin,1
kept_to_narrowed,glyph/25/1/1/5/6,25,1,1,5,490,0.5,0.5 | 1,beam discounted uncertain,ink refused too_thin (0->1),beams_by_stem 1->0,too_thin,1
kept_to_narrowed,glyph/25/1/1/7/0,25,1,1,7,492,0.75,0.75 | 1.5,beam discounted uncertain,ink refused too_thin (0->1),-,too_thin,1
kept_to_narrowed,glyph/25/1/1/7/2,25,1,1,7,492,0.75,0.75 | 1.5,beam discounted uncertain,ink refused too_thin (0->1),-,too_thin,1
kept_to_narrowed,glyph/25/1/2/5/4,25,1,2,5,490,0.75,0.75 | 1.5,beam discounted uncertain,ink refused too_thin (0->1),-,too_thin,1
kept_to_narrowed,glyph/25/1/2/5/10,25,1,2,5,490,0.75,0.75 | 1.5,beam discounted uncertain,ink refused too_thin (0->1),-,too_thin,1
kept_to_narrowed,glyph/25/1/2/7/0,25,1,2,7,492,0.75,0.75 | 1.5,beam discounted uncertain,ink refused too_thin (0->2),-,too_thin,1
kept_to_narrowed,glyph/25/1/2/7/1,25,1,2,7,492,0.75,0.75 | 1.5,beam discounted uncertain,ink refused too_thin (0->2),-,too_thin,1
kept_to_narrowed,glyph/25/1/2/7/2,25,1,2,7,492,0.75,0.75 | 1.5,beam discounted uncertain,ink refused too_thin (0->2),-,too_thin,1
kept_to_narrowed,glyph/25/1/2/7/7,25,1,2,7,492,0.75,0.75 | 1.5,beam discounted uncertain,ink refused too_thin (0->2),-,too_thin,1
kept_to_narrowed,glyph/25/1/3/1/3,25,1,3,1,486,0.5,0.5 | 1,beam discounted uncertain,ink refused too_thin (0->1),-,too_thin,1
kept_to_narrowed,glyph/25/1/3/1/5,25,1,3,1,486,0.5,0.5 | 1,beam discounted uncertain,ink refused too_thin (0->1),-,too_thin,1
kept_to_narrowed,glyph/25/1/3/7/0,25,1,3,7,492,0.1875,0.75 | 1.5,beam discounted uncertain,ink refused too_thin (0->3),-,too_thin,3
kept_to_narrowed,glyph/25/1/3/7/1,25,1,3,7,492,0.1875,0.75 | 1.5,beam discounted uncertain,ink refused too_thin (0->3),-,too_thin,3
kept_to_narrowed,glyph/25/1/6/1/0,25,1,6,1,486,0.75,0.75 | 1.5,beam discounted uncertain,ink refused no_stem_at_ends (0->1),-,no_stem_at_ends,1
kept_to_narrowed,glyph/25/1/6/1/1,25,1,6,1,486,0.75,0.75 | 1.5,beam discounted uncertain,ink refused no_stem_at_ends (0->1),-,no_stem_at_ends,1
kept_to_narrowed,glyph/25/1/6/1/2,25,1,6,1,486,0.75,0.75 | 1.5,beam discounted uncertain,ink refused no_stem_at_ends (0->1),-,no_stem_at_ends,1
kept_to_narrowed,glyph/25/1/6/1/3,25,1,6,1,486,0.75,0.75 | 1.5,beam discounted uncertain,ink refused no_stem_at_ends (0->1),-,no_stem_at_ends,1
kept_to_narrowed,glyph/25/1/6/3/0,25,1,6,3,488,0.75,0.75 | 1.5,beam discounted uncertain,ink refused no_stem_at_ends/too_thin (0->2),-,no_stem_at_ends/too_thin,1
kept_to_narrowed,glyph/25/1/6/3/5,25,1,6,3,488,0.75,0.75 | 1.5,beam discounted uncertain,ink refused no_stem_at_ends/too_thin (0->2),-,no_stem_at_ends/too_thin,1
kept_to_narrowed,glyph/25/1/7/1/0,25,1,7,1,486,0.1875,0.75 | 1.5,beam discounted uncertain,ink refused too_thin (0->3),-,too_thin,3
kept_to_narrowed,glyph/25/1/7/1/1,25,1,7,1,486,0.75,0.75 | 1.5,beam discounted uncertain,ink refused too_thin (0->3),-,too_thin,1
kept_to_narrowed,glyph/25/1/7/4/1,25,1,7,4,489,0.375,0.75 | 1.5,beam discounted uncertain,ink refused too_thin (0->2),-,too_thin,2
kept_to_narrowed,glyph/25/1/7/5/0,25,1,7,5,490,0.375,0.75 | 1.5,beam discounted uncertain,ink refused too_thin (0->2),-,too_thin,2
kept_to_narrowed,glyph/25/1/7/7/1,25,1,7,7,492,0.09375,0.75 | 1.5,beam discounted uncertain,ink refused one_stem/too_thin (0->4),-,one_stem/too_thin,4
kept_to_narrowed,glyph/25/1/8/1/0,25,1,8,1,486,0.1875,0.75 | 1.5,beam discounted uncertain,ink refused too_thin (0->3),-,too_thin,3
kept_to_narrowed,glyph/25/1/8/3/2,25,1,8,3,488,0.5,0.5 | 1,beam discounted uncertain,ink refused too_thin (0->1),beams_by_stem 1->0,too_thin,1
kept_to_narrowed,glyph/25/1/8/5/0,25,1,8,5,490,0.375,0.75 | 1.5,beam discounted uncertain,ink refused too_thin (0->2),-,too_thin,2
kept_to_narrowed,glyph/25/1/8/5/11,25,1,8,5,490,0.5,0.5 | 1,beam discounted uncertain,ink refused not_straight/too_thin (0->3),beams_by_stem 1->0,not_straight/too_thin,1
kept_to_narrowed,glyph/25/1/8/7/0,25,1,8,7,492,0.75,0.75 | 1.5,beam discounted uncertain,ink refused too_thin (0->1),-,too_thin,1
kept_to_narrowed,glyph/25/1/8/7/3,25,1,8,7,492,0.75,0.75 | 1.5,beam discounted uncertain,ink refused too_thin (0->1),beams_by_stem 1->0,too_thin,1
kept_to_narrowed,glyph/25/1/9/5/0,25,1,9,5,490,0.75,0.75 | 1.5,beam discounted uncertain,ink refused too_thin (0->3),-,too_thin,1
kept_to_narrowed,glyph/25/1/9/6/5,25,1,9,6,491,0.75,0.75 | 1.5,beam discounted uncertain,ink refused too_thin (0->1),-,too_thin,1
kept_to_narrowed,glyph/25/1/9/7/0,25,1,9,7,492,0.375,0.75 | 1.5,beam discounted uncertain,ink refused too_thin (0->2),-,too_thin,2
kept_to_narrowed,glyph/25/1/11/7/1,25,1,11,7,492,0.125,0.5 | 1,beam discounted uncertain,ink refused too_thin (0->3),-,too_thin,3
kept_to_narrowed,glyph/26/0/0/2/1,26,0,0,2,497,0.75,0.75 | 1.5,beam discounted uncertain,ink refused too_thin (0->1),beams_by_stem 1->0,too_thin,1
kept_to_narrowed,glyph/26/0/0/2/4,26,0,0,2,497,0.75,0.75 | 1.5,beam discounted uncertain,ink refused too_thin (0->1),-,too_thin,1
kept_to_narrowed,glyph/26/0/0/3/1,26,0,0,3,498,1,0.5 | 1,beam discounted uncertain,stem side None->down,-,,0
kept_to_narrowed,glyph/26/0/0/6/2,26,0,0,6,501,0.1875,0.75 | 1.5,beam discounted uncertain,ink refused too_thin (0->3),-,too_thin,3
kept_to_narrowed,glyph/26/0/0/6/3,26,0,0,6,501,0.1875,0.75 | 1.5,beam discounted uncertain,ink refused too_thin (0->3),-,too_thin,3
kept_to_narrowed,glyph/26/0/0/7/2,26,0,0,7,502,1,0.5 | 1,beam discounted uncertain,stem side None->down,-,,0
kept_to_narrowed,glyph/26/0/1/5/1,26,0,1,5,500,1,0.5 | 1,beam discounted uncertain,stem side None->down,-,,0
kept_to_narrowed,glyph/26/0/1/8/2,26,0,1,8,503,0.75,0.75 | 1.5,beam discounted uncertain,ink refused too_thin (0->1),beams_by_stem 1->0,too_thin,1
kept_to_narrowed,glyph/26/0/2/2/0,26,0,2,2,497,0.75,0.75 | 1.5,beam discounted uncertain,ink refused too_thin (0->1),beams_by_stem 1->0,too_thin,1
kept_to_narrowed,glyph/26/0/2/2/4,26,0,2,2,497,0.75,0.75 | 1.5,beam discounted uncertain,ink refused too_thin (0->1),beams_by_stem 1->0,too_thin,1
kept_to_narrowed,glyph/26/0/2/4/2,26,0,2,4,499,0.75,0.75 | 1.5,beam discounted uncertain,ink refused too_thin (0->1),-,too_thin,1
kept_to_narrowed,glyph/26/0/2/4/3,26,0,2,4,499,0.1875,0.75 | 1.5,beam discounted uncertain,ink refused too_thin (0->3),-,too_thin,3
kept_to_narrowed,glyph/26/0/2/4/6,26,0,2,4,499,0.75,0.75 | 1.5,beam discounted uncertain,ink refused too_thin (0->1),-,too_thin,1
kept_to_narrowed,glyph/26/0/2/4/10,26,0,2,4,499,0.1875,0.75 | 1.5,beam discounted uncertain,ink refused too_thin (0->3),-,too_thin,3
kept_to_narrowed,glyph/26/0/3/4/0,26,0,3,4,499,0.375,0.75 | 1.5,beam discounted uncertain,ink refused too_thin (0->2),-,too_thin,2
kept_to_narrowed,glyph/26/0/3/4/1,26,0,3,4,499,0.0117188,0.75 | 1.5,beam discounted uncertain,ink refused too_thin (0->7),-,too_thin,7
kept_to_narrowed,glyph/26/0/3/8/2,26,0,3,8,503,0.375,0.75 | 1.5,beam discounted uncertain,ink refused too_thin (0->2),beams_by_stem 1->0,too_thin,2
kept_to_narrowed,glyph/26/0/3/8/3,26,0,3,8,503,0.0234375,0.75 | 1.5,beam discounted uncertain,ink refused too_thin (0->6),-,too_thin,6
kept_to_narrowed,glyph/26/0/3/8/6,26,0,3,8,503,0.0234375,0.75 | 1.5,beam discounted uncertain,ink refused too_thin (0->6),-,too_thin,6
kept_to_narrowed,glyph/26/0/3/8/10,26,0,3,8,503,0.375,0.75 | 1.5,beam discounted uncertain,ink refused too_thin (0->2),beams_by_stem 1->0,too_thin,2
kept_to_narrowed,glyph/26/0/4/0/8,26,0,4,0,495,0.5,0.5 | 1,beam discounted uncertain,far-side strokes 0->1 + stem side None->down,-,,1
kept_to_narrowed,glyph/26/0/4/6/2,26,0,4,6,501,0.375,0.75 | 1.5,beam discounted uncertain,ink refused too_thin (0->2),-,too_thin,2
kept_to_narrowed,glyph/26/0/4/6/5,26,0,4,6,501,0.375,0.75 | 1.5,beam discounted uncertain,ink refused too_thin (0->2),-,too_thin,2
kept_to_narrowed,glyph/26/0/5/3/5,26,0,5,3,498,0.5,1 | 0.5,beam certain not joined,stem side None->up,-,,1
kept_to_narrowed,glyph/26/0/8/6/2,26,0,8,6,501,0.75,0.75 | 1.5,beam discounted uncertain,ink refused too_thin (0->3),-,too_thin,1
kept_to_narrowed,glyph/26/0/8/6/3,26,0,8,6,501,0.75,0.75 | 1.5,beam discounted uncertain,ink refused too_thin (0->3),-,too_thin,1
kept_to_narrowed,glyph/26/0/8/7/1,26,0,8,7,502,1,0.5 | 1,beam discounted uncertain,far-side strokes 0->1 + stem side None->down,-,,0
kept_to_narrowed,glyph/26/0/9/2/0,26,0,9,2,497,0.75,0.75 | 1.5,beam discounted uncertain,ink refused too_thin (0->1),beams_by_stem 1->0,too_thin,1
kept_to_narrowed,glyph/26/0/9/2/4,26,0,9,2,497,0.75,0.75 | 1.5,beam discounted uncertain,ink refused too_thin (0->1),beams_by_stem 1->0,too_thin,1
kept_to_narrowed,glyph/26/0/10/6/3,26,0,10,6,501,0.75,0.75 | 1.5,beam discounted uncertain,ink refused too_thin (0->2),-,too_thin,1
kept_to_narrowed,glyph/26/0/11/6/2,26,0,11,6,501,0.75,0.75 | 1.5,beam discounted uncertain,ink refused too_thin (0->1),-,too_thin,1
kept_to_narrowed,glyph/26/0/11/6/6,26,0,11,6,501,0.75,0.75 | 1.5,beam discounted uncertain,ink refused too_thin (0->1),-,too_thin,1
kept_to_narrowed,glyph/26/0/12/6/0,26,0,12,6,501,0.75,0.75 | 1.5,beam discounted uncertain,ink refused too_thin (0->4),beams_by_stem 1->0,too_thin,1
kept_to_narrowed,glyph/26/0/12/6/3,26,0,12,6,501,0.75,0.75 | 1.5,beam discounted uncertain,ink refused too_thin (0->4),beams_by_stem 1->0,too_thin,1
kept_to_narrowed,glyph/26/1/0/4/0,26,1,0,4,508,1,0.5 | 1,beam discounted uncertain,far-side strokes 0->1 + stem side None->down,-,,0
kept_to_narrowed,glyph/26/1/1/3/7,26,1,1,3,507,0.125,0.5 | 1,beam discounted uncertain,ink refused too_thin (0->3),beams_by_stem 2->0,too_thin,3
kept_to_narrowed,glyph/26/1/1/3/9,26,1,1,3,507,0.0625,0.5 | 0.25,flags disagree,ink refused too_thin (0->4),beams_by_stem 1->0,too_thin,4
kept_to_narrowed,glyph/26/1/2/10/0,26,1,2,10,514,0.5,0.5 | 1,beam discounted uncertain,ink refused too_thin (0->2),beams_by_stem 1->0,too_thin,1
kept_to_narrowed,glyph/26/1/2/10/1,26,1,2,10,514,0.5,0.5 | 1,beam discounted uncertain,ink refused too_thin (0->2),beams_by_stem 1->0,too_thin,1
kept_to_narrowed,glyph/26/1/4/3/2,26,1,4,3,507,0.375,0.75 | 1.5,beam discounted uncertain,ink refused too_thin (0->2),-,too_thin,2
kept_to_narrowed,glyph/26/1/4/3/8,26,1,4,3,507,0.25,0.5 | 1,beam discounted uncertain,ink refused too_thin (0->2),-,too_thin,2
kept_to_narrowed,glyph/26/1/8/1/3,26,1,8,1,505,0.75,0.75 | 1.5,beam discounted uncertain,ink refused one_stem (0->1),-,one_stem,1
kept_to_narrowed,glyph/26/1/8/2/1,26,1,8,2,506,0.1875,0.75 | 1.5,beam discounted uncertain,ink refused too_thin (0->3),-,too_thin,3
kept_to_narrowed,glyph/26/1/8/2/2,26,1,8,2,506,0.1875,0.75 | 1.5,beam discounted uncertain,ink refused too_thin (0->3) + far-side strokes 0->1 + stem side None->down,-,too_thin,3
kept_to_narrowed,glyph/26/1/8/3/1,26,1,8,3,507,0.75,0.75 | 1.5,beam discounted uncertain,ink refused too_thin (0->3),-,too_thin,1
kept_to_narrowed,glyph/26/1/8/5/0,26,1,8,5,509,0.5,0.5 | 1,beam discounted uncertain,ink refused too_thin (0->1),beams_by_stem 1->0,too_thin,1
kept_to_narrowed,glyph/26/1/8/5/4,26,1,8,5,509,0.5,0.5 | 1,beam discounted uncertain,ink refused too_thin (0->2),-,too_thin,1
kept_to_narrowed,glyph/26/1/9/1/0,26,1,9,1,505,0.75,0.75 | 1.5,beam discounted uncertain,ink refused one_stem/too_thin (0->2),-,one_stem/too_thin,1
kept_to_narrowed,glyph/26/1/9/3/1,26,1,9,3,507,0.75,0.75 | 1.5,beam discounted uncertain,ink refused too_thin (0->1),-,too_thin,1
kept_to_narrowed,glyph/26/1/9/3/5,26,1,9,3,507,0.75,0.75 | 1.5,beam discounted uncertain,ink refused too_thin (0->1),-,too_thin,1
kept_to_narrowed,glyph/26/1/9/3/7,26,1,9,3,507,0.75,0.75 | 1.5,beam discounted uncertain,ink refused too_thin (0->1),-,too_thin,1
kept_to_narrowed,glyph/26/1/9/3/14,26,1,9,3,507,0.75,0.75 | 1.5,beam discounted uncertain,ink refused too_thin (0->1),-,too_thin,1
kept_to_narrowed,glyph/26/1/9/5/0,26,1,9,5,509,0.125,0.5 | 1,beam discounted uncertain,ink refused too_thin (0->6),beams_by_stem 2->0,too_thin,3
kept_to_narrowed,glyph/26/1/9/5/8,26,1,9,5,509,0.0078125,0.5 | 1,beam discounted uncertain,ink refused too_thin (0->9),-,too_thin,7
kept_to_narrowed,glyph/26/1/10/2/1,26,1,10,2,506,0.046875,0.75 | 1.5,beam discounted uncertain,ink refused too_thin (0->4) + far-side strokes 0->2 + stem side None->down,-,too_thin,5
kept_to_narrowed,glyph/26/1/10/2/3,26,1,10,2,506,0.75,0.75 | 1.5,beam discounted uncertain,ink refused too_thin (0->3),beams_by_stem 1->0,too_thin,1
kept_to_narrowed,glyph/26/1/10/2/6,26,1,10,2,506,0.046875,0.75 | 1.5,beam discounted uncertain,ink refused too_thin (0->6),-,too_thin,5
kept_to_narrowed,glyph/26/1/10/4/1,26,1,10,4,508,0.5,0.5 | 1,beam discounted uncertain,ink refused one_stem/too_thin (0->2),-,one_stem/too_thin,1
kept_to_narrowed,glyph/26/1/10/5/0,26,1,10,5,509,0.03125,0.5 | 1,beam discounted uncertain,ink refused too_thin (0->7),-,too_thin,5
kept_to_narrowed,glyph/26/1/10/5/5,26,1,10,5,509,0.5,0.5 | 1,beam discounted uncertain,ink refused too_thin (0->4),beams_by_stem 1->0,too_thin,1
kept_to_narrowed,glyph/26/1/11/2/0,26,1,11,2,506,0.75,0.75 | 1.5,beam discounted uncertain,ink refused too_thin (0->2),beams_by_stem 1->0,too_thin,1
kept_to_narrowed,glyph/26/1/11/2/2,26,1,11,2,506,0.75,0.75 | 1.5,beam discounted uncertain,ink refused too_thin (0->2),beams_by_stem 1->0,too_thin,1
kept_to_narrowed,glyph/26/1/11/3/2,26,1,11,3,507,0.75,0.75 | 1.5,beam discounted uncertain,ink refused too_thin (0->1),-,too_thin,1
kept_to_narrowed,glyph/26/1/11/3/3,26,1,11,3,507,0.75,0.75 | 1.5,beam discounted uncertain,ink refused too_thin (0->1),-,too_thin,1
kept_to_narrowed,glyph/26/1/11/5/2,26,1,11,5,509,0.1875,0.75 | 1.5,beam discounted uncertain,ink refused too_thin (0->4),-,too_thin,3
kept_to_narrowed,glyph/26/1/11/6/4,26,1,11,6,510,0.5,0.5 | 1,beam discounted uncertain,ink refused too_thin (0->1),beams_by_stem 1->0,too_thin,1
kept_to_narrowed,glyph/26/1/11/8/10,26,1,11,8,512,0.375,0.75 | 1.5,beam discounted uncertain,ink refused too_thin (0->2),-,too_thin,2
narrowed_to_kept,glyph/0/0/9/6/9,0,0,9,6,7,0.5 | 0.25,0.5,head_and_marks,tonight decided by `head_and_marks`; last night `beams_ambiguous`; ink refused through_heads (0->2),-,through_heads,
narrowed_to_kept,glyph/1/0/0/4/36,1,0,0,4,12,0.5 | 0.25,0.5,head_and_marks,tonight decided by `head_and_marks`; last night `beam_certain_not_joined`; ink refused too_thin (0->2),-,too_thin,
narrowed_to_kept,glyph/1/0/1/0/5,1,0,1,0,8,0.5 | 0.125,0.5,head_and_marks,tonight decided by `head_and_marks`; last night `beam_certain_not_joined`; ink refused too_thin (0->2),-,too_thin,
narrowed_to_kept,glyph/1/0/1/0/7,1,0,1,0,8,0.5 | 0.125,0.5,head_and_marks,tonight decided by `head_and_marks`; last night `beam_certain_not_joined`; ink refused too_thin (0->2),-,too_thin,
narrowed_to_kept,glyph/1/0/1/0/12,1,0,1,0,8,0.5 | 0.125,0.5,head_and_marks,tonight decided by `head_and_marks`; last night `beam_certain_not_joined`; ink refused too_thin (0->2),-,too_thin,
narrowed_to_kept,glyph/1/0/1/0/15,1,0,1,0,8,0.5 | 0.125,0.5,head_and_marks,tonight decided by `head_and_marks`; last night `beam_certain_not_joined`; ink refused too_thin (0->2),-,too_thin,
narrowed_to_kept,glyph/1/0/1/0/16,1,0,1,0,8,0.5 | 0.125,0.5,head_and_marks,tonight decided by `head_and_marks`; last night `beam_certain_not_joined`; ink refused too_thin (0->2),-,too_thin,
narrowed_to_kept,glyph/1/0/1/0/17,1,0,1,0,8,0.5 | 0.125,0.5,head_and_marks,tonight decided by `head_and_marks`; last night `beam_certain_not_joined`; ink refused too_thin (0->2),-,too_thin,
narrowed_to_kept,glyph/1/0/1/0/18,1,0,1,0,8,0.5 | 0.125,0.5,head_and_marks,tonight decided by `head_and_marks`; last night `beam_certain_not_joined`; ink refused too_thin (0->2),-,too_thin,
narrowed_to_kept,glyph/1/0/1/0/19,1,0,1,0,8,0.5 | 0.125,0.5,head_and_marks,tonight decided by `head_and_marks`; last night `beam_certain_not_joined`; ink refused too_thin (0->2),-,too_thin,
narrowed_to_kept,glyph/1/0/1/0/22,1,0,1,0,8,0.5 | 0.125,0.5,head_and_marks,tonight decided by `head_and_marks`; last night `beam_certain_not_joined`; ink refused too_thin (0->2),-,too_thin,
narrowed_to_kept,glyph/1/0/1/0/30,1,0,1,0,8,0.5 | 0.125,0.5,head_and_marks,tonight decided by `head_and_marks`; last night `beam_certain_not_joined`; ink refused too_thin (0->2),-,too_thin,
narrowed_to_kept,glyph/1/0/1/0/31,1,0,1,0,8,0.5 | 0.125,0.5,head_and_marks,tonight decided by `head_and_marks`; last night `beam_certain_not_joined`; ink refused too_thin (0->2),-,too_thin,
narrowed_to_kept,glyph/1/0/1/0/49,1,0,1,0,8,0.5 | 0.125,0.5,head_and_marks,tonight decided by `head_and_marks`; last night `beam_certain_not_joined`; ink refused too_thin (0->2),-,too_thin,
narrowed_to_kept,glyph/1/0/2/0/4,1,0,2,0,8,0.5 | 0.25,0.5,head_and_marks,tonight decided by `head_and_marks`; last night `beam_certain_not_joined`; ink refused too_thin (0->1),-,too_thin,
narrowed_to_kept,glyph/1/0/2/0/5,1,0,2,0,8,0.5 | 0.25,0.5,head_and_marks,tonight decided by `head_and_marks`; last night `beam_certain_not_joined`; ink refused too_thin (0->1),-,too_thin,
narrowed_to_kept,glyph/1/0/2/0/9,1,0,2,0,8,0.5 | 0.25,0.5,head_and_marks,tonight decided by `head_and_marks`; last night `beam_certain_not_joined`; ink refused too_thin (0->1),-,too_thin,
narrowed_to_kept,glyph/1/0/2/0/10,1,0,2,0,8,0.5 | 0.25,0.5,head_and_marks,tonight decided by `head_and_marks`; last night `beam_certain_not_joined`; ink refused too_thin (0->1),-,too_thin,
narrowed_to_kept,glyph/1/0/2/0/12,1,0,2,0,8,0.5 | 0.25,0.5,head_and_marks,tonight decided by `head_and_marks`; last night `beam_certain_not_joined`; ink refused too_thin (0->1),-,too_thin,
narrowed_to_kept,glyph/1/0/2/0/16,1,0,2,0,8,0.5 | 0.25,0.5,head_and_marks,tonight decided by `head_and_marks`; last night `beam_certain_not_joined`; ink refused too_thin (0->1),-,too_thin,
narrowed_to_kept,glyph/1/0/2/0/20,1,0,2,0,8,0.5 | 0.25,0.5,head_and_marks,tonight decided by `head_and_marks`; last night `beam_certain_not_joined`; ink refused too_thin (0->1),-,too_thin,
narrowed_to_kept,glyph/1/0/2/0/33,1,0,2,0,8,0.5 | 0.25,0.5,head_and_marks,tonight decided by `head_and_marks`; last night `beam_certain_not_joined`; ink refused too_thin (0->1),-,too_thin,
narrowed_to_kept,glyph/1/0/3/0/1,1,0,3,0,8,0.25 | 0.125,0.5,head_and_marks,tonight decided by `head_and_marks`; last night `beam_certain_not_joined`; ink refused too_thin (0->2),-,too_thin,
narrowed_to_kept,glyph/1/0/3/0/4,1,0,3,0,8,0.5 | 0.125,0.5,head_and_marks,tonight decided by `head_and_marks`; last night `beam_certain_not_joined`; ink refused too_thin (0->2),-,too_thin,
narrowed_to_kept,glyph/1/0/3/0/5,1,0,3,0,8,0.5 | 0.125,0.5,head_and_marks,tonight decided by `head_and_marks`; last night `beam_certain_not_joined`; ink refused too_thin (0->2),-,too_thin,
narrowed_to_kept,glyph/1/0/3/0/7,1,0,3,0,8,0.5 | 0.125,0.5,head_and_marks,tonight decided by `head_and_marks`; last night `beam_certain_not_joined`; ink refused too_thin (0->2),-,too_thin,
narrowed_to_kept,glyph/1/0/3/0/11,1,0,3,0,8,0.5 | 0.125,0.5,head_and_marks,tonight decided by `head_and_marks`; last night `beam_certain_not_joined`; ink refused too_thin (0->2),-,too_thin,
narrowed_to_kept,glyph/1/0/3/0/12,1,0,3,0,8,0.5 | 0.125,0.5,head_and_marks,tonight decided by `head_and_marks`; last night `beam_certain_not_joined`; ink refused too_thin (0->2),-,too_thin,
narrowed_to_kept,glyph/1/0/3/0/17,1,0,3,0,8,0.5 | 0.125,0.5,head_and_marks,tonight decided by `head_and_marks`; last night `beam_certain_not_joined`; ink refused too_thin (0->2),-,too_thin,
narrowed_to_kept,glyph/1/0/3/0/20,1,0,3,0,8,0.5 | 0.125,0.5,head_and_marks,tonight decided by `head_and_marks`; last night `beam_certain_not_joined`; ink refused too_thin (0->2),-,too_thin,
narrowed_to_kept,glyph/1/0/3/0/22,1,0,3,0,8,0.25 | 0.125,0.5,head_and_marks,tonight decided by `head_and_marks`; last night `beam_certain_not_joined`; ink refused too_thin (0->2),-,too_thin,
narrowed_to_kept,glyph/1/0/3/0/25,1,0,3,0,8,0.5 | 0.125,0.5,head_and_marks,tonight decided by `head_and_marks`; last night `beam_certain_not_joined`; ink refused too_thin (0->2),-,too_thin,
narrowed_to_kept,glyph/1/0/3/3/0,1,0,3,3,11,0.5 | 0.25,0.5,hooks_counted,tonight decided by `hooks_counted`; last night `flags_disagree`; ink refused too_thin (0->2),-,too_thin,
narrowed_to_kept,glyph/1/0/4/0/2,1,0,4,0,8,0.5 | 0.125,0.5,head_and_marks,tonight decided by `head_and_marks`; last night `beam_certain_not_joined`; ink refused too_thin (0->2),-,too_thin,
narrowed_to_kept,glyph/1/0/4/0/3,1,0,4,0,8,0.25 | 0.125,0.5,head_and_marks,tonight decided by `head_and_marks`; last night `beam_certain_not_joined`; ink refused too_thin (0->2),-,too_thin,
narrowed_to_kept,glyph/1/0/4/0/5,1,0,4,0,8,0.25 | 0.125,0.5,head_and_marks,tonight decided by `head_and_marks`; last night `beam_certain_not_joined`; ink refused too_thin (0->2),-,too_thin,
narrowed_to_kept,glyph/1/0/4/0/6,1,0,4,0,8,0.25 | 0.125,0.5,head_and_marks,tonight decided by `head_and_marks`; last night `beam_certain_not_joined`; ink refused too_thin (0->2),-,too_thin,
narrowed_to_kept,glyph/1/0/4/0/7,1,0,4,0,8,0.5 | 0.125,0.5,head_and_marks,tonight decided by `head_and_marks`; last night `beam_certain_not_joined`; ink refused too_thin (0->2),-,too_thin,
narrowed_to_kept,glyph/1/0/4/0/8,1,0,4,0,8,0.25 | 0.125,0.5,head_and_marks,tonight decided by `head_and_marks`; last night `beam_certain_not_joined`; ink refused too_thin (0->2),-,too_thin,
narrowed_to_kept,glyph/1/0/4/0/9,1,0,4,0,8,0.25 | 0.125,0.5,head_and_marks,tonight decided by `head_and_marks`; last night `beam_certain_not_joined`; ink refused too_thin (0->2),-,too_thin,
narrowed_to_kept,glyph/1/0/4/0/13,1,0,4,0,8,0.25 | 0.125,0.5,head_and_marks,tonight decided by `head_and_marks`; last night `beam_certain_not_joined`; ink refused too_thin (0->2),-,too_thin,
narrowed_to_kept,glyph/1/0/4/0/14,1,0,4,0,8,0.5 | 0.125,0.5,head_and_marks,tonight decided by `head_and_marks`; last night `beam_certain_not_joined`; ink refused too_thin (0->2),-,too_thin,
narrowed_to_kept,glyph/1/0/6/0/8,1,0,6,0,8,0.5 | 0.25,0.5,head_and_marks,tonight decided by `head_and_marks`; last night `beam_certain_not_joined`; ink refused too_thin (0->1),-,too_thin,
narrowed_to_kept,glyph/1/0/9/0/4,1,0,9,0,8,0.25 | 0.125,0.25,head_and_marks,tonight decided by `head_and_marks`; last night `beam_certain_not_joined`; ink refused too_thin (0->1),-,too_thin,
narrowed_to_kept,glyph/1/0/9/0/5,1,0,9,0,8,0.25 | 0.125,0.25,head_and_marks,tonight decided by `head_and_marks`; last night `beam_certain_not_joined`; ink refused too_thin (0->1),-,too_thin,
narrowed_to_kept,glyph/1/0/9/0/6,1,0,9,0,8,0.25 | 0.125,0.25,head_and_marks,tonight decided by `head_and_marks`; last night `beam_certain_not_joined`; ink refused too_thin (0->1),-,too_thin,
narrowed_to_kept,glyph/1/0/9/0/11,1,0,9,0,8,0.25 | 0.125,0.25,head_and_marks,tonight decided by `head_and_marks`; last night `beam_certain_not_joined`; ink refused too_thin (0->1),-,too_thin,
narrowed_to_kept,glyph/1/0/9/0/12,1,0,9,0,8,0.25 | 0.125,0.25,head_and_marks,tonight decided by `head_and_marks`; last night `beam_certain_not_joined`; ink refused too_thin (0->1),-,too_thin,
narrowed_to_kept,glyph/1/0/9/3/9,1,0,9,3,11,0.5 | 0.125,0.5,head_and_marks,tonight decided by `head_and_marks`; last night `beam_certain_not_joined`; ink refused too_thin (0->7),-,too_thin,
narrowed_to_kept,glyph/1/0/9/4/7,1,0,9,4,12,0.5 | 0.25,0.5,head_and_marks,tonight decided by `head_and_marks`; last night `beam_certain_not_joined`; ink refused too_thin (0->1),-,too_thin,
narrowed_to_kept,glyph/1/0/9/4/11,1,0,9,4,12,0.5 | 0.125,0.5,head_and_marks,tonight decided by `head_and_marks`; last night `beam_certain_not_joined`; ink refused too_thin (0->5),-,too_thin,
narrowed_to_kept,glyph/1/0/9/4/18,1,0,9,4,12,0.5 | 0.25,0.5,head_and_marks,tonight decided by `head_and_marks`; last night `beam_certain_not_joined`; ink refused too_thin (0->1),-,too_thin,
narrowed_to_kept,glyph/1/0/9/5/1,1,0,9,5,13,0.5 | 1,0.5,hooks_counted,tonight decided by `hooks_counted`; last night `flag_ink_unread`; no guard counter changed,-,,
narrowed_to_kept,glyph/1/0/11/0/6,1,0,11,0,8,0.5 | 0.125,0.5,head_and_marks,tonight decided by `head_and_marks`; last night `beam_certain_not_joined`; ink refused too_thin (0->2),-,too_thin,
narrowed_to_kept,glyph/1/0/11/0/11,1,0,11,0,8,0.5 | 0.25,0.5,head_and_marks,tonight decided by `head_and_marks`; last night `beam_certain_not_joined`; ink refused no_stem_at_ends (0->1),-,no_stem_at_ends,
narrowed_to_kept,glyph/1/0/11/0/12,1,0,11,0,8,0.5 | 0.125,0.5,head_and_marks,tonight decided by `head_and_marks`; last night `beam_certain_not_joined`; ink refused too_thin (0->2),-,too_thin,
narrowed_to_kept,glyph/1/0/11/0/14,1,0,11,0,8,0.5 | 0.25,0.5,head_and_marks,tonight decided by `head_and_marks`; last night `beam_certain_not_joined`; ink refused no_stem_at_ends (0->1),-,no_stem_at_ends,
narrowed_to_kept,glyph/1/0/11/0/16,1,0,11,0,8,0.5 | 0.25,0.5,head_and_marks,tonight decided by `head_and_marks`; last night `beam_certain_not_joined`; ink refused too_thin (0->2),-,too_thin,
narrowed_to_kept,glyph/1/0/11/0/18,1,0,11,0,8,0.5 | 0.125,0.5,head_and_marks,tonight decided by `head_and_marks`; last night `beam_certain_not_joined`; ink refused too_thin (0->2),-,too_thin,
narrowed_to_kept,glyph/1/0/11/0/21,1,0,11,0,8,0.5 | 0.25,0.5,head_and_marks,tonight decided by `head_and_marks`; last night `beam_certain_not_joined`; ink refused no_stem_at_ends (0->1),-,no_stem_at_ends,
narrowed_to_kept,glyph/1/0/11/0/22,1,0,11,0,8,0.5 | 0.25,0.5,head_and_marks,tonight decided by `head_and_marks`; last night `beam_certain_not_joined`; ink refused no_stem_at_ends (0->1),-,no_stem_at_ends,
narrowed_to_kept,glyph/1/0/11/0/32,1,0,11,0,8,0.25 | 0.125,0.5,head_and_marks,tonight decided by `head_and_marks`; last night `beam_certain_not_joined`; ink refused too_thin (0->2),-,too_thin,
narrowed_to_kept,glyph/1/0/11/0/33,1,0,11,0,8,0.5 | 0.125,0.5,head_and_marks,tonight decided by `head_and_marks`; last night `beam_certain_not_joined`; ink refused too_thin (0->2),-,too_thin,
narrowed_to_kept,glyph/1/0/12/0/1,1,0,12,0,8,0.125 | 0.0625,0.25,head_and_marks,tonight decided by `head_and_marks`; last night `beam_certain_not_joined`; ink refused too_thin (0->2),-,too_thin,
narrowed_to_kept,glyph/1/0/12/0/2,1,0,12,0,8,0.125 | 0.0625,0.25,head_and_marks,tonight decided by `head_and_marks`; last night `beam_certain_not_joined`; ink refused too_thin (0->2),-,too_thin,
narrowed_to_kept,glyph/1/0/12/0/3,1,0,12,0,8,0.125 | 0.0625,0.25,head_and_marks,tonight decided by `head_and_marks`; last night `beam_certain_not_joined`; ink refused too_thin (0->2),-,too_thin,
narrowed_to_kept,glyph/1/0/12/0/4,1,0,12,0,8,0.125 | 0.0625,0.25,head_and_marks,tonight decided by `head_and_marks`; last night `beam_certain_not_joined`; ink refused too_thin (0->2),-,too_thin,
narrowed_to_kept,glyph/1/0/12/0/5,1,0,12,0,8,0.125 | 0.0625,0.25,head_and_marks,tonight decided by `head_and_marks`; last night `beam_certain_not_joined`; ink refused too_thin (0->2),-,too_thin,
narrowed_to_kept,glyph/1/0/12/4/4,1,0,12,4,12,0.5 | 0.25,0.5,head_and_marks,tonight decided by `head_and_marks`; last night `beam_certain_not_joined`; ink refused too_thin (0->3),-,too_thin,
narrowed_to_kept,glyph/1/0/12/4/14,1,0,12,4,12,0.25 | 0.125,0.5,head_and_marks,tonight decided by `head_and_marks`; last night `beam_certain_not_joined`; ink refused too_thin (0->3),beams_by_stem 2->1,too_thin,
narrowed_to_kept,glyph/1/0/12/4/16,1,0,12,4,12,0.5 | 0.125,0.5,head_and_marks,tonight decided by `head_and_marks`; last night `beam_certain_not_joined`; ink refused too_thin (0->3),-,too_thin,
narrowed_to_kept,glyph/1/0/13/0/1,1,0,13,0,8,0.5 | 0.25,0.5,head_and_marks,tonight decided by `head_and_marks`; last night `beam_certain_not_joined`; ink refused too_thin (0->1),-,too_thin,
narrowed_to_kept,glyph/1/0/13/0/2,1,0,13,0,8,0.5 | 0.25,0.5,head_and_marks,tonight decided by `head_and_marks`; last night `beam_certain_not_joined`; ink refused too_thin (0->1),-,too_thin,
narrowed_to_kept,glyph/1/0/13/0/3,1,0,13,0,8,0.5 | 0.25,0.5,head_and_marks,tonight decided by `head_and_marks`; last night `beam_certain_not_joined`; ink refused too_thin (0->1),-,too_thin,
narrowed_to_kept,glyph/1/0/13/0/4,1,0,13,0,8,0.5 | 0.25,0.5,head_and_marks,tonight decided by `head_and_marks`; last night `beam_certain_not_joined`; ink refused too_thin (0->1),-,too_thin,
narrowed_to_kept,glyph/1/0/13/0/5,1,0,13,0,8,0.5 | 0.25,0.5,head_and_marks,tonight decided by `head_and_marks`; last night `beam_certain_not_joined`; ink refused too_thin (0->1),-,too_thin,
narrowed_to_kept,glyph/1/0/13/0/6,1,0,13,0,8,0.5 | 0.25,0.5,head_and_marks,tonight decided by `head_and_marks`; last night `beam_certain_not_joined`; ink refused too_thin (0->1),-,too_thin,
narrowed_to_kept,glyph/1/0/13/0/7,1,0,13,0,8,0.5 | 0.25,0.5,head_and_marks,tonight decided by `head_and_marks`; last night `beam_certain_not_joined`; ink refused too_thin (0->1),-,too_thin,
narrowed_to_kept,glyph/1/0/13/0/8,1,0,13,0,8,0.75 | 0.375,0.5,head_and_marks,tonight decided by `head_and_marks`; last night `beam_certain_not_joined`; ink refused too_thin (0->1),-,too_thin,
narrowed_to_kept,glyph/1/0/13/0/14,1,0,13,0,8,0.5 | 0.25,0.5,head_and_marks,tonight decided by `head_and_marks`; last night `beam_certain_not_joined`; ink refused too_thin (0->1),-,too_thin,
narrowed_to_kept,glyph/1/0/13/4/3,1,0,13,4,12,0.5 | 0.25,0.5,head_and_marks,tonight decided by `head_and_marks`; last night `beam_certain_not_joined`; ink refused too_thin (0->3),-,too_thin,
narrowed_to_kept,glyph/1/0/13/4/14,1,0,13,4,12,0.5 | 0.125,0.5,head_and_marks,tonight decided by `head_and_marks`; last night `beam_certain_not_joined`; ink refused too_thin (0->3),-,too_thin,
narrowed_to_kept,glyph/1/0/13/4/20,1,0,13,4,12,0.5 | 0.125,0.5,head_and_marks,tonight decided by `head_and_marks`; last night `beam_certain_not_joined`; ink refused too_thin (0->3),-,too_thin,
narrowed_to_kept,glyph/1/1/3/0/3,1,1,3,0,15,0.5 | 0.25,0.5,head_and_marks,tonight decided by `head_and_marks`; last night `beam_certain_not_joined`; ink refused too_thin (0->6),-,too_thin,
narrowed_to_kept,glyph/1/1/3/0/13,1,1,3,0,15,0.5 | 0.25,0.5,head_and_marks,tonight decided by `head_and_marks`; last night `beam_certain_not_joined`; ink refused too_thin (0->6),-,too_thin,
narrowed_to_kept,glyph/1/1/8/0/9,1,1,8,0,15,0.5 | 1,0.5,hooks_counted,tonight decided by `hooks_counted`; last night `flag_ink_unread`; no guard counter changed,-,,
narrowed_to_kept,glyph/1/1/8/1/3,1,1,8,1,16,0.5 | 0.25,0.5,hooks_counted,tonight decided by `hooks_counted`; last night `flags_disagree`; no guard counter changed,-,,
narrowed_to_kept,glyph/1/1/8/1/11,1,1,8,1,16,0.5 | 1,0.5,hooks_counted,tonight decided by `hooks_counted`; last night `flag_ink_unread`; no guard counter changed,-,,
narrowed_to_kept,glyph/1/1/8/3/4,1,1,8,3,18,0.75 | 1.5,0.5,hooks_counted,tonight decided by `hooks_counted`; last night `flag_ink_unread`; no guard counter changed,-,,
narrowed_to_kept,glyph/1/1/8/3/8,1,1,8,3,18,0.5 | 1,0.5,hooks_counted,tonight decided by `hooks_counted`; last night `flag_ink_unread`; no guard counter changed,-,,
narrowed_to_kept,glyph/1/1/9/0/13,1,1,9,0,15,0.5 | 0.25,0.5,hooks_counted,tonight decided by `hooks_counted`; last night `flags_disagree`; no guard counter changed,-,,
narrowed_to_kept,glyph/1/1/9/0/17,1,1,9,0,15,0.5 | 1,0.5,hooks_counted,tonight decided by `hooks_counted`; last night `flag_ink_unread`; ink refused no_stem_at_ends/too_thin (0->3),-,no_stem_at_ends/too_thin,
narrowed_to_kept,glyph/1/1/9/2/3,1,1,9,2,17,0.5 | 1,0.5,hooks_counted,tonight decided by `hooks_counted`; last night `flag_ink_unread`; ink refused too_thin (0->1),-,too_thin,
narrowed_to_kept,glyph/1/1/9/3/9,1,1,9,3,18,0.5 | 1,0.5,hooks_counted,tonight decided by `hooks_counted`; last night `flag_ink_unread`; no guard counter changed,-,,
narrowed_to_kept,glyph/1/1/12/3/4,1,1,12,3,18,0.5 | 0.25,0.5,head_and_marks,tonight decided by `head_and_marks`; last night `beam_certain_not_joined`; ink refused too_thin (0->1),-,too_thin,
narrowed_to_kept,glyph/1/1/12/3/5,1,1,12,3,18,0.5 | 0.25,0.5,head_and_marks,tonight decided by `head_and_marks`; last night `beam_certain_not_joined`; ink refused too_thin (0->1),-,too_thin,
narrowed_to_kept,glyph/1/1/12/3/6,1,1,12,3,18,0.5 | 0.25,0.5,head_and_marks,tonight decided by `head_and_marks`; last night `beam_certain_not_joined`; ink refused too_thin (0->1),-,too_thin,
narrowed_to_kept,glyph/2/0/1/5/1,2,0,1,5,28,0.5 | 0.25,0.5,head_and_marks,tonight decided by `head_and_marks`; last night `beam_certain_not_joined`; ink refused too_thin (0->1),-,too_thin,
narrowed_to_kept,glyph/2/0/1/5/2,2,0,1,5,28,0.5 | 0.25,0.5,head_and_marks,tonight decided by `head_and_marks`; last night `beam_certain_not_joined`; ink refused too_thin (0->1),-,too_thin,
narrowed_to_kept,glyph/2/0/1/5/3,2,0,1,5,28,0.5 | 0.25,0.5,head_and_marks,tonight decided by `head_and_marks`; last night `beam_certain_not_joined`; ink refused too_thin (0->1),-,too_thin,
narrowed_to_kept,glyph/2/0/1/5/7,2,0,1,5,28,0.5 | 0.25,0.5,head_and_marks,tonight decided by `head_and_marks`; last night `beam_certain_not_joined`; ink refused too_thin (0->1),-,too_thin,
narrowed_to_kept,glyph/2/0/1/5/18,2,0,1,5,28,0.5 | 0.25,0.5,head_and_marks,tonight decided by `head_and_marks`; last night `beam_certain_not_joined`; ink refused too_thin (0->1),-,too_thin,
narrowed_to_kept,glyph/2/0/2/5/2,2,0,2,5,28,0.03125 | 0.015625,0.5,head_and_marks,tonight decided by `head_and_marks`; last night `beams_ambiguous`; ink refused too_thin (0->3) + far-side strokes 0->2 + stem side None->down,-,too_thin,
narrowed_to_kept,glyph/2/0/9/1/1,2,0,9,1,24,0.25 | 0.125,0.25,head_and_marks,tonight decided by `head_and_marks`; last night `beam_certain_not_joined`; ink refused too_thin (0->1),-,too_thin,
narrowed_to_kept,glyph/2/0/9/1/2,2,0,9,1,24,0.25 | 0.125,0.25,head_and_marks,tonight decided by `head_and_marks`; last night `beam_certain_not_joined`; ink refused too_thin (0->1),-,too_thin,
narrowed_to_kept,glyph/2/0/9/1/6,2,0,9,1,24,0.25 | 0.125,0.25,head_and_marks,tonight decided by `head_and_marks`; last night `beam_certain_not_joined`; ink refused too_thin (0->1),-,too_thin,
narrowed_to_kept,glyph/2/0/9/1/7,2,0,9,1,24,0.25 | 0.125,0.25,head_and_marks,tonight decided by `head_and_marks`; last night `beam_certain_not_joined`; ink refused too_thin (0->1),-,too_thin,
narrowed_to_kept,glyph/2/0/9/1/11,2,0,9,1,24,0.25 | 0.125,0.25,head_and_marks,tonight decided by `head_and_marks`; last night `beam_certain_not_joined`; ink refused too_thin (0->1),-,too_thin,
narrowed_to_kept,glyph/2/0/10/5/1,2,0,10,5,28,0.5 | 0.25,0.5,head_and_marks,tonight decided by `head_and_marks`; last night `beam_certain_not_joined`; ink refused too_thin (0->2),beams_by_stem 1->0,too_thin,
narrowed_to_kept,glyph/2/0/10/5/5,2,0,10,5,28,0.5 | 0.25,0.5,head_and_marks,tonight decided by `head_and_marks`; last night `beam_certain_not_joined`; ink refused too_thin (0->2),beams_by_stem 1->0,too_thin,
narrowed_to_kept,glyph/2/0/12/1/2,2,0,12,1,24,0.25 | 0.125,0.25,head_and_marks,tonight decided by `head_and_marks`; last night `beam_certain_not_joined`; ink refused too_thin (0->1),-,too_thin,
narrowed_to_kept,glyph/2/0/12/1/6,2,0,12,1,24,0.25 | 0.125,0.25,head_and_marks,tonight decided by `head_and_marks`; last night `beam_certain_not_joined`; ink refused too_thin (0->1),-,too_thin,
narrowed_to_kept,glyph/2/0/12/1/7,2,0,12,1,24,0.25 | 0.125,0.25,head_and_marks,tonight decided by `head_and_marks`; last night `beam_certain_not_joined`; ink refused too_thin (0->1),-,too_thin,
narrowed_to_kept,glyph/2/0/12/1/9,2,0,12,1,24,0.25 | 0.125,0.25,head_and_marks,tonight decided by `head_and_marks`; last night `beam_certain_not_joined`; ink refused too_thin (0->1),-,too_thin,
narrowed_to_kept,glyph/2/0/12/1/13,2,0,12,1,24,0.25 | 0.125,0.25,head_and_marks,tonight decided by `head_and_marks`; last night `beam_certain_not_joined`; ink refused too_thin (0->1),-,too_thin,
narrowed_to_kept,glyph/2/0/12/1/17,2,0,12,1,24,0.25 | 0.125,0.25,head_and_marks,tonight decided by `head_and_marks`; last night `beam_certain_not_joined`; ink refused too_thin (0->1),-,too_thin,
narrowed_to_kept,glyph/2/1/1/1/3,2,1,1,1,30,0.5 | 0.25,0.5,head_and_marks,tonight decided by `head_and_marks`; last night `beam_certain_not_joined`; ink refused too_thin (0->1),-,too_thin,
narrowed_to_kept,glyph/2/1/1/1/5,2,1,1,1,30,0.5 | 0.25,0.5,head_and_marks,tonight decided by `head_and_marks`; last night `beam_certain_not_joined`; ink refused too_thin (0->1),-,too_thin,
narrowed_to_kept,glyph/2/1/1/1/6,2,1,1,1,30,0.5 | 0.25,0.5,head_and_marks,tonight decided by `head_and_marks`; last night `beam_certain_not_joined`; ink refused too_thin (0->1),-,too_thin,
narrowed_to_kept,glyph/2/1/12/4/0,2,1,12,4,33,0.5 | 0.25,0.5,head_and_marks,tonight decided by `head_and_marks`; last night `beam_certain_not_joined`; ink refused too_thin (0->1),-,too_thin,
narrowed_to_kept,glyph/2/1/12/4/2,2,1,12,4,33,0.5 | 0.25,0.5,head_and_marks,tonight decided by `head_and_marks`; last night `beam_certain_not_joined`; ink refused too_thin (0->1),-,too_thin,
narrowed_to_kept,glyph/2/1/12/4/5,2,1,12,4,33,0.5 | 0.25,0.5,head_and_marks,tonight decided by `head_and_marks`; last night `beam_certain_not_joined`; ink refused too_thin (0->1),-,too_thin,
narrowed_to_kept,glyph/2/1/12/4/9,2,1,12,4,33,0.5 | 0.25,0.5,head_and_marks,tonight decided by `head_and_marks`; last night `beam_certain_not_joined`; ink refused too_thin (0->1),-,too_thin,
narrowed_to_kept,glyph/2/1/12/6/1,2,1,12,6,35,0.5 | 0.25,0.5,head_and_marks,tonight decided by `head_and_marks`; last night `beam_certain_not_joined`; ink refused too_thin (0->1),-,too_thin,
narrowed_to_kept,glyph/2/1/12/6/3,2,1,12,6,35,0.5 | 0.25,0.5,head_and_marks,tonight decided by `head_and_marks`; last night `beam_certain_not_joined`; ink refused too_thin (0->1),-,too_thin,
narrowed_to_kept,glyph/2/1/12/6/9,2,1,12,6,35,0.25 | 0.125,0.25,head_and_marks,tonight decided by `head_and_marks`; last night `beam_certain_not_joined`; ink refused too_thin (0->1),-,too_thin,
narrowed_to_kept,glyph/3/0/0/2/19,3,0,0,2,40,0.25 | 0.125,0.5,head_and_marks,tonight decided by `head_and_marks`; last night `beam_certain_not_joined`; ink refused no_stem_at_ends/too_thin (0->2),-,no_stem_at_ends/too_thin,
narrowed_to_kept,glyph/3/0/2/2/2,3,0,2,2,40,0.5 | 0.25,0.5,head_and_marks,tonight decided by `head_and_marks`; last night `beam_certain_not_joined`; ink refused too_thin (0->1),-,too_thin,
narrowed_to_kept,glyph/3/0/2/2/11,3,0,2,2,40,0.5 | 0.25,0.5,head_and_marks,tonight decided by `head_and_marks`; last night `beams_ambiguous`; ink refused too_thin (0->1),-,too_thin,
narrowed_to_kept,glyph/3/0/11/8/4,3,0,11,8,46,0.5 | 0.25,0.5,head_and_marks,tonight decided by `head_and_marks`; last night `beam_certain_not_joined`; ink refused too_thin (0->1),-,too_thin,
narrowed_to_kept,glyph/3/0/11/8/5,3,0,11,8,46,0.5 | 0.25,0.5,head_and_marks,tonight decided by `head_and_marks`; last night `beam_certain_not_joined`; ink refused too_thin (0->1),-,too_thin,
narrowed_to_kept,glyph/3/0/11/8/13,3,0,11,8,46,0.5 | 0.25,0.5,head_and_marks,tonight decided by `head_and_marks`; last night `beam_certain_not_joined`; ink refused too_thin (0->1),-,too_thin,
narrowed_to_kept,glyph/3/0/11/8/25,3,0,11,8,46,0.5 | 0.25,0.5,head_and_marks,tonight decided by `head_and_marks`; last night `beam_certain_not_joined`; ink refused too_thin (0->1),-,too_thin,
narrowed_to_kept,glyph/3/0/11/9/0,3,0,11,9,47,0.25 | 0.125,0.5,head_and_marks,tonight decided by `head_and_marks`; last night `beam_certain_not_joined`; ink refused too_thin (0->2),-,too_thin,
narrowed_to_kept,glyph/3/0/11/9/1,3,0,11,9,47,0.25 | 0.125,0.5,head_and_marks,tonight decided by `head_and_marks`; last night `beam_certain_not_joined`; ink refused too_thin (0->2),-,too_thin,
narrowed_to_kept,glyph/3/0/11/9/2,3,0,11,9,47,0.25 | 0.125,0.5,head_and_marks,tonight decided by `head_and_marks`; last night `beam_certain_not_joined`; ink refused too_thin (0->2),-,too_thin,
narrowed_to_kept,glyph/3/0/11/9/7,3,0,11,9,47,0.25 | 0.125,0.5,head_and_marks,tonight decided by `head_and_marks`; last night `beam_certain_not_joined`; ink refused too_thin (0->2),-,too_thin,
narrowed_to_kept,glyph/3/0/11/9/8,3,0,11,9,47,0.25 | 0.125,0.5,head_and_marks,tonight decided by `head_and_marks`; last night `beam_certain_not_joined`; ink refused too_thin (0->2),-,too_thin,
narrowed_to_kept,glyph/3/0/11/9/12,3,0,11,9,47,0.25 | 0.125,0.5,head_and_marks,tonight decided by `head_and_marks`; last night `beam_certain_not_joined`; ink refused too_thin (0->2),-,too_thin,
narrowed_to_kept,glyph/3/0/12/8/0,3,0,12,8,46,0.5 | 1,0.5,hooks_counted,tonight decided by `hooks_counted`; last night `flag_ink_unread`; no guard counter changed,-,,
narrowed_to_kept,glyph/3/1/3/8/2,3,1,3,8,56,0.5 | 1,0.5,hooks_counted,tonight decided by `hooks_counted`; last night `flag_ink_unread`; ink refused too_thin (0->1),-,too_thin,
narrowed_to_kept,glyph/3/1/8/8/2,3,1,8,8,56,0.5 | 0.25,0.5,hooks_counted,tonight decided by `hooks_counted`; last night `flags_disagree`; no guard counter changed,-,,
narrowed_to_kept,glyph/3/1/9/4/3,3,1,9,4,52,0.0625 | 0.03125,0.5,head_and_marks,tonight decided by `head_and_marks`; last night `beams_ambiguous`; ink refused one_stem/too_thin (0->3) + far-side strokes 0->2 + stem side None->down,-,one_stem/too_thin,
narrowed_to_kept,glyph/4/0/10/8/10,4,0,10,8,67,0.5 | 0.25,0.5,head_and_marks,tonight decided by `head_and_marks`; last night `beams_ambiguous`; far-side strokes 0->1 + stem side None->up,-,,
narrowed_to_kept,glyph/4/0/10/8/15,4,0,10,8,67,0.5 | 0.25,0.5,head_and_marks,tonight decided by `head_and_marks`; last night `beams_ambiguous`; ink refused too_thin (0->1),-,too_thin,
narrowed_to_kept,glyph/4/1/1/3/12,4,1,1,3,73,0.5 | 0.25 | 0.125,0.5,head_and_marks,tonight decided by `head_and_marks`; last night `beams_ambiguous`; ink refused too_thin (0->3),-,too_thin,
narrowed_to_kept,glyph/4/1/7/0/7,4,1,7,0,70,0.5 | 0.25,0.5,hooks_counted,tonight decided by `hooks_counted`; last night `flags_disagree`; no guard counter changed,-,,
narrowed_to_kept,glyph/4/1/7/0/14,4,1,7,0,70,0.5 | 0.25,0.5,hooks_counted,tonight decided by `hooks_counted`; last night `flags_disagree`; no guard counter changed,-,,
narrowed_to_kept,glyph/4/1/8/0/20,4,1,8,0,70,0.5 | 0.25,0.5,hooks_counted,tonight decided by `hooks_counted`; last night `flags_disagree`; no guard counter changed,-,,
narrowed_to_kept,glyph/4/1/9/8/3,4,1,9,8,78,0.5 | 0.25,0.5,head_and_marks,tonight decided by `head_and_marks`; last night `beams_ambiguous`; ink refused too_thin (0->2),-,too_thin,
narrowed_to_kept,glyph/5/0/0/7/7,5,0,0,7,86,0.25 | 0.125,0.25,head_and_marks,tonight decided by `head_and_marks`; last night `beams_ambiguous`; ink refused through_heads (0->1),-,through_heads,
narrowed_to_kept,glyph/5/0/1/4/7,5,0,1,4,83,1 | 0.5,0.5,head_and_marks,tonight decided by `head_and_marks`; last night `beam_certain_not_joined`; ink refused too_thin (0->2),-,too_thin,
narrowed_to_kept,glyph/5/0/1/4/10,5,0,1,4,83,1 | 0.5,0.5,head_and_marks,tonight decided by `head_and_marks`; last night `beam_certain_not_joined`; ink refused too_thin (0->2),-,too_thin,
narrowed_to_kept,glyph/5/0/2/4/0,5,0,2,4,83,1 | 0.5,0.5,head_and_marks,tonight decided by `head_and_marks`; last night `beam_certain_not_joined`; ink refused too_thin (0->1),-,too_thin,
narrowed_to_kept,glyph/5/0/2/4/5,5,0,2,4,83,1 | 0.5,0.5,head_and_marks,tonight decided by `head_and_marks`; last night `beam_certain_not_joined`; ink refused too_thin (0->1),-,too_thin,
narrowed_to_kept,glyph/5/0/2/4/9,5,0,2,4,83,1 | 0.5,0.5,head_and_marks,tonight decided by `head_and_marks`; last night `beam_certain_not_joined`; ink refused too_thin (0->1),-,too_thin,
narrowed_to_kept,glyph/5/0/2/4/11,5,0,2,4,83,1 | 0.5,0.5,head_and_marks,tonight decided by `head_and_marks`; last night `beam_certain_not_joined`; ink refused too_thin (0->1),-,too_thin,
narrowed_to_kept,glyph/5/0/2/5/7,5,0,2,5,84,0.25 | 0.125,0.25,head_and_marks,tonight decided by `head_and_marks`; last night `beams_ambiguous`; ink refused too_thin (0->1) + stem side None->down,-,too_thin,
narrowed_to_kept,glyph/5/0/2/5/9,5,0,2,5,84,0.25 | 0.125,0.25,head_and_marks,tonight decided by `head_and_marks`; last night `beams_ambiguous`; ink refused too_thin (0->1),-,too_thin,
narrowed_to_kept,glyph/5/0/2/5/23,5,0,2,5,84,0.25 | 0.125,0.25,head_and_marks,tonight decided by `head_and_marks`; last night `beams_ambiguous`; ink refused too_thin (0->1),-,too_thin,
narrowed_to_kept,glyph/5/0/3/4/0,5,0,3,4,83,0.5 | 0.25,0.5,head_and_marks,tonight decided by `head_and_marks`; last night `beam_certain_not_joined`; ink refused too_thin (0->2),beams_by_stem 1->0,too_thin,
narrowed_to_kept,glyph/5/0/3/4/1,5,0,3,4,83,0.5 | 0.25,0.5,head_and_marks,tonight decided by `head_and_marks`; last night `beam_certain_not_joined`; ink refused too_thin (0->2),-,too_thin,
narrowed_to_kept,glyph/5/0/3/4/8,5,0,3,4,83,0.5 | 0.25,0.5,head_and_marks,tonight decided by `head_and_marks`; last night `beam_certain_not_joined`; ink refused too_thin (0->2),beams_by_stem 1->0,too_thin,
narrowed_to_kept,glyph/5/0/3/4/9,5,0,3,4,83,0.5 | 0.25,0.5,head_and_marks,tonight decided by `head_and_marks`; last night `beam_certain_not_joined`; ink refused too_thin (0->2),-,too_thin,
narrowed_to_kept,glyph/5/0/4/4/15,5,0,4,4,83,2 | 1 | 4,2,hollow_head_bare_stem,tonight decided by `hollow_head_bare_stem`; last night `head_fill_from_ink`; no guard counter changed,-,,
narrowed_to_kept,glyph/5/0/7/6/1,5,0,7,6,85,1 | 0.5,0.5,head_and_marks,tonight decided by `head_and_marks`; last night `beam_certain_not_joined`; ink refused too_thin (0->1),-,too_thin,
narrowed_to_kept,glyph/5/0/7/6/11,5,0,7,6,85,1 | 0.5,0.5,head_and_marks,tonight decided by `head_and_marks`; last night `beam_certain_not_joined`; ink refused too_thin (0->1),-,too_thin,
narrowed_to_kept,glyph/5/0/8/7/18,5,0,8,7,86,0.5 | 1,0.5,hooks_counted,tonight decided by `hooks_counted`; last night `flag_ink_unread`; ink refused too_thin (0->1),-,too_thin,
narrowed_to_kept,glyph/5/0/10/3/1,5,0,10,3,82,0.5 | 1,0.5,hooks_counted,tonight decided by `hooks_counted`; last night `flag_ink_unread`; ink refused one_stem (0->1),-,one_stem,
narrowed_to_kept,glyph/5/0/10/7/11,5,0,10,7,86,0.5 | 1,0.5,hooks_counted,tonight decided by `hooks_counted`; last night `flag_ink_unread`; no guard counter changed,-,,
narrowed_to_kept,glyph/5/0/11/7/6,5,0,11,7,86,0.5 | 1,0.5,hooks_counted,tonight decided by `hooks_counted`; last night `flag_ink_unread`; no guard counter changed,-,,
narrowed_to_kept,glyph/5/0/12/2/0,5,0,12,2,81,0.5 | 1,0.5,hooks_counted,tonight decided by `hooks_counted`; last night `flag_ink_unread`; no guard counter changed,-,,
narrowed_to_kept,glyph/5/1/1/0/6,5,1,1,0,87,0.5 | 0.25,0.5,hooks_counted,tonight decided by `hooks_counted`; last night `flags_disagree`; no guard counter changed,-,,
narrowed_to_kept,glyph/5/1/8/0/3,5,1,8,0,87,0.5 | 0.25,0.5,hooks_counted,tonight decided by `hooks_counted`; last night `flags_disagree`; no guard counter changed,-,,
narrowed_to_kept,glyph/5/1/8/3/0,5,1,8,3,90,0.5 | 0.25,0.5,hooks_counted,tonight decided by `hooks_counted`; last night `flags_disagree`; no guard counter changed,-,,
narrowed_to_kept,glyph/5/1/9/0/10,5,1,9,0,87,0.5 | 0.25,0.5,hooks_counted,tonight decided by `hooks_counted`; last night `flags_disagree`; no guard counter changed,-,,
narrowed_to_kept,glyph/5/1/10/0/7,5,1,10,0,87,0.5 | 0.25,0.5,hooks_counted,tonight decided by `hooks_counted`; last night `flags_disagree`; no guard counter changed,-,,
narrowed_to_kept,glyph/5/1/10/3/0,5,1,10,3,90,0.5 | 0.25,0.5,hooks_counted,tonight decided by `hooks_counted`; last night `flags_disagree`; ink refused too_thin (0->1),-,too_thin,
narrowed_to_kept,glyph/5/1/10/3/3,5,1,10,3,90,0.5 | 0.25,0.5,hooks_counted,tonight decided by `hooks_counted`; last night `flags_disagree`; no guard counter changed,-,,
narrowed_to_kept,glyph/5/1/10/3/7,5,1,10,3,90,0.5 | 0.25,0.5,hooks_counted,tonight decided by `hooks_counted`; last night `flags_disagree`; no guard counter changed,-,,
narrowed_to_kept,glyph/5/1/12/6/6,5,1,12,6,93,0.5 | 0.25,0.5,hooks_counted,tonight decided by `hooks_counted`; last night `flags_disagree`; no guard counter changed,-,,
narrowed_to_kept,glyph/6/0/2/0/2,6,0,2,0,97,0.5 | 1,0.5,hooks_counted,tonight decided by `hooks_counted`; last night `flag_ink_unread`; no guard counter changed,-,,
narrowed_to_kept,glyph/6/0/2/0/28,6,0,2,0,97,0.5 | 1,0.5,hooks_counted,tonight decided by `hooks_counted`; last night `flag_ink_unread`; no guard counter changed,-,,
narrowed_to_kept,glyph/6/0/5/1/0,6,0,5,1,98,0.5 | 0.25,0.5,hooks_counted,tonight decided by `hooks_counted`; last night `flags_disagree`; no guard counter changed,-,,
narrowed_to_kept,glyph/6/0/8/0/12,6,0,8,0,97,0.5 | 1,0.5,hooks_counted,tonight decided by `hooks_counted`; last night `flag_ink_unread`; ink refused through_heads (0->1),-,through_heads,
narrowed_to_kept,glyph/6/0/8/6/7,6,0,8,6,103,1 | 0.5,0.5,head_and_marks,tonight decided by `head_and_marks`; last night `beam_certain_not_joined`; ink refused too_thin (0->1),-,too_thin,
narrowed_to_kept,glyph/6/0/8/6/11,6,0,8,6,103,1 | 0.5,0.5,head_and_marks,tonight decided by `head_and_marks`; last night `beam_certain_not_joined`; ink refused too_thin (0->1),-,too_thin,
narrowed_to_kept,glyph/6/0/8/7/9,6,0,8,7,104,1 | 0.5,0.5,head_and_marks,tonight decided by `head_and_marks`; last night `beam_certain_not_joined`; ink refused too_thin (0->1),-,too_thin,
narrowed_to_kept,glyph/6/1/1/4/0,6,1,1,4,110,0.5 | 0.25,0.5,hooks_counted,tonight decided by `hooks_counted`; last night `flags_disagree`; no guard counter changed,-,,
narrowed_to_kept,glyph/6/1/3/3/18,6,1,3,3,109,2 | 1 | 4,2,hollow_head_bare_stem,tonight decided by `hollow_head_bare_stem`; last night `head_fill_from_ink`; ink refused too_thin (0->1),-,too_thin,
narrowed_to_kept,glyph/6/1/9/3/1,6,1,9,3,109,0.5 | 0.25,0.5,hooks_counted,tonight decided by `hooks_counted`; last night `flags_disagree`; no guard counter changed,-,,
narrowed_to_kept,glyph/6/1/10/0/1,6,1,10,0,106,0.5 | 1,0.5,hooks_counted,tonight decided by `hooks_counted`; last night `flag_ink_unread`; no guard counter changed,-,,
narrowed_to_kept,glyph/7/0/5/6/2,7,0,5,6,121,1 | 0.5,1,head_and_marks,tonight decided by `head_and_marks`; last night `beams_ambiguous`; ink refused too_thin (0->1) + far-side strokes 0->1 + stem side None->up,-,too_thin,
narrowed_to_kept,glyph/7/0/7/6/0,7,0,7,6,121,0.5 | 0.25,0.5,hooks_counted,tonight decided by `hooks_counted`; last night `flags_disagree`; no guard counter changed,-,,
narrowed_to_kept,glyph/7/1/7/1/1,7,1,7,1,125,0.5 | 1,0.5,hooks_counted,tonight decided by `hooks_counted`; last night `flag_ink_unread`; no guard counter changed,-,,
narrowed_to_kept,glyph/7/1/7/1/4,7,1,7,1,125,1 | 0.5,0.5,head_and_marks,tonight decided by `head_and_marks`; last night `beam_certain_not_joined`; ink refused too_thin (0->1),-,too_thin,
narrowed_to_kept,glyph/7/1/7/4/3,7,1,7,4,128,0.5 | 1,0.5,hooks_counted,tonight decided by `hooks_counted`; last night `flag_ink_unread`; no guard counter changed,-,,
narrowed_to_kept,glyph/7/1/8/4/0,7,1,8,4,128,0.5 | 0.25,0.5,head_and_marks,tonight decided by `head_and_marks`; last night `beam_certain_not_joined`; ink refused too_thin (0->1),-,too_thin,
narrowed_to_kept,glyph/7/1/8/4/1,7,1,8,4,128,0.5 | 0.25,0.5,head_and_marks,tonight decided by `head_and_marks`; last night `beam_certain_not_joined`; ink refused too_thin (0->1),-,too_thin,
narrowed_to_kept,glyph/7/1/8/4/2,7,1,8,4,128,0.5 | 0.25,0.5,head_and_marks,tonight decided by `head_and_marks`; last night `beam_certain_not_joined`; ink refused too_thin (0->1),-,too_thin,
narrowed_to_kept,glyph/7/1/8/4/5,7,1,8,4,128,0.5 | 0.25,0.5,head_and_marks,tonight decided by `head_and_marks`; last night `beam_certain_not_joined`; ink refused too_thin (0->1),-,too_thin,
narrowed_to_kept,glyph/7/1/8/4/6,7,1,8,4,128,0.5 | 0.25,0.5,head_and_marks,tonight decided by `head_and_marks`; last night `beam_certain_not_joined`; ink refused too_thin (0->1),-,too_thin,
narrowed_to_kept,glyph/7/1/8/4/7,7,1,8,4,128,0.5 | 0.25,0.5,head_and_marks,tonight decided by `head_and_marks`; last night `beam_certain_not_joined`; ink refused too_thin (0->1),-,too_thin,
narrowed_to_kept,glyph/7/1/8/4/8,7,1,8,4,128,0.5 | 0.25,0.5,head_and_marks,tonight decided by `head_and_marks`; last night `beam_certain_not_joined`; ink refused too_thin (0->1),-,too_thin,
narrowed_to_kept,glyph/7/1/8/4/10,7,1,8,4,128,0.5 | 0.25,0.5,head_and_marks,tonight decided by `head_and_marks`; last night `beam_certain_not_joined`; ink refused too_thin (0->1),-,too_thin,
narrowed_to_kept,glyph/7/1/8/4/11,7,1,8,4,128,0.5 | 0.25,0.5,head_and_marks,tonight decided by `head_and_marks`; last night `beam_certain_not_joined`; ink refused too_thin (0->1),-,too_thin,
narrowed_to_kept,glyph/7/1/9/4/6,7,1,9,4,128,0.5 | 1,0.5,hooks_counted,tonight decided by `hooks_counted`; last night `flag_ink_unread`; ink refused too_thin (0->2),-,too_thin,
narrowed_to_kept,glyph/8/1/9/5/8,8,1,9,5,154,2 | 1 | 4,2,hollow_head_bare_stem,tonight decided by `hollow_head_bare_stem`; last night `head_fill_from_ink`; ink refused too_thin (0->1),-,too_thin,
narrowed_to_kept,glyph/9/0/9/7/1,9,0,9,7,168,0.5 | 1,0.5,hooks_counted,tonight decided by `hooks_counted`; last night `flag_ink_unread`; no guard counter changed,-,,
narrowed_to_kept,glyph/9/0/11/0/8,9,0,11,0,161,0.5 | 1,0.5,hooks_counted,tonight decided by `hooks_counted`; last night `flag_ink_unread`; no guard counter changed,-,,
narrowed_to_kept,glyph/9/1/0/4/6,9,1,0,4,174,0.5 | 1,0.5,hooks_counted,tonight decided by `hooks_counted`; last night `flag_ink_unread`; ink refused too_thin (0->1),-,too_thin,
narrowed_to_kept,glyph/10/0/8/8/2,10,0,8,8,187,0.5 | 0.25,0.5,hooks_counted,tonight decided by `hooks_counted`; last night `flags_disagree`; no guard counter changed,-,,
narrowed_to_kept,glyph/10/1/8/1/2,10,1,8,1,189,0.5 | 0.25,0.5,hooks_counted,tonight decided by `hooks_counted`; last night `flags_disagree`; no guard counter changed,-,,
narrowed_to_kept,glyph/10/1/10/0/3,10,1,10,0,188,0.5 | 0.25,0.5,hooks_counted,tonight decided by `hooks_counted`; last night `flags_disagree`; no guard counter changed,-,,
narrowed_to_kept,glyph/11/0/11/8/2,11,0,11,8,204,0.5 | 0.25,0.5,head_and_marks,tonight decided by `head_and_marks`; last night `beam_certain_not_joined`; ink refused too_thin (0->1),-,too_thin,
narrowed_to_kept,glyph/11/0/11/8/4,11,0,11,8,204,0.5 | 0.25,0.5,head_and_marks,tonight decided by `head_and_marks`; last night `beam_certain_not_joined`; ink refused too_thin (0->1),-,too_thin,
narrowed_to_kept,glyph/11/0/11/8/8,11,0,11,8,204,0.5 | 0.25,0.5,head_and_marks,tonight decided by `head_and_marks`; last night `beam_certain_not_joined`; ink refused too_thin (0->1),-,too_thin,
narrowed_to_kept,glyph/11/0/11/8/9,11,0,11,8,204,0.5 | 0.25,0.5,head_and_marks,tonight decided by `head_and_marks`; last night `beam_certain_not_joined`; ink refused too_thin (0->1),-,too_thin,
narrowed_to_kept,glyph/11/0/11/8/10,11,0,11,8,204,0.5 | 0.25,0.5,head_and_marks,tonight decided by `head_and_marks`; last night `beam_certain_not_joined`; ink refused too_thin (0->1),-,too_thin,
narrowed_to_kept,glyph/11/0/11/8/11,11,0,11,8,204,0.5 | 0.25,0.5,head_and_marks,tonight decided by `head_and_marks`; last night `beam_certain_not_joined`; ink refused too_thin (0->1),-,too_thin,
narrowed_to_kept,glyph/11/1/3/5/14,11,1,3,5,212,2 | 1 | 4,2,hollow_head_bare_stem,tonight decided by `hollow_head_bare_stem`; last night `head_fill_from_ink`; no guard counter changed,-,,
narrowed_to_kept,glyph/11/1/10/0/3,11,1,10,0,207,0.125 | 0.0625,0.25,head_and_marks,tonight decided by `head_and_marks`; last night `beams_ambiguous`; ink refused through_heads (0->3),beams_by_stem 3->2,through_heads,
narrowed_to_kept,glyph/11/1/10/0/8,11,1,10,0,207,0.125 | 0.0625,0.25,head_and_marks,tonight decided by `head_and_marks`; last night `beams_ambiguous`; ink refused through_heads (0->3),beams_by_stem 3->2,through_heads,
narrowed_to_kept,glyph/11/1/10/3/7,11,1,10,3,210,0.25 | 0.125,0.25,head_and_marks,tonight decided by `head_and_marks`; last night `beams_ambiguous`; ink refused through_heads/too_thin (0->2),-,through_heads/too_thin,
narrowed_to_kept,glyph/13/1/0/5/4,13,1,0,5,259,0.09375 | 0.046875,0.75,head_and_marks,tonight decided by `head_and_marks`; last night `beams_ambiguous`; ink refused too_thin (0->4),-,too_thin,
narrowed_to_kept,glyph/14/0/3/0/2,14,0,3,0,266,0.5 | 0.25,0.5,head_and_marks,tonight decided by `head_and_marks`; last night `beams_ambiguous`; far-side strokes 0->1 + stem side None->down,-,,
narrowed_to_kept,glyph/14/0/5/7/4,14,0,5,7,273,0.25 | 0.125,0.5,head_and_marks,tonight decided by `head_and_marks`; last night `beams_ambiguous`; ink refused through_heads (0->1),-,through_heads,
narrowed_to_kept,glyph/14/0/12/8/0,14,0,12,8,274,0.5 | 1,1,head_and_marks,tonight decided by `head_and_marks`; last night `beam_discounted_uncertain`; decided-arc strokes 1->0 + far-side strokes 0->1,-,,
narrowed_to_kept,glyph/14/0/12/8/6,14,0,12,8,274,0.75 | 1.5,1.5,head_and_marks,tonight decided by `head_and_marks`; last night `beam_discounted_uncertain`; decided-arc strokes 1->0 + far-side strokes 0->1,-,,
narrowed_to_kept,glyph/15/1/6/9/0,15,1,6,9,303,0.25 | 0.125,0.5,head_and_marks,tonight decided by `head_and_marks`; last night `beams_ambiguous`; ink refused no_stem_at_ends (0->1),-,no_stem_at_ends,
narrowed_to_kept,glyph/17/0/11/1/13,17,0,11,1,328,0.5 | 1,0.5,hooks_counted,tonight decided by `hooks_counted`; last night `flag_ink_unread`; ink refused too_thin (0->1),-,too_thin,
narrowed_to_kept,glyph/17/1/3/5/10,17,1,3,5,338,0.75 | 0.375,0.75,head_and_marks,tonight decided by `head_and_marks`; last night `beams_ambiguous`; ink refused too_thin (0->1) + stem side None->down,-,too_thin,
narrowed_to_kept,glyph/18/0/4/6/0,18,0,4,6,345,0.5 | 0.25,0.5,hooks_counted,tonight decided by `hooks_counted`; last night `flags_disagree`; no guard counter changed,-,,
narrowed_to_kept,glyph/18/0/7/2/0,18,0,7,2,341,1.5 | 0.75,1.5,head_and_marks,tonight decided by `head_and_marks`; last night `beams_ambiguous`; far-side strokes 0->1 + stem side None->down,-,,
narrowed_to_kept,glyph/18/1/1/1/5,18,1,1,1,347,0.25 | 0.125,0.25,head_and_marks,tonight decided by `head_and_marks`; last night `beams_ambiguous`; ink refused too_thin (0->1),-,too_thin,
narrowed_to_kept,glyph/18/1/1/1/11,18,1,1,1,347,0.25 | 0.125,0.25,head_and_marks,tonight decided by `head_and_marks`; last night `beams_ambiguous`; ink refused too_thin (0->1),-,too_thin,
narrowed_to_kept,glyph/18/1/1/5/0,18,1,1,5,351,0.5 | 0.25,0.5,head_and_marks,tonight decided by `head_and_marks`; last night `beam_certain_not_joined`; ink refused too_thin (0->1),-,too_thin,
narrowed_to_kept,glyph/18/1/1/5/1,18,1,1,5,351,0.5 | 0.25,0.5,head_and_marks,tonight decided by `head_and_marks`; last night `beam_certain_not_joined`; ink refused too_thin (0->1),-,too_thin,
narrowed_to_kept,glyph/18/1/1/5/2,18,1,1,5,351,0.5 | 0.25,0.5,head_and_marks,tonight decided by `head_and_marks`; last night `beam_certain_not_joined`; ink refused too_thin (0->1),-,too_thin,
narrowed_to_kept,glyph/18/1/1/5/5,18,1,1,5,351,0.5 | 0.25,0.5,head_and_marks,tonight decided by `head_and_marks`; last night `beam_certain_not_joined`; ink refused too_thin (0->1),-,too_thin,
narrowed_to_kept,glyph/18/1/1/5/6,18,1,1,5,351,0.5 | 0.25,0.5,head_and_marks,tonight decided by `head_and_marks`; last night `beam_certain_not_joined`; ink refused too_thin (0->1),-,too_thin,
narrowed_to_kept,glyph/18/1/1/5/7,18,1,1,5,351,0.5 | 0.25,0.5,head_and_marks,tonight decided by `head_and_marks`; last night `beam_certain_not_joined`; ink refused too_thin (0->1),-,too_thin,
narrowed_to_kept,glyph/18/1/1/5/9,18,1,1,5,351,0.5 | 0.25,0.5,head_and_marks,tonight decided by `head_and_marks`; last night `beam_certain_not_joined`; ink refused too_thin (0->1),-,too_thin,
narrowed_to_kept,glyph/18/1/1/5/10,18,1,1,5,351,0.5 | 0.25,0.5,head_and_marks,tonight decided by `head_and_marks`; last night `beam_certain_not_joined`; ink refused too_thin (0->1),-,too_thin,
narrowed_to_kept,glyph/18/1/1/5/11,18,1,1,5,351,0.5 | 0.25,0.5,head_and_marks,tonight decided by `head_and_marks`; last night `beam_certain_not_joined`; ink refused too_thin (0->1),-,too_thin,
narrowed_to_kept,glyph/18/1/1/5/12,18,1,1,5,351,0.5 | 0.25,0.5,head_and_marks,tonight decided by `head_and_marks`; last night `beam_certain_not_joined`; ink refused too_thin (0->1),-,too_thin,
narrowed_to_kept,glyph/18/1/10/4/0,18,1,10,4,350,0.5 | 1,0.5,hooks_counted,tonight decided by `hooks_counted`; last night `flag_ink_unread`; no guard counter changed,-,,
narrowed_to_kept,glyph/18/1/10/5/0,18,1,10,5,351,0.5 | 0.25,0.5,head_and_marks,tonight decided by `head_and_marks`; last night `beam_certain_not_joined`; ink refused too_thin (0->1),-,too_thin,
narrowed_to_kept,glyph/18/1/10/5/1,18,1,10,5,351,0.5 | 0.25,0.5,head_and_marks,tonight decided by `head_and_marks`; last night `beam_certain_not_joined`; ink refused too_thin (0->1),-,too_thin,
narrowed_to_kept,glyph/18/1/10/5/2,18,1,10,5,351,0.5 | 0.25,0.5,head_and_marks,tonight decided by `head_and_marks`; last night `beam_certain_not_joined`; ink refused too_thin (0->1),-,too_thin,
narrowed_to_kept,glyph/18/1/10/5/5,18,1,10,5,351,0.5 | 0.25,0.5,head_and_marks,tonight decided by `head_and_marks`; last night `beam_certain_not_joined`; ink refused too_thin (0->1),-,too_thin,
narrowed_to_kept,glyph/18/1/10/5/7,18,1,10,5,351,0.5 | 0.25,0.5,head_and_marks,tonight decided by `head_and_marks`; last night `beam_certain_not_joined`; ink refused too_thin (0->1),-,too_thin,
narrowed_to_kept,glyph/18/1/10/5/10,18,1,10,5,351,0.5 | 0.25,0.5,head_and_marks,tonight decided by `head_and_marks`; last night `beam_certain_not_joined`; ink refused too_thin (0->1),-,too_thin,
narrowed_to_kept,glyph/18/1/10/5/11,18,1,10,5,351,0.5 | 0.25,0.5,head_and_marks,tonight decided by `head_and_marks`; last night `beam_certain_not_joined`; ink refused too_thin (0->1),-,too_thin,
narrowed_to_kept,glyph/18/1/10/5/12,18,1,10,5,351,0.5 | 0.25,0.5,head_and_marks,tonight decided by `head_and_marks`; last night `beam_certain_not_joined`; ink refused too_thin (0->1),-,too_thin,
narrowed_to_kept,glyph/18/1/10/5/13,18,1,10,5,351,0.5 | 0.25,0.5,head_and_marks,tonight decided by `head_and_marks`; last night `beam_certain_not_joined`; ink refused too_thin (0->1),-,too_thin,
narrowed_to_kept,glyph/18/1/10/5/15,18,1,10,5,351,0.5 | 0.25,0.5,head_and_marks,tonight decided by `head_and_marks`; last night `beam_certain_not_joined`; ink refused too_thin (0->1),-,too_thin,
narrowed_to_kept,glyph/18/1/11/5/1,18,1,11,5,351,0.25 | 0.125,0.5,head_and_marks,tonight decided by `head_and_marks`; last night `beam_certain_not_joined`; ink refused too_thin (0->2),-,too_thin,
narrowed_to_kept,glyph/18/1/11/5/2,18,1,11,5,351,0.25 | 0.125,0.5,head_and_marks,tonight decided by `head_and_marks`; last night `beam_certain_not_joined`; ink refused too_thin (0->2),-,too_thin,
narrowed_to_kept,glyph/18/1/11/5/3,18,1,11,5,351,0.25 | 0.125,0.5,head_and_marks,tonight decided by `head_and_marks`; last night `beam_certain_not_joined`; ink refused too_thin (0->2),-,too_thin,
narrowed_to_kept,glyph/18/1/11/5/5,18,1,11,5,351,0.25 | 0.125,0.5,head_and_marks,tonight decided by `head_and_marks`; last night `beam_certain_not_joined`; ink refused too_thin (0->2),-,too_thin,
narrowed_to_kept,glyph/18/1/11/5/13,18,1,11,5,351,0.25 | 0.125,0.5,head_and_marks,tonight decided by `head_and_marks`; last night `beam_certain_not_joined`; ink refused too_thin (0->2),-,too_thin,
narrowed_to_kept,glyph/18/1/11/5/16,18,1,11,5,351,0.25 | 0.125,0.5,head_and_marks,tonight decided by `head_and_marks`; last night `beam_certain_not_joined`; ink refused too_thin (0->2),-,too_thin,
narrowed_to_kept,glyph/19/1/5/2/1,19,1,5,2,367,0.5 | 0.25,0.5,hooks_counted,tonight decided by `hooks_counted`; last night `flags_disagree`; no guard counter changed,-,,
narrowed_to_kept,glyph/19/1/5/2/12,19,1,5,2,367,0.5 | 0.25,0.5,hooks_counted,tonight decided by `hooks_counted`; last night `flags_disagree`; no guard counter changed,-,,
narrowed_to_kept,glyph/19/1/9/6/10,19,1,9,6,371,1 | 0.5,1,head_and_marks,tonight decided by `head_and_marks`; last night `beams_ambiguous`; far-side strokes 0->1 + stem side None->up,-,,
narrowed_to_kept,glyph/20/0/8/3/0,20,0,8,3,377,0.5 | 0.25,0.5,hooks_counted,tonight decided by `hooks_counted`; last night `flags_disagree`; no guard counter changed,-,,
narrowed_to_kept,glyph/20/0/8/3/1,20,0,8,3,377,0.5 | 0.25,0.5,hooks_counted,tonight decided by `hooks_counted`; last night `flags_disagree`; no guard counter changed,-,,
narrowed_to_kept,glyph/20/0/8/3/5,20,0,8,3,377,0.5 | 0.25,0.5,hooks_counted,tonight decided by `hooks_counted`; last night `flags_disagree`; no guard counter changed,-,,
narrowed_to_kept,glyph/20/0/9/0/4,20,0,9,0,374,0.5 | 0.25,0.5,hooks_counted,tonight decided by `hooks_counted`; last night `flags_disagree`; no guard counter changed,-,,
narrowed_to_kept,glyph/20/0/9/0/6,20,0,9,0,374,0.5 | 0.25,0.5,hooks_counted,tonight decided by `hooks_counted`; last night `flags_disagree`; no guard counter changed,-,,
narrowed_to_kept,glyph/20/0/9/2/0,20,0,9,2,376,0.5 | 1,0.5,hooks_counted,tonight decided by `hooks_counted`; last night `flag_ink_unread`; ink refused too_thin (0->2),-,too_thin,
narrowed_to_kept,glyph/20/0/10/2/6,20,0,10,2,376,0.5 | 1,0.5,hooks_counted,tonight decided by `hooks_counted`; last night `flag_ink_unread`; no guard counter changed,-,,
narrowed_to_kept,glyph/20/0/11/1/1,20,0,11,1,375,1 | 0.5,0.5,head_and_marks,tonight decided by `head_and_marks`; last night `beam_certain_not_joined`; ink refused too_thin (0->1),-,too_thin,
narrowed_to_kept,glyph/20/1/9/4/9,20,1,9,4,387,0.5 | 0.25,0.5,head_and_marks,tonight decided by `head_and_marks`; last night `beam_certain_not_joined`; ink refused too_thin (0->1),-,too_thin,
narrowed_to_kept,glyph/20/1/9/5/6,20,1,9,5,388,0.5 | 0.25,0.5,head_and_marks,tonight decided by `head_and_marks`; last night `beams_ambiguous`; ink refused too_thin (0->1),-,too_thin,
narrowed_to_kept,glyph/21/0/3/7/0,21,0,3,7,399,1 | 0.5 | 0.25,1,head_and_marks,tonight decided by `head_and_marks`; last night `beams_ambiguous`; ink refused too_thin (0->2) + far-side strokes 0->2 + stem side None->down,-,too_thin,
narrowed_to_kept,glyph/21/1/3/2/5,21,1,3,2,403,1.5 | 0.75,1.5,head_and_marks,tonight decided by `head_and_marks`; last night `beams_ambiguous`; ink refused too_thin (0->1) + far-side strokes 0->3 + stem side None->down,-,too_thin,
narrowed_to_kept,glyph/21/1/7/0/8,21,1,7,0,401,0.5 | 1,0.5,hooks_counted,tonight decided by `hooks_counted`; last night `flag_ink_unread`; no guard counter changed,-,,
narrowed_to_kept,glyph/21/1/7/3/5,21,1,7,3,404,0.5 | 1,0.5,hooks_counted,tonight decided by `hooks_counted`; last night `flag_ink_unread`; no guard counter changed,-,,
narrowed_to_kept,glyph/21/1/8/2/2,21,1,8,2,403,0.5 | 0.25,0.5,head_and_marks,tonight decided by `head_and_marks`; last night `beam_certain_not_joined`; ink refused too_thin (0->1),-,too_thin,
narrowed_to_kept,glyph/21/1/8/2/3,21,1,8,2,403,0.5 | 0.25,0.5,head_and_marks,tonight decided by `head_and_marks`; last night `beam_certain_not_joined`; ink refused too_thin (0->1),-,too_thin,
narrowed_to_kept,glyph/21/1/8/2/4,21,1,8,2,403,0.5 | 0.25,0.5,head_and_marks,tonight decided by `head_and_marks`; last night `beam_certain_not_joined`; ink refused too_thin (0->1),-,too_thin,
narrowed_to_kept,glyph/21/1/8/2/7,21,1,8,2,403,0.5 | 0.25,0.5,head_and_marks,tonight decided by `head_and_marks`; last night `beam_certain_not_joined`; ink refused too_thin (0->1),-,too_thin,
narrowed_to_kept,glyph/21/1/8/2/9,21,1,8,2,403,0.5 | 0.25,0.5,head_and_marks,tonight decided by `head_and_marks`; last night `beam_certain_not_joined`; ink refused too_thin (0->1),-,too_thin,
narrowed_to_kept,glyph/21/1/8/2/11,21,1,8,2,403,0.5 | 0.25,0.5,head_and_marks,tonight decided by `head_and_marks`; last night `beam_certain_not_joined`; ink refused too_thin (0->1),-,too_thin,
narrowed_to_kept,glyph/22/1/8/11/3,22,1,8,11,435,0.5 | 1,0.5,hooks_counted,tonight decided by `hooks_counted`; last night `flag_ink_unread`; no guard counter changed,-,,
narrowed_to_kept,glyph/22/1/8/12/0,22,1,8,12,436,0.5 | 1,0.5,hooks_counted,tonight decided by `hooks_counted`; last night `flag_ink_unread`; no guard counter changed,-,,
narrowed_to_kept,glyph/23/1/3/1/2,23,1,3,1,448,0.5 | 0.25,0.5,head_and_marks,tonight decided by `head_and_marks`; last night `beams_ambiguous`; ink refused too_thin (0->1),-,too_thin,
narrowed_to_kept,glyph/23/1/3/1/11,23,1,3,1,448,0.5 | 0.25,0.5,head_and_marks,tonight decided by `head_and_marks`; last night `beams_ambiguous`; ink refused too_thin (0->1),-,too_thin,
narrowed_to_kept,glyph/23/1/4/4/1,23,1,4,4,451,0.5 | 1,1,head_and_marks,tonight decided by `head_and_marks`; last night `beam_discounted_uncertain`; decided-arc strokes 1->0 + far-side strokes 0->1,-,,
narrowed_to_kept,glyph/23/1/4/4/3,23,1,4,4,451,0.75 | 1.5,1.5,head_and_marks,tonight decided by `head_and_marks`; last night `beam_discounted_uncertain`; decided-arc strokes 1->0 + far-side strokes 0->1,-,,
narrowed_to_kept,glyph/24/0/5/4/2,24,0,5,4,461,0.5 | 0.25,0.5,hooks_counted,tonight decided by `hooks_counted`; last night `flags_disagree`; no guard counter changed,-,,
narrowed_to_kept,glyph/24/0/8/8/3,24,0,8,8,465,0.5 | 1,0.5,hooks_counted,tonight decided by `hooks_counted`; last night `flag_ink_unread`; no guard counter changed,-,,
narrowed_to_kept,glyph/24/1/5/4/3,24,1,5,4,470,0.5 | 0.25,0.5,hooks_counted,tonight decided by `hooks_counted`; last night `flags_disagree`; no guard counter changed,-,,
narrowed_to_kept,glyph/24/1/5/4/10,24,1,5,4,470,0.5 | 0.25,0.5,hooks_counted,tonight decided by `hooks_counted`; last night `flags_disagree`; no guard counter changed,-,,
narrowed_to_kept,glyph/24/1/8/1/6,24,1,8,1,467,0.5 | 0.25,0.5,hooks_counted,tonight decided by `hooks_counted`; last night `flags_disagree`; no guard counter changed,-,,
narrowed_to_kept,glyph/24/1/8/1/10,24,1,8,1,467,0.5 | 0.25,0.5,hooks_counted,tonight decided by `hooks_counted`; last night `flags_disagree`; no guard counter changed,-,,
narrowed_to_kept,glyph/25/0/1/0/1,25,0,1,0,475,1 | 0.5,0.5,head_and_marks,tonight decided by `head_and_marks`; last night `beam_certain_not_joined`; ink refused too_thin (0->1),-,too_thin,
narrowed_to_kept,glyph/25/0/1/0/15,25,0,1,0,475,1 | 0.5,0.5,head_and_marks,tonight decided by `head_and_marks`; last night `beam_certain_not_joined`; ink refused too_thin (0->1),-,too_thin,
narrowed_to_kept,glyph/25/0/1/1/3,25,0,1,1,476,1 | 0.5,0.5,head_and_marks,tonight decided by `head_and_marks`; last night `beam_certain_not_joined`; ink refused too_thin (0->1),-,too_thin,
narrowed_to_kept,glyph/25/0/1/1/4,25,0,1,1,476,1 | 0.5,0.5,head_and_marks,tonight decided by `head_and_marks`; last night `beam_certain_not_joined`; ink refused too_thin (0->1),-,too_thin,
narrowed_to_kept,glyph/25/0/1/1/12,25,0,1,1,476,1 | 0.5,0.5,head_and_marks,tonight decided by `head_and_marks`; last night `beam_certain_not_joined`; ink refused too_thin (0->1),-,too_thin,
narrowed_to_kept,glyph/25/0/1/1/13,25,0,1,1,476,1 | 0.5,0.5,head_and_marks,tonight decided by `head_and_marks`; last night `beam_certain_not_joined`; ink refused too_thin (0->1),-,too_thin,
narrowed_to_kept,glyph/25/0/1/1/22,25,0,1,1,476,1 | 0.5,0.5,head_and_marks,tonight decided by `head_and_marks`; last night `beam_certain_not_joined`; ink refused too_thin (0->1),-,too_thin,
narrowed_to_kept,glyph/25/0/1/1/43,25,0,1,1,476,1 | 0.5,0.5,head_and_marks,tonight decided by `head_and_marks`; last night `beam_certain_not_joined`; ink refused too_thin (0->1),-,too_thin,
narrowed_to_kept,glyph/25/0/2/0/1,25,0,2,0,475,1 | 0.5,0.5,head_and_marks,tonight decided by `head_and_marks`; last night `beam_certain_not_joined`; ink refused too_thin (0->1),-,too_thin,
narrowed_to_kept,glyph/25/0/2/0/22,25,0,2,0,475,1 | 0.5,0.5,head_and_marks,tonight decided by `head_and_marks`; last night `beam_certain_not_joined`; ink refused too_thin (0->1),-,too_thin,
narrowed_to_kept,glyph/25/0/2/1/2,25,0,2,1,476,1 | 0.5,0.5,head_and_marks,tonight decided by `head_and_marks`; last night `beam_certain_not_joined`; ink refused too_thin (0->1),-,too_thin,
narrowed_to_kept,glyph/25/0/2/1/10,25,0,2,1,476,1 | 0.5,0.5,head_and_marks,tonight decided by `head_and_marks`; last night `beam_certain_not_joined`; ink refused too_thin (0->1),-,too_thin,
narrowed_to_kept,glyph/25/0/2/1/16,25,0,2,1,476,1 | 0.5,0.5,head_and_marks,tonight decided by `head_and_marks`; last night `beam_certain_not_joined`; ink refused too_thin (0->1),-,too_thin,
narrowed_to_kept,glyph/25/0/2/1/21,25,0,2,1,476,1 | 0.5,0.5,head_and_marks,tonight decided by `head_and_marks`; last night `beam_certain_not_joined`; ink refused too_thin (0->1),-,too_thin,
narrowed_to_kept,glyph/25/0/3/0/3,25,0,3,0,475,1 | 0.5,0.5,head_and_marks,tonight decided by `head_and_marks`; last night `beam_certain_not_joined`; ink refused too_thin (0->1),-,too_thin,
narrowed_to_kept,glyph/25/0/3/0/6,25,0,3,0,475,1 | 0.5,0.5,head_and_marks,tonight decided by `head_and_marks`; last night `beam_certain_not_joined`; ink refused too_thin (0->1),-,too_thin,
narrowed_to_kept,glyph/25/0/3/0/26,25,0,3,0,475,1 | 0.5,0.5,head_and_marks,tonight decided by `head_and_marks`; last night `beam_certain_not_joined`; ink refused too_thin (0->1),-,too_thin,
narrowed_to_kept,glyph/25/0/4/0/1,25,0,4,0,475,0.5 | 1,0.5,hooks_counted,tonight decided by `hooks_counted`; last night `flag_ink_unread`; no guard counter changed,-,,
narrowed_to_kept,glyph/25/0/4/0/4,25,0,4,0,475,0.5 | 1,0.5,hooks_counted,tonight decided by `hooks_counted`; last night `flag_ink_unread`; no guard counter changed,-,,
narrowed_to_kept,glyph/25/0/4/0/7,25,0,4,0,475,0.5 | 1,0.5,hooks_counted,tonight decided by `hooks_counted`; last night `flag_ink_unread`; no guard counter changed,-,,
narrowed_to_kept,glyph/25/0/6/1/1,25,0,6,1,476,0.5 | 0.25,0.5,head_and_marks,tonight decided by `head_and_marks`; last night `beam_certain_not_joined`; ink refused too_thin (0->1),-,too_thin,
narrowed_to_kept,glyph/25/0/6/1/2,25,0,6,1,476,0.5 | 0.25,0.5,head_and_marks,tonight decided by `head_and_marks`; last night `beam_certain_not_joined`; ink refused too_thin (0->1),-,too_thin,
narrowed_to_kept,glyph/25/0/6/1/3,25,0,6,1,476,0.5 | 0.25,0.5,head_and_marks,tonight decided by `head_and_marks`; last night `beam_certain_not_joined`; ink refused too_thin (0->1),-,too_thin,
narrowed_to_kept,glyph/25/0/6/1/4,25,0,6,1,476,0.5 | 0.25,0.5,head_and_marks,tonight decided by `head_and_marks`; last night `beam_certain_not_joined`; ink refused too_thin (0->1),-,too_thin,
narrowed_to_kept,glyph/25/0/10/4/6,25,0,10,4,479,0.5 | 0.25,0.5,hooks_counted,tonight decided by `hooks_counted`; last night `flags_disagree`; no guard counter changed,-,,
narrowed_to_kept,glyph/25/0/12/0/0,25,0,12,0,475,0.5 | 1,0.5,hooks_counted,tonight decided by `hooks_counted`; last night `flag_ink_unread`; ink refused one_stem (0->1),-,one_stem,
narrowed_to_kept,glyph/25/0/12/0/4,25,0,12,0,475,0.5 | 1,0.5,hooks_counted,tonight decided by `hooks_counted`; last night `flag_ink_unread`; ink refused one_stem (0->1),-,one_stem,
narrowed_to_kept,glyph/25/0/12/7/1,25,0,12,7,482,0.5 | 0.25,0.5,hooks_counted,tonight decided by `hooks_counted`; last night `flags_disagree`; no guard counter changed,-,,
narrowed_to_kept,glyph/25/0/12/7/7,25,0,12,7,482,0.5 | 1,0.5,hooks_counted,tonight decided by `hooks_counted`; last night `flag_ink_unread`; no guard counter changed,-,,
narrowed_to_kept,glyph/25/0/13/0/5,25,0,13,0,475,0.5 | 1,0.5,hooks_counted,tonight decided by `hooks_counted`; last night `flag_ink_unread`; no guard counter changed,-,,
narrowed_to_kept,glyph/25/0/13/0/6,25,0,13,0,475,0.5 | 1,0.5,hooks_counted,tonight decided by `hooks_counted`; last night `flag_ink_unread`; no guard counter changed,-,,
narrowed_to_kept,glyph/25/0/13/1/0,25,0,13,1,476,0.5 | 1,0.5,hooks_counted,tonight decided by `hooks_counted`; last night `flag_ink_unread`; no guard counter changed,-,,
narrowed_to_kept,glyph/25/0/13/1/1,25,0,13,1,476,0.5 | 1,0.5,hooks_counted,tonight decided by `hooks_counted`; last night `flag_ink_unread`; no guard counter changed,-,,
narrowed_to_kept,glyph/25/0/13/1/3,25,0,13,1,476,0.5 | 1,0.5,hooks_counted,tonight decided by `hooks_counted`; last night `flag_ink_unread`; no guard counter changed,-,,
narrowed_to_kept,glyph/25/1/10/7/16,25,1,10,7,492,0.5 | 1,0.5,hooks_counted,tonight decided by `hooks_counted`; last night `flag_ink_unread`; ink refused too_thin (0->1),-,too_thin,
narrowed_to_kept,glyph/26/0/5/6/1,26,0,5,6,501,0.5 | 0.25,0.5,head_and_marks,tonight decided by `head_and_marks`; last night `beam_certain_not_joined`; ink refused too_thin (0->1),-,too_thin,
narrowed_to_kept,glyph/26/0/5/6/3,26,0,5,6,501,0.5 | 0.25,0.5,head_and_marks,tonight decided by `head_and_marks`; last night `beam_certain_not_joined`; ink refused too_thin (0->1),-,too_thin,
narrowed_to_kept,glyph/26/0/5/6/4,26,0,5,6,501,0.5 | 0.25,0.5,head_and_marks,tonight decided by `head_and_marks`; last night `beam_certain_not_joined`; ink refused too_thin (0->1),-,too_thin,
narrowed_to_kept,glyph/26/0/5/6/7,26,0,5,6,501,0.5 | 0.25,0.5,head_and_marks,tonight decided by `head_and_marks`; last night `beam_certain_not_joined`; ink refused too_thin (0->1),-,too_thin,
narrowed_to_kept,glyph/26/0/5/6/9,26,0,5,6,501,0.5 | 0.25,0.5,head_and_marks,tonight decided by `head_and_marks`; last night `beam_certain_not_joined`; ink refused too_thin (0->1),-,too_thin,
narrowed_to_kept,glyph/26/0/5/6/11,26,0,5,6,501,0.5 | 0.25,0.5,head_and_marks,tonight decided by `head_and_marks`; last night `beam_certain_not_joined`; ink refused too_thin (0->1),-,too_thin,
narrowed_to_kept,glyph/26/1/2/3/5,26,1,2,3,507,1 | 0.5,0.5,head_and_marks,tonight decided by `head_and_marks`; last night `beam_certain_not_joined`; ink refused too_thin (0->1),-,too_thin,
narrowed_to_kept,glyph/26/1/2/3/16,26,1,2,3,507,1 | 0.5,0.5,head_and_marks,tonight decided by `head_and_marks`; last night `beam_certain_not_joined`; ink refused too_thin (0->1),-,too_thin,
narrowed_to_kept,glyph/26/1/3/3/4,26,1,3,3,507,0.5 | 0.25,0.5,head_and_marks,tonight decided by `head_and_marks`; last night `beam_certain_not_joined`; ink refused too_thin (0->2),-,too_thin,
narrowed_to_kept,glyph/26/1/3/3/14,26,1,3,3,507,0.5 | 0.25,0.5,head_and_marks,tonight decided by `head_and_marks`; last night `beam_certain_not_joined`; ink refused too_thin (0->2),-,too_thin,
narrowed_to_kept,glyph/26/1/10/4/6,26,1,10,4,508,0.5 | 0.25,0.5,hooks_counted,tonight decided by `hooks_counted`; last night `flags_disagree`; ink refused too_thin (0->1),-,too_thin,
