  weights routed: scanned -> deepscoresv2-yolov8l-hollow-graft-shift09-2026-09-04.pt
ROSTER: brahms--symphony-1
GATHER
  rungs: labels text_layer=on surya=on tesseract=on | directions OMR_DIRECTION_TEXT=1 surya=on tesseract=on
  gather detections cell/0/0/0/0: 27
  gather detections cell/0/0/0/1: 21
  gather detections cell/0/0/0/2: 17
  gather detections cell/0/0/0/3: 20
  gather detections cell/0/0/0/4: 23
  gather detections cell/0/0/0/5: 20
  gather detections cell/0/0/0/6: 23
  gather detections cell/0/0/0/7: 5
  gather detections cell/0/0/1/0: 35
  gather detections cell/0/0/1/1: 21
  gather detections cell/0/0/1/2: 11
  gather detections cell/0/0/1/3: 14
  gather detections cell/0/0/1/4: 19
  gather detections cell/0/0/1/5: 15
  gather detections cell/0/0/1/6: 22
  gather detections cell/0/0/1/7: 3
  gather detections cell/0/0/2/0: 25
  gather detections cell/0/0/2/1: 23
  gather detections cell/0/0/2/2: 11
  gather detections cell/0/0/2/3: 14
  gather detections cell/0/0/2/4: 19
  gather detections cell/0/0/2/5: 17
  gather detections cell/0/0/2/6: 23
  gather detections cell/0/0/2/7: 4
  gather detections cell/0/0/3/0: 22
  gather detections cell/0/0/3/1: 18
  gather detections cell/0/0/3/2: 11
  gather detections cell/0/0/3/3: 16
  gather detections cell/0/0/3/4: 17
  gather detections cell/0/0/3/5: 14
  gather detections cell/0/0/3/6: 19
  gather detections cell/0/0/3/7: 4
  gather detections cell/0/0/4/0: 29
  gather detections cell/0/0/4/1: 7
  gather detections cell/0/0/4/2: 7
  gather detections cell/0/0/4/3: 8
  gather detections cell/0/0/4/4: 13
  gather detections cell/0/0/4/5: 6
  gather detections cell/0/0/4/6: 10
  gather detections cell/0/0/4/7: 4
  gather detections cell/0/0/5/0: 19
  gather detections cell/0/0/5/1: 17
  gather detections cell/0/0/5/2: 20
  gather detections cell/0/0/5/3: 19
  gather detections cell/0/0/5/4: 17
  gather detections cell/0/0/5/5: 13
  gather detections cell/0/0/5/6: 14
  gather detections cell/0/0/5/7: 4
  gather detections cell/0/0/6/0: 18
  gather detections cell/0/0/6/1: 21
  gather detections cell/0/0/6/2: 16
  gather detections cell/0/0/6/3: 13
  gather detections cell/0/0/6/4: 9
  gather detections cell/0/0/6/5: 4
  gather detections cell/0/0/6/6: 7
  gather detections cell/0/0/6/7: 3
  gather detections cell/0/0/7/0: 26
  gather detections cell/0/0/7/1: 5
  gather detections cell/0/0/7/2: 5
  gather detections cell/0/0/7/3: 4
  gather detections cell/0/0/7/4: 5
  gather detections cell/0/0/7/5: 6
  gather detections cell/0/0/7/6: 6
  gather detections cell/0/0/7/7: 2
  gather detections cell/0/0/8/0: 18
  gather detections cell/0/0/8/1: 12
  gather detections cell/0/0/8/2: 8
  gather detections cell/0/0/8/3: 7
  gather detections cell/0/0/8/4: 10
  gather detections cell/0/0/8/5: 6
  gather detections cell/0/0/8/6: 2
  gather detections cell/0/0/8/7: 3
  gather detections cell/0/0/9/0: 26
  gather detections cell/0/0/9/1: 35
  gather detections cell/0/0/9/2: 34
  gather detections cell/0/0/9/3: 38
  gather detections cell/0/0/9/4: 29
  gather detections cell/0/0/9/5: 24
  gather detections cell/0/0/9/6: 26
  gather detections cell/0/0/9/7: 3
  gather detections cell/0/0/10/0: 30
  gather detections cell/0/0/10/1: 22
  gather detections cell/0/0/10/2: 18
  gather detections cell/0/0/10/3: 16
  gather detections cell/0/0/10/4: 17
  gather detections cell/0/0/10/5: 22
  gather detections cell/0/0/10/6: 27
  gather detections cell/0/0/10/7: 3
  gather detections cell/0/0/11/0: 30
  gather detections cell/0/0/11/1: 25
  gather detections cell/0/0/11/2: 18
  gather detections cell/0/0/11/3: 27
  gather detections cell/0/0/11/4: 24
  gather detections cell/0/0/11/5: 26
  gather detections cell/0/0/11/6: 32
  gather detections cell/0/0/11/7: 4
  gather detections cell/0/0/12/0: 31
  gather detections cell/0/0/12/1: 16
  gather detections cell/0/0/12/2: 23
  gather detections cell/0/0/12/3: 20
  gather detections cell/0/0/12/4: 21
  gather detections cell/0/0/12/5: 25
  gather detections cell/0/0/12/6: 30
  gather detections cell/0/0/12/7: 2
  gather detections cell/0/0/13/0: 30
  gather detections cell/0/0/13/1: 6
  gather detections cell/0/0/13/2: 4
  gather detections cell/0/0/13/3: 4
  gather detections cell/0/0/13/4: 10
  gather detections cell/0/0/13/5: 6
  gather detections cell/0/0/13/6: 15
  gather detections cell/0/0/13/7: 2
  gather ink cell/0/0/0/0: 43 (summary row)
  gather ink cell/0/0/0/1: 26 (summary row)
  gather ink cell/0/0/0/2: 9 (summary row)
  gather ink cell/0/0/0/3: 9 (summary row)
  gather ink cell/0/0/0/4: 11 (summary row)
  gather ink cell/0/0/0/5: 11 (summary row)
  gather ink cell/0/0/0/6: 19 (summary row)
  gather ink cell/0/0/0/7: 4 (summary row)
  gather ink cell/0/0/1/0: 37 (summary row)
  gather ink cell/0/0/1/1: 31 (summary row)
  gather ink cell/0/0/1/2: 10 (summary row)
  gather ink cell/0/0/1/3: 7 (summary row)
  gather ink cell/0/0/1/4: 12 (summary row)
  gather ink cell/0/0/1/5: 7 (summary row)
  gather ink cell/0/0/1/6: 34 (summary row)
  gather ink cell/0/0/1/7: 9 (summary row)
  gather ink cell/0/0/2/0: 50 (summary row)
  gather ink cell/0/0/2/1: 30 (summary row)
  gather ink cell/0/0/2/2: 10 (summary row)
  gather ink cell/0/0/2/3: 7 (summary row)
  gather ink cell/0/0/2/4: 9 (summary row)
  gather ink cell/0/0/2/5: 9 (summary row)
  gather ink cell/0/0/2/6: 36 (summary row)
  gather ink cell/0/0/2/7: 6 (summary row)
  gather ink cell/0/0/3/0: 80 (summary row)
  gather ink cell/0/0/3/1: 15 (summary row)
  gather ink cell/0/0/3/2: 11 (summary row)
  gather ink cell/0/0/3/3: 7 (summary row)
  gather ink cell/0/0/3/4: 15 (summary row)
  gather ink cell/0/0/3/5: 12 (summary row)
  gather ink cell/0/0/3/6: 13 (summary row)
  gather ink cell/0/0/3/7: 7 (summary row)
  gather ink cell/0/0/4/0: 34 (summary row)
  gather ink cell/0/0/4/1: 5 (summary row)
  gather ink cell/0/0/4/2: 4 (summary row)
  gather ink cell/0/0/4/3: 5 (summary row)
  gather ink cell/0/0/4/4: 6 (summary row)
  gather ink cell/0/0/4/5: 6 (summary row)
  gather ink cell/0/0/4/6: 7 (summary row)
  gather ink cell/0/0/4/7: 5 (summary row)
  gather ink cell/0/0/5/0: 15 (summary row)
  gather ink cell/0/0/5/1: 12 (summary row)
  gather ink cell/0/0/5/2: 9 (summary row)
  gather ink cell/0/0/5/3: 9 (summary row)
  gather ink cell/0/0/5/4: 10 (summary row)
  gather ink cell/0/0/5/5: 18 (summary row)
  gather ink cell/0/0/5/6: 12 (summary row)
  gather ink cell/0/0/5/7: 5 (summary row)
  gather ink cell/0/0/6/0: 20 (summary row)
  gather ink cell/0/0/6/1: 17 (summary row)
  gather ink cell/0/0/6/2: 12 (summary row)
  gather ink cell/0/0/6/3: 12 (summary row)
  gather ink cell/0/0/6/4: 5 (summary row)
  gather ink cell/0/0/6/5: 5 (summary row)
  gather ink cell/0/0/6/6: 6 (summary row)
  gather ink cell/0/0/6/7: 5 (summary row)
  gather ink cell/0/0/7/0: 21 (summary row)
  gather ink cell/0/0/7/1: 6 (summary row)
  gather ink cell/0/0/7/2: 10 (summary row)
  gather ink cell/0/0/7/3: 6 (summary row)
  gather ink cell/0/0/7/4: 20 (summary row)
  gather ink cell/0/0/7/5: 6 (summary row)
  gather ink cell/0/0/7/6: 7 (summary row)
  gather ink cell/0/0/7/7: 7 (summary row)
  gather ink cell/0/0/8/0: 26 (summary row)
  gather ink cell/0/0/8/1: 7 (summary row)
  gather ink cell/0/0/8/2: 9 (summary row)
  gather ink cell/0/0/8/3: 9 (summary row)
  gather ink cell/0/0/8/4: 18 (summary row)
  gather ink cell/0/0/8/5: 6 (summary row)
  gather ink cell/0/0/8/6: 6 (summary row)
  gather ink cell/0/0/8/7: 4 (summary row)
  gather ink cell/0/0/9/0: 42 (summary row)
  gather ink cell/0/0/9/1: 16 (summary row)
  gather ink cell/0/0/9/2: 16 (summary row)
  gather ink cell/0/0/9/3: 16 (summary row)
  gather ink cell/0/0/9/4: 8 (summary row)
  gather ink cell/0/0/9/5: 8 (summary row)
  gather ink cell/0/0/9/6: 11 (summary row)
  gather ink cell/0/0/9/7: 7 (summary row)
  gather ink cell/0/0/10/0: 58 (summary row)
  gather ink cell/0/0/10/1: 13 (summary row)
  gather ink cell/0/0/10/2: 8 (summary row)
  gather ink cell/0/0/10/3: 12 (summary row)
  gather ink cell/0/0/10/4: 9 (summary row)
  gather ink cell/0/0/10/5: 6 (summary row)
  gather ink cell/0/0/10/6: 13 (summary row)
  gather ink cell/0/0/10/7: 7 (summary row)
  gather ink cell/0/0/11/0: 49 (summary row)
  gather ink cell/0/0/11/1: 15 (summary row)
  gather ink cell/0/0/11/2: 10 (summary row)
  gather ink cell/0/0/11/3: 9 (summary row)
  gather ink cell/0/0/11/4: 6 (summary row)
  gather ink cell/0/0/11/5: 28 (summary row)
  gather ink cell/0/0/11/6: 19 (summary row)
  gather ink cell/0/0/11/7: 8 (summary row)
  gather ink cell/0/0/12/0: 47 (summary row)
  gather ink cell/0/0/12/1: 18 (summary row)
  gather ink cell/0/0/12/2: 11 (summary row)
  gather ink cell/0/0/12/3: 8 (summary row)
  gather ink cell/0/0/12/4: 12 (summary row)
  gather ink cell/0/0/12/5: 36 (summary row)
  gather ink cell/0/0/12/6: 13 (summary row)
  gather ink cell/0/0/12/7: 7 (summary row)
  gather ink cell/0/0/13/0: 60 (summary row)
  gather ink cell/0/0/13/1: 16 (summary row)
  gather ink cell/0/0/13/2: 7 (summary row)
  gather ink cell/0/0/13/3: 6 (summary row)
  gather ink cell/0/0/13/4: 15 (summary row)
  gather ink cell/0/0/13/5: 17 (summary row)
  gather ink cell/0/0/13/6: 8 (summary row)
  gather ink cell/0/0/13/7: 7 (summary row)
  gather detections cell/1/0/0/0: 68
  gather detections cell/1/0/0/1: 36
  gather detections cell/1/0/0/2: 24
  gather detections cell/1/0/0/3: 47
  gather detections cell/1/0/0/4: 53
  gather detections cell/1/0/0/5: 25
  gather detections cell/1/0/0/6: 15
  gather detections cell/1/0/1/0: 69
  gather detections cell/1/0/1/1: 38
  gather detections cell/1/0/1/2: 18
  gather detections cell/1/0/1/3: 14
  gather detections cell/1/0/1/4: 6
  gather detections cell/1/0/1/5: 20
  gather detections cell/1/0/1/6: 17
  gather detections cell/1/0/2/0: 51
  gather detections cell/1/0/2/1: 40
  gather detections cell/1/0/2/2: 28
  gather detections cell/1/0/2/3: 28
  gather detections cell/1/0/2/4: 12
  gather detections cell/1/0/2/5: 34
  gather detections cell/1/0/2/6: 28
  gather detections cell/1/0/3/0: 57
  gather detections cell/1/0/3/1: 38
  gather detections cell/1/0/3/2: 18
  gather detections cell/1/0/3/3: 45
  gather detections cell/1/0/3/4: 44
  gather detections cell/1/0/3/5: 33
  gather detections cell/1/0/3/6: 22
  gather detections cell/1/0/4/0: 28
  gather detections cell/1/0/4/1: 26
  gather detections cell/1/0/4/2: 17
  gather detections cell/1/0/4/3: 28
  gather detections cell/1/0/4/4: 22
  gather detections cell/1/0/4/5: 21
  gather detections cell/1/0/4/6: 4
  gather detections cell/1/0/5/0: 33
  gather detections cell/1/0/5/1: 34
  gather detections cell/1/0/5/2: 17
  gather detections cell/1/0/5/3: 14
  gather detections cell/1/0/5/4: 8
  gather detections cell/1/0/5/5: 11
  gather detections cell/1/0/5/6: 6
  gather detections cell/1/0/6/0: 40
  gather detections cell/1/0/6/1: 22
  gather detections cell/1/0/6/2: 13
  gather detections cell/1/0/6/3: 4
  gather detections cell/1/0/6/4: 7
  gather detections cell/1/0/6/5: 4
  gather detections cell/1/0/6/6: 2
  gather detections cell/1/0/7/0: 20
  gather detections cell/1/0/7/1: 20
  gather detections cell/1/0/7/2: 11
  gather detections cell/1/0/7/3: 5
  gather detections cell/1/0/7/4: 7
  gather detections cell/1/0/7/5: 7
  gather detections cell/1/0/7/6: 6
  gather detections cell/1/0/8/0: 39
  gather detections cell/1/0/8/1: 22
  gather detections cell/1/0/8/2: 6
  gather detections cell/1/0/8/3: 10
  gather detections cell/1/0/8/4: 11
  gather detections cell/1/0/8/5: 2
  gather detections cell/1/0/8/6: 9
  gather detections cell/1/0/9/0: 45
  gather detections cell/1/0/9/1: 28
  gather detections cell/1/0/9/2: 11
  gather detections cell/1/0/9/3: 30
  gather detections cell/1/0/9/4: 31
  gather detections cell/1/0/9/5: 9
  gather detections cell/1/0/9/6: 12
  gather detections cell/1/0/10/0: 43
  gather detections cell/1/0/10/1: 31
  gather detections cell/1/0/10/2: 14
  gather detections cell/1/0/10/3: 38
  gather detections cell/1/0/10/4: 41
  gather detections cell/1/0/10/5: 16
  gather detections cell/1/0/10/6: 14
  gather detections cell/1/0/11/0: 50
  gather detections cell/1/0/11/1: 21
  gather detections cell/1/0/11/2: 10
  gather detections cell/1/0/11/3: 30
  gather detections cell/1/0/11/4: 34
  gather detections cell/1/0/11/5: 14
  gather detections cell/1/0/11/6: 11
  gather detections cell/1/0/12/0: 43
  gather detections cell/1/0/12/1: 22
  gather detections cell/1/0/12/2: 17
  gather detections cell/1/0/12/3: 21
  gather detections cell/1/0/12/4: 25
  gather detections cell/1/0/12/5: 12
  gather detections cell/1/0/12/6: 16
  gather detections cell/1/0/13/0: 31
  gather detections cell/1/0/13/1: 19
  gather detections cell/1/0/13/2: 12
  gather detections cell/1/0/13/3: 19
  gather detections cell/1/0/13/4: 23
  gather detections cell/1/0/13/5: 15
  gather detections cell/1/0/13/6: 9
  gather detections cell/1/1/0/0: 20
  gather detections cell/1/1/0/1: 12
  gather detections cell/1/1/0/2: 18
  gather detections cell/1/1/0/3: 30
  gather detections cell/1/1/0/4: 29
  gather detections cell/1/1/0/5: 16
  gather detections cell/1/1/0/6: 11
  gather detections cell/1/1/0/7: 3
  gather detections cell/1/1/1/0: 21
  gather detections cell/1/1/1/1: 15
  gather detections cell/1/1/1/2: 6
  gather detections cell/1/1/1/3: 9
  gather detections cell/1/1/1/4: 10
  gather detections cell/1/1/1/5: 11
  gather detections cell/1/1/1/6: 10
  gather detections cell/1/1/1/7: 5
  gather detections cell/1/1/2/0: 30
  gather detections cell/1/1/2/1: 17
  gather detections cell/1/1/2/2: 19
  gather detections cell/1/1/2/3: 18
  gather detections cell/1/1/2/4: 12
  gather detections cell/1/1/2/5: 11
  gather detections cell/1/1/2/6: 2
  gather detections cell/1/1/2/7: 6
  gather detections cell/1/1/3/0: 47
  gather detections cell/1/1/3/1: 35
  gather detections cell/1/1/3/2: 29
  gather detections cell/1/1/3/3: 42
  gather detections cell/1/1/3/4: 26
  gather detections cell/1/1/3/5: 12
  gather detections cell/1/1/3/6: 13
  gather detections cell/1/1/3/7: 2
  gather detections cell/1/1/4/0: 22
  gather detections cell/1/1/4/1: 14
  gather detections cell/1/1/4/2: 13
  gather detections cell/1/1/4/3: 21
  gather detections cell/1/1/4/4: 13
  gather detections cell/1/1/4/5: 7
  gather detections cell/1/1/4/6: 9
  gather detections cell/1/1/4/7: 12
  gather detections cell/1/1/5/0: 7
  gather detections cell/1/1/5/1: 5
  gather detections cell/1/1/5/2: 10
  gather detections cell/1/1/5/3: 13
  gather detections cell/1/1/5/4: 12
  gather detections cell/1/1/5/5: 10
  gather detections cell/1/1/5/6: 14
  gather detections cell/1/1/5/7: 13
  gather detections cell/1/1/6/0: 6
  gather detections cell/1/1/6/1: 6
  gather detections cell/1/1/6/2: 10
  gather detections cell/1/1/6/3: 3
  gather detections cell/1/1/6/4: 7
  gather detections cell/1/1/6/5: 7
  gather detections cell/1/1/6/6: 15
  gather detections cell/1/1/6/7: 15
  gather detections cell/1/1/7/0: 6
  gather detections cell/1/1/7/1: 4
  gather detections cell/1/1/7/2: 4
  gather detections cell/1/1/7/3: 4
  gather detections cell/1/1/7/4: 9
  gather detections cell/1/1/7/5: 8
  gather detections cell/1/1/7/6: 20
  gather detections cell/1/1/7/7: 10
  gather detections cell/1/1/8/0: 24
  gather detections cell/1/1/8/1: 31
  gather detections cell/1/1/8/2: 27
  gather detections cell/1/1/8/3: 23
  gather detections cell/1/1/8/4: 15
  gather detections cell/1/1/8/5: 17
  gather detections cell/1/1/8/6: 15
  gather detections cell/1/1/8/7: 14
  gather detections cell/1/1/9/0: 31
  gather detections cell/1/1/9/1: 37
  gather detections cell/1/1/9/2: 36
  gather detections cell/1/1/9/3: 30
  gather detections cell/1/1/9/4: 15
  gather detections cell/1/1/9/5: 9
  gather detections cell/1/1/9/6: 17
  gather detections cell/1/1/9/7: 19
  gather detections cell/1/1/10/0: 38
  gather detections cell/1/1/10/1: 38
  gather detections cell/1/1/10/2: 30
  gather detections cell/1/1/10/3: 33
  gather detections cell/1/1/10/4: 8
  gather detections cell/1/1/10/5: 9
  gather detections cell/1/1/10/6: 21
  gather detections cell/1/1/10/7: 13
  gather detections cell/1/1/11/0: 31
  gather detections cell/1/1/11/1: 26
  gather detections cell/1/1/11/2: 18
  gather detections cell/1/1/11/3: 32
  gather detections cell/1/1/11/4: 11
  gather detections cell/1/1/11/5: 7
  gather detections cell/1/1/11/6: 11
  gather detections cell/1/1/11/7: 15
  gather detections cell/1/1/12/0: 23
  gather detections cell/1/1/12/1: 14
  gather detections cell/1/1/12/2: 14
  gather detections cell/1/1/12/3: 23
  gather detections cell/1/1/12/4: 7
  gather detections cell/1/1/12/5: 3
  gather detections cell/1/1/12/6: 5
  gather detections cell/1/1/12/7: 4
  gather ink cell/1/0/0/0: 92 (summary row)
  gather ink cell/1/0/0/1: 89 (summary row)
  gather ink cell/1/0/0/2: 37 (summary row)
  gather ink cell/1/0/0/3: 45 (summary row)
  gather ink cell/1/0/0/4: 38 (summary row)
  gather ink cell/1/0/0/5: 29 (summary row)
  gather ink cell/1/0/0/6: 11 (summary row)
  gather ink cell/1/0/1/0: 94 (summary row)
  gather ink cell/1/0/1/1: 95 (summary row)
  gather ink cell/1/0/1/2: 25 (summary row)
  gather ink cell/1/0/1/3: 46 (summary row)
  gather ink cell/1/0/1/4: 24 (summary row)
  gather ink cell/1/0/1/5: 16 (summary row)
  gather ink cell/1/0/1/6: 17 (summary row)
  gather ink cell/1/0/2/0: 96 (summary row)
  gather ink cell/1/0/2/1: 91 (summary row)
  gather ink cell/1/0/2/2: 46 (summary row)
  gather ink cell/1/0/2/3: 41 (summary row)
  gather ink cell/1/0/2/4: 18 (summary row)
  gather ink cell/1/0/2/5: 49 (summary row)
  gather ink cell/1/0/2/6: 34 (summary row)
  gather ink cell/1/0/3/0: 67 (summary row)
  gather ink cell/1/0/3/1: 96 (summary row)
  gather ink cell/1/0/3/2: 35 (summary row)
  gather ink cell/1/0/3/3: 23 (summary row)
  gather ink cell/1/0/3/4: 21 (summary row)
  gather ink cell/1/0/3/5: 46 (summary row)
  gather ink cell/1/0/3/6: 28 (summary row)
  gather ink cell/1/0/4/0: 75 (summary row)
  gather ink cell/1/0/4/1: 71 (summary row)
  gather ink cell/1/0/4/2: 15 (summary row)
  gather ink cell/1/0/4/3: 8 (summary row)
  gather ink cell/1/0/4/4: 6 (summary row)
  gather ink cell/1/0/4/5: 10 (summary row)
  gather ink cell/1/0/4/6: 15 (summary row)
  gather ink cell/1/0/5/0: 80 (summary row)
  gather ink cell/1/0/5/1: 43 (summary row)
  gather ink cell/1/0/5/2: 11 (summary row)
  gather ink cell/1/0/5/3: 5 (summary row)
  gather ink cell/1/0/5/4: 7 (summary row)
  gather ink cell/1/0/5/5: 6 (summary row)
  gather ink cell/1/0/5/6: 11 (summary row)
  gather ink cell/1/0/6/0: 51 (summary row)
  gather ink cell/1/0/6/1: 45 (summary row)
  gather ink cell/1/0/6/2: 5 (summary row)
  gather ink cell/1/0/6/3: 5 (summary row)
  gather ink cell/1/0/6/4: 4 (summary row)
  gather ink cell/1/0/6/5: 4 (summary row)
  gather ink cell/1/0/6/6: 5 (summary row)
  gather ink cell/1/0/7/0: 30 (summary row)
  gather ink cell/1/0/7/1: 26 (summary row)
  gather ink cell/1/0/7/2: 9 (summary row)
  gather ink cell/1/0/7/3: 6 (summary row)
  gather ink cell/1/0/7/4: 3 (summary row)
  gather ink cell/1/0/7/5: 6 (summary row)
  gather ink cell/1/0/7/6: 6 (summary row)
  gather ink cell/1/0/8/0: 38 (summary row)
  gather ink cell/1/0/8/1: 44 (summary row)
  gather ink cell/1/0/8/2: 4 (summary row)
  gather ink cell/1/0/8/3: 13 (summary row)
  gather ink cell/1/0/8/4: 7 (summary row)
  gather ink cell/1/0/8/5: 15 (summary row)
  gather ink cell/1/0/8/6: 9 (summary row)
  gather ink cell/1/0/9/0: 68 (summary row)
  gather ink cell/1/0/9/1: 65 (summary row)
  gather ink cell/1/0/9/2: 16 (summary row)
  gather ink cell/1/0/9/3: 48 (summary row)
  gather ink cell/1/0/9/4: 33 (summary row)
  gather ink cell/1/0/9/5: 45 (summary row)
  gather ink cell/1/0/9/6: 16 (summary row)
  gather ink cell/1/0/10/0: 127 (summary row)
  gather ink cell/1/0/10/1: 94 (summary row)
  gather ink cell/1/0/10/2: 42 (summary row)
  gather ink cell/1/0/10/3: 66 (summary row)
  gather ink cell/1/0/10/4: 32 (summary row)
  gather ink cell/1/0/10/5: 49 (summary row)
  gather ink cell/1/0/10/6: 21 (summary row)
  gather ink cell/1/0/11/0: 70 (summary row)
  gather ink cell/1/0/11/1: 86 (summary row)
  gather ink cell/1/0/11/2: 41 (summary row)
  gather ink cell/1/0/11/3: 69 (summary row)
  gather ink cell/1/0/11/4: 31 (summary row)
  gather ink cell/1/0/11/5: 35 (summary row)
  gather ink cell/1/0/11/6: 10 (summary row)
  gather ink cell/1/0/12/0: 49 (summary row)
  gather ink cell/1/0/12/1: 62 (summary row)
  gather ink cell/1/0/12/2: 37 (summary row)
  gather ink cell/1/0/12/3: 32 (summary row)
  gather ink cell/1/0/12/4: 31 (summary row)
  gather ink cell/1/0/12/5: 20 (summary row)
  gather ink cell/1/0/12/6: 17 (summary row)
  gather ink cell/1/0/13/0: 52 (summary row)
  gather ink cell/1/0/13/1: 47 (summary row)
  gather ink cell/1/0/13/2: 18 (summary row)
  gather ink cell/1/0/13/3: 29 (summary row)
  gather ink cell/1/0/13/4: 32 (summary row)
  gather ink cell/1/0/13/5: 13 (summary row)
  gather ink cell/1/0/13/6: 5 (summary row)
  gather ink cell/1/1/0/0: 33 (summary row)
  gather ink cell/1/1/0/1: 3 (summary row)
  gather ink cell/1/1/0/2: 30 (summary row)
  gather ink cell/1/1/0/3: 42 (summary row)
  gather ink cell/1/1/0/4: 45 (summary row)
  gather ink cell/1/1/0/5: 29 (summary row)
  gather ink cell/1/1/0/6: 26 (summary row)
  gather ink cell/1/1/0/7: 11 (summary row)
  gather ink cell/1/1/1/0: 35 (summary row)
  gather ink cell/1/1/1/1: 23 (summary row)
  gather ink cell/1/1/1/2: 26 (summary row)
  gather ink cell/1/1/1/3: 26 (summary row)
  gather ink cell/1/1/1/4: 35 (summary row)
  gather ink cell/1/1/1/5: 26 (summary row)
  gather ink cell/1/1/1/6: 17 (summary row)
  gather ink cell/1/1/1/7: 17 (summary row)
  gather ink cell/1/1/2/0: 27 (summary row)
  gather ink cell/1/1/2/1: 44 (summary row)
  gather ink cell/1/1/2/2: 23 (summary row)
  gather ink cell/1/1/2/3: 33 (summary row)
  gather ink cell/1/1/2/4: 30 (summary row)
  gather ink cell/1/1/2/5: 32 (summary row)
  gather ink cell/1/1/2/6: 15 (summary row)
  gather ink cell/1/1/2/7: 3 (summary row)
  gather ink cell/1/1/3/0: 57 (summary row)
  gather ink cell/1/1/3/1: 57 (summary row)
  gather ink cell/1/1/3/2: 44 (summary row)
  gather ink cell/1/1/3/3: 29 (summary row)
  gather ink cell/1/1/3/4: 29 (summary row)
  gather ink cell/1/1/3/5: 28 (summary row)
  gather ink cell/1/1/3/6: 23 (summary row)
  gather ink cell/1/1/3/7: 2 (summary row)
  gather ink cell/1/1/4/0: 31 (summary row)
  gather ink cell/1/1/4/1: 21 (summary row)
  gather ink cell/1/1/4/2: 19 (summary row)
  gather ink cell/1/1/4/3: 7 (summary row)
  gather ink cell/1/1/4/4: 25 (summary row)
  gather ink cell/1/1/4/5: 12 (summary row)
  gather ink cell/1/1/4/6: 8 (summary row)
  gather ink cell/1/1/4/7: 3 (summary row)
  gather ink cell/1/1/5/0: 13 (summary row)
  gather ink cell/1/1/5/1: 7 (summary row)
  gather ink cell/1/1/5/2: 17 (summary row)
  gather ink cell/1/1/5/3: 11 (summary row)
  gather ink cell/1/1/5/4: 15 (summary row)
  gather ink cell/1/1/5/5: 21 (summary row)
  gather ink cell/1/1/5/6: 5 (summary row)
  gather ink cell/1/1/5/7: 8 (summary row)
  gather ink cell/1/1/6/0: 9 (summary row)
  gather ink cell/1/1/6/1: 6 (summary row)
  gather ink cell/1/1/6/2: 17 (summary row)
  gather ink cell/1/1/6/3: 9 (summary row)
  gather ink cell/1/1/6/4: 30 (summary row)
  gather ink cell/1/1/6/5: 11 (summary row)
  gather ink cell/1/1/6/6: 9 (summary row)
  gather ink cell/1/1/6/7: 12 (summary row)
  gather ink cell/1/1/7/0: 18 (summary row)
  gather ink cell/1/1/7/1: 7 (summary row)
  gather ink cell/1/1/7/2: 12 (summary row)
  gather ink cell/1/1/7/3: 18 (summary row)
  gather ink cell/1/1/7/4: 22 (summary row)
  gather ink cell/1/1/7/5: 9 (summary row)
  gather ink cell/1/1/7/6: 16 (summary row)
  gather ink cell/1/1/7/7: 8 (summary row)
  gather ink cell/1/1/8/0: 35 (summary row)
  gather ink cell/1/1/8/1: 47 (summary row)
  gather ink cell/1/1/8/2: 37 (summary row)
  gather ink cell/1/1/8/3: 26 (summary row)
  gather ink cell/1/1/8/4: 32 (summary row)
  gather ink cell/1/1/8/5: 20 (summary row)
  gather ink cell/1/1/8/6: 22 (summary row)
  gather ink cell/1/1/8/7: 10 (summary row)
  gather ink cell/1/1/9/0: 48 (summary row)
  gather ink cell/1/1/9/1: 72 (summary row)
  gather ink cell/1/1/9/2: 60 (summary row)
  gather ink cell/1/1/9/3: 49 (summary row)
  gather ink cell/1/1/9/4: 31 (summary row)
  gather ink cell/1/1/9/5: 8 (summary row)
  gather ink cell/1/1/9/6: 26 (summary row)
  gather ink cell/1/1/9/7: 9 (summary row)
  gather ink cell/1/1/10/0: 53 (summary row)
  gather ink cell/1/1/10/1: 58 (summary row)
  gather ink cell/1/1/10/2: 37 (summary row)
  gather ink cell/1/1/10/3: 59 (summary row)
  gather ink cell/1/1/10/4: 23 (summary row)
  gather ink cell/1/1/10/5: 6 (summary row)
  gather ink cell/1/1/10/6: 16 (summary row)
  gather ink cell/1/1/10/7: 12 (summary row)
  gather ink cell/1/1/11/0: 53 (summary row)
  gather ink cell/1/1/11/1: 43 (summary row)
  gather ink cell/1/1/11/2: 31 (summary row)
  gather ink cell/1/1/11/3: 36 (summary row)
  gather ink cell/1/1/11/4: 11 (summary row)
  gather ink cell/1/1/11/5: 4 (summary row)
  gather ink cell/1/1/11/6: 25 (summary row)
  gather ink cell/1/1/11/7: 13 (summary row)
  gather ink cell/1/1/12/0: 30 (summary row)
  gather ink cell/1/1/12/1: 45 (summary row)
  gather ink cell/1/1/12/2: 32 (summary row)
  gather ink cell/1/1/12/3: 17 (summary row)
  gather ink cell/1/1/12/4: 8 (summary row)
  gather ink cell/1/1/12/5: 4 (summary row)
  gather ink cell/1/1/12/6: 9 (summary row)
  gather ink cell/1/1/12/7: 7 (summary row)
  gather detections cell/2/0/0/0: 8
  gather detections cell/2/0/0/1: 13
  gather detections cell/2/0/0/2: 26
  gather detections cell/2/0/0/3: 24
  gather detections cell/2/0/0/4: 24
  gather detections cell/2/0/0/5: 34
  gather detections cell/2/0/1/0: 13
  gather detections cell/2/0/1/1: 14
  gather detections cell/2/0/1/2: 21
  gather detections cell/2/0/1/3: 22
  gather detections cell/2/0/1/4: 25
  gather detections cell/2/0/1/5: 23
  gather detections cell/2/0/2/0: 20
  gather detections cell/2/0/2/1: 21
  gather detections cell/2/0/2/2: 22
  gather detections cell/2/0/2/3: 27
  gather detections cell/2/0/2/4: 29
  gather detections cell/2/0/2/5: 28
  gather detections cell/2/0/3/0: 19
  gather detections cell/2/0/3/1: 10
  gather detections cell/2/0/3/2: 25
  gather detections cell/2/0/3/3: 25
  gather detections cell/2/0/3/4: 19
  gather detections cell/2/0/3/5: 28
  gather detections cell/2/0/4/0: 13
  gather detections cell/2/0/4/1: 8
  gather detections cell/2/0/4/2: 11
  gather detections cell/2/0/4/3: 13
  gather detections cell/2/0/4/4: 10
  gather detections cell/2/0/4/5: 4
  gather detections cell/2/0/5/0: 7
  gather detections cell/2/0/5/1: 7
  gather detections cell/2/0/5/2: 19
  gather detections cell/2/0/5/3: 14
  gather detections cell/2/0/5/4: 15
  gather detections cell/2/0/5/5: 18
  gather detections cell/2/0/6/0: 22
  gather detections cell/2/0/6/1: 17
  gather detections cell/2/0/6/2: 21
  gather detections cell/2/0/6/3: 17
  gather detections cell/2/0/6/4: 17
  gather detections cell/2/0/6/5: 5
  gather detections cell/2/0/7/0: 17
  gather detections cell/2/0/7/1: 17
  gather detections cell/2/0/7/2: 32
  gather detections cell/2/0/7/3: 23
  gather detections cell/2/0/7/4: 5
  gather detections cell/2/0/7/5: 12
  gather detections cell/2/0/8/0: 32
  gather detections cell/2/0/8/1: 22
  gather detections cell/2/0/8/2: 28
  gather detections cell/2/0/8/3: 34
  gather detections cell/2/0/8/4: 18
  gather detections cell/2/0/8/5: 17
  gather detections cell/2/0/9/0: 28
  gather detections cell/2/0/9/1: 31
  gather detections cell/2/0/9/2: 31
  gather detections cell/2/0/9/3: 43
  gather detections cell/2/0/9/4: 24
  gather detections cell/2/0/9/5: 22
  gather detections cell/2/0/10/0: 25
  gather detections cell/2/0/10/1: 29
  gather detections cell/2/0/10/2: 21
  gather detections cell/2/0/10/3: 20
  gather detections cell/2/0/10/4: 16
  gather detections cell/2/0/10/5: 17
  gather detections cell/2/0/11/0: 36
  gather detections cell/2/0/11/1: 26
  gather detections cell/2/0/11/2: 18
  gather detections cell/2/0/11/3: 27
  gather detections cell/2/0/11/4: 22
  gather detections cell/2/0/11/5: 25
  gather detections cell/2/0/12/0: 35
  gather detections cell/2/0/12/1: 32
  gather detections cell/2/0/12/2: 23
  gather detections cell/2/0/12/3: 29
  gather detections cell/2/0/12/4: 13
  gather detections cell/2/0/12/5: 12
  gather detections cell/2/0/13/0: 12
  gather detections cell/2/0/13/1: 7
  gather detections cell/2/0/13/2: 13
  gather detections cell/2/0/13/3: 6
  gather detections cell/2/0/13/4: 11
  gather detections cell/2/0/13/5: 8
  gather detections cell/2/1/0/0: 20
  gather detections cell/2/1/0/1: 11
  gather detections cell/2/1/0/2: 10
  gather detections cell/2/1/0/3: 18
  gather detections cell/2/1/0/4: 7
  gather detections cell/2/1/0/5: 2
  gather detections cell/2/1/0/6: 2
  gather detections cell/2/1/0/7: 5
  gather detections cell/2/1/0/8: 3
  gather detections cell/2/1/1/0: 29
  gather detections cell/2/1/1/1: 16
  gather detections cell/2/1/1/2: 16
  gather detections cell/2/1/1/3: 27
  gather detections cell/2/1/1/4: 13
  gather detections cell/2/1/1/5: 7
  gather detections cell/2/1/1/6: 2
  gather detections cell/2/1/1/7: 2
  gather detections cell/2/1/1/8: 5
  gather detections cell/2/1/2/0: 25
  gather detections cell/2/1/2/1: 17
  gather detections cell/2/1/2/2: 12
  gather detections cell/2/1/2/3: 18
  gather detections cell/2/1/2/4: 15
  gather detections cell/2/1/2/5: 16
  gather detections cell/2/1/2/6: 5
  gather detections cell/2/1/2/7: 3
  gather detections cell/2/1/2/8: 1
  gather detections cell/2/1/3/0: 24
  gather detections cell/2/1/3/1: 18
  gather detections cell/2/1/3/2: 17
  gather detections cell/2/1/3/3: 13
  gather detections cell/2/1/3/4: 6
  gather detections cell/2/1/3/5: 7
  gather detections cell/2/1/3/6: 11
  gather detections cell/2/1/3/7: 10
  gather detections cell/2/1/3/8: 3
  gather detections cell/2/1/4/0: 27
  gather detections cell/2/1/4/1: 11
  gather detections cell/2/1/4/2: 12
  gather detections cell/2/1/4/3: 16
  gather detections cell/2/1/4/4: 2
  gather detections cell/2/1/4/5: 2
  gather detections cell/2/1/4/6: 6
  gather detections cell/2/1/4/7: 4
  gather detections cell/2/1/4/8: 6
  gather detections cell/2/1/5/0: 20
  gather detections cell/2/1/5/1: 19
  gather detections cell/2/1/5/2: 15
  gather detections cell/2/1/5/3: 12
  gather detections cell/2/1/5/4: 10
  gather detections cell/2/1/5/5: 6
  gather detections cell/2/1/5/6: 5
  gather detections cell/2/1/5/7: 4
  gather detections cell/2/1/5/8: 2
  gather detections cell/2/1/6/0: 18
  gather detections cell/2/1/6/1: 5
  gather detections cell/2/1/6/2: 10
  gather detections cell/2/1/6/3: 10
  gather detections cell/2/1/6/4: 8
  gather detections cell/2/1/6/5: 4
  gather detections cell/2/1/6/6: 9
  gather detections cell/2/1/6/7: 7
  gather detections cell/2/1/6/8: 2
  gather detections cell/2/1/7/0: 12
  gather detections cell/2/1/7/1: 10
  gather detections cell/2/1/7/2: 10
  gather detections cell/2/1/7/3: 11
  gather detections cell/2/1/7/4: 8
  gather detections cell/2/1/7/5: 8
  gather detections cell/2/1/7/6: 6
  gather detections cell/2/1/7/7: 4
  gather detections cell/2/1/7/8: 3
  gather detections cell/2/1/8/0: 19
  gather detections cell/2/1/8/1: 6
  gather detections cell/2/1/8/2: 4
  gather detections cell/2/1/8/3: 7
  gather detections cell/2/1/8/4: 3
  gather detections cell/2/1/8/5: 6
  gather detections cell/2/1/8/6: 8
  gather detections cell/2/1/8/7: 5
  gather detections cell/2/1/8/8: 1
  gather detections cell/2/1/9/0: 15
  gather detections cell/2/1/9/1: 3
  gather detections cell/2/1/9/2: 7
  gather detections cell/2/1/9/3: 10
  gather detections cell/2/1/9/4: 6
  gather detections cell/2/1/9/5: 13
  gather detections cell/2/1/9/6: 11
  gather detections cell/2/1/9/7: 8
  gather detections cell/2/1/9/8: 7
  gather detections cell/2/1/10/0: 24
  gather detections cell/2/1/10/1: 7
  gather detections cell/2/1/10/2: 3
  gather detections cell/2/1/10/3: 7
  gather detections cell/2/1/10/4: 6
  gather detections cell/2/1/10/5: 15
  gather detections cell/2/1/10/6: 10
  gather detections cell/2/1/10/7: 8
  gather detections cell/2/1/10/8: 6
  gather detections cell/2/1/11/0: 18
  gather detections cell/2/1/11/1: 5
  gather detections cell/2/1/11/2: 7
  gather detections cell/2/1/11/3: 5
  gather detections cell/2/1/11/4: 7
  gather detections cell/2/1/11/5: 22
  gather detections cell/2/1/11/6: 11
  gather detections cell/2/1/11/7: 14
  gather detections cell/2/1/11/8: 7
  gather detections cell/2/1/12/0: 17
  gather detections cell/2/1/12/1: 5
  gather detections cell/2/1/12/2: 6
  gather detections cell/2/1/12/3: 7
  gather detections cell/2/1/12/4: 18
  gather detections cell/2/1/12/5: 22
  gather detections cell/2/1/12/6: 15
  gather detections cell/2/1/12/7: 8
  gather detections cell/2/1/12/8: 9
  gather detections cell/2/1/13/0: 22
  gather detections cell/2/1/13/1: 5
  gather detections cell/2/1/13/2: 6
  gather detections cell/2/1/13/3: 12
  gather detections cell/2/1/13/4: 8
  gather detections cell/2/1/13/5: 5
  gather detections cell/2/1/13/6: 8
  gather detections cell/2/1/13/7: 7
  gather detections cell/2/1/13/8: 4
  gather ink cell/2/0/0/0: 15 (summary row)
  gather ink cell/2/0/0/1: 19 (summary row)
  gather ink cell/2/0/0/2: 43 (summary row)
  gather ink cell/2/0/0/3: 53 (summary row)
  gather ink cell/2/0/0/4: 24 (summary row)
  gather ink cell/2/0/0/5: 32 (summary row)
  gather ink cell/2/0/1/0: 14 (summary row)
  gather ink cell/2/0/1/1: 21 (summary row)
  gather ink cell/2/0/1/2: 38 (summary row)
  gather ink cell/2/0/1/3: 36 (summary row)
  gather ink cell/2/0/1/4: 15 (summary row)
  gather ink cell/2/0/1/5: 25 (summary row)
  gather ink cell/2/0/2/0: 22 (summary row)
  gather ink cell/2/0/2/1: 13 (summary row)
  gather ink cell/2/0/2/2: 26 (summary row)
  gather ink cell/2/0/2/3: 29 (summary row)
  gather ink cell/2/0/2/4: 12 (summary row)
  gather ink cell/2/0/2/5: 22 (summary row)
  gather ink cell/2/0/3/0: 29 (summary row)
  gather ink cell/2/0/3/1: 9 (summary row)
  gather ink cell/2/0/3/2: 10 (summary row)
  gather ink cell/2/0/3/3: 15 (summary row)
  gather ink cell/2/0/3/4: 31 (summary row)
  gather ink cell/2/0/3/5: 23 (summary row)
  gather ink cell/2/0/4/0: 34 (summary row)
  gather ink cell/2/0/4/1: 7 (summary row)
  gather ink cell/2/0/4/2: 7 (summary row)
  gather ink cell/2/0/4/3: 7 (summary row)
  gather ink cell/2/0/4/4: 4 (summary row)
  gather ink cell/2/0/4/5: 7 (summary row)
  gather ink cell/2/0/5/0: 11 (summary row)
  gather ink cell/2/0/5/1: 7 (summary row)
  gather ink cell/2/0/5/2: 9 (summary row)
  gather ink cell/2/0/5/3: 45 (summary row)
  gather ink cell/2/0/5/4: 9 (summary row)
  gather ink cell/2/0/5/5: 11 (summary row)
  gather ink cell/2/0/6/0: 13 (summary row)
  gather ink cell/2/0/6/1: 10 (summary row)
  gather ink cell/2/0/6/2: 12 (summary row)
  gather ink cell/2/0/6/3: 17 (summary row)
  gather ink cell/2/0/6/4: 5 (summary row)
  gather ink cell/2/0/6/5: 23 (summary row)
  gather ink cell/2/0/7/0: 21 (summary row)
  gather ink cell/2/0/7/1: 11 (summary row)
  gather ink cell/2/0/7/2: 31 (summary row)
  gather ink cell/2/0/7/3: 36 (summary row)
  gather ink cell/2/0/7/4: 8 (summary row)
  gather ink cell/2/0/7/5: 10 (summary row)
  gather ink cell/2/0/8/0: 28 (summary row)
  gather ink cell/2/0/8/1: 15 (summary row)
  gather ink cell/2/0/8/2: 19 (summary row)
  gather ink cell/2/0/8/3: 17 (summary row)
  gather ink cell/2/0/8/4: 14 (summary row)
  gather ink cell/2/0/8/5: 21 (summary row)
  gather ink cell/2/0/9/0: 28 (summary row)
  gather ink cell/2/0/9/1: 13 (summary row)
  gather ink cell/2/0/9/2: 19 (summary row)
  gather ink cell/2/0/9/3: 19 (summary row)
  gather ink cell/2/0/9/4: 11 (summary row)
  gather ink cell/2/0/9/5: 15 (summary row)
  gather ink cell/2/0/10/0: 29 (summary row)
  gather ink cell/2/0/10/1: 20 (summary row)
  gather ink cell/2/0/10/2: 22 (summary row)
  gather ink cell/2/0/10/3: 26 (summary row)
  gather ink cell/2/0/10/4: 24 (summary row)
  gather ink cell/2/0/10/5: 26 (summary row)
  gather ink cell/2/0/11/0: 35 (summary row)
  gather ink cell/2/0/11/1: 29 (summary row)
  gather ink cell/2/0/11/2: 35 (summary row)
  gather ink cell/2/0/11/3: 35 (summary row)
  gather ink cell/2/0/11/4: 27 (summary row)
  gather ink cell/2/0/11/5: 15 (summary row)
  gather ink cell/2/0/12/0: 35 (summary row)
  gather ink cell/2/0/12/1: 32 (summary row)
  gather ink cell/2/0/12/2: 32 (summary row)
  gather ink cell/2/0/12/3: 14 (summary row)
  gather ink cell/2/0/12/4: 17 (summary row)
  gather ink cell/2/0/12/5: 12 (summary row)
  gather ink cell/2/0/13/0: 32 (summary row)
  gather ink cell/2/0/13/1: 23 (summary row)
  gather ink cell/2/0/13/2: 13 (summary row)
  gather ink cell/2/0/13/3: 3 (summary row)
  gather ink cell/2/0/13/4: 10 (summary row)
  gather ink cell/2/0/13/5: 17 (summary row)
  gather ink cell/2/1/0/0: 25 (summary row)
  gather ink cell/2/1/0/1: 6 (summary row)
  gather ink cell/2/1/0/2: 21 (summary row)
  gather ink cell/2/1/0/3: 17 (summary row)
  gather ink cell/2/1/0/4: 12 (summary row)
  gather ink cell/2/1/0/5: 3 (summary row)
  gather ink cell/2/1/0/6: 3 (summary row)
  gather ink cell/2/1/0/7: 16 (summary row)
  gather ink cell/2/1/0/8: 13 (summary row)
  gather ink cell/2/1/1/0: 33 (summary row)
  gather ink cell/2/1/1/1: 16 (summary row)
  gather ink cell/2/1/1/2: 22 (summary row)
  gather ink cell/2/1/1/3: 24 (summary row)
  gather ink cell/2/1/1/4: 13 (summary row)
  gather ink cell/2/1/1/5: 13 (summary row)
  gather ink cell/2/1/1/6: 4 (summary row)
  gather ink cell/2/1/1/7: 13 (summary row)
  gather ink cell/2/1/1/8: 18 (summary row)
  gather ink cell/2/1/2/0: 26 (summary row)
  gather ink cell/2/1/2/1: 11 (summary row)
  gather ink cell/2/1/2/2: 14 (summary row)
  gather ink cell/2/1/2/3: 19 (summary row)
  gather ink cell/2/1/2/4: 11 (summary row)
  gather ink cell/2/1/2/5: 16 (summary row)
  gather ink cell/2/1/2/6: 11 (summary row)
  gather ink cell/2/1/2/7: 3 (summary row)
  gather ink cell/2/1/2/8: 3 (summary row)
  gather ink cell/2/1/3/0: 21 (summary row)
  gather ink cell/2/1/3/1: 11 (summary row)
  gather ink cell/2/1/3/2: 14 (summary row)
  gather ink cell/2/1/3/3: 12 (summary row)
  gather ink cell/2/1/3/4: 4 (summary row)
  gather ink cell/2/1/3/5: 2 (summary row)
  gather ink cell/2/1/3/6: 4 (summary row)
  gather ink cell/2/1/3/7: 8 (summary row)
  gather ink cell/2/1/3/8: 5 (summary row)
  gather ink cell/2/1/4/0: 27 (summary row)
  gather ink cell/2/1/4/1: 4 (summary row)
  gather ink cell/2/1/4/2: 6 (summary row)
  gather ink cell/2/1/4/3: 3 (summary row)
  gather ink cell/2/1/4/4: 5 (summary row)
  gather ink cell/2/1/4/5: 2 (summary row)
  gather ink cell/2/1/4/6: 3 (summary row)
  gather ink cell/2/1/4/7: 12 (summary row)
  gather ink cell/2/1/4/8: 2 (summary row)
  gather ink cell/2/1/5/0: 21 (summary row)
  gather ink cell/2/1/5/1: 16 (summary row)
  gather ink cell/2/1/5/2: 14 (summary row)
  gather ink cell/2/1/5/3: 5 (summary row)
  gather ink cell/2/1/5/4: 30 (summary row)
  gather ink cell/2/1/5/5: 6 (summary row)
  gather ink cell/2/1/5/6: 3 (summary row)
  gather ink cell/2/1/5/7: 5 (summary row)
  gather ink cell/2/1/5/8: 13 (summary row)
  gather ink cell/2/1/6/0: 10 (summary row)
  gather ink cell/2/1/6/1: 7 (summary row)
  gather ink cell/2/1/6/2: 30 (summary row)
  gather ink cell/2/1/6/3: 10 (summary row)
  gather ink cell/2/1/6/4: 2 (summary row)
  gather ink cell/2/1/6/5: 3 (summary row)
  gather ink cell/2/1/6/6: 7 (summary row)
  gather ink cell/2/1/6/7: 5 (summary row)
  gather ink cell/2/1/6/8: 4 (summary row)
  gather ink cell/2/1/7/0: 12 (summary row)
  gather ink cell/2/1/7/1: 9 (summary row)
  gather ink cell/2/1/7/2: 6 (summary row)
  gather ink cell/2/1/7/3: 3 (summary row)
  gather ink cell/2/1/7/4: 2 (summary row)
  gather ink cell/2/1/7/5: 3 (summary row)
  gather ink cell/2/1/7/6: 2 (summary row)
  gather ink cell/2/1/7/7: 2 (summary row)
  gather ink cell/2/1/7/8: 3 (summary row)
  gather ink cell/2/1/8/0: 23 (summary row)
  gather ink cell/2/1/8/1: 4 (summary row)
  gather ink cell/2/1/8/2: 6 (summary row)
  gather ink cell/2/1/8/3: 3 (summary row)
  gather ink cell/2/1/8/4: 2 (summary row)
  gather ink cell/2/1/8/5: 12 (summary row)
  gather ink cell/2/1/8/6: 5 (summary row)
  gather ink cell/2/1/8/7: 6 (summary row)
  gather ink cell/2/1/8/8: 5 (summary row)
  gather ink cell/2/1/9/0: 23 (summary row)
  gather ink cell/2/1/9/1: 2 (summary row)
  gather ink cell/2/1/9/2: 2 (summary row)
  gather ink cell/2/1/9/3: 2 (summary row)
  gather ink cell/2/1/9/4: 2 (summary row)
  gather ink cell/2/1/9/5: 8 (summary row)
  gather ink cell/2/1/9/6: 8 (summary row)
  gather ink cell/2/1/9/7: 9 (summary row)
  gather ink cell/2/1/9/8: 9 (summary row)
  gather ink cell/2/1/10/0: 26 (summary row)
  gather ink cell/2/1/10/1: 3 (summary row)
  gather ink cell/2/1/10/2: 2 (summary row)
  gather ink cell/2/1/10/3: 3 (summary row)
  gather ink cell/2/1/10/4: 3 (summary row)
  gather ink cell/2/1/10/5: 19 (summary row)
  gather ink cell/2/1/10/6: 9 (summary row)
  gather ink cell/2/1/10/7: 6 (summary row)
  gather ink cell/2/1/10/8: 7 (summary row)
  gather ink cell/2/1/11/0: 37 (summary row)
  gather ink cell/2/1/11/1: 6 (summary row)
  gather ink cell/2/1/11/2: 3 (summary row)
  gather ink cell/2/1/11/3: 4 (summary row)
  gather ink cell/2/1/11/4: 11 (summary row)
  gather ink cell/2/1/11/5: 23 (summary row)
  gather ink cell/2/1/11/6: 26 (summary row)
  gather ink cell/2/1/11/7: 24 (summary row)
  gather ink cell/2/1/11/8: 9 (summary row)
  gather ink cell/2/1/12/0: 20 (summary row)
  gather ink cell/2/1/12/1: 16 (summary row)
  gather ink cell/2/1/12/2: 2 (summary row)
  gather ink cell/2/1/12/3: 2 (summary row)
  gather ink cell/2/1/12/4: 12 (summary row)
  gather ink cell/2/1/12/5: 5 (summary row)
  gather ink cell/2/1/12/6: 10 (summary row)
  gather ink cell/2/1/12/7: 19 (summary row)
  gather ink cell/2/1/12/8: 13 (summary row)
  gather ink cell/2/1/13/0: 22 (summary row)
  gather ink cell/2/1/13/1: 6 (summary row)
  gather ink cell/2/1/13/2: 6 (summary row)
  gather ink cell/2/1/13/3: 5 (summary row)
  gather ink cell/2/1/13/4: 5 (summary row)
  gather ink cell/2/1/13/5: 5 (summary row)
  gather ink cell/2/1/13/6: 3 (summary row)
  gather ink cell/2/1/13/7: 5 (summary row)
  gather ink cell/2/1/13/8: 3 (summary row)
  gather detections cell/3/0/0/0: 26
  gather detections cell/3/0/0/1: 30
  gather detections cell/3/0/0/2: 33
  gather detections cell/3/0/0/3: 18
  gather detections cell/3/0/0/4: 12
  gather detections cell/3/0/0/5: 4
  gather detections cell/3/0/0/6: 2
  gather detections cell/3/0/0/7: 2
  gather detections cell/3/0/0/8: 14
  gather detections cell/3/0/0/9: 14
  gather detections cell/3/0/1/0: 28
  gather detections cell/3/0/1/1: 22
  gather detections cell/3/0/1/2: 21
  gather detections cell/3/0/1/3: 11
  gather detections cell/3/0/1/4: 14
  gather detections cell/3/0/1/5: 5
  gather detections cell/3/0/1/6: 3
  gather detections cell/3/0/1/7: 2
  gather detections cell/3/0/1/8: 20
  gather detections cell/3/0/1/9: 16
  gather detections cell/3/0/2/0: 34
  gather detections cell/3/0/2/1: 24
  gather detections cell/3/0/2/2: 23
  gather detections cell/3/0/2/3: 8
  gather detections cell/3/0/2/4: 9
  gather detections cell/3/0/2/5: 5
  gather detections cell/3/0/2/6: 8
  gather detections cell/3/0/2/7: 4
  gather detections cell/3/0/2/8: 9
  gather detections cell/3/0/2/9: 11
  gather detections cell/3/0/3/0: 32
  gather detections cell/3/0/3/1: 15
  gather detections cell/3/0/3/2: 25
  gather detections cell/3/0/3/3: 15
  gather detections cell/3/0/3/4: 14
  gather detections cell/3/0/3/5: 9
  gather detections cell/3/0/3/6: 16
  gather detections cell/3/0/3/7: 19
  gather detections cell/3/0/3/8: 31
  gather detections cell/3/0/3/9: 13
  gather detections cell/3/0/4/0: 14
  gather detections cell/3/0/4/1: 10
  gather detections cell/3/0/4/2: 11
  gather detections cell/3/0/4/3: 7
  gather detections cell/3/0/4/4: 8
  gather detections cell/3/0/4/5: 7
  gather detections cell/3/0/4/6: 7
  gather detections cell/3/0/4/7: 5
  gather detections cell/3/0/4/8: 25
  gather detections cell/3/0/4/9: 19
  gather detections cell/3/0/5/0: 18
  gather detections cell/3/0/5/1: 2
  gather detections cell/3/0/5/2: 4
  gather detections cell/3/0/5/3: 17
  gather detections cell/3/0/5/4: 10
  gather detections cell/3/0/5/5: 7
  gather detections cell/3/0/5/6: 7
  gather detections cell/3/0/5/7: 10
  gather detections cell/3/0/5/8: 26
  gather detections cell/3/0/5/9: 14
  gather detections cell/3/0/6/0: 22
  gather detections cell/3/0/6/1: 6
  gather detections cell/3/0/6/2: 13
  gather detections cell/3/0/6/3: 16
  gather detections cell/3/0/6/4: 18
  gather detections cell/3/0/6/5: 4
  gather detections cell/3/0/6/6: 3
  gather detections cell/3/0/6/7: 8
  gather detections cell/3/0/6/8: 8
  gather detections cell/3/0/6/9: 4
  gather detections cell/3/0/7/0: 19
  gather detections cell/3/0/7/1: 4
  gather detections cell/3/0/7/2: 9
  gather detections cell/3/0/7/3: 17
  gather detections cell/3/0/7/4: 17
  gather detections cell/3/0/7/5: 8
  gather detections cell/3/0/7/6: 9
  gather detections cell/3/0/7/7: 6
  gather detections cell/3/0/7/8: 5
  gather detections cell/3/0/7/9: 7
  gather detections cell/3/0/8/0: 13
  gather detections cell/3/0/8/1: 3
  gather detections cell/3/0/8/2: 8
  gather detections cell/3/0/8/3: 15
  gather detections cell/3/0/8/4: 13
  gather detections cell/3/0/8/5: 7
  gather detections cell/3/0/8/6: 11
  gather detections cell/3/0/8/7: 4
  gather detections cell/3/0/8/8: 6
  gather detections cell/3/0/8/9: 12
  gather detections cell/3/0/9/0: 8
  gather detections cell/3/0/9/1: 4
  gather detections cell/3/0/9/2: 8
  gather detections cell/3/0/9/3: 30
  gather detections cell/3/0/9/4: 22
  gather detections cell/3/0/9/5: 15
  gather detections cell/3/0/9/6: 11
  gather detections cell/3/0/9/7: 11
  gather detections cell/3/0/9/8: 19
  gather detections cell/3/0/9/9: 27
  gather detections cell/3/0/10/0: 7
  gather detections cell/3/0/10/1: 2
  gather detections cell/3/0/10/2: 9
  gather detections cell/3/0/10/3: 31
  gather detections cell/3/0/10/4: 17
  gather detections cell/3/0/10/5: 27
  gather detections cell/3/0/10/6: 9
  gather detections cell/3/0/10/7: 21
  gather detections cell/3/0/10/8: 23
  gather detections cell/3/0/10/9: 23
  gather detections cell/3/0/11/0: 9
  gather detections cell/3/0/11/1: 3
  gather detections cell/3/0/11/2: 9
  gather detections cell/3/0/11/3: 12
  gather detections cell/3/0/11/4: 20
  gather detections cell/3/0/11/5: 14
  gather detections cell/3/0/11/6: 15
  gather detections cell/3/0/11/7: 34
  gather detections cell/3/0/11/8: 29
  gather detections cell/3/0/11/9: 26
  gather detections cell/3/0/12/0: 20
  gather detections cell/3/0/12/1: 2
  gather detections cell/3/0/12/2: 13
  gather detections cell/3/0/12/3: 7
  gather detections cell/3/0/12/4: 15
  gather detections cell/3/0/12/5: 9
  gather detections cell/3/0/12/6: 15
  gather detections cell/3/0/12/7: 13
  gather detections cell/3/0/12/8: 19
  gather detections cell/3/0/12/9: 16
  gather detections cell/3/0/13/0: 10
  gather detections cell/3/0/13/1: 4
  gather detections cell/3/0/13/2: 5
  gather detections cell/3/0/13/3: 15
  gather detections cell/3/0/13/4: 14
  gather detections cell/3/0/13/6: 3
  gather detections cell/3/0/13/7: 3
  gather detections cell/3/0/13/8: 17
  gather detections cell/3/0/13/9: 12
  gather detections cell/3/1/0/0: 39
  gather detections cell/3/1/0/1: 36
  gather detections cell/3/1/0/2: 23
  gather detections cell/3/1/0/3: 18
  gather detections cell/3/1/0/4: 6
  gather detections cell/3/1/0/5: 20
  gather detections cell/3/1/0/6: 24
  gather detections cell/3/1/0/7: 21
  gather detections cell/3/1/0/8: 36
  gather detections cell/3/1/0/9: 20
  gather detections cell/3/1/0/10: 5
  gather detections cell/3/1/1/0: 24
  gather detections cell/3/1/1/1: 25
  gather detections cell/3/1/1/2: 17
  gather detections cell/3/1/1/3: 13
  gather detections cell/3/1/1/4: 8
  gather detections cell/3/1/1/5: 23
  gather detections cell/3/1/1/6: 27
  gather detections cell/3/1/1/7: 22
  gather detections cell/3/1/1/8: 23
  gather detections cell/3/1/1/9: 12
  gather detections cell/3/1/1/10: 3
  gather detections cell/3/1/2/0: 28
  gather detections cell/3/1/2/1: 21
  gather detections cell/3/1/2/2: 25
  gather detections cell/3/1/2/3: 13
  gather detections cell/3/1/2/4: 6
  gather detections cell/3/1/2/5: 18
  gather detections cell/3/1/2/6: 26
  gather detections cell/3/1/2/7: 24
  gather detections cell/3/1/2/8: 22
  gather detections cell/3/1/2/9: 15
  gather detections cell/3/1/2/10: 4
  gather detections cell/3/1/3/0: 46
  gather detections cell/3/1/3/1: 26
  gather detections cell/3/1/3/2: 35
  gather detections cell/3/1/3/3: 9
  gather detections cell/3/1/3/4: 4
  gather detections cell/3/1/3/5: 12
  gather detections cell/3/1/3/6: 15
  gather detections cell/3/1/3/7: 15
  gather detections cell/3/1/3/8: 23
  gather detections cell/3/1/3/9: 14
  gather detections cell/3/1/3/10: 3
  gather detections cell/3/1/4/0: 31
  gather detections cell/3/1/4/1: 32
  gather detections cell/3/1/4/2: 20
  gather detections cell/3/1/4/3: 10
  gather detections cell/3/1/4/4: 11
  gather detections cell/3/1/4/5: 3
  gather detections cell/3/1/4/6: 6
  gather detections cell/3/1/4/7: 9
  gather detections cell/3/1/4/8: 18
  gather detections cell/3/1/4/9: 6
  gather detections cell/3/1/4/10: 9
  gather detections cell/3/1/5/0: 21
  gather detections cell/3/1/5/1: 23
  gather detections cell/3/1/5/2: 17
  gather detections cell/3/1/5/3: 18
  gather detections cell/3/1/5/4: 4
  gather detections cell/3/1/5/5: 3
  gather detections cell/3/1/5/6: 5
  gather detections cell/3/1/5/7: 3
  gather detections cell/3/1/5/8: 18
  gather detections cell/3/1/5/9: 14
  gather detections cell/3/1/5/10: 4
  gather detections cell/3/1/6/0: 6
  gather detections cell/3/1/6/1: 12
  gather detections cell/3/1/6/2: 10
  gather detections cell/3/1/6/3: 16
  gather detections cell/3/1/6/4: 6
  gather detections cell/3/1/6/5: 5
  gather detections cell/3/1/6/6: 6
  gather detections cell/3/1/6/7: 4
  gather detections cell/3/1/6/8: 26
  gather detections cell/3/1/6/9: 14
  gather detections cell/3/1/6/10: 4
  gather detections cell/3/1/7/0: 8
  gather detections cell/3/1/7/1: 6
  gather detections cell/3/1/7/2: 8
  gather detections cell/3/1/7/3: 10
  gather detections cell/3/1/7/4: 7
  gather detections cell/3/1/7/5: 4
  gather detections cell/3/1/7/6: 5
  gather detections cell/3/1/7/7: 6
  gather detections cell/3/1/7/8: 24
  gather detections cell/3/1/7/9: 17
  gather detections cell/3/1/7/10: 5
  gather detections cell/3/1/8/0: 22
  gather detections cell/3/1/8/1: 21
  gather detections cell/3/1/8/2: 16
  gather detections cell/3/1/8/3: 17
  gather detections cell/3/1/8/4: 15
  gather detections cell/3/1/8/5: 11
  gather detections cell/3/1/8/6: 9
  gather detections cell/3/1/8/7: 3
  gather detections cell/3/1/8/8: 16
  gather detections cell/3/1/8/9: 19
  gather detections cell/3/1/8/10: 11
  gather detections cell/3/1/9/0: 25
  gather detections cell/3/1/9/1: 24
  gather detections cell/3/1/9/2: 16
  gather detections cell/3/1/9/3: 22
  gather detections cell/3/1/9/4: 16
  gather detections cell/3/1/9/5: 14
  gather detections cell/3/1/9/6: 13
  gather detections cell/3/1/9/7: 21
  gather detections cell/3/1/9/8: 22
  gather detections cell/3/1/9/9: 24
  gather detections cell/3/1/9/10: 15
  gather detections cell/3/1/10/0: 15
  gather detections cell/3/1/10/1: 29
  gather detections cell/3/1/10/2: 32
  gather detections cell/3/1/10/3: 24
  gather detections cell/3/1/10/4: 10
  gather detections cell/3/1/10/5: 10
  gather detections cell/3/1/10/6: 17
  gather detections cell/3/1/10/7: 16
  gather detections cell/3/1/10/8: 21
  gather detections cell/3/1/10/9: 24
  gather detections cell/3/1/10/10: 14
  gather detections cell/3/1/11/0: 20
  gather detections cell/3/1/11/1: 21
  gather detections cell/3/1/11/2: 24
  gather detections cell/3/1/11/3: 26
  gather detections cell/3/1/11/4: 18
  gather detections cell/3/1/11/5: 17
  gather detections cell/3/1/11/6: 15
  gather detections cell/3/1/11/7: 12
  gather detections cell/3/1/11/8: 12
  gather detections cell/3/1/11/9: 20
  gather detections cell/3/1/11/10: 10
  gather detections cell/3/1/12/0: 34
  gather detections cell/3/1/12/1: 23
  gather detections cell/3/1/12/2: 22
  gather detections cell/3/1/12/3: 17
  gather detections cell/3/1/12/4: 12
  gather detections cell/3/1/12/5: 11
  gather detections cell/3/1/12/6: 10
  gather detections cell/3/1/12/7: 17
  gather detections cell/3/1/12/8: 12
  gather detections cell/3/1/12/9: 14
  gather detections cell/3/1/12/10: 10
  gather detections cell/3/1/13/0: 23
  gather detections cell/3/1/13/1: 17
  gather detections cell/3/1/13/2: 17
  gather detections cell/3/1/13/3: 14
  gather detections cell/3/1/13/4: 4
  gather detections cell/3/1/13/5: 12
  gather detections cell/3/1/13/6: 11
  gather detections cell/3/1/13/7: 10
  gather detections cell/3/1/13/8: 9
  gather detections cell/3/1/13/9: 8
  gather detections cell/3/1/13/10: 2
  gather ink cell/3/0/0/0: 40 (summary row)
  gather ink cell/3/0/0/1: 36 (summary row)
  gather ink cell/3/0/0/2: 41 (summary row)
  gather ink cell/3/0/0/3: 23 (summary row)
  gather ink cell/3/0/0/4: 15 (summary row)
  gather ink cell/3/0/0/5: 4 (summary row)
  gather ink cell/3/0/0/6: 3 (summary row)
  gather ink cell/3/0/0/7: 3 (summary row)
  gather ink cell/3/0/0/8: 13 (summary row)
  gather ink cell/3/0/0/9: 14 (summary row)
  gather ink cell/3/0/1/0: 25 (summary row)
  gather ink cell/3/0/1/1: 23 (summary row)
  gather ink cell/3/0/1/2: 30 (summary row)
  gather ink cell/3/0/1/3: 17 (summary row)
  gather ink cell/3/0/1/4: 12 (summary row)
  gather ink cell/3/0/1/5: 3 (summary row)
  gather ink cell/3/0/1/6: 2 (summary row)
  gather ink cell/3/0/1/7: 3 (summary row)
  gather ink cell/3/0/1/8: 16 (summary row)
  gather ink cell/3/0/1/9: 13 (summary row)
  gather ink cell/3/0/2/0: 27 (summary row)
  gather ink cell/3/0/2/1: 34 (summary row)
  gather ink cell/3/0/2/2: 38 (summary row)
  gather ink cell/3/0/2/3: 16 (summary row)
  gather ink cell/3/0/2/4: 14 (summary row)
  gather ink cell/3/0/2/5: 5 (summary row)
  gather ink cell/3/0/2/6: 5 (summary row)
  gather ink cell/3/0/2/7: 4 (summary row)
  gather ink cell/3/0/2/8: 7 (summary row)
  gather ink cell/3/0/2/9: 7 (summary row)
  gather ink cell/3/0/3/0: 42 (summary row)
  gather ink cell/3/0/3/1: 11 (summary row)
  gather ink cell/3/0/3/2: 56 (summary row)
  gather ink cell/3/0/3/3: 18 (summary row)
  gather ink cell/3/0/3/4: 15 (summary row)
  gather ink cell/3/0/3/5: 9 (summary row)
  gather ink cell/3/0/3/6: 7 (summary row)
  gather ink cell/3/0/3/7: 16 (summary row)
  gather ink cell/3/0/3/8: 20 (summary row)
  gather ink cell/3/0/3/9: 16 (summary row)
  gather ink cell/3/0/4/0: 30 (summary row)
  gather ink cell/3/0/4/1: 4 (summary row)
  gather ink cell/3/0/4/2: 18 (summary row)
  gather ink cell/3/0/4/3: 5 (summary row)
  gather ink cell/3/0/4/4: 7 (summary row)
  gather ink cell/3/0/4/5: 2 (summary row)
  gather ink cell/3/0/4/6: 2 (summary row)
  gather ink cell/3/0/4/7: 7 (summary row)
  gather ink cell/3/0/4/8: 20 (summary row)
  gather ink cell/3/0/4/9: 7 (summary row)
  gather ink cell/3/0/5/0: 23 (summary row)
  gather ink cell/3/0/5/1: 2 (summary row)
  gather ink cell/3/0/5/2: 12 (summary row)
  gather ink cell/3/0/5/3: 13 (summary row)
  gather ink cell/3/0/5/4: 8 (summary row)
  gather ink cell/3/0/5/5: 3 (summary row)
  gather ink cell/3/0/5/6: 2 (summary row)
  gather ink cell/3/0/5/7: 14 (summary row)
  gather ink cell/3/0/5/8: 13 (summary row)
  gather ink cell/3/0/5/9: 6 (summary row)
  gather ink cell/3/0/6/0: 18 (summary row)
  gather ink cell/3/0/6/1: 13 (summary row)
  gather ink cell/3/0/6/2: 14 (summary row)
  gather ink cell/3/0/6/3: 15 (summary row)
  gather ink cell/3/0/6/4: 11 (summary row)
  gather ink cell/3/0/6/5: 2 (summary row)
  gather ink cell/3/0/6/6: 2 (summary row)
  gather ink cell/3/0/6/7: 3 (summary row)
  gather ink cell/3/0/6/8: 5 (summary row)
  gather ink cell/3/0/6/9: 5 (summary row)
  gather ink cell/3/0/7/0: 13 (summary row)
  gather ink cell/3/0/7/1: 6 (summary row)
  gather ink cell/3/0/7/2: 11 (summary row)
  gather ink cell/3/0/7/3: 18 (summary row)
  gather ink cell/3/0/7/4: 12 (summary row)
  gather ink cell/3/0/7/5: 3 (summary row)
  gather ink cell/3/0/7/6: 2 (summary row)
  gather ink cell/3/0/7/7: 3 (summary row)
  gather ink cell/3/0/7/8: 3 (summary row)
  gather ink cell/3/0/7/9: 7 (summary row)
  gather ink cell/3/0/8/0: 21 (summary row)
  gather ink cell/3/0/8/1: 6 (summary row)
  gather ink cell/3/0/8/2: 11 (summary row)
  gather ink cell/3/0/8/3: 20 (summary row)
  gather ink cell/3/0/8/4: 15 (summary row)
  gather ink cell/3/0/8/5: 12 (summary row)
  gather ink cell/3/0/8/6: 13 (summary row)
  gather ink cell/3/0/8/7: 7 (summary row)
  gather ink cell/3/0/8/8: 7 (summary row)
  gather ink cell/3/0/8/9: 17 (summary row)
  gather ink cell/3/0/9/0: 15 (summary row)
  gather ink cell/3/0/9/1: 10 (summary row)
  gather ink cell/3/0/9/2: 14 (summary row)
  gather ink cell/3/0/9/3: 17 (summary row)
  gather ink cell/3/0/9/4: 15 (summary row)
  gather ink cell/3/0/9/5: 12 (summary row)
  gather ink cell/3/0/9/6: 11 (summary row)
  gather ink cell/3/0/9/7: 12 (summary row)
  gather ink cell/3/0/9/8: 27 (summary row)
  gather ink cell/3/0/9/9: 19 (summary row)
  gather ink cell/3/0/10/0: 14 (summary row)
  gather ink cell/3/0/10/1: 5 (summary row)
  gather ink cell/3/0/10/2: 27 (summary row)
  gather ink cell/3/0/10/3: 21 (summary row)
  gather ink cell/3/0/10/4: 13 (summary row)
  gather ink cell/3/0/10/5: 12 (summary row)
  gather ink cell/3/0/10/6: 8 (summary row)
  gather ink cell/3/0/10/7: 12 (summary row)
  gather ink cell/3/0/10/8: 23 (summary row)
  gather ink cell/3/0/10/9: 4 (summary row)
  gather ink cell/3/0/11/0: 14 (summary row)
  gather ink cell/3/0/11/1: 4 (summary row)
  gather ink cell/3/0/11/2: 22 (summary row)
  gather ink cell/3/0/11/3: 21 (summary row)
  gather ink cell/3/0/11/4: 13 (summary row)
  gather ink cell/3/0/11/5: 7 (summary row)
  gather ink cell/3/0/11/6: 6 (summary row)
  gather ink cell/3/0/11/7: 13 (summary row)
  gather ink cell/3/0/11/8: 18 (summary row)
  gather ink cell/3/0/11/9: 8 (summary row)
  gather ink cell/3/0/12/0: 30 (summary row)
  gather ink cell/3/0/12/1: 7 (summary row)
  gather ink cell/3/0/12/2: 31 (summary row)
  gather ink cell/3/0/12/3: 16 (summary row)
  gather ink cell/3/0/12/4: 23 (summary row)
  gather ink cell/3/0/12/5: 6 (summary row)
  gather ink cell/3/0/12/6: 18 (summary row)
  gather ink cell/3/0/12/7: 11 (summary row)
  gather ink cell/3/0/12/8: 18 (summary row)
  gather ink cell/3/0/12/9: 7 (summary row)
  gather ink cell/3/0/13/0: 38 (summary row)
  gather ink cell/3/0/13/1: 6 (summary row)
  gather ink cell/3/0/13/2: 22 (summary row)
  gather ink cell/3/0/13/3: 20 (summary row)
  gather ink cell/3/0/13/4: 18 (summary row)
  gather ink cell/3/0/13/5: 3 (summary row)
  gather ink cell/3/0/13/6: 6 (summary row)
  gather ink cell/3/0/13/7: 3 (summary row)
  gather ink cell/3/0/13/8: 28 (summary row)
  gather ink cell/3/0/13/9: 11 (summary row)
  gather ink cell/3/1/0/0: 38 (summary row)
  gather ink cell/3/1/0/1: 24 (summary row)
  gather ink cell/3/1/0/2: 30 (summary row)
  gather ink cell/3/1/0/3: 26 (summary row)
  gather ink cell/3/1/0/4: 4 (summary row)
  gather ink cell/3/1/0/5: 17 (summary row)
  gather ink cell/3/1/0/6: 21 (summary row)
  gather ink cell/3/1/0/7: 16 (summary row)
  gather ink cell/3/1/0/8: 19 (summary row)
  gather ink cell/3/1/0/9: 17 (summary row)
  gather ink cell/3/1/0/10: 15 (summary row)
  gather ink cell/3/1/1/0: 30 (summary row)
  gather ink cell/3/1/1/1: 17 (summary row)
  gather ink cell/3/1/1/2: 21 (summary row)
  gather ink cell/3/1/1/3: 21 (summary row)
  gather ink cell/3/1/1/4: 5 (summary row)
  gather ink cell/3/1/1/5: 19 (summary row)
  gather ink cell/3/1/1/6: 21 (summary row)
  gather ink cell/3/1/1/7: 15 (summary row)
  gather ink cell/3/1/1/8: 22 (summary row)
  gather ink cell/3/1/1/9: 14 (summary row)
  gather ink cell/3/1/1/10: 17 (summary row)
  gather ink cell/3/1/2/0: 33 (summary row)
  gather ink cell/3/1/2/1: 26 (summary row)
  gather ink cell/3/1/2/2: 27 (summary row)
  gather ink cell/3/1/2/3: 20 (summary row)
  gather ink cell/3/1/2/4: 4 (summary row)
  gather ink cell/3/1/2/5: 18 (summary row)
  gather ink cell/3/1/2/6: 28 (summary row)
  gather ink cell/3/1/2/7: 19 (summary row)
  gather ink cell/3/1/2/8: 12 (summary row)
  gather ink cell/3/1/2/9: 11 (summary row)
  gather ink cell/3/1/2/10: 9 (summary row)
  gather ink cell/3/1/3/0: 32 (summary row)
  gather ink cell/3/1/3/1: 26 (summary row)
  gather ink cell/3/1/3/2: 37 (summary row)
  gather ink cell/3/1/3/3: 23 (summary row)
  gather ink cell/3/1/3/4: 2 (summary row)
  gather ink cell/3/1/3/5: 16 (summary row)
  gather ink cell/3/1/3/6: 27 (summary row)
  gather ink cell/3/1/3/7: 15 (summary row)
  gather ink cell/3/1/3/8: 12 (summary row)
  gather ink cell/3/1/3/9: 11 (summary row)
  gather ink cell/3/1/3/10: 2 (summary row)
  gather ink cell/3/1/4/0: 34 (summary row)
  gather ink cell/3/1/4/1: 24 (summary row)
  gather ink cell/3/1/4/2: 40 (summary row)
  gather ink cell/3/1/4/3: 21 (summary row)
  gather ink cell/3/1/4/4: 4 (summary row)
  gather ink cell/3/1/4/5: 11 (summary row)
  gather ink cell/3/1/4/6: 9 (summary row)
  gather ink cell/3/1/4/7: 9 (summary row)
  gather ink cell/3/1/4/8: 11 (summary row)
  gather ink cell/3/1/4/9: 8 (summary row)
  gather ink cell/3/1/4/10: 2 (summary row)
  gather ink cell/3/1/5/0: 18 (summary row)
  gather ink cell/3/1/5/1: 13 (summary row)
  gather ink cell/3/1/5/2: 23 (summary row)
  gather ink cell/3/1/5/3: 13 (summary row)
  gather ink cell/3/1/5/4: 9 (summary row)
  gather ink cell/3/1/5/5: 13 (summary row)
  gather ink cell/3/1/5/6: 7 (summary row)
  gather ink cell/3/1/5/7: 5 (summary row)
  gather ink cell/3/1/5/8: 18 (summary row)
  gather ink cell/3/1/5/9: 8 (summary row)
  gather ink cell/3/1/5/10: 2 (summary row)
  gather ink cell/3/1/6/0: 7 (summary row)
  gather ink cell/3/1/6/1: 7 (summary row)
  gather ink cell/3/1/6/2: 10 (summary row)
  gather ink cell/3/1/6/3: 10 (summary row)
  gather ink cell/3/1/6/4: 5 (summary row)
  gather ink cell/3/1/6/5: 10 (summary row)
  gather ink cell/3/1/6/6: 9 (summary row)
  gather ink cell/3/1/6/7: 4 (summary row)
  gather ink cell/3/1/6/8: 12 (summary row)
  gather ink cell/3/1/6/9: 7 (summary row)
  gather ink cell/3/1/6/10: 2 (summary row)
  gather ink cell/3/1/7/0: 5 (summary row)
  gather ink cell/3/1/7/1: 7 (summary row)
  gather ink cell/3/1/7/2: 7 (summary row)
  gather ink cell/3/1/7/3: 9 (summary row)
  gather ink cell/3/1/7/4: 4 (summary row)
  gather ink cell/3/1/7/5: 7 (summary row)
  gather ink cell/3/1/7/6: 9 (summary row)
  gather ink cell/3/1/7/7: 2 (summary row)
  gather ink cell/3/1/7/8: 6 (summary row)
  gather ink cell/3/1/7/9: 6 (summary row)
  gather ink cell/3/1/7/10: 2 (summary row)
  gather ink cell/3/1/8/0: 22 (summary row)
  gather ink cell/3/1/8/1: 21 (summary row)
  gather ink cell/3/1/8/2: 21 (summary row)
  gather ink cell/3/1/8/3: 14 (summary row)
  gather ink cell/3/1/8/4: 13 (summary row)
  gather ink cell/3/1/8/5: 10 (summary row)
  gather ink cell/3/1/8/6: 10 (summary row)
  gather ink cell/3/1/8/7: 4 (summary row)
  gather ink cell/3/1/8/8: 15 (summary row)
  gather ink cell/3/1/8/9: 14 (summary row)
  gather ink cell/3/1/8/10: 8 (summary row)
  gather ink cell/3/1/9/0: 34 (summary row)
  gather ink cell/3/1/9/1: 27 (summary row)
  gather ink cell/3/1/9/2: 28 (summary row)
  gather ink cell/3/1/9/3: 22 (summary row)
  gather ink cell/3/1/9/4: 21 (summary row)
  gather ink cell/3/1/9/5: 22 (summary row)
  gather ink cell/3/1/9/6: 21 (summary row)
  gather ink cell/3/1/9/7: 12 (summary row)
  gather ink cell/3/1/9/8: 14 (summary row)
  gather ink cell/3/1/9/9: 16 (summary row)
  gather ink cell/3/1/9/10: 18 (summary row)
  gather ink cell/3/1/10/0: 31 (summary row)
  gather ink cell/3/1/10/1: 27 (summary row)
  gather ink cell/3/1/10/2: 40 (summary row)
  gather ink cell/3/1/10/3: 26 (summary row)
  gather ink cell/3/1/10/4: 23 (summary row)
  gather ink cell/3/1/10/5: 23 (summary row)
  gather ink cell/3/1/10/6: 19 (summary row)
  gather ink cell/3/1/10/7: 12 (summary row)
  gather ink cell/3/1/10/8: 19 (summary row)
  gather ink cell/3/1/10/9: 16 (summary row)
  gather ink cell/3/1/10/10: 13 (summary row)
  gather ink cell/3/1/11/0: 31 (summary row)
  gather ink cell/3/1/11/1: 18 (summary row)
  gather ink cell/3/1/11/2: 29 (summary row)
  gather ink cell/3/1/11/3: 18 (summary row)
  gather ink cell/3/1/11/4: 40 (summary row)
  gather ink cell/3/1/11/5: 19 (summary row)
  gather ink cell/3/1/11/6: 14 (summary row)
  gather ink cell/3/1/11/7: 11 (summary row)
  gather ink cell/3/1/11/8: 13 (summary row)
  gather ink cell/3/1/11/9: 27 (summary row)
  gather ink cell/3/1/11/10: 7 (summary row)
  gather ink cell/3/1/12/0: 31 (summary row)
  gather ink cell/3/1/12/1: 20 (summary row)
  gather ink cell/3/1/12/2: 23 (summary row)
  gather ink cell/3/1/12/3: 22 (summary row)
  gather ink cell/3/1/12/4: 37 (summary row)
  gather ink cell/3/1/12/5: 12 (summary row)
  gather ink cell/3/1/12/6: 13 (summary row)
  gather ink cell/3/1/12/7: 9 (summary row)
  gather ink cell/3/1/12/8: 13 (summary row)
  gather ink cell/3/1/12/9: 16 (summary row)
  gather ink cell/3/1/12/10: 10 (summary row)
  gather ink cell/3/1/13/0: 48 (summary row)
  gather ink cell/3/1/13/1: 21 (summary row)
  gather ink cell/3/1/13/2: 32 (summary row)
  gather ink cell/3/1/13/3: 18 (summary row)
  gather ink cell/3/1/13/4: 20 (summary row)
  gather ink cell/3/1/13/5: 12 (summary row)
  gather ink cell/3/1/13/6: 8 (summary row)
  gather ink cell/3/1/13/7: 6 (summary row)
  gather ink cell/3/1/13/8: 10 (summary row)
  gather ink cell/3/1/13/9: 8 (summary row)
  gather ink cell/3/1/13/10: 4 (summary row)
  gather detections cell/4/0/0/0: 8
  gather detections cell/4/0/0/1: 15
  gather detections cell/4/0/0/2: 19
  gather detections cell/4/0/0/3: 15
  gather detections cell/4/0/0/4: 24
  gather detections cell/4/0/0/5: 27
  gather detections cell/4/0/0/6: 24
  gather detections cell/4/0/0/7: 26
  gather detections cell/4/0/0/8: 26
  gather detections cell/4/0/0/9: 26
  gather detections cell/4/0/0/10: 23
  gather detections cell/4/0/1/0: 8
  gather detections cell/4/0/1/1: 9
  gather detections cell/4/0/1/2: 12
  gather detections cell/4/0/1/3: 16
  gather detections cell/4/0/1/4: 23
  gather detections cell/4/0/1/5: 20
  gather detections cell/4/0/1/6: 20
  gather detections cell/4/0/1/7: 19
  gather detections cell/4/0/1/8: 18
  gather detections cell/4/0/1/9: 19
  gather detections cell/4/0/1/10: 22
  gather detections cell/4/0/2/0: 6
  gather detections cell/4/0/2/1: 8
  gather detections cell/4/0/2/2: 16
  gather detections cell/4/0/2/3: 10
  gather detections cell/4/0/2/4: 23
  gather detections cell/4/0/2/5: 15
  gather detections cell/4/0/2/6: 16
  gather detections cell/4/0/2/7: 18
  gather detections cell/4/0/2/8: 16
  gather detections cell/4/0/2/9: 23
  gather detections cell/4/0/2/10: 12
  gather detections cell/4/0/3/0: 6
  gather detections cell/4/0/3/1: 8
  gather detections cell/4/0/3/2: 8
  gather detections cell/4/0/3/3: 14
  gather detections cell/4/0/3/4: 23
  gather detections cell/4/0/3/5: 13
  gather detections cell/4/0/3/6: 14
  gather detections cell/4/0/3/7: 17
  gather detections cell/4/0/3/8: 13
  gather detections cell/4/0/3/9: 7
  gather detections cell/4/0/3/10: 11
  gather detections cell/4/0/4/0: 9
  gather detections cell/4/0/4/1: 1
  gather detections cell/4/0/4/2: 5
  gather detections cell/4/0/4/3: 6
  gather detections cell/4/0/4/4: 13
  gather detections cell/4/0/4/5: 15
  gather detections cell/4/0/4/6: 18
  gather detections cell/4/0/4/7: 20
  gather detections cell/4/0/4/8: 13
  gather detections cell/4/0/4/9: 14
  gather detections cell/4/0/4/10: 7
  gather detections cell/4/0/5/0: 6
  gather detections cell/4/0/5/1: 8
  gather detections cell/4/0/5/2: 4
  gather detections cell/4/0/5/3: 6
  gather detections cell/4/0/5/4: 11
  gather detections cell/4/0/5/5: 13
  gather detections cell/4/0/5/6: 14
  gather detections cell/4/0/5/7: 13
  gather detections cell/4/0/5/8: 13
  gather detections cell/4/0/5/9: 16
  gather detections cell/4/0/5/10: 8
  gather detections cell/4/0/6/0: 4
  gather detections cell/4/0/6/1: 10
  gather detections cell/4/0/6/2: 9
  gather detections cell/4/0/6/3: 10
  gather detections cell/4/0/6/4: 8
  gather detections cell/4/0/6/5: 5
  gather detections cell/4/0/6/6: 3
  gather detections cell/4/0/6/7: 10
  gather detections cell/4/0/6/8: 14
  gather detections cell/4/0/6/9: 14
  gather detections cell/4/0/6/10: 11
  gather detections cell/4/0/7/0: 4
  gather detections cell/4/0/7/1: 14
  gather detections cell/4/0/7/2: 6
  gather detections cell/4/0/7/3: 7
  gather detections cell/4/0/7/4: 3
  gather detections cell/4/0/7/5: 4
  gather detections cell/4/0/7/6: 7
  gather detections cell/4/0/7/7: 6
  gather detections cell/4/0/7/8: 5
  gather detections cell/4/0/7/9: 16
  gather detections cell/4/0/7/10: 11
  gather detections cell/4/0/8/0: 11
  gather detections cell/4/0/8/1: 5
  gather detections cell/4/0/8/2: 3
  gather detections cell/4/0/8/3: 4
  gather detections cell/4/0/8/4: 13
  gather detections cell/4/0/8/5: 7
  gather detections cell/4/0/8/6: 6
  gather detections cell/4/0/8/7: 7
  gather detections cell/4/0/8/8: 8
  gather detections cell/4/0/8/9: 17
  gather detections cell/4/0/8/10: 12
  gather detections cell/4/0/9/0: 19
  gather detections cell/4/0/9/1: 10
  gather detections cell/4/0/9/2: 12
  gather detections cell/4/0/9/3: 11
  gather detections cell/4/0/9/4: 18
  gather detections cell/4/0/9/5: 14
  gather detections cell/4/0/9/6: 14
  gather detections cell/4/0/9/7: 18
  gather detections cell/4/0/9/8: 16
  gather detections cell/4/0/9/9: 25
  gather detections cell/4/0/9/10: 24
  gather detections cell/4/0/10/0: 17
  gather detections cell/4/0/10/1: 13
  gather detections cell/4/0/10/2: 12
  gather detections cell/4/0/10/3: 14
  gather detections cell/4/0/10/4: 33
  gather detections cell/4/0/10/5: 32
  gather detections cell/4/0/10/6: 15
  gather detections cell/4/0/10/7: 27
  gather detections cell/4/0/10/8: 31
  gather detections cell/4/0/10/9: 25
  gather detections cell/4/0/10/10: 11
  gather detections cell/4/0/11/0: 28
  gather detections cell/4/0/11/1: 22
  gather detections cell/4/0/11/2: 21
  gather detections cell/4/0/11/3: 20
  gather detections cell/4/0/11/4: 20
  gather detections cell/4/0/11/5: 19
  gather detections cell/4/0/11/6: 19
  gather detections cell/4/0/11/7: 19
  gather detections cell/4/0/11/8: 20
  gather detections cell/4/0/11/9: 23
  gather detections cell/4/0/11/10: 10
  gather detections cell/4/0/12/0: 24
  gather detections cell/4/0/12/1: 32
  gather detections cell/4/0/12/2: 34
  gather detections cell/4/0/12/3: 35
  gather detections cell/4/0/12/4: 27
  gather detections cell/4/0/12/5: 15
  gather detections cell/4/0/12/6: 13
  gather detections cell/4/0/12/7: 11
  gather detections cell/4/0/12/8: 7
  gather detections cell/4/0/12/9: 13
  gather detections cell/4/0/12/10: 8
  gather detections cell/4/0/13/0: 16
  gather detections cell/4/0/13/1: 18
  gather detections cell/4/0/13/2: 18
  gather detections cell/4/0/13/3: 15
  gather detections cell/4/0/13/4: 20
  gather detections cell/4/0/13/5: 15
  gather detections cell/4/0/13/6: 13
  gather detections cell/4/0/13/7: 9
  gather detections cell/4/0/13/8: 8
  gather detections cell/4/0/13/9: 8
  gather detections cell/4/0/13/10: 8
  gather detections cell/4/1/0/0: 16
  gather detections cell/4/1/0/1: 2
  gather detections cell/4/1/0/2: 9
  gather detections cell/4/1/0/3: 20
  gather detections cell/4/1/0/4: 31
  gather detections cell/4/1/0/5: 42
  gather detections cell/4/1/0/6: 21
  gather detections cell/4/1/0/7: 18
  gather detections cell/4/1/0/8: 35
  gather detections cell/4/1/1/0: 22
  gather detections cell/4/1/1/1: 14
  gather detections cell/4/1/1/2: 14
  gather detections cell/4/1/1/3: 26
  gather detections cell/4/1/1/4: 28
  gather detections cell/4/1/1/5: 33
  gather detections cell/4/1/1/6: 16
  gather detections cell/4/1/1/7: 17
  gather detections cell/4/1/1/8: 22
  gather detections cell/4/1/2/0: 33
  gather detections cell/4/1/2/1: 25
  gather detections cell/4/1/2/2: 17
  gather detections cell/4/1/2/3: 31
  gather detections cell/4/1/2/4: 33
  gather detections cell/4/1/2/5: 17
  gather detections cell/4/1/2/6: 25
  gather detections cell/4/1/2/7: 24
  gather detections cell/4/1/2/8: 33
  gather detections cell/4/1/3/0: 46
  gather detections cell/4/1/3/1: 28
  gather detections cell/4/1/3/2: 28
  gather detections cell/4/1/3/3: 42
  gather detections cell/4/1/3/4: 26
  gather detections cell/4/1/3/5: 14
  gather detections cell/4/1/3/6: 28
  gather detections cell/4/1/3/7: 28
  gather detections cell/4/1/3/8: 27
  gather detections cell/4/1/4/0: 21
  gather detections cell/4/1/4/1: 7
  gather detections cell/4/1/4/2: 9
  gather detections cell/4/1/4/3: 9
  gather detections cell/4/1/4/4: 18
  gather detections cell/4/1/4/5: 16
  gather detections cell/4/1/4/6: 14
  gather detections cell/4/1/4/7: 9
  gather detections cell/4/1/4/8: 5
  gather detections cell/4/1/5/0: 13
  gather detections cell/4/1/5/1: 7
  gather detections cell/4/1/5/2: 2
  gather detections cell/4/1/5/3: 5
  gather detections cell/4/1/5/4: 16
  gather detections cell/4/1/5/5: 13
  gather detections cell/4/1/5/6: 17
  gather detections cell/4/1/5/7: 16
  gather detections cell/4/1/5/8: 14
  gather detections cell/4/1/6/0: 15
  gather detections cell/4/1/6/1: 4
  gather detections cell/4/1/6/2: 7
  gather detections cell/4/1/6/3: 5
  gather detections cell/4/1/6/4: 2
  gather detections cell/4/1/6/5: 6
  gather detections cell/4/1/6/6: 7
  gather detections cell/4/1/6/7: 11
  gather detections cell/4/1/6/8: 10
  gather detections cell/4/1/7/0: 23
  gather detections cell/4/1/7/1: 12
  gather detections cell/4/1/7/2: 7
  gather detections cell/4/1/7/3: 6
  gather detections cell/4/1/7/4: 4
  gather detections cell/4/1/7/5: 5
  gather detections cell/4/1/7/6: 10
  gather detections cell/4/1/7/7: 13
  gather detections cell/4/1/7/8: 18
  gather detections cell/4/1/8/0: 27
  gather detections cell/4/1/8/1: 13
  gather detections cell/4/1/8/2: 9
  gather detections cell/4/1/8/3: 12
  gather detections cell/4/1/8/4: 9
  gather detections cell/4/1/8/5: 20
  gather detections cell/4/1/8/6: 29
  gather detections cell/4/1/8/7: 19
  gather detections cell/4/1/8/8: 26
  gather detections cell/4/1/9/0: 19
  gather detections cell/4/1/9/1: 13
  gather detections cell/4/1/9/2: 14
  gather detections cell/4/1/9/3: 13
  gather detections cell/4/1/9/4: 25
  gather detections cell/4/1/9/5: 25
  gather detections cell/4/1/9/6: 26
  gather detections cell/4/1/9/7: 11
  gather detections cell/4/1/9/8: 14
  gather detections cell/4/1/10/0: 18
  gather detections cell/4/1/10/1: 22
  gather detections cell/4/1/10/2: 7
  gather detections cell/4/1/10/3: 25
  gather detections cell/4/1/10/4: 28
  gather detections cell/4/1/10/5: 25
  gather detections cell/4/1/10/6: 20
  gather detections cell/4/1/10/7: 11
  gather detections cell/4/1/10/8: 20
  gather detections cell/4/1/11/0: 23
  gather detections cell/4/1/11/1: 22
  gather detections cell/4/1/11/2: 15
  gather detections cell/4/1/11/3: 31
  gather detections cell/4/1/11/4: 22
  gather detections cell/4/1/11/5: 30
  gather detections cell/4/1/11/6: 27
  gather detections cell/4/1/11/7: 23
  gather detections cell/4/1/11/8: 30
  gather detections cell/4/1/12/0: 32
  gather detections cell/4/1/12/1: 16
  gather detections cell/4/1/12/2: 17
  gather detections cell/4/1/12/3: 18
  gather detections cell/4/1/12/4: 27
  gather detections cell/4/1/12/5: 17
  gather detections cell/4/1/12/6: 21
  gather detections cell/4/1/12/7: 20
  gather detections cell/4/1/12/8: 24
  gather detections cell/4/1/13/0: 26
  gather detections cell/4/1/13/1: 23
  gather detections cell/4/1/13/2: 16
  gather detections cell/4/1/13/3: 14
  gather detections cell/4/1/13/4: 23
  gather detections cell/4/1/13/5: 17
  gather detections cell/4/1/13/6: 11
  gather detections cell/4/1/13/7: 8
  gather detections cell/4/1/13/8: 23
  gather ink cell/4/0/0/0: 19 (summary row)
  gather ink cell/4/0/0/1: 13 (summary row)
  gather ink cell/4/0/0/2: 11 (summary row)
  gather ink cell/4/0/0/3: 16 (summary row)
  gather ink cell/4/0/0/4: 110 (summary row)
  gather ink cell/4/0/0/5: 21 (summary row)
  gather ink cell/4/0/0/6: 26 (summary row)
  gather ink cell/4/0/0/7: 14 (summary row)
  gather ink cell/4/0/0/8: 11 (summary row)
  gather ink cell/4/0/0/9: 18 (summary row)
  gather ink cell/4/0/0/10: 16 (summary row)
  gather ink cell/4/0/1/0: 12 (summary row)
  gather ink cell/4/0/1/1: 12 (summary row)
  gather ink cell/4/0/1/2: 12 (summary row)
  gather ink cell/4/0/1/3: 17 (summary row)
  gather ink cell/4/0/1/4: 87 (summary row)
  gather ink cell/4/0/1/5: 26 (summary row)
  gather ink cell/4/0/1/6: 51 (summary row)
  gather ink cell/4/0/1/7: 18 (summary row)
  gather ink cell/4/0/1/8: 14 (summary row)
  gather ink cell/4/0/1/9: 17 (summary row)
  gather ink cell/4/0/1/10: 10 (summary row)
  gather ink cell/4/0/2/0: 8 (summary row)
  gather ink cell/4/0/2/1: 13 (summary row)
  gather ink cell/4/0/2/2: 13 (summary row)
  gather ink cell/4/0/2/3: 23 (summary row)
  gather ink cell/4/0/2/4: 39 (summary row)
  gather ink cell/4/0/2/5: 15 (summary row)
  gather ink cell/4/0/2/6: 25 (summary row)
  gather ink cell/4/0/2/7: 18 (summary row)
  gather ink cell/4/0/2/8: 17 (summary row)
  gather ink cell/4/0/2/9: 23 (summary row)
  gather ink cell/4/0/2/10: 10 (summary row)
  gather ink cell/4/0/3/0: 38 (summary row)
  gather ink cell/4/0/3/1: 9 (summary row)
  gather ink cell/4/0/3/2: 13 (summary row)
  gather ink cell/4/0/3/3: 21 (summary row)
  gather ink cell/4/0/3/4: 47 (summary row)
  gather ink cell/4/0/3/5: 9 (summary row)
  gather ink cell/4/0/3/6: 13 (summary row)
  gather ink cell/4/0/3/7: 12 (summary row)
  gather ink cell/4/0/3/8: 7 (summary row)
  gather ink cell/4/0/3/9: 13 (summary row)
  gather ink cell/4/0/3/10: 8 (summary row)
  gather ink cell/4/0/4/0: 20 (summary row)
  gather ink cell/4/0/4/1: 20 (summary row)
  gather ink cell/4/0/4/2: 7 (summary row)
  gather ink cell/4/0/4/3: 10 (summary row)
  gather ink cell/4/0/4/4: 37 (summary row)
  gather ink cell/4/0/4/5: 6 (summary row)
  gather ink cell/4/0/4/6: 19 (summary row)
  gather ink cell/4/0/4/7: 19 (summary row)
  gather ink cell/4/0/4/8: 18 (summary row)
  gather ink cell/4/0/4/9: 19 (summary row)
  gather ink cell/4/0/4/10: 19 (summary row)
  gather ink cell/4/0/5/0: 7 (summary row)
  gather ink cell/4/0/5/1: 2 (summary row)
  gather ink cell/4/0/5/2: 3 (summary row)
  gather ink cell/4/0/5/3: 2 (summary row)
  gather ink cell/4/0/5/4: 10 (summary row)
  gather ink cell/4/0/5/5: 6 (summary row)
  gather ink cell/4/0/5/6: 15 (summary row)
  gather ink cell/4/0/5/7: 26 (summary row)
  gather ink cell/4/0/5/8: 11 (summary row)
  gather ink cell/4/0/5/9: 26 (summary row)
  gather ink cell/4/0/5/10: 18 (summary row)
  gather ink cell/4/0/6/0: 6 (summary row)
  gather ink cell/4/0/6/1: 7 (summary row)
  gather ink cell/4/0/6/2: 12 (summary row)
  gather ink cell/4/0/6/3: 9 (summary row)
  gather ink cell/4/0/6/4: 3 (summary row)
  gather ink cell/4/0/6/5: 2 (summary row)
  gather ink cell/4/0/6/6: 3 (summary row)
  gather ink cell/4/0/6/7: 10 (summary row)
  gather ink cell/4/0/6/8: 11 (summary row)
  gather ink cell/4/0/6/9: 18 (summary row)
  gather ink cell/4/0/6/10: 15 (summary row)
  gather ink cell/4/0/7/0: 5 (summary row)
  gather ink cell/4/0/7/1: 4 (summary row)
  gather ink cell/4/0/7/2: 5 (summary row)
  gather ink cell/4/0/7/3: 4 (summary row)
  gather ink cell/4/0/7/4: 2 (summary row)
  gather ink cell/4/0/7/5: 3 (summary row)
  gather ink cell/4/0/7/6: 3 (summary row)
  gather ink cell/4/0/7/7: 3 (summary row)
  gather ink cell/4/0/7/8: 4 (summary row)
  gather ink cell/4/0/7/9: 14 (summary row)
  gather ink cell/4/0/7/10: 12 (summary row)
  gather ink cell/4/0/8/0: 16 (summary row)
  gather ink cell/4/0/8/1: 15 (summary row)
  gather ink cell/4/0/8/2: 6 (summary row)
  gather ink cell/4/0/8/3: 4 (summary row)
  gather ink cell/4/0/8/4: 5 (summary row)
  gather ink cell/4/0/8/5: 6 (summary row)
  gather ink cell/4/0/8/6: 5 (summary row)
  gather ink cell/4/0/8/7: 9 (summary row)
  gather ink cell/4/0/8/8: 7 (summary row)
  gather ink cell/4/0/8/9: 19 (summary row)
  gather ink cell/4/0/8/10: 15 (summary row)
  gather ink cell/4/0/9/0: 30 (summary row)
  gather ink cell/4/0/9/1: 31 (summary row)
  gather ink cell/4/0/9/2: 14 (summary row)
  gather ink cell/4/0/9/3: 10 (summary row)
  gather ink cell/4/0/9/4: 21 (summary row)
  gather ink cell/4/0/9/5: 17 (summary row)
  gather ink cell/4/0/9/6: 16 (summary row)
  gather ink cell/4/0/9/7: 14 (summary row)
  gather ink cell/4/0/9/8: 14 (summary row)
  gather ink cell/4/0/9/9: 18 (summary row)
  gather ink cell/4/0/9/10: 20 (summary row)
  gather ink cell/4/0/10/0: 28 (summary row)
  gather ink cell/4/0/10/1: 26 (summary row)
  gather ink cell/4/0/10/2: 17 (summary row)
  gather ink cell/4/0/10/3: 9 (summary row)
  gather ink cell/4/0/10/4: 30 (summary row)
  gather ink cell/4/0/10/5: 10 (summary row)
  gather ink cell/4/0/10/6: 10 (summary row)
  gather ink cell/4/0/10/7: 15 (summary row)
  gather ink cell/4/0/10/8: 12 (summary row)
  gather ink cell/4/0/10/9: 9 (summary row)
  gather ink cell/4/0/10/10: 10 (summary row)
  gather ink cell/4/0/11/0: 30 (summary row)
  gather ink cell/4/0/11/1: 22 (summary row)
  gather ink cell/4/0/11/2: 18 (summary row)
  gather ink cell/4/0/11/3: 16 (summary row)
  gather ink cell/4/0/11/4: 28 (summary row)
  gather ink cell/4/0/11/5: 16 (summary row)
  gather ink cell/4/0/11/6: 19 (summary row)
  gather ink cell/4/0/11/7: 18 (summary row)
  gather ink cell/4/0/11/8: 19 (summary row)
  gather ink cell/4/0/11/9: 15 (summary row)
  gather ink cell/4/0/11/10: 9 (summary row)
  gather ink cell/4/0/12/0: 25 (summary row)
  gather ink cell/4/0/12/1: 18 (summary row)
  gather ink cell/4/0/12/2: 17 (summary row)
  gather ink cell/4/0/12/3: 16 (summary row)
  gather ink cell/4/0/12/4: 26 (summary row)
  gather ink cell/4/0/12/5: 22 (summary row)
  gather ink cell/4/0/12/6: 24 (summary row)
  gather ink cell/4/0/12/7: 11 (summary row)
  gather ink cell/4/0/12/8: 7 (summary row)
  gather ink cell/4/0/12/9: 23 (summary row)
  gather ink cell/4/0/12/10: 7 (summary row)
  gather ink cell/4/0/13/0: 30 (summary row)
  gather ink cell/4/0/13/1: 13 (summary row)
  gather ink cell/4/0/13/2: 13 (summary row)
  gather ink cell/4/0/13/3: 13 (summary row)
  gather ink cell/4/0/13/4: 23 (summary row)
  gather ink cell/4/0/13/5: 31 (summary row)
  gather ink cell/4/0/13/6: 23 (summary row)
  gather ink cell/4/0/13/7: 10 (summary row)
  gather ink cell/4/0/13/8: 7 (summary row)
  gather ink cell/4/0/13/9: 18 (summary row)
  gather ink cell/4/0/13/10: 6 (summary row)
  gather ink cell/4/1/0/0: 25 (summary row)
  gather ink cell/4/1/0/1: 13 (summary row)
  gather ink cell/4/1/0/2: 5 (summary row)
  gather ink cell/4/1/0/3: 33 (summary row)
  gather ink cell/4/1/0/4: 39 (summary row)
  gather ink cell/4/1/0/5: 44 (summary row)
  gather ink cell/4/1/0/6: 44 (summary row)
  gather ink cell/4/1/0/7: 32 (summary row)
  gather ink cell/4/1/0/8: 27 (summary row)
  gather ink cell/4/1/1/0: 21 (summary row)
  gather ink cell/4/1/1/1: 14 (summary row)
  gather ink cell/4/1/1/2: 31 (summary row)
  gather ink cell/4/1/1/3: 30 (summary row)
  gather ink cell/4/1/1/4: 24 (summary row)
  gather ink cell/4/1/1/5: 36 (summary row)
  gather ink cell/4/1/1/6: 17 (summary row)
  gather ink cell/4/1/1/7: 17 (summary row)
  gather ink cell/4/1/1/8: 24 (summary row)
  gather ink cell/4/1/2/0: 50 (summary row)
  gather ink cell/4/1/2/1: 24 (summary row)
  gather ink cell/4/1/2/2: 22 (summary row)
  gather ink cell/4/1/2/3: 13 (summary row)
  gather ink cell/4/1/2/4: 19 (summary row)
  gather ink cell/4/1/2/5: 29 (summary row)
  gather ink cell/4/1/2/6: 16 (summary row)
  gather ink cell/4/1/2/7: 19 (summary row)
  gather ink cell/4/1/2/8: 24 (summary row)
  gather ink cell/4/1/3/0: 35 (summary row)
  gather ink cell/4/1/3/1: 26 (summary row)
  gather ink cell/4/1/3/2: 9 (summary row)
  gather ink cell/4/1/3/3: 15 (summary row)
  gather ink cell/4/1/3/4: 20 (summary row)
  gather ink cell/4/1/3/5: 18 (summary row)
  gather ink cell/4/1/3/6: 17 (summary row)
  gather ink cell/4/1/3/7: 19 (summary row)
  gather ink cell/4/1/3/8: 17 (summary row)
  gather ink cell/4/1/4/0: 21 (summary row)
  gather ink cell/4/1/4/1: 7 (summary row)
  gather ink cell/4/1/4/2: 2 (summary row)
  gather ink cell/4/1/4/3: 3 (summary row)
  gather ink cell/4/1/4/4: 31 (summary row)
  gather ink cell/4/1/4/5: 7 (summary row)
  gather ink cell/4/1/4/6: 6 (summary row)
  gather ink cell/4/1/4/7: 6 (summary row)
  gather ink cell/4/1/4/8: 3 (summary row)
  gather ink cell/4/1/5/0: 28 (summary row)
  gather ink cell/4/1/5/1: 20 (summary row)
  gather ink cell/4/1/5/2: 4 (summary row)
  gather ink cell/4/1/5/3: 3 (summary row)
  gather ink cell/4/1/5/4: 8 (summary row)
  gather ink cell/4/1/5/5: 7 (summary row)
  gather ink cell/4/1/5/6: 10 (summary row)
  gather ink cell/4/1/5/7: 14 (summary row)
  gather ink cell/4/1/5/8: 13 (summary row)
  gather ink cell/4/1/6/0: 15 (summary row)
  gather ink cell/4/1/6/1: 3 (summary row)
  gather ink cell/4/1/6/2: 2 (summary row)
  gather ink cell/4/1/6/3: 2 (summary row)
  gather ink cell/4/1/6/4: 3 (summary row)
  gather ink cell/4/1/6/5: 2 (summary row)
  gather ink cell/4/1/6/6: 2 (summary row)
  gather ink cell/4/1/6/7: 9 (summary row)
  gather ink cell/4/1/6/8: 12 (summary row)
  gather ink cell/4/1/7/0: 12 (summary row)
  gather ink cell/4/1/7/1: 7 (summary row)
  gather ink cell/4/1/7/2: 2 (summary row)
  gather ink cell/4/1/7/3: 6 (summary row)
  gather ink cell/4/1/7/4: 2 (summary row)
  gather ink cell/4/1/7/5: 3 (summary row)
  gather ink cell/4/1/7/6: 2 (summary row)
  gather ink cell/4/1/7/7: 11 (summary row)
  gather ink cell/4/1/7/8: 14 (summary row)
  gather ink cell/4/1/8/0: 22 (summary row)
  gather ink cell/4/1/8/1: 10 (summary row)
  gather ink cell/4/1/8/2: 8 (summary row)
  gather ink cell/4/1/8/3: 11 (summary row)
  gather ink cell/4/1/8/4: 12 (summary row)
  gather ink cell/4/1/8/5: 13 (summary row)
  gather ink cell/4/1/8/6: 19 (summary row)
  gather ink cell/4/1/8/7: 12 (summary row)
  gather ink cell/4/1/8/8: 17 (summary row)
  gather ink cell/4/1/9/0: 18 (summary row)
  gather ink cell/4/1/9/1: 9 (summary row)
  gather ink cell/4/1/9/2: 13 (summary row)
  gather ink cell/4/1/9/3: 13 (summary row)
  gather ink cell/4/1/9/4: 20 (summary row)
  gather ink cell/4/1/9/5: 13 (summary row)
  gather ink cell/4/1/9/6: 14 (summary row)
  gather ink cell/4/1/9/7: 13 (summary row)
  gather ink cell/4/1/9/8: 12 (summary row)
  gather ink cell/4/1/10/0: 18 (summary row)
  gather ink cell/4/1/10/1: 13 (summary row)
  gather ink cell/4/1/10/2: 12 (summary row)
  gather ink cell/4/1/10/3: 20 (summary row)
  gather ink cell/4/1/10/4: 27 (summary row)
  gather ink cell/4/1/10/5: 15 (summary row)
  gather ink cell/4/1/10/6: 11 (summary row)
  gather ink cell/4/1/10/7: 14 (summary row)
  gather ink cell/4/1/10/8: 15 (summary row)
  gather ink cell/4/1/11/0: 17 (summary row)
  gather ink cell/4/1/11/1: 11 (summary row)
  gather ink cell/4/1/11/2: 13 (summary row)
  gather ink cell/4/1/11/3: 25 (summary row)
  gather ink cell/4/1/11/4: 14 (summary row)
  gather ink cell/4/1/11/5: 15 (summary row)
  gather ink cell/4/1/11/6: 15 (summary row)
  gather ink cell/4/1/11/7: 13 (summary row)
  gather ink cell/4/1/11/8: 16 (summary row)
  gather ink cell/4/1/12/0: 27 (summary row)
  gather ink cell/4/1/12/1: 30 (summary row)
  gather ink cell/4/1/12/2: 37 (summary row)
  gather ink cell/4/1/12/3: 22 (summary row)
  gather ink cell/4/1/12/4: 10 (summary row)
  gather ink cell/4/1/12/5: 8 (summary row)
  gather ink cell/4/1/12/6: 13 (summary row)
  gather ink cell/4/1/12/7: 11 (summary row)
  gather ink cell/4/1/12/8: 18 (summary row)
  gather ink cell/4/1/13/0: 29 (summary row)
  gather ink cell/4/1/13/1: 11 (summary row)
  gather ink cell/4/1/13/2: 22 (summary row)
  gather ink cell/4/1/13/3: 12 (summary row)
  gather ink cell/4/1/13/4: 13 (summary row)
  gather ink cell/4/1/13/5: 24 (summary row)
  gather ink cell/4/1/13/6: 38 (summary row)
  gather ink cell/4/1/13/7: 12 (summary row)
  gather ink cell/4/1/13/8: 20 (summary row)
  gather detections cell/5/0/0/0: 36
  gather detections cell/5/0/0/1: 25
  gather detections cell/5/0/0/2: 18
  gather detections cell/5/0/0/3: 11
  gather detections cell/5/0/0/4: 11
  gather detections cell/5/0/0/5: 36
  gather detections cell/5/0/0/6: 29
  gather detections cell/5/0/0/7: 33
  gather detections cell/5/0/1/0: 19
  gather detections cell/5/0/1/1: 21
  gather detections cell/5/0/1/2: 12
  gather detections cell/5/0/1/3: 16
  gather detections cell/5/0/1/4: 22
  gather detections cell/5/0/1/5: 60
  gather detections cell/5/0/1/6: 29
  gather detections cell/5/0/1/7: 24
  gather detections cell/5/0/2/0: 25
  gather detections cell/5/0/2/1: 28
  gather detections cell/5/0/2/2: 18
  gather detections cell/5/0/2/3: 29
  gather detections cell/5/0/2/4: 30
  gather detections cell/5/0/2/5: 45
  gather detections cell/5/0/2/6: 28
  gather detections cell/5/0/2/7: 17
  gather detections cell/5/0/3/0: 24
  gather detections cell/5/0/3/1: 31
  gather detections cell/5/0/3/2: 15
  gather detections cell/5/0/3/3: 25
  gather detections cell/5/0/3/4: 31
  gather detections cell/5/0/3/5: 30
  gather detections cell/5/0/3/6: 12
  gather detections cell/5/0/3/7: 17
  gather detections cell/5/0/4/0: 16
  gather detections cell/5/0/4/1: 10
  gather detections cell/5/0/4/2: 8
  gather detections cell/5/0/4/3: 13
  gather detections cell/5/0/4/4: 17
  gather detections cell/5/0/4/5: 15
  gather detections cell/5/0/4/6: 13
  gather detections cell/5/0/4/7: 9
  gather detections cell/5/0/5/0: 23
  gather detections cell/5/0/5/1: 16
  gather detections cell/5/0/5/2: 22
  gather detections cell/5/0/5/3: 22
  gather detections cell/5/0/5/4: 27
  gather detections cell/5/0/5/5: 24
  gather detections cell/5/0/5/6: 23
  gather detections cell/5/0/5/7: 20
  gather detections cell/5/0/6/0: 20
  gather detections cell/5/0/6/1: 9
  gather detections cell/5/0/6/2: 12
  gather detections cell/5/0/6/3: 14
  gather detections cell/5/0/6/4: 11
  gather detections cell/5/0/6/5: 15
  gather detections cell/5/0/6/6: 20
  gather detections cell/5/0/6/7: 22
  gather detections cell/5/0/7/0: 16
  gather detections cell/5/0/7/1: 17
  gather detections cell/5/0/7/2: 14
  gather detections cell/5/0/7/3: 11
  gather detections cell/5/0/7/4: 16
  gather detections cell/5/0/7/5: 24
  gather detections cell/5/0/7/6: 26
  gather detections cell/5/0/7/7: 25
  gather detections cell/5/0/8/0: 24
  gather detections cell/5/0/8/1: 19
  gather detections cell/5/0/8/2: 16
  gather detections cell/5/0/8/3: 19
  gather detections cell/5/0/8/4: 21
  gather detections cell/5/0/8/5: 31
  gather detections cell/5/0/8/6: 20
  gather detections cell/5/0/8/7: 30
  gather detections cell/5/0/9/0: 21
  gather detections cell/5/0/9/1: 15
  gather detections cell/5/0/9/2: 14
  gather detections cell/5/0/9/3: 24
  gather detections cell/5/0/9/4: 16
  gather detections cell/5/0/9/5: 19
  gather detections cell/5/0/9/6: 26
  gather detections cell/5/0/9/7: 33
  gather detections cell/5/0/10/0: 22
  gather detections cell/5/0/10/1: 19
  gather detections cell/5/0/10/2: 12
  gather detections cell/5/0/10/3: 19
  gather detections cell/5/0/10/4: 21
  gather detections cell/5/0/10/5: 22
  gather detections cell/5/0/10/6: 24
  gather detections cell/5/0/10/7: 15
  gather detections cell/5/0/11/0: 24
  gather detections cell/5/0/11/1: 21
  gather detections cell/5/0/11/2: 7
  gather detections cell/5/0/11/3: 33
  gather detections cell/5/0/11/4: 30
  gather detections cell/5/0/11/5: 19
  gather detections cell/5/0/11/6: 13
  gather detections cell/5/0/11/7: 17
  gather detections cell/5/0/12/0: 20
  gather detections cell/5/0/12/1: 11
  gather detections cell/5/0/12/2: 13
  gather detections cell/5/0/12/3: 34
  gather detections cell/5/0/12/4: 33
  gather detections cell/5/0/12/5: 29
  gather detections cell/5/0/12/6: 19
  gather detections cell/5/0/12/7: 27
  gather detections cell/5/0/13/0: 20
  gather detections cell/5/0/13/1: 13
  gather detections cell/5/0/13/2: 14
  gather detections cell/5/0/13/3: 22
  gather detections cell/5/0/13/4: 24
  gather detections cell/5/0/13/5: 20
  gather detections cell/5/0/13/6: 13
  gather detections cell/5/0/13/7: 19
  gather detections cell/5/1/0/0: 30
  gather detections cell/5/1/0/1: 10
  gather detections cell/5/1/0/2: 15
  gather detections cell/5/1/0/3: 28
  gather detections cell/5/1/0/4: 22
  gather detections cell/5/1/0/5: 19
  gather detections cell/5/1/0/6: 15
  gather detections cell/5/1/0/7: 14
  gather detections cell/5/1/0/8: 19
  gather detections cell/5/1/0/9: 33
  gather detections cell/5/1/1/0: 23
  gather detections cell/5/1/1/1: 12
  gather detections cell/5/1/1/2: 19
  gather detections cell/5/1/1/3: 24
  gather detections cell/5/1/1/4: 18
  gather detections cell/5/1/1/5: 19
  gather detections cell/5/1/1/6: 13
  gather detections cell/5/1/1/7: 13
  gather detections cell/5/1/1/8: 16
  gather detections cell/5/1/1/9: 25
  gather detections cell/5/1/2/0: 30
  gather detections cell/5/1/2/1: 14
  gather detections cell/5/1/2/2: 15
  gather detections cell/5/1/2/3: 26
  gather detections cell/5/1/2/4: 13
  gather detections cell/5/1/2/5: 15
  gather detections cell/5/1/2/6: 11
  gather detections cell/5/1/2/7: 17
  gather detections cell/5/1/2/8: 15
  gather detections cell/5/1/2/9: 20
  gather detections cell/5/1/3/0: 31
  gather detections cell/5/1/3/1: 14
  gather detections cell/5/1/3/2: 19
  gather detections cell/5/1/3/3: 22
  gather detections cell/5/1/3/4: 9
  gather detections cell/5/1/3/5: 11
  gather detections cell/5/1/3/6: 10
  gather detections cell/5/1/3/7: 12
  gather detections cell/5/1/3/8: 16
  gather detections cell/5/1/3/9: 15
  gather detections cell/5/1/4/0: 13
  gather detections cell/5/1/4/1: 10
  gather detections cell/5/1/4/2: 15
  gather detections cell/5/1/4/3: 7
  gather detections cell/5/1/4/4: 10
  gather detections cell/5/1/4/5: 9
  gather detections cell/5/1/4/6: 14
  gather detections cell/5/1/4/7: 9
  gather detections cell/5/1/4/8: 11
  gather detections cell/5/1/4/9: 7
  gather detections cell/5/1/5/0: 17
  gather detections cell/5/1/5/1: 14
  gather detections cell/5/1/5/2: 21
  gather detections cell/5/1/5/3: 13
  gather detections cell/5/1/5/4: 16
  gather detections cell/5/1/5/5: 10
  gather detections cell/5/1/5/6: 17
  gather detections cell/5/1/5/7: 15
  gather detections cell/5/1/5/8: 12
  gather detections cell/5/1/5/9: 10
  gather detections cell/5/1/6/0: 13
  gather detections cell/5/1/6/1: 7
  gather detections cell/5/1/6/2: 13
  gather detections cell/5/1/6/3: 6
  gather detections cell/5/1/6/4: 4
  gather detections cell/5/1/6/5: 4
  gather detections cell/5/1/6/6: 6
  gather detections cell/5/1/6/7: 10
  gather detections cell/5/1/6/8: 17
  gather detections cell/5/1/6/9: 13
  gather detections cell/5/1/7/0: 13
  gather detections cell/5/1/7/1: 12
  gather detections cell/5/1/7/2: 11
  gather detections cell/5/1/7/3: 10
  gather detections cell/5/1/7/4: 12
  gather detections cell/5/1/7/5: 7
  gather detections cell/5/1/7/6: 9
  gather detections cell/5/1/7/7: 14
  gather detections cell/5/1/7/8: 25
  gather detections cell/5/1/7/9: 13
  gather detections cell/5/1/8/0: 20
  gather detections cell/5/1/8/1: 17
  gather detections cell/5/1/8/2: 11
  gather detections cell/5/1/8/3: 12
  gather detections cell/5/1/8/4: 11
  gather detections cell/5/1/8/5: 4
  gather detections cell/5/1/8/6: 8
  gather detections cell/5/1/8/7: 10
  gather detections cell/5/1/8/8: 13
  gather detections cell/5/1/8/9: 13
  gather detections cell/5/1/9/0: 17
  gather detections cell/5/1/9/1: 18
  gather detections cell/5/1/9/2: 28
  gather detections cell/5/1/9/3: 18
  gather detections cell/5/1/9/4: 27
  gather detections cell/5/1/9/5: 15
  gather detections cell/5/1/9/6: 28
  gather detections cell/5/1/9/7: 21
  gather detections cell/5/1/9/8: 15
  gather detections cell/5/1/9/9: 21
  gather detections cell/5/1/10/0: 22
  gather detections cell/5/1/10/1: 19
  gather detections cell/5/1/10/2: 30
  gather detections cell/5/1/10/3: 25
  gather detections cell/5/1/10/4: 30
  gather detections cell/5/1/10/5: 14
  gather detections cell/5/1/10/6: 27
  gather detections cell/5/1/10/7: 24
  gather detections cell/5/1/10/8: 22
  gather detections cell/5/1/10/9: 18
  gather detections cell/5/1/11/0: 25
  gather detections cell/5/1/11/1: 17
  gather detections cell/5/1/11/2: 24
  gather detections cell/5/1/11/3: 14
  gather detections cell/5/1/11/4: 19
  gather detections cell/5/1/11/5: 16
  gather detections cell/5/1/11/6: 21
  gather detections cell/5/1/11/7: 20
  gather detections cell/5/1/11/8: 20
  gather detections cell/5/1/11/9: 13
  gather detections cell/5/1/12/0: 31
  gather detections cell/5/1/12/1: 12
  gather detections cell/5/1/12/2: 11
  gather detections cell/5/1/12/3: 10
  gather detections cell/5/1/12/4: 18
  gather detections cell/5/1/12/5: 12
  gather detections cell/5/1/12/6: 17
  gather detections cell/5/1/12/7: 16
  gather detections cell/5/1/12/8: 11
  gather detections cell/5/1/12/9: 15
  gather detections cell/5/1/13/0: 20
  gather detections cell/5/1/13/1: 16
  gather detections cell/5/1/13/2: 12
  gather detections cell/5/1/13/3: 16
  gather detections cell/5/1/13/4: 12
  gather detections cell/5/1/13/5: 10
  gather detections cell/5/1/13/6: 15
  gather detections cell/5/1/13/7: 12
  gather detections cell/5/1/13/8: 15
  gather detections cell/5/1/13/9: 7
  gather ink cell/5/0/0/0: 34 (summary row)
  gather ink cell/5/0/0/1: 20 (summary row)
  gather ink cell/5/0/0/2: 32 (summary row)
  gather ink cell/5/0/0/3: 28 (summary row)
  gather ink cell/5/0/0/4: 30 (summary row)
  gather ink cell/5/0/0/5: 19 (summary row)
  gather ink cell/5/0/0/6: 17 (summary row)
  gather ink cell/5/0/0/7: 33 (summary row)
  gather ink cell/5/0/1/0: 35 (summary row)
  gather ink cell/5/0/1/1: 11 (summary row)
  gather ink cell/5/0/1/2: 13 (summary row)
  gather ink cell/5/0/1/3: 11 (summary row)
  gather ink cell/5/0/1/4: 19 (summary row)
  gather ink cell/5/0/1/5: 23 (summary row)
  gather ink cell/5/0/1/6: 21 (summary row)
  gather ink cell/5/0/1/7: 13 (summary row)
  gather ink cell/5/0/2/0: 22 (summary row)
  gather ink cell/5/0/2/1: 18 (summary row)
  gather ink cell/5/0/2/2: 11 (summary row)
  gather ink cell/5/0/2/3: 8 (summary row)
  gather ink cell/5/0/2/4: 19 (summary row)
  gather ink cell/5/0/2/5: 27 (summary row)
  gather ink cell/5/0/2/6: 31 (summary row)
  gather ink cell/5/0/2/7: 15 (summary row)
  gather ink cell/5/0/3/0: 21 (summary row)
  gather ink cell/5/0/3/1: 8 (summary row)
  gather ink cell/5/0/3/2: 10 (summary row)
  gather ink cell/5/0/3/3: 13 (summary row)
  gather ink cell/5/0/3/4: 9 (summary row)
  gather ink cell/5/0/3/5: 20 (summary row)
  gather ink cell/5/0/3/6: 7 (summary row)
  gather ink cell/5/0/3/7: 7 (summary row)
  gather ink cell/5/0/4/0: 30 (summary row)
  gather ink cell/5/0/4/1: 23 (summary row)
  gather ink cell/5/0/4/2: 6 (summary row)
  gather ink cell/5/0/4/3: 6 (summary row)
  gather ink cell/5/0/4/4: 7 (summary row)
  gather ink cell/5/0/4/5: 10 (summary row)
  gather ink cell/5/0/4/6: 20 (summary row)
  gather ink cell/5/0/4/7: 13 (summary row)
  gather ink cell/5/0/5/0: 17 (summary row)
  gather ink cell/5/0/5/1: 25 (summary row)
  gather ink cell/5/0/5/2: 22 (summary row)
  gather ink cell/5/0/5/3: 29 (summary row)
  gather ink cell/5/0/5/4: 27 (summary row)
  gather ink cell/5/0/5/5: 36 (summary row)
  gather ink cell/5/0/5/6: 22 (summary row)
  gather ink cell/5/0/5/7: 20 (summary row)
  gather ink cell/5/0/6/0: 12 (summary row)
  gather ink cell/5/0/6/1: 21 (summary row)
  gather ink cell/5/0/6/2: 11 (summary row)
  gather ink cell/5/0/6/3: 10 (summary row)
  gather ink cell/5/0/6/4: 13 (summary row)
  gather ink cell/5/0/6/5: 29 (summary row)
  gather ink cell/5/0/6/6: 36 (summary row)
  gather ink cell/5/0/6/7: 22 (summary row)
  gather ink cell/5/0/7/0: 12 (summary row)
  gather ink cell/5/0/7/1: 10 (summary row)
  gather ink cell/5/0/7/2: 7 (summary row)
  gather ink cell/5/0/7/3: 12 (summary row)
  gather ink cell/5/0/7/4: 9 (summary row)
  gather ink cell/5/0/7/5: 15 (summary row)
  gather ink cell/5/0/7/6: 17 (summary row)
  gather ink cell/5/0/7/7: 17 (summary row)
  gather ink cell/5/0/8/0: 24 (summary row)
  gather ink cell/5/0/8/1: 14 (summary row)
  gather ink cell/5/0/8/2: 19 (summary row)
  gather ink cell/5/0/8/3: 23 (summary row)
  gather ink cell/5/0/8/4: 17 (summary row)
  gather ink cell/5/0/8/5: 24 (summary row)
  gather ink cell/5/0/8/6: 25 (summary row)
  gather ink cell/5/0/8/7: 34 (summary row)
  gather ink cell/5/0/9/0: 20 (summary row)
  gather ink cell/5/0/9/1: 7 (summary row)
  gather ink cell/5/0/9/2: 8 (summary row)
  gather ink cell/5/0/9/3: 14 (summary row)
  gather ink cell/5/0/9/4: 10 (summary row)
  gather ink cell/5/0/9/5: 12 (summary row)
  gather ink cell/5/0/9/6: 18 (summary row)
  gather ink cell/5/0/9/7: 16 (summary row)
  gather ink cell/5/0/10/0: 25 (summary row)
  gather ink cell/5/0/10/1: 12 (summary row)
  gather ink cell/5/0/10/2: 11 (summary row)
  gather ink cell/5/0/10/3: 11 (summary row)
  gather ink cell/5/0/10/4: 9 (summary row)
  gather ink cell/5/0/10/5: 9 (summary row)
  gather ink cell/5/0/10/6: 15 (summary row)
  gather ink cell/5/0/10/7: 15 (summary row)
  gather ink cell/5/0/11/0: 20 (summary row)
  gather ink cell/5/0/11/1: 10 (summary row)
  gather ink cell/5/0/11/2: 12 (summary row)
  gather ink cell/5/0/11/3: 21 (summary row)
  gather ink cell/5/0/11/4: 18 (summary row)
  gather ink cell/5/0/11/5: 13 (summary row)
  gather ink cell/5/0/11/6: 14 (summary row)
  gather ink cell/5/0/11/7: 18 (summary row)
  gather ink cell/5/0/12/0: 24 (summary row)
  gather ink cell/5/0/12/1: 10 (summary row)
  gather ink cell/5/0/12/2: 13 (summary row)
  gather ink cell/5/0/12/3: 16 (summary row)
  gather ink cell/5/0/12/4: 23 (summary row)
  gather ink cell/5/0/12/5: 19 (summary row)
  gather ink cell/5/0/12/6: 15 (summary row)
  gather ink cell/5/0/12/7: 24 (summary row)
  gather ink cell/5/0/13/0: 34 (summary row)
  gather ink cell/5/0/13/1: 12 (summary row)
  gather ink cell/5/0/13/2: 13 (summary row)
  gather ink cell/5/0/13/3: 14 (summary row)
  gather ink cell/5/0/13/4: 15 (summary row)
  gather ink cell/5/0/13/5: 15 (summary row)
  gather ink cell/5/0/13/6: 11 (summary row)
  gather ink cell/5/0/13/7: 17 (summary row)
  gather ink cell/5/1/0/0: 46 (summary row)
  gather ink cell/5/1/0/1: 23 (summary row)
  gather ink cell/5/1/0/2: 11 (summary row)
  gather ink cell/5/1/0/3: 19 (summary row)
  gather ink cell/5/1/0/4: 13 (summary row)
  gather ink cell/5/1/0/5: 15 (summary row)
  gather ink cell/5/1/0/6: 17 (summary row)
  gather ink cell/5/1/0/7: 14 (summary row)
  gather ink cell/5/1/0/8: 16 (summary row)
  gather ink cell/5/1/0/9: 11 (summary row)
  gather ink cell/5/1/1/0: 28 (summary row)
  gather ink cell/5/1/1/1: 9 (summary row)
  gather ink cell/5/1/1/2: 13 (summary row)
  gather ink cell/5/1/1/3: 14 (summary row)
  gather ink cell/5/1/1/4: 13 (summary row)
  gather ink cell/5/1/1/5: 17 (summary row)
  gather ink cell/5/1/1/6: 16 (summary row)
  gather ink cell/5/1/1/7: 40 (summary row)
  gather ink cell/5/1/1/8: 42 (summary row)
  gather ink cell/5/1/1/9: 49 (summary row)
  gather ink cell/5/1/2/0: 34 (summary row)
  gather ink cell/5/1/2/1: 13 (summary row)
  gather ink cell/5/1/2/2: 14 (summary row)
  gather ink cell/5/1/2/3: 19 (summary row)
  gather ink cell/5/1/2/4: 17 (summary row)
  gather ink cell/5/1/2/5: 21 (summary row)
  gather ink cell/5/1/2/6: 24 (summary row)
  gather ink cell/5/1/2/7: 21 (summary row)
  gather ink cell/5/1/2/8: 17 (summary row)
  gather ink cell/5/1/2/9: 15 (summary row)
  gather ink cell/5/1/3/0: 25 (summary row)
  gather ink cell/5/1/3/1: 9 (summary row)
  gather ink cell/5/1/3/2: 12 (summary row)
  gather ink cell/5/1/3/3: 23 (summary row)
  gather ink cell/5/1/3/4: 15 (summary row)
  gather ink cell/5/1/3/5: 13 (summary row)
  gather ink cell/5/1/3/6: 10 (summary row)
  gather ink cell/5/1/3/7: 14 (summary row)
  gather ink cell/5/1/3/8: 12 (summary row)
  gather ink cell/5/1/3/9: 16 (summary row)
  gather ink cell/5/1/4/0: 19 (summary row)
  gather ink cell/5/1/4/1: 4 (summary row)
  gather ink cell/5/1/4/2: 5 (summary row)
  gather ink cell/5/1/4/3: 8 (summary row)
  gather ink cell/5/1/4/4: 6 (summary row)
  gather ink cell/5/1/4/5: 3 (summary row)
  gather ink cell/5/1/4/6: 7 (summary row)
  gather ink cell/5/1/4/7: 7 (summary row)
  gather ink cell/5/1/4/8: 7 (summary row)
  gather ink cell/5/1/4/9: 3 (summary row)
  gather ink cell/5/1/5/0: 16 (summary row)
  gather ink cell/5/1/5/1: 9 (summary row)
  gather ink cell/5/1/5/2: 9 (summary row)
  gather ink cell/5/1/5/3: 11 (summary row)
  gather ink cell/5/1/5/4: 12 (summary row)
  gather ink cell/5/1/5/5: 10 (summary row)
  gather ink cell/5/1/5/6: 11 (summary row)
  gather ink cell/5/1/5/7: 8 (summary row)
  gather ink cell/5/1/5/8: 11 (summary row)
  gather ink cell/5/1/5/9: 6 (summary row)
  gather ink cell/5/1/6/0: 30 (summary row)
  gather ink cell/5/1/6/1: 10 (summary row)
  gather ink cell/5/1/6/2: 11 (summary row)
  gather ink cell/5/1/6/3: 8 (summary row)
  gather ink cell/5/1/6/4: 11 (summary row)
  gather ink cell/5/1/6/5: 5 (summary row)
  gather ink cell/5/1/6/6: 8 (summary row)
  gather ink cell/5/1/6/7: 9 (summary row)
  gather ink cell/5/1/6/8: 14 (summary row)
  gather ink cell/5/1/6/9: 12 (summary row)
  gather ink cell/5/1/7/0: 32 (summary row)
  gather ink cell/5/1/7/1: 28 (summary row)
  gather ink cell/5/1/7/2: 24 (summary row)
  gather ink cell/5/1/7/3: 20 (summary row)
  gather ink cell/5/1/7/4: 21 (summary row)
  gather ink cell/5/1/7/5: 7 (summary row)
  gather ink cell/5/1/7/6: 7 (summary row)
  gather ink cell/5/1/7/7: 7 (summary row)
  gather ink cell/5/1/7/8: 12 (summary row)
  gather ink cell/5/1/7/9: 16 (summary row)
  gather ink cell/5/1/8/0: 19 (summary row)
  gather ink cell/5/1/8/1: 11 (summary row)
  gather ink cell/5/1/8/2: 10 (summary row)
  gather ink cell/5/1/8/3: 9 (summary row)
  gather ink cell/5/1/8/4: 14 (summary row)
  gather ink cell/5/1/8/5: 7 (summary row)
  gather ink cell/5/1/8/6: 9 (summary row)
  gather ink cell/5/1/8/7: 11 (summary row)
  gather ink cell/5/1/8/8: 17 (summary row)
  gather ink cell/5/1/8/9: 29 (summary row)
  gather ink cell/5/1/9/0: 20 (summary row)
  gather ink cell/5/1/9/1: 14 (summary row)
  gather ink cell/5/1/9/2: 19 (summary row)
  gather ink cell/5/1/9/3: 14 (summary row)
  gather ink cell/5/1/9/4: 17 (summary row)
  gather ink cell/5/1/9/5: 13 (summary row)
  gather ink cell/5/1/9/6: 19 (summary row)
  gather ink cell/5/1/9/7: 15 (summary row)
  gather ink cell/5/1/9/8: 12 (summary row)
  gather ink cell/5/1/9/9: 19 (summary row)
  gather ink cell/5/1/10/0: 18 (summary row)
  gather ink cell/5/1/10/1: 14 (summary row)
  gather ink cell/5/1/10/2: 18 (summary row)
  gather ink cell/5/1/10/3: 16 (summary row)
  gather ink cell/5/1/10/4: 13 (summary row)
  gather ink cell/5/1/10/5: 12 (summary row)
  gather ink cell/5/1/10/6: 17 (summary row)
  gather ink cell/5/1/10/7: 12 (summary row)
  gather ink cell/5/1/10/8: 12 (summary row)
  gather ink cell/5/1/10/9: 13 (summary row)
  gather ink cell/5/1/11/0: 32 (summary row)
  gather ink cell/5/1/11/1: 20 (summary row)
  gather ink cell/5/1/11/2: 24 (summary row)
  gather ink cell/5/1/11/3: 12 (summary row)
  gather ink cell/5/1/11/4: 32 (summary row)
  gather ink cell/5/1/11/5: 31 (summary row)
  gather ink cell/5/1/11/6: 33 (summary row)
  gather ink cell/5/1/11/7: 25 (summary row)
  gather ink cell/5/1/11/8: 12 (summary row)
  gather ink cell/5/1/11/9: 11 (summary row)
  gather ink cell/5/1/12/0: 43 (summary row)
  gather ink cell/5/1/12/1: 11 (summary row)
  gather ink cell/5/1/12/2: 14 (summary row)
  gather ink cell/5/1/12/3: 6 (summary row)
  gather ink cell/5/1/12/4: 14 (summary row)
  gather ink cell/5/1/12/5: 10 (summary row)
  gather ink cell/5/1/12/6: 17 (summary row)
  gather ink cell/5/1/12/7: 10 (summary row)
  gather ink cell/5/1/12/8: 17 (summary row)
  gather ink cell/5/1/12/9: 13 (summary row)
  gather ink cell/5/1/13/0: 23 (summary row)
  gather ink cell/5/1/13/1: 13 (summary row)
  gather ink cell/5/1/13/2: 12 (summary row)
  gather ink cell/5/1/13/3: 10 (summary row)
  gather ink cell/5/1/13/4: 20 (summary row)
  gather ink cell/5/1/13/5: 12 (summary row)
  gather ink cell/5/1/13/6: 17 (summary row)
  gather ink cell/5/1/13/7: 17 (summary row)
  gather ink cell/5/1/13/8: 10 (summary row)
  gather ink cell/5/1/13/9: 16 (summary row)
  gather detections cell/6/0/0/0: 29
  gather detections cell/6/0/0/1: 11
  gather detections cell/6/0/0/2: 15
  gather detections cell/6/0/0/3: 5
  gather detections cell/6/0/0/4: 8
  gather detections cell/6/0/0/5: 6
  gather detections cell/6/0/0/6: 4
  gather detections cell/6/0/0/7: 11
  gather detections cell/6/0/0/8: 4
  gather detections cell/6/0/1/0: 22
  gather detections cell/6/0/1/1: 13
  gather detections cell/6/0/1/2: 13
  gather detections cell/6/0/1/3: 10
  gather detections cell/6/0/1/4: 9
  gather detections cell/6/0/1/5: 14
  gather detections cell/6/0/1/6: 13
  gather detections cell/6/0/1/7: 19
  gather detections cell/6/0/1/8: 7
  gather detections cell/6/0/2/0: 29
  gather detections cell/6/0/2/1: 13
  gather detections cell/6/0/2/2: 14
  gather detections cell/6/0/2/3: 9
  gather detections cell/6/0/2/4: 20
  gather detections cell/6/0/2/5: 25
  gather detections cell/6/0/2/6: 16
  gather detections cell/6/0/2/7: 19
  gather detections cell/6/0/2/8: 21
  gather detections cell/6/0/3/0: 25
  gather detections cell/6/0/3/1: 12
  gather detections cell/6/0/3/2: 17
  gather detections cell/6/0/3/3: 16
  gather detections cell/6/0/3/4: 18
  gather detections cell/6/0/3/5: 22
  gather detections cell/6/0/3/6: 10
  gather detections cell/6/0/3/7: 27
  gather detections cell/6/0/3/8: 20
  gather detections cell/6/0/4/0: 9
  gather detections cell/6/0/4/1: 5
  gather detections cell/6/0/4/2: 7
  gather detections cell/6/0/4/3: 7
  gather detections cell/6/0/4/4: 5
  gather detections cell/6/0/4/5: 7
  gather detections cell/6/0/4/6: 2
  gather detections cell/6/0/4/7: 8
  gather detections cell/6/0/4/8: 9
  gather detections cell/6/0/5/0: 27
  gather detections cell/6/0/5/1: 10
  gather detections cell/6/0/5/2: 17
  gather detections cell/6/0/5/3: 5
  gather detections cell/6/0/5/4: 14
  gather detections cell/6/0/5/5: 11
  gather detections cell/6/0/5/6: 9
  gather detections cell/6/0/5/7: 13
  gather detections cell/6/0/5/8: 23
  gather detections cell/6/0/6/0: 22
  gather detections cell/6/0/6/1: 3
  gather detections cell/6/0/6/2: 11
  gather detections cell/6/0/6/3: 5
  gather detections cell/6/0/6/4: 8
  gather detections cell/6/0/6/5: 9
  gather detections cell/6/0/6/6: 10
  gather detections cell/6/0/6/7: 18
  gather detections cell/6/0/6/8: 15
  gather detections cell/6/0/7/0: 44
  gather detections cell/6/0/7/1: 23
  gather detections cell/6/0/7/2: 26
  gather detections cell/6/0/7/3: 20
  gather detections cell/6/0/7/4: 13
  gather detections cell/6/0/7/5: 18
  gather detections cell/6/0/7/6: 31
  gather detections cell/6/0/7/7: 25
  gather detections cell/6/0/7/8: 17
  gather detections cell/6/0/8/0: 48
  gather detections cell/6/0/8/1: 19
  gather detections cell/6/0/8/2: 23
  gather detections cell/6/0/8/3: 22
  gather detections cell/6/0/8/4: 21
  gather detections cell/6/0/8/5: 20
  gather detections cell/6/0/8/6: 25
  gather detections cell/6/0/8/7: 19
  gather detections cell/6/0/8/8: 12
  gather detections cell/6/0/9/0: 44
  gather detections cell/6/0/9/1: 20
  gather detections cell/6/0/9/2: 24
  gather detections cell/6/0/9/3: 17
  gather detections cell/6/0/9/4: 14
  gather detections cell/6/0/9/5: 25
  gather detections cell/6/0/9/6: 21
  gather detections cell/6/0/9/7: 24
  gather detections cell/6/0/9/8: 19
  gather detections cell/6/0/10/0: 34
  gather detections cell/6/0/10/1: 21
  gather detections cell/6/0/10/2: 23
  gather detections cell/6/0/10/3: 12
  gather detections cell/6/0/10/4: 13
  gather detections cell/6/0/10/5: 21
  gather detections cell/6/0/10/6: 18
  gather detections cell/6/0/10/7: 18
  gather detections cell/6/0/10/8: 14
  gather detections cell/6/0/11/0: 17
  gather detections cell/6/0/11/1: 10
  gather detections cell/6/0/11/2: 12
  gather detections cell/6/0/11/3: 9
  gather detections cell/6/0/11/4: 10
  gather detections cell/6/0/11/5: 10
  gather detections cell/6/0/11/6: 11
  gather detections cell/6/0/11/7: 19
  gather detections cell/6/0/11/8: 18
  gather detections cell/6/1/0/0: 34
  gather detections cell/6/1/0/1: 7
  gather detections cell/6/1/0/2: 19
  gather detections cell/6/1/0/3: 15
  gather detections cell/6/1/0/4: 27
  gather detections cell/6/1/0/5: 24
  gather detections cell/6/1/0/6: 21
  gather detections cell/6/1/0/7: 17
  gather detections cell/6/1/0/8: 18
  gather detections cell/6/1/1/0: 35
  gather detections cell/6/1/1/1: 13
  gather detections cell/6/1/1/2: 11
  gather detections cell/6/1/1/3: 11
  gather detections cell/6/1/1/4: 19
  gather detections cell/6/1/1/5: 29
  gather detections cell/6/1/1/6: 14
  gather detections cell/6/1/1/7: 13
  gather detections cell/6/1/1/8: 14
  gather detections cell/6/1/2/0: 36
  gather detections cell/6/1/2/1: 15
  gather detections cell/6/1/2/2: 16
  gather detections cell/6/1/2/3: 18
  gather detections cell/6/1/2/4: 12
  gather detections cell/6/1/2/5: 29
  gather detections cell/6/1/2/6: 19
  gather detections cell/6/1/2/7: 9
  gather detections cell/6/1/2/8: 11
  gather detections cell/6/1/3/0: 44
  gather detections cell/6/1/3/1: 14
  gather detections cell/6/1/3/2: 36
  gather detections cell/6/1/3/3: 19
  gather detections cell/6/1/3/4: 11
  gather detections cell/6/1/3/5: 27
  gather detections cell/6/1/3/6: 25
  gather detections cell/6/1/3/7: 16
  gather detections cell/6/1/3/8: 15
  gather detections cell/6/1/4/0: 16
  gather detections cell/6/1/4/1: 17
  gather detections cell/6/1/4/2: 23
  gather detections cell/6/1/4/3: 12
  gather detections cell/6/1/4/4: 10
  gather detections cell/6/1/4/5: 23
  gather detections cell/6/1/4/6: 15
  gather detections cell/6/1/4/7: 11
  gather detections cell/6/1/4/8: 6
  gather detections cell/6/1/5/0: 12
  gather detections cell/6/1/5/1: 9
  gather detections cell/6/1/5/2: 10
  gather detections cell/6/1/5/3: 15
  gather detections cell/6/1/5/4: 11
  gather detections cell/6/1/5/5: 11
  gather detections cell/6/1/5/6: 4
  gather detections cell/6/1/5/7: 5
  gather detections cell/6/1/5/8: 10
  gather detections cell/6/1/6/0: 22
  gather detections cell/6/1/6/1: 13
  gather detections cell/6/1/6/2: 22
  gather detections cell/6/1/6/3: 15
  gather detections cell/6/1/6/4: 9
  gather detections cell/6/1/6/5: 18
  gather detections cell/6/1/6/6: 8
  gather detections cell/6/1/6/7: 8
  gather detections cell/6/1/6/8: 1
  gather detections cell/6/1/7/0: 36
  gather detections cell/6/1/7/1: 23
  gather detections cell/6/1/7/2: 18
  gather detections cell/6/1/7/3: 17
  gather detections cell/6/1/7/4: 15
  gather detections cell/6/1/7/5: 12
  gather detections cell/6/1/7/6: 5
  gather detections cell/6/1/7/7: 7
  gather detections cell/6/1/7/8: 11
  gather detections cell/6/1/8/0: 23
  gather detections cell/6/1/8/1: 15
  gather detections cell/6/1/8/2: 17
  gather detections cell/6/1/8/3: 13
  gather detections cell/6/1/8/4: 11
  gather detections cell/6/1/8/5: 17
  gather detections cell/6/1/8/6: 10
  gather detections cell/6/1/8/7: 9
  gather detections cell/6/1/8/8: 15
  gather detections cell/6/1/9/0: 23
  gather detections cell/6/1/9/1: 2
  gather detections cell/6/1/9/2: 7
  gather detections cell/6/1/9/3: 13
  gather detections cell/6/1/9/4: 13
  gather detections cell/6/1/9/5: 22
  gather detections cell/6/1/9/6: 17
  gather detections cell/6/1/9/7: 5
  gather detections cell/6/1/9/8: 5
  gather detections cell/6/1/10/0: 21
  gather detections cell/6/1/10/1: 13
  gather detections cell/6/1/10/2: 10
  gather detections cell/6/1/10/3: 13
  gather detections cell/6/1/10/4: 11
  gather detections cell/6/1/10/5: 14
  gather detections cell/6/1/10/6: 9
  gather detections cell/6/1/10/7: 8
  gather detections cell/6/1/10/8: 6
  gather ink cell/6/0/0/0: 38 (summary row)
  gather ink cell/6/0/0/1: 18 (summary row)
  gather ink cell/6/0/0/2: 14 (summary row)
  gather ink cell/6/0/0/3: 7 (summary row)
  gather ink cell/6/0/0/4: 7 (summary row)
  gather ink cell/6/0/0/5: 7 (summary row)
  gather ink cell/6/0/0/6: 25 (summary row)
  gather ink cell/6/0/0/7: 5 (summary row)
  gather ink cell/6/0/0/8: 8 (summary row)
  gather ink cell/6/0/1/0: 30 (summary row)
  gather ink cell/6/0/1/1: 15 (summary row)
  gather ink cell/6/0/1/2: 12 (summary row)
  gather ink cell/6/0/1/3: 11 (summary row)
  gather ink cell/6/0/1/4: 16 (summary row)
  gather ink cell/6/0/1/5: 22 (summary row)
  gather ink cell/6/0/1/6: 22 (summary row)
  gather ink cell/6/0/1/7: 12 (summary row)
  gather ink cell/6/0/1/8: 13 (summary row)
  gather ink cell/6/0/2/0: 31 (summary row)
  gather ink cell/6/0/2/1: 27 (summary row)
  gather ink cell/6/0/2/2: 21 (summary row)
  gather ink cell/6/0/2/3: 29 (summary row)
  gather ink cell/6/0/2/4: 28 (summary row)
  gather ink cell/6/0/2/5: 31 (summary row)
  gather ink cell/6/0/2/6: 14 (summary row)
  gather ink cell/6/0/2/7: 34 (summary row)
  gather ink cell/6/0/2/8: 16 (summary row)
  gather ink cell/6/0/3/0: 38 (summary row)
  gather ink cell/6/0/3/1: 17 (summary row)
  gather ink cell/6/0/3/2: 32 (summary row)
  gather ink cell/6/0/3/3: 21 (summary row)
  gather ink cell/6/0/3/4: 14 (summary row)
  gather ink cell/6/0/3/5: 17 (summary row)
  gather ink cell/6/0/3/6: 15 (summary row)
  gather ink cell/6/0/3/7: 22 (summary row)
  gather ink cell/6/0/3/8: 14 (summary row)
  gather ink cell/6/0/4/0: 25 (summary row)
  gather ink cell/6/0/4/1: 5 (summary row)
  gather ink cell/6/0/4/2: 11 (summary row)
  gather ink cell/6/0/4/3: 8 (summary row)
  gather ink cell/6/0/4/4: 8 (summary row)
  gather ink cell/6/0/4/5: 6 (summary row)
  gather ink cell/6/0/4/6: 8 (summary row)
  gather ink cell/6/0/4/7: 8 (summary row)
  gather ink cell/6/0/4/8: 7 (summary row)
  gather ink cell/6/0/5/0: 37 (summary row)
  gather ink cell/6/0/5/1: 10 (summary row)
  gather ink cell/6/0/5/2: 15 (summary row)
  gather ink cell/6/0/5/3: 5 (summary row)
  gather ink cell/6/0/5/4: 6 (summary row)
  gather ink cell/6/0/5/5: 6 (summary row)
  gather ink cell/6/0/5/6: 9 (summary row)
  gather ink cell/6/0/5/7: 8 (summary row)
  gather ink cell/6/0/5/8: 18 (summary row)
  gather ink cell/6/0/6/0: 25 (summary row)
  gather ink cell/6/0/6/1: 14 (summary row)
  gather ink cell/6/0/6/2: 13 (summary row)
  gather ink cell/6/0/6/3: 10 (summary row)
  gather ink cell/6/0/6/4: 7 (summary row)
  gather ink cell/6/0/6/5: 5 (summary row)
  gather ink cell/6/0/6/6: 15 (summary row)
  gather ink cell/6/0/6/7: 14 (summary row)
  gather ink cell/6/0/6/8: 10 (summary row)
  gather ink cell/6/0/7/0: 38 (summary row)
  gather ink cell/6/0/7/1: 21 (summary row)
  gather ink cell/6/0/7/2: 18 (summary row)
  gather ink cell/6/0/7/3: 22 (summary row)
  gather ink cell/6/0/7/4: 31 (summary row)
  gather ink cell/6/0/7/5: 18 (summary row)
  gather ink cell/6/0/7/6: 18 (summary row)
  gather ink cell/6/0/7/7: 14 (summary row)
  gather ink cell/6/0/7/8: 22 (summary row)
  gather ink cell/6/0/8/0: 37 (summary row)
  gather ink cell/6/0/8/1: 36 (summary row)
  gather ink cell/6/0/8/2: 46 (summary row)
  gather ink cell/6/0/8/3: 16 (summary row)
  gather ink cell/6/0/8/4: 21 (summary row)
  gather ink cell/6/0/8/5: 23 (summary row)
  gather ink cell/6/0/8/6: 21 (summary row)
  gather ink cell/6/0/8/7: 17 (summary row)
  gather ink cell/6/0/8/8: 21 (summary row)
  gather ink cell/6/0/9/0: 30 (summary row)
  gather ink cell/6/0/9/1: 34 (summary row)
  gather ink cell/6/0/9/2: 46 (summary row)
  gather ink cell/6/0/9/3: 38 (summary row)
  gather ink cell/6/0/9/4: 12 (summary row)
  gather ink cell/6/0/9/5: 37 (summary row)
  gather ink cell/6/0/9/6: 34 (summary row)
  gather ink cell/6/0/9/7: 17 (summary row)
  gather ink cell/6/0/9/8: 32 (summary row)
  gather ink cell/6/0/10/0: 32 (summary row)
  gather ink cell/6/0/10/1: 19 (summary row)
  gather ink cell/6/0/10/2: 31 (summary row)
  gather ink cell/6/0/10/3: 34 (summary row)
  gather ink cell/6/0/10/4: 10 (summary row)
  gather ink cell/6/0/10/5: 10 (summary row)
  gather ink cell/6/0/10/6: 23 (summary row)
  gather ink cell/6/0/10/7: 22 (summary row)
  gather ink cell/6/0/10/8: 27 (summary row)
  gather ink cell/6/0/11/0: 34 (summary row)
  gather ink cell/6/0/11/1: 8 (summary row)
  gather ink cell/6/0/11/2: 24 (summary row)
  gather ink cell/6/0/11/3: 22 (summary row)
  gather ink cell/6/0/11/4: 9 (summary row)
  gather ink cell/6/0/11/5: 12 (summary row)
  gather ink cell/6/0/11/6: 11 (summary row)
  gather ink cell/6/0/11/7: 22 (summary row)
  gather ink cell/6/0/11/8: 19 (summary row)
  gather ink cell/6/1/0/0: 37 (summary row)
  gather ink cell/6/1/0/1: 14 (summary row)
  gather ink cell/6/1/0/2: 20 (summary row)
  gather ink cell/6/1/0/3: 17 (summary row)
  gather ink cell/6/1/0/4: 44 (summary row)
  gather ink cell/6/1/0/5: 21 (summary row)
  gather ink cell/6/1/0/6: 18 (summary row)
  gather ink cell/6/1/0/7: 11 (summary row)
  gather ink cell/6/1/0/8: 18 (summary row)
  gather ink cell/6/1/1/0: 38 (summary row)
  gather ink cell/6/1/1/1: 8 (summary row)
  gather ink cell/6/1/1/2: 20 (summary row)
  gather ink cell/6/1/1/3: 21 (summary row)
  gather ink cell/6/1/1/4: 30 (summary row)
  gather ink cell/6/1/1/5: 28 (summary row)
  gather ink cell/6/1/1/6: 15 (summary row)
  gather ink cell/6/1/1/7: 11 (summary row)
  gather ink cell/6/1/1/8: 24 (summary row)
  gather ink cell/6/1/2/0: 31 (summary row)
  gather ink cell/6/1/2/1: 25 (summary row)
  gather ink cell/6/1/2/2: 30 (summary row)
  gather ink cell/6/1/2/3: 22 (summary row)
  gather ink cell/6/1/2/4: 15 (summary row)
  gather ink cell/6/1/2/5: 21 (summary row)
  gather ink cell/6/1/2/6: 21 (summary row)
  gather ink cell/6/1/2/7: 22 (summary row)
  gather ink cell/6/1/2/8: 24 (summary row)
  gather ink cell/6/1/3/0: 25 (summary row)
  gather ink cell/6/1/3/1: 28 (summary row)
  gather ink cell/6/1/3/2: 19 (summary row)
  gather ink cell/6/1/3/3: 16 (summary row)
  gather ink cell/6/1/3/4: 12 (summary row)
  gather ink cell/6/1/3/5: 21 (summary row)
  gather ink cell/6/1/3/6: 13 (summary row)
  gather ink cell/6/1/3/7: 27 (summary row)
  gather ink cell/6/1/3/8: 14 (summary row)
  gather ink cell/6/1/4/0: 15 (summary row)
  gather ink cell/6/1/4/1: 18 (summary row)
  gather ink cell/6/1/4/2: 11 (summary row)
  gather ink cell/6/1/4/3: 16 (summary row)
  gather ink cell/6/1/4/4: 13 (summary row)
  gather ink cell/6/1/4/5: 20 (summary row)
  gather ink cell/6/1/4/6: 9 (summary row)
  gather ink cell/6/1/4/7: 14 (summary row)
  gather ink cell/6/1/4/8: 11 (summary row)
  gather ink cell/6/1/5/0: 17 (summary row)
  gather ink cell/6/1/5/1: 9 (summary row)
  gather ink cell/6/1/5/2: 5 (summary row)
  gather ink cell/6/1/5/3: 17 (summary row)
  gather ink cell/6/1/5/4: 9 (summary row)
  gather ink cell/6/1/5/5: 13 (summary row)
  gather ink cell/6/1/5/6: 5 (summary row)
  gather ink cell/6/1/5/7: 6 (summary row)
  gather ink cell/6/1/5/8: 11 (summary row)
  gather ink cell/6/1/6/0: 25 (summary row)
  gather ink cell/6/1/6/1: 15 (summary row)
  gather ink cell/6/1/6/2: 13 (summary row)
  gather ink cell/6/1/6/3: 13 (summary row)
  gather ink cell/6/1/6/4: 7 (summary row)
  gather ink cell/6/1/6/5: 13 (summary row)
  gather ink cell/6/1/6/6: 10 (summary row)
  gather ink cell/6/1/6/7: 9 (summary row)
  gather ink cell/6/1/6/8: 4 (summary row)
  gather ink cell/6/1/7/0: 32 (summary row)
  gather ink cell/6/1/7/1: 14 (summary row)
  gather ink cell/6/1/7/2: 18 (summary row)
  gather ink cell/6/1/7/3: 12 (summary row)
  gather ink cell/6/1/7/4: 13 (summary row)
  gather ink cell/6/1/7/5: 14 (summary row)
  gather ink cell/6/1/7/6: 12 (summary row)
  gather ink cell/6/1/7/7: 3 (summary row)
  gather ink cell/6/1/7/8: 24 (summary row)
  gather ink cell/6/1/8/0: 41 (summary row)
  gather ink cell/6/1/8/1: 19 (summary row)
  gather ink cell/6/1/8/2: 23 (summary row)
  gather ink cell/6/1/8/3: 19 (summary row)
  gather ink cell/6/1/8/4: 17 (summary row)
  gather ink cell/6/1/8/5: 18 (summary row)
  gather ink cell/6/1/8/6: 24 (summary row)
  gather ink cell/6/1/8/7: 18 (summary row)
  gather ink cell/6/1/8/8: 17 (summary row)
  gather ink cell/6/1/9/0: 37 (summary row)
  gather ink cell/6/1/9/1: 17 (summary row)
  gather ink cell/6/1/9/2: 21 (summary row)
  gather ink cell/6/1/9/3: 29 (summary row)
  gather ink cell/6/1/9/4: 15 (summary row)
  gather ink cell/6/1/9/5: 19 (summary row)
  gather ink cell/6/1/9/6: 7 (summary row)
  gather ink cell/6/1/9/7: 6 (summary row)
  gather ink cell/6/1/9/8: 14 (summary row)
  gather ink cell/6/1/10/0: 31 (summary row)
  gather ink cell/6/1/10/1: 22 (summary row)
  gather ink cell/6/1/10/2: 14 (summary row)
  gather ink cell/6/1/10/3: 20 (summary row)
  gather ink cell/6/1/10/4: 12 (summary row)
  gather ink cell/6/1/10/5: 17 (summary row)
  gather ink cell/6/1/10/6: 10 (summary row)
  gather ink cell/6/1/10/7: 7 (summary row)
  gather ink cell/6/1/10/8: 14 (summary row)
  gather detections cell/7/0/0/0: 17
  gather detections cell/7/0/0/1: 15
  gather detections cell/7/0/0/2: 15
  gather detections cell/7/0/0/3: 1
  gather detections cell/7/0/0/4: 11
  gather detections cell/7/0/0/5: 10
  gather detections cell/7/0/0/6: 8
  gather detections cell/7/0/0/7: 3
  gather detections cell/7/0/0/8: 7
  gather detections cell/7/0/1/0: 14
  gather detections cell/7/0/1/1: 12
  gather detections cell/7/0/1/2: 8
  gather detections cell/7/0/1/3: 1
  gather detections cell/7/0/1/4: 7
  gather detections cell/7/0/1/5: 13
  gather detections cell/7/0/1/6: 28
  gather detections cell/7/0/1/7: 16
  gather detections cell/7/0/1/8: 19
  gather detections cell/7/0/2/0: 17
  gather detections cell/7/0/2/1: 9
  gather detections cell/7/0/2/2: 14
  gather detections cell/7/0/2/3: 3
  gather detections cell/7/0/2/4: 17
  gather detections cell/7/0/2/5: 21
  gather detections cell/7/0/2/6: 22
  gather detections cell/7/0/2/7: 22
  gather detections cell/7/0/2/8: 17
  gather detections cell/7/0/3/0: 15
  gather detections cell/7/0/3/1: 15
  gather detections cell/7/0/3/2: 10
  gather detections cell/7/0/3/3: 5
  gather detections cell/7/0/3/4: 23
  gather detections cell/7/0/3/5: 17
  gather detections cell/7/0/3/6: 17
  gather detections cell/7/0/3/7: 12
  gather detections cell/7/0/3/8: 17
  gather detections cell/7/0/4/0: 7
  gather detections cell/7/0/4/1: 9
  gather detections cell/7/0/4/2: 10
  gather detections cell/7/0/4/3: 11
  gather detections cell/7/0/4/4: 7
  gather detections cell/7/0/4/5: 5
  gather detections cell/7/0/4/6: 10
  gather detections cell/7/0/4/7: 8
  gather detections cell/7/0/4/8: 12
  gather detections cell/7/0/5/0: 9
  gather detections cell/7/0/5/1: 9
  gather detections cell/7/0/5/2: 15
  gather detections cell/7/0/5/3: 17
  gather detections cell/7/0/5/4: 14
  gather detections cell/7/0/5/5: 22
  gather detections cell/7/0/5/6: 20
  gather detections cell/7/0/5/7: 16
  gather detections cell/7/0/5/8: 22
  gather detections cell/7/0/6/0: 9
  gather detections cell/7/0/6/1: 4
  gather detections cell/7/0/6/2: 19
  gather detections cell/7/0/6/3: 16
  gather detections cell/7/0/6/4: 22
  gather detections cell/7/0/6/5: 25
  gather detections cell/7/0/6/6: 16
  gather detections cell/7/0/6/7: 2
  gather detections cell/7/0/6/8: 4
  gather detections cell/7/0/7/0: 10
  gather detections cell/7/0/7/1: 9
  gather detections cell/7/0/7/2: 11
  gather detections cell/7/0/7/3: 9
  gather detections cell/7/0/7/4: 9
  gather detections cell/7/0/7/5: 10
  gather detections cell/7/0/7/6: 15
  gather detections cell/7/0/7/7: 17
  gather detections cell/7/0/7/8: 14
  gather detections cell/7/0/8/0: 12
  gather detections cell/7/0/8/1: 9
  gather detections cell/7/0/8/2: 8
  gather detections cell/7/0/8/3: 12
  gather detections cell/7/0/8/4: 6
  gather detections cell/7/0/8/5: 9
  gather detections cell/7/0/8/6: 16
  gather detections cell/7/0/8/7: 14
  gather detections cell/7/0/8/8: 12
  gather detections cell/7/0/9/0: 9
  gather detections cell/7/0/9/1: 4
  gather detections cell/7/0/9/2: 10
  gather detections cell/7/0/9/3: 9
  gather detections cell/7/0/9/4: 12
  gather detections cell/7/0/9/5: 17
  gather detections cell/7/0/9/6: 19
  gather detections cell/7/0/9/7: 7
  gather detections cell/7/0/9/8: 11
  gather detections cell/7/0/10/0: 9
  gather detections cell/7/0/10/1: 7
  gather detections cell/7/0/10/2: 8
  gather detections cell/7/0/10/3: 7
  gather detections cell/7/0/10/4: 11
  gather detections cell/7/0/10/5: 10
  gather detections cell/7/0/10/6: 9
  gather detections cell/7/0/10/7: 3
  gather detections cell/7/0/10/8: 6
  gather detections cell/7/1/0/0: 12
  gather detections cell/7/1/0/1: 7
  gather detections cell/7/1/0/2: 13
  gather detections cell/7/1/0/3: 20
  gather detections cell/7/1/0/4: 9
  gather detections cell/7/1/0/5: 5
  gather detections cell/7/1/0/6: 6
  gather detections cell/7/1/0/7: 9
  gather detections cell/7/1/0/8: 11
  gather detections cell/7/1/0/9: 10
  gather detections cell/7/1/0/10: 18
  gather detections cell/7/1/0/11: 21
  gather detections cell/7/1/1/0: 20
  gather detections cell/7/1/1/1: 14
  gather detections cell/7/1/1/2: 21
  gather detections cell/7/1/1/3: 33
  gather detections cell/7/1/1/4: 12
  gather detections cell/7/1/1/5: 12
  gather detections cell/7/1/1/6: 17
  gather detections cell/7/1/1/7: 10
  gather detections cell/7/1/1/8: 11
  gather detections cell/7/1/1/9: 12
  gather detections cell/7/1/1/10: 14
  gather detections cell/7/1/1/11: 15
  gather detections cell/7/1/2/0: 23
  gather detections cell/7/1/2/1: 22
  gather detections cell/7/1/2/2: 22
  gather detections cell/7/1/2/3: 29
  gather detections cell/7/1/2/4: 16
  gather detections cell/7/1/2/5: 16
  gather detections cell/7/1/2/6: 18
  gather detections cell/7/1/2/7: 10
  gather detections cell/7/1/2/8: 8
  gather detections cell/7/1/2/9: 26
  gather detections cell/7/1/2/10: 22
  gather detections cell/7/1/2/11: 15
  gather detections cell/7/1/3/0: 23
  gather detections cell/7/1/3/1: 20
  gather detections cell/7/1/3/2: 19
  gather detections cell/7/1/3/3: 24
  gather detections cell/7/1/3/4: 23
  gather detections cell/7/1/3/5: 13
  gather detections cell/7/1/3/6: 12
  gather detections cell/7/1/3/7: 7
  gather detections cell/7/1/3/8: 8
  gather detections cell/7/1/3/9: 15
  gather detections cell/7/1/3/10: 20
  gather detections cell/7/1/3/11: 13
  gather detections cell/7/1/4/0: 10
  gather detections cell/7/1/4/1: 13
  gather detections cell/7/1/4/2: 9
  gather detections cell/7/1/4/3: 10
  gather detections cell/7/1/4/4: 9
  gather detections cell/7/1/4/5: 2
  gather detections cell/7/1/4/6: 5
  gather detections cell/7/1/4/7: 4
  gather detections cell/7/1/4/8: 6
  gather detections cell/7/1/4/9: 5
  gather detections cell/7/1/4/10: 14
  gather detections cell/7/1/4/11: 6
  gather detections cell/7/1/5/0: 23
  gather detections cell/7/1/5/1: 20
  gather detections cell/7/1/5/2: 21
  gather detections cell/7/1/5/3: 16
  gather detections cell/7/1/5/4: 20
  gather detections cell/7/1/5/5: 7
  gather detections cell/7/1/5/6: 6
  gather detections cell/7/1/5/7: 6
  gather detections cell/7/1/5/8: 8
  gather detections cell/7/1/5/9: 5
  gather detections cell/7/1/5/10: 10
  gather detections cell/7/1/5/11: 2
  gather detections cell/7/1/6/0: 6
  gather detections cell/7/1/6/1: 17
  gather detections cell/7/1/6/2: 19
  gather detections cell/7/1/6/3: 22
  gather detections cell/7/1/6/4: 20
  gather detections cell/7/1/6/5: 13
  gather detections cell/7/1/6/6: 4
  gather detections cell/7/1/6/7: 3
  gather detections cell/7/1/6/8: 2
  gather detections cell/7/1/6/9: 7
  gather detections cell/7/1/6/10: 5
  gather detections cell/7/1/6/11: 6
  gather detections cell/7/1/7/0: 18
  gather detections cell/7/1/7/1: 22
  gather detections cell/7/1/7/2: 16
  gather detections cell/7/1/7/3: 22
  gather detections cell/7/1/7/4: 21
  gather detections cell/7/1/7/5: 15
  gather detections cell/7/1/7/6: 6
  gather detections cell/7/1/7/7: 2
  gather detections cell/7/1/7/8: 3
  gather detections cell/7/1/7/9: 6
  gather detections cell/7/1/7/10: 3
  gather detections cell/7/1/7/11: 4
  gather detections cell/7/1/8/0: 22
  gather detections cell/7/1/8/1: 23
  gather detections cell/7/1/8/2: 15
  gather detections cell/7/1/8/3: 27
  gather detections cell/7/1/8/4: 42
  gather detections cell/7/1/8/5: 16
  gather detections cell/7/1/8/6: 20
  gather detections cell/7/1/8/7: 10
  gather detections cell/7/1/8/8: 11
  gather detections cell/7/1/8/9: 14
  gather detections cell/7/1/8/10: 14
  gather detections cell/7/1/8/11: 14
  gather detections cell/7/1/9/0: 15
  gather detections cell/7/1/9/1: 12
  gather detections cell/7/1/9/2: 6
  gather detections cell/7/1/9/3: 15
  gather detections cell/7/1/9/4: 14
  gather detections cell/7/1/9/5: 11
  gather detections cell/7/1/9/6: 13
  gather detections cell/7/1/9/7: 5
  gather detections cell/7/1/9/8: 3
  gather detections cell/7/1/9/9: 12
  gather detections cell/7/1/9/10: 12
  gather detections cell/7/1/9/11: 12
  gather detections cell/7/1/10/0: 6
  gather detections cell/7/1/10/1: 10
  gather detections cell/7/1/10/2: 8
  gather detections cell/7/1/10/3: 15
  gather detections cell/7/1/10/4: 16
  gather detections cell/7/1/10/5: 5
  gather detections cell/7/1/10/6: 7
  gather detections cell/7/1/10/7: 2
  gather detections cell/7/1/10/8: 1
  gather detections cell/7/1/10/9: 3
  gather detections cell/7/1/10/10: 3
  gather detections cell/7/1/10/11: 3
  gather ink cell/7/0/0/0: 20 (summary row)
  gather ink cell/7/0/0/1: 12 (summary row)
  gather ink cell/7/0/0/2: 9 (summary row)
  gather ink cell/7/0/0/3: 5 (summary row)
  gather ink cell/7/0/0/4: 17 (summary row)
  gather ink cell/7/0/0/5: 11 (summary row)
  gather ink cell/7/0/0/6: 13 (summary row)
  gather ink cell/7/0/0/7: 4 (summary row)
  gather ink cell/7/0/0/8: 26 (summary row)
  gather ink cell/7/0/1/0: 18 (summary row)
  gather ink cell/7/0/1/1: 8 (summary row)
  gather ink cell/7/0/1/2: 8 (summary row)
  gather ink cell/7/0/1/3: 5 (summary row)
  gather ink cell/7/0/1/4: 9 (summary row)
  gather ink cell/7/0/1/5: 10 (summary row)
  gather ink cell/7/0/1/6: 27 (summary row)
  gather ink cell/7/0/1/7: 16 (summary row)
  gather ink cell/7/0/1/8: 26 (summary row)
  gather ink cell/7/0/2/0: 14 (summary row)
  gather ink cell/7/0/2/1: 13 (summary row)
  gather ink cell/7/0/2/2: 8 (summary row)
  gather ink cell/7/0/2/3: 4 (summary row)
  gather ink cell/7/0/2/4: 13 (summary row)
  gather ink cell/7/0/2/5: 11 (summary row)
  gather ink cell/7/0/2/6: 39 (summary row)
  gather ink cell/7/0/2/7: 18 (summary row)
  gather ink cell/7/0/2/8: 23 (summary row)
  gather ink cell/7/0/3/0: 17 (summary row)
  gather ink cell/7/0/3/1: 14 (summary row)
  gather ink cell/7/0/3/2: 9 (summary row)
  gather ink cell/7/0/3/3: 3 (summary row)
  gather ink cell/7/0/3/4: 12 (summary row)
  gather ink cell/7/0/3/5: 12 (summary row)
  gather ink cell/7/0/3/6: 23 (summary row)
  gather ink cell/7/0/3/7: 15 (summary row)
  gather ink cell/7/0/3/8: 17 (summary row)
  gather ink cell/7/0/4/0: 10 (summary row)
  gather ink cell/7/0/4/1: 20 (summary row)
  gather ink cell/7/0/4/2: 8 (summary row)
  gather ink cell/7/0/4/3: 3 (summary row)
  gather ink cell/7/0/4/4: 5 (summary row)
  gather ink cell/7/0/4/5: 3 (summary row)
  gather ink cell/7/0/4/6: 15 (summary row)
  gather ink cell/7/0/4/7: 8 (summary row)
  gather ink cell/7/0/4/8: 10 (summary row)
  gather ink cell/7/0/5/0: 29 (summary row)
  gather ink cell/7/0/5/1: 6 (summary row)
  gather ink cell/7/0/5/2: 26 (summary row)
  gather ink cell/7/0/5/3: 14 (summary row)
  gather ink cell/7/0/5/4: 14 (summary row)
  gather ink cell/7/0/5/5: 24 (summary row)
  gather ink cell/7/0/5/6: 28 (summary row)
  gather ink cell/7/0/5/7: 27 (summary row)
  gather ink cell/7/0/5/8: 11 (summary row)
  gather ink cell/7/0/6/0: 17 (summary row)
  gather ink cell/7/0/6/1: 5 (summary row)
  gather ink cell/7/0/6/2: 13 (summary row)
  gather ink cell/7/0/6/3: 11 (summary row)
  gather ink cell/7/0/6/4: 12 (summary row)
  gather ink cell/7/0/6/5: 16 (summary row)
  gather ink cell/7/0/6/6: 26 (summary row)
  gather ink cell/7/0/6/7: 11 (summary row)
  gather ink cell/7/0/6/8: 7 (summary row)
  gather ink cell/7/0/7/0: 16 (summary row)
  gather ink cell/7/0/7/1: 9 (summary row)
  gather ink cell/7/0/7/2: 16 (summary row)
  gather ink cell/7/0/7/3: 13 (summary row)
  gather ink cell/7/0/7/4: 15 (summary row)
  gather ink cell/7/0/7/5: 15 (summary row)
  gather ink cell/7/0/7/6: 35 (summary row)
  gather ink cell/7/0/7/7: 17 (summary row)
  gather ink cell/7/0/7/8: 13 (summary row)
  gather ink cell/7/0/8/0: 15 (summary row)
  gather ink cell/7/0/8/1: 16 (summary row)
  gather ink cell/7/0/8/2: 9 (summary row)
  gather ink cell/7/0/8/3: 8 (summary row)
  gather ink cell/7/0/8/4: 11 (summary row)
  gather ink cell/7/0/8/5: 12 (summary row)
  gather ink cell/7/0/8/6: 32 (summary row)
  gather ink cell/7/0/8/7: 22 (summary row)
  gather ink cell/7/0/8/8: 8 (summary row)
  gather ink cell/7/0/9/0: 15 (summary row)
  gather ink cell/7/0/9/1: 14 (summary row)
  gather ink cell/7/0/9/2: 16 (summary row)
  gather ink cell/7/0/9/3: 17 (summary row)
  gather ink cell/7/0/9/4: 14 (summary row)
  gather ink cell/7/0/9/5: 16 (summary row)
  gather ink cell/7/0/9/6: 30 (summary row)
  gather ink cell/7/0/9/7: 14 (summary row)
  gather ink cell/7/0/9/8: 9 (summary row)
  gather ink cell/7/0/10/0: 22 (summary row)
  gather ink cell/7/0/10/1: 9 (summary row)
  gather ink cell/7/0/10/2: 12 (summary row)
  gather ink cell/7/0/10/3: 15 (summary row)
  gather ink cell/7/0/10/4: 12 (summary row)
  gather ink cell/7/0/10/5: 18 (summary row)
  gather ink cell/7/0/10/6: 15 (summary row)
  gather ink cell/7/0/10/7: 6 (summary row)
  gather ink cell/7/0/10/8: 4 (summary row)
  gather ink cell/7/1/0/0: 23 (summary row)
  gather ink cell/7/1/0/1: 8 (summary row)
  gather ink cell/7/1/0/2: 9 (summary row)
  gather ink cell/7/1/0/3: 25 (summary row)
  gather ink cell/7/1/0/4: 19 (summary row)
  gather ink cell/7/1/0/5: 18 (summary row)
  gather ink cell/7/1/0/6: 14 (summary row)
  gather ink cell/7/1/0/7: 8 (summary row)
  gather ink cell/7/1/0/8: 7 (summary row)
  gather ink cell/7/1/0/9: 18 (summary row)
  gather ink cell/7/1/0/10: 22 (summary row)
  gather ink cell/7/1/0/11: 27 (summary row)
  gather ink cell/7/1/1/0: 23 (summary row)
  gather ink cell/7/1/1/1: 37 (summary row)
  gather ink cell/7/1/1/2: 20 (summary row)
  gather ink cell/7/1/1/3: 34 (summary row)
  gather ink cell/7/1/1/4: 25 (summary row)
  gather ink cell/7/1/1/5: 16 (summary row)
  gather ink cell/7/1/1/6: 20 (summary row)
  gather ink cell/7/1/1/7: 8 (summary row)
  gather ink cell/7/1/1/8: 9 (summary row)
  gather ink cell/7/1/1/9: 13 (summary row)
  gather ink cell/7/1/1/10: 17 (summary row)
  gather ink cell/7/1/1/11: 17 (summary row)
  gather ink cell/7/1/2/0: 20 (summary row)
  gather ink cell/7/1/2/1: 43 (summary row)
  gather ink cell/7/1/2/2: 23 (summary row)
  gather ink cell/7/1/2/3: 22 (summary row)
  gather ink cell/7/1/2/4: 14 (summary row)
  gather ink cell/7/1/2/5: 15 (summary row)
  gather ink cell/7/1/2/6: 36 (summary row)
  gather ink cell/7/1/2/7: 5 (summary row)
  gather ink cell/7/1/2/8: 8 (summary row)
  gather ink cell/7/1/2/9: 16 (summary row)
  gather ink cell/7/1/2/10: 10 (summary row)
  gather ink cell/7/1/2/11: 11 (summary row)
  gather ink cell/7/1/3/0: 24 (summary row)
  gather ink cell/7/1/3/1: 37 (summary row)
  gather ink cell/7/1/3/2: 15 (summary row)
  gather ink cell/7/1/3/3: 16 (summary row)
  gather ink cell/7/1/3/4: 18 (summary row)
  gather ink cell/7/1/3/5: 14 (summary row)
  gather ink cell/7/1/3/6: 32 (summary row)
  gather ink cell/7/1/3/7: 4 (summary row)
  gather ink cell/7/1/3/8: 5 (summary row)
  gather ink cell/7/1/3/9: 9 (summary row)
  gather ink cell/7/1/3/10: 12 (summary row)
  gather ink cell/7/1/3/11: 7 (summary row)
  gather ink cell/7/1/4/0: 28 (summary row)
  gather ink cell/7/1/4/1: 17 (summary row)
  gather ink cell/7/1/4/2: 8 (summary row)
  gather ink cell/7/1/4/3: 3 (summary row)
  gather ink cell/7/1/4/4: 6 (summary row)
  gather ink cell/7/1/4/5: 4 (summary row)
  gather ink cell/7/1/4/6: 3 (summary row)
  gather ink cell/7/1/4/7: 3 (summary row)
  gather ink cell/7/1/4/8: 3 (summary row)
  gather ink cell/7/1/4/9: 2 (summary row)
  gather ink cell/7/1/4/10: 12 (summary row)
  gather ink cell/7/1/4/11: 5 (summary row)
  gather ink cell/7/1/5/0: 20 (summary row)
  gather ink cell/7/1/5/1: 23 (summary row)
  gather ink cell/7/1/5/2: 13 (summary row)
  gather ink cell/7/1/5/3: 13 (summary row)
  gather ink cell/7/1/5/4: 14 (summary row)
  gather ink cell/7/1/5/5: 6 (summary row)
  gather ink cell/7/1/5/6: 7 (summary row)
  gather ink cell/7/1/5/7: 2 (summary row)
  gather ink cell/7/1/5/8: 2 (summary row)
  gather ink cell/7/1/5/9: 2 (summary row)
  gather ink cell/7/1/5/10: 3 (summary row)
  gather ink cell/7/1/5/11: 3 (summary row)
  gather ink cell/7/1/6/0: 18 (summary row)
  gather ink cell/7/1/6/1: 24 (summary row)
  gather ink cell/7/1/6/2: 12 (summary row)
  gather ink cell/7/1/6/3: 15 (summary row)
  gather ink cell/7/1/6/4: 13 (summary row)
  gather ink cell/7/1/6/5: 13 (summary row)
  gather ink cell/7/1/6/6: 6 (summary row)
  gather ink cell/7/1/6/7: 3 (summary row)
  gather ink cell/7/1/6/8: 3 (summary row)
  gather ink cell/7/1/6/9: 3 (summary row)
  gather ink cell/7/1/6/10: 3 (summary row)
  gather ink cell/7/1/6/11: 4 (summary row)
  gather ink cell/7/1/7/0: 19 (summary row)
  gather ink cell/7/1/7/1: 40 (summary row)
  gather ink cell/7/1/7/2: 13 (summary row)
  gather ink cell/7/1/7/3: 13 (summary row)
  gather ink cell/7/1/7/4: 18 (summary row)
  gather ink cell/7/1/7/5: 17 (summary row)
  gather ink cell/7/1/7/6: 10 (summary row)
  gather ink cell/7/1/7/7: 3 (summary row)
  gather ink cell/7/1/7/8: 3 (summary row)
  gather ink cell/7/1/7/9: 5 (summary row)
  gather ink cell/7/1/7/10: 4 (summary row)
  gather ink cell/7/1/7/11: 4 (summary row)
  gather ink cell/7/1/8/0: 36 (summary row)
  gather ink cell/7/1/8/1: 46 (summary row)
  gather ink cell/7/1/8/2: 15 (summary row)
  gather ink cell/7/1/8/3: 12 (summary row)
  gather ink cell/7/1/8/4: 17 (summary row)
  gather ink cell/7/1/8/5: 15 (summary row)
  gather ink cell/7/1/8/6: 15 (summary row)
  gather ink cell/7/1/8/7: 11 (summary row)
  gather ink cell/7/1/8/8: 24 (summary row)
  gather ink cell/7/1/8/9: 11 (summary row)
  gather ink cell/7/1/8/10: 23 (summary row)
  gather ink cell/7/1/8/11: 14 (summary row)
  gather ink cell/7/1/9/0: 45 (summary row)
  gather ink cell/7/1/9/1: 49 (summary row)
  gather ink cell/7/1/9/2: 22 (summary row)
  gather ink cell/7/1/9/3: 20 (summary row)
  gather ink cell/7/1/9/4: 21 (summary row)
  gather ink cell/7/1/9/5: 19 (summary row)
  gather ink cell/7/1/9/6: 25 (summary row)
  gather ink cell/7/1/9/7: 26 (summary row)
  gather ink cell/7/1/9/8: 23 (summary row)
  gather ink cell/7/1/9/9: 12 (summary row)
  gather ink cell/7/1/9/10: 18 (summary row)
  gather ink cell/7/1/9/11: 9 (summary row)
  gather ink cell/7/1/10/0: 22 (summary row)
  gather ink cell/7/1/10/1: 37 (summary row)
  gather ink cell/7/1/10/2: 15 (summary row)
  gather ink cell/7/1/10/3: 20 (summary row)
  gather ink cell/7/1/10/4: 12 (summary row)
  gather ink cell/7/1/10/5: 9 (summary row)
  gather ink cell/7/1/10/6: 10 (summary row)
  gather ink cell/7/1/10/7: 8 (summary row)
  gather ink cell/7/1/10/8: 2 (summary row)
  gather ink cell/7/1/10/9: 4 (summary row)
  gather ink cell/7/1/10/10: 5 (summary row)
  gather ink cell/7/1/10/11: 4 (summary row)
  gather detections cell/8/0/0/0: 12
  gather detections cell/8/0/0/1: 14
  gather detections cell/8/0/0/2: 9
  gather detections cell/8/0/0/3: 9
  gather detections cell/8/0/0/4: 10
  gather detections cell/8/0/0/5: 8
  gather detections cell/8/0/0/6: 7
  gather detections cell/8/0/0/7: 5
  gather detections cell/8/0/0/8: 7
  gather detections cell/8/0/0/9: 4
  gather detections cell/8/0/0/10: 3
  gather detections cell/8/0/0/11: 4
  gather detections cell/8/0/0/12: 6
  gather detections cell/8/0/1/0: 15
  gather detections cell/8/0/1/1: 19
  gather detections cell/8/0/1/2: 21
  gather detections cell/8/0/1/3: 20
  gather detections cell/8/0/1/4: 17
  gather detections cell/8/0/1/5: 18
  gather detections cell/8/0/1/6: 15
  gather detections cell/8/0/1/7: 11
  gather detections cell/8/0/1/8: 12
  gather detections cell/8/0/1/9: 13
  gather detections cell/8/0/1/10: 3
  gather detections cell/8/0/1/12: 6
  gather detections cell/8/0/2/0: 16
  gather detections cell/8/0/2/1: 18
  gather detections cell/8/0/2/2: 30
  gather detections cell/8/0/2/3: 23
  gather detections cell/8/0/2/4: 22
  gather detections cell/8/0/2/5: 23
  gather detections cell/8/0/2/6: 19
  gather detections cell/8/0/2/7: 13
  gather detections cell/8/0/2/8: 16
  gather detections cell/8/0/2/9: 10
  gather detections cell/8/0/2/10: 1
  gather detections cell/8/0/2/11: 1
  gather detections cell/8/0/2/12: 13
  gather detections cell/8/0/3/0: 13
  gather detections cell/8/0/3/1: 15
  gather detections cell/8/0/3/2: 18
  gather detections cell/8/0/3/3: 23
  gather detections cell/8/0/3/4: 20
  gather detections cell/8/0/3/5: 20
  gather detections cell/8/0/3/6: 21
  gather detections cell/8/0/3/7: 21
  gather detections cell/8/0/3/8: 16
  gather detections cell/8/0/3/9: 10
  gather detections cell/8/0/3/10: 5
  gather detections cell/8/0/3/11: 2
  gather detections cell/8/0/3/12: 8
  gather detections cell/8/0/4/0: 9
  gather detections cell/8/0/4/1: 10
  gather detections cell/8/0/4/2: 4
  gather detections cell/8/0/4/3: 6
  gather detections cell/8/0/4/4: 5
  gather detections cell/8/0/4/5: 4
  gather detections cell/8/0/4/6: 10
  gather detections cell/8/0/4/7: 6
  gather detections cell/8/0/4/8: 8
  gather detections cell/8/0/4/9: 4
  gather detections cell/8/0/4/10: 7
  gather detections cell/8/0/4/11: 2
  gather detections cell/8/0/4/12: 4
  gather detections cell/8/0/5/0: 4
  gather detections cell/8/0/5/1: 12
  gather detections cell/8/0/5/2: 14
  gather detections cell/8/0/5/3: 11
  gather detections cell/8/0/5/4: 13
  gather detections cell/8/0/5/5: 11
  gather detections cell/8/0/5/6: 20
  gather detections cell/8/0/5/7: 17
  gather detections cell/8/0/5/8: 20
  gather detections cell/8/0/5/9: 14
  gather detections cell/8/0/5/10: 6
  gather detections cell/8/0/5/11: 3
  gather detections cell/8/0/5/12: 7
  gather detections cell/8/0/6/0: 6
  gather detections cell/8/0/6/1: 5
  gather detections cell/8/0/6/2: 6
  gather detections cell/8/0/6/3: 5
  gather detections cell/8/0/6/4: 3
  gather detections cell/8/0/6/5: 4
  gather detections cell/8/0/6/6: 12
  gather detections cell/8/0/6/7: 6
  gather detections cell/8/0/6/8: 5
  gather detections cell/8/0/6/9: 16
  gather detections cell/8/0/6/10: 6
  gather detections cell/8/0/6/11: 8
  gather detections cell/8/0/6/12: 7
  gather detections cell/8/0/7/0: 7
  gather detections cell/8/0/7/1: 11
  gather detections cell/8/0/7/2: 9
  gather detections cell/8/0/7/3: 3
  gather detections cell/8/0/7/4: 4
  gather detections cell/8/0/7/5: 7
  gather detections cell/8/0/7/6: 4
  gather detections cell/8/0/7/7: 6
  gather detections cell/8/0/7/8: 6
  gather detections cell/8/0/7/9: 12
  gather detections cell/8/0/7/10: 12
  gather detections cell/8/0/7/11: 10
  gather detections cell/8/0/7/12: 9
  gather detections cell/8/0/8/0: 10
  gather detections cell/8/0/8/1: 14
  gather detections cell/8/0/8/2: 14
  gather detections cell/8/0/8/3: 13
  gather detections cell/8/0/8/4: 14
  gather detections cell/8/0/8/5: 13
  gather detections cell/8/0/8/6: 15
  gather detections cell/8/0/8/7: 9
  gather detections cell/8/0/8/8: 10
  gather detections cell/8/0/8/9: 17
  gather detections cell/8/0/8/10: 12
  gather detections cell/8/0/8/11: 9
  gather detections cell/8/0/8/12: 11
  gather detections cell/8/0/9/0: 11
  gather detections cell/8/0/9/1: 16
  gather detections cell/8/0/9/2: 15
  gather detections cell/8/0/9/3: 17
  gather detections cell/8/0/9/4: 15
  gather detections cell/8/0/9/5: 12
  gather detections cell/8/0/9/6: 19
  gather detections cell/8/0/9/7: 9
  gather detections cell/8/0/9/8: 7
  gather detections cell/8/0/9/9: 19
  gather detections cell/8/0/9/10: 8
  gather detections cell/8/0/9/11: 12
  gather detections cell/8/0/9/12: 12
  gather detections cell/8/0/10/0: 6
  gather detections cell/8/0/10/1: 4
  gather detections cell/8/0/10/2: 5
  gather detections cell/8/0/10/3: 8
  gather detections cell/8/0/10/4: 5
  gather detections cell/8/0/10/5: 3
  gather detections cell/8/0/10/6: 6
  gather detections cell/8/0/10/7: 3
  gather detections cell/8/0/10/8: 7
  gather detections cell/8/0/10/9: 8
  gather detections cell/8/0/10/10: 7
  gather detections cell/8/0/10/11: 3
  gather detections cell/8/0/10/12: 5
  gather detections cell/8/1/0/0: 6
  gather detections cell/8/1/0/1: 2
  gather detections cell/8/1/0/2: 6
  gather detections cell/8/1/0/3: 8
  gather detections cell/8/1/0/4: 6
  gather detections cell/8/1/0/5: 4
  gather detections cell/8/1/0/7: 1
  gather detections cell/8/1/0/8: 4
  gather detections cell/8/1/0/9: 2
  gather detections cell/8/1/0/10: 12
  gather detections cell/8/1/0/11: 10
  gather detections cell/8/1/1/0: 11
  gather detections cell/8/1/1/1: 4
  gather detections cell/8/1/1/2: 6
  gather detections cell/8/1/1/3: 7
  gather detections cell/8/1/1/4: 6
  gather detections cell/8/1/1/5: 5
  gather detections cell/8/1/1/6: 2
  gather detections cell/8/1/1/7: 1
  gather detections cell/8/1/1/8: 4
  gather detections cell/8/1/1/9: 4
  gather detections cell/8/1/1/10: 3
  gather detections cell/8/1/1/11: 7
  gather detections cell/8/1/2/0: 14
  gather detections cell/8/1/2/1: 9
  gather detections cell/8/1/2/2: 7
  gather detections cell/8/1/2/3: 6
  gather detections cell/8/1/2/4: 11
  gather detections cell/8/1/2/5: 8
  gather detections cell/8/1/2/6: 9
  gather detections cell/8/1/2/7: 4
  gather detections cell/8/1/2/8: 9
  gather detections cell/8/1/2/9: 7
  gather detections cell/8/1/2/10: 13
  gather detections cell/8/1/2/11: 8
  gather detections cell/8/1/3/0: 15
  gather detections cell/8/1/3/1: 6
  gather detections cell/8/1/3/2: 6
  gather detections cell/8/1/3/3: 1
  gather detections cell/8/1/3/4: 11
  gather detections cell/8/1/3/5: 7
  gather detections cell/8/1/3/6: 12
  gather detections cell/8/1/3/7: 5
  gather detections cell/8/1/3/8: 5
  gather detections cell/8/1/3/9: 4
  gather detections cell/8/1/3/10: 10
  gather detections cell/8/1/3/11: 1
  gather detections cell/8/1/4/0: 3
  gather detections cell/8/1/4/1: 7
  gather detections cell/8/1/4/2: 5
  gather detections cell/8/1/4/3: 6
  gather detections cell/8/1/4/4: 4
  gather detections cell/8/1/4/5: 9
  gather detections cell/8/1/4/6: 3
  gather detections cell/8/1/4/7: 4
  gather detections cell/8/1/4/8: 4
  gather detections cell/8/1/4/9: 3
  gather detections cell/8/1/4/10: 5
  gather detections cell/8/1/4/11: 7
  gather detections cell/8/1/5/0: 17
  gather detections cell/8/1/5/1: 12
  gather detections cell/8/1/5/2: 9
  gather detections cell/8/1/5/3: 12
  gather detections cell/8/1/5/4: 4
  gather detections cell/8/1/5/5: 10
  gather detections cell/8/1/5/6: 6
  gather detections cell/8/1/5/7: 9
  gather detections cell/8/1/5/8: 6
  gather detections cell/8/1/5/9: 6
  gather detections cell/8/1/5/10: 13
  gather detections cell/8/1/5/11: 15
  gather detections cell/8/1/6/0: 20
  gather detections cell/8/1/6/1: 12
  gather detections cell/8/1/6/2: 11
  gather detections cell/8/1/6/3: 8
  gather detections cell/8/1/6/4: 16
  gather detections cell/8/1/6/5: 9
  gather detections cell/8/1/6/6: 4
  gather detections cell/8/1/6/7: 10
  gather detections cell/8/1/6/8: 13
  gather detections cell/8/1/6/9: 15
  gather detections cell/8/1/6/10: 18
  gather detections cell/8/1/6/11: 14
  gather detections cell/8/1/7/0: 16
  gather detections cell/8/1/7/1: 9
  gather detections cell/8/1/7/2: 10
  gather detections cell/8/1/7/3: 11
  gather detections cell/8/1/7/4: 15
  gather detections cell/8/1/7/5: 7
  gather detections cell/8/1/7/6: 4
  gather detections cell/8/1/7/7: 4
  gather detections cell/8/1/7/8: 13
  gather detections cell/8/1/7/9: 12
  gather detections cell/8/1/7/10: 18
  gather detections cell/8/1/7/11: 12
  gather detections cell/8/1/8/0: 23
  gather detections cell/8/1/8/1: 11
  gather detections cell/8/1/8/2: 11
  gather detections cell/8/1/8/3: 8
  gather detections cell/8/1/8/4: 15
  gather detections cell/8/1/8/5: 13
  gather detections cell/8/1/8/6: 5
  gather detections cell/8/1/8/7: 3
  gather detections cell/8/1/8/8: 16
  gather detections cell/8/1/8/9: 15
  gather detections cell/8/1/8/10: 19
  gather detections cell/8/1/8/11: 12
  gather detections cell/8/1/9/0: 16
  gather detections cell/8/1/9/1: 9
  gather detections cell/8/1/9/2: 13
  gather detections cell/8/1/9/3: 11
  gather detections cell/8/1/9/4: 17
  gather detections cell/8/1/9/5: 8
  gather detections cell/8/1/9/6: 8
  gather detections cell/8/1/9/7: 8
  gather detections cell/8/1/9/8: 17
  gather detections cell/8/1/9/9: 15
  gather detections cell/8/1/9/10: 20
  gather detections cell/8/1/9/11: 15
  gather detections cell/8/1/10/0: 11
  gather detections cell/8/1/10/1: 5
  gather detections cell/8/1/10/2: 7
  gather detections cell/8/1/10/3: 7
  gather detections cell/8/1/10/4: 7
  gather detections cell/8/1/10/5: 7
  gather detections cell/8/1/10/6: 5
  gather detections cell/8/1/10/7: 4
  gather detections cell/8/1/10/8: 10
  gather detections cell/8/1/10/9: 9
  gather detections cell/8/1/10/10: 6
  gather detections cell/8/1/10/11: 7
  gather ink cell/8/0/0/0: 20 (summary row)
  gather ink cell/8/0/0/1: 21 (summary row)
  gather ink cell/8/0/0/2: 12 (summary row)
  gather ink cell/8/0/0/3: 4 (summary row)
  gather ink cell/8/0/0/4: 7 (summary row)
  gather ink cell/8/0/0/5: 9 (summary row)
  gather ink cell/8/0/0/6: 11 (summary row)
  gather ink cell/8/0/0/7: 9 (summary row)
  gather ink cell/8/0/0/8: 10 (summary row)
  gather ink cell/8/0/0/9: 16 (summary row)
  gather ink cell/8/0/0/10: 13 (summary row)
  gather ink cell/8/0/0/11: 2 (summary row)
  gather ink cell/8/0/0/12: 6 (summary row)
  gather ink cell/8/0/1/0: 24 (summary row)
  gather ink cell/8/0/1/1: 17 (summary row)
  gather ink cell/8/0/1/2: 23 (summary row)
  gather ink cell/8/0/1/3: 11 (summary row)
  gather ink cell/8/0/1/4: 14 (summary row)
  gather ink cell/8/0/1/5: 14 (summary row)
  gather ink cell/8/0/1/6: 24 (summary row)
  gather ink cell/8/0/1/7: 10 (summary row)
  gather ink cell/8/0/1/8: 20 (summary row)
  gather ink cell/8/0/1/9: 45 (summary row)
  gather ink cell/8/0/1/10: 23 (summary row)
  gather ink cell/8/0/1/11: 3 (summary row)
  gather ink cell/8/0/1/12: 7 (summary row)
  gather ink cell/8/0/2/0: 19 (summary row)
  gather ink cell/8/0/2/1: 13 (summary row)
  gather ink cell/8/0/2/2: 24 (summary row)
  gather ink cell/8/0/2/3: 15 (summary row)
  gather ink cell/8/0/2/4: 15 (summary row)
  gather ink cell/8/0/2/5: 16 (summary row)
  gather ink cell/8/0/2/6: 54 (summary row)
  gather ink cell/8/0/2/7: 18 (summary row)
  gather ink cell/8/0/2/8: 12 (summary row)
  gather ink cell/8/0/2/9: 42 (summary row)
  gather ink cell/8/0/2/10: 19 (summary row)
  gather ink cell/8/0/2/11: 20 (summary row)
  gather ink cell/8/0/2/12: 18 (summary row)
  gather ink cell/8/0/3/0: 22 (summary row)
  gather ink cell/8/0/3/1: 10 (summary row)
  gather ink cell/8/0/3/2: 18 (summary row)
  gather ink cell/8/0/3/3: 13 (summary row)
  gather ink cell/8/0/3/4: 18 (summary row)
  gather ink cell/8/0/3/5: 17 (summary row)
  gather ink cell/8/0/3/6: 43 (summary row)
  gather ink cell/8/0/3/7: 14 (summary row)
  gather ink cell/8/0/3/8: 13 (summary row)
  gather ink cell/8/0/3/9: 16 (summary row)
  gather ink cell/8/0/3/10: 4 (summary row)
  gather ink cell/8/0/3/11: 15 (summary row)
  gather ink cell/8/0/3/12: 13 (summary row)
  gather ink cell/8/0/4/0: 16 (summary row)
  gather ink cell/8/0/4/1: 7 (summary row)
  gather ink cell/8/0/4/2: 5 (summary row)
  gather ink cell/8/0/4/3: 6 (summary row)
  gather ink cell/8/0/4/4: 9 (summary row)
  gather ink cell/8/0/4/5: 6 (summary row)
  gather ink cell/8/0/4/6: 14 (summary row)
  gather ink cell/8/0/4/7: 4 (summary row)
  gather ink cell/8/0/4/8: 6 (summary row)
  gather ink cell/8/0/4/9: 13 (summary row)
  gather ink cell/8/0/4/10: 5 (summary row)
  gather ink cell/8/0/4/11: 3 (summary row)
  gather ink cell/8/0/4/12: 3 (summary row)
  gather ink cell/8/0/5/0: 10 (summary row)
  gather ink cell/8/0/5/1: 16 (summary row)
  gather ink cell/8/0/5/2: 11 (summary row)
  gather ink cell/8/0/5/3: 7 (summary row)
  gather ink cell/8/0/5/4: 8 (summary row)
  gather ink cell/8/0/5/5: 10 (summary row)
  gather ink cell/8/0/5/6: 18 (summary row)
  gather ink cell/8/0/5/7: 12 (summary row)
  gather ink cell/8/0/5/8: 13 (summary row)
  gather ink cell/8/0/5/9: 18 (summary row)
  gather ink cell/8/0/5/10: 8 (summary row)
  gather ink cell/8/0/5/11: 4 (summary row)
  gather ink cell/8/0/5/12: 4 (summary row)
  gather ink cell/8/0/6/0: 13 (summary row)
  gather ink cell/8/0/6/1: 13 (summary row)
  gather ink cell/8/0/6/2: 9 (summary row)
  gather ink cell/8/0/6/3: 4 (summary row)
  gather ink cell/8/0/6/4: 8 (summary row)
  gather ink cell/8/0/6/5: 6 (summary row)
  gather ink cell/8/0/6/6: 10 (summary row)
  gather ink cell/8/0/6/7: 4 (summary row)
  gather ink cell/8/0/6/8: 5 (summary row)
  gather ink cell/8/0/6/9: 19 (summary row)
  gather ink cell/8/0/6/10: 8 (summary row)
  gather ink cell/8/0/6/11: 11 (summary row)
  gather ink cell/8/0/6/12: 14 (summary row)
  gather ink cell/8/0/7/0: 11 (summary row)
  gather ink cell/8/0/7/1: 5 (summary row)
  gather ink cell/8/0/7/2: 3 (summary row)
  gather ink cell/8/0/7/3: 6 (summary row)
  gather ink cell/8/0/7/4: 7 (summary row)
  gather ink cell/8/0/7/5: 5 (summary row)
  gather ink cell/8/0/7/6: 4 (summary row)
  gather ink cell/8/0/7/7: 3 (summary row)
  gather ink cell/8/0/7/8: 4 (summary row)
  gather ink cell/8/0/7/9: 12 (summary row)
  gather ink cell/8/0/7/10: 8 (summary row)
  gather ink cell/8/0/7/11: 6 (summary row)
  gather ink cell/8/0/7/12: 14 (summary row)
  gather ink cell/8/0/8/0: 22 (summary row)
  gather ink cell/8/0/8/1: 12 (summary row)
  gather ink cell/8/0/8/2: 7 (summary row)
  gather ink cell/8/0/8/3: 14 (summary row)
  gather ink cell/8/0/8/4: 10 (summary row)
  gather ink cell/8/0/8/5: 9 (summary row)
  gather ink cell/8/0/8/6: 20 (summary row)
  gather ink cell/8/0/8/7: 24 (summary row)
  gather ink cell/8/0/8/8: 26 (summary row)
  gather ink cell/8/0/8/9: 11 (summary row)
  gather ink cell/8/0/8/10: 21 (summary row)
  gather ink cell/8/0/8/11: 6 (summary row)
  gather ink cell/8/0/8/12: 10 (summary row)
  gather ink cell/8/0/9/0: 19 (summary row)
  gather ink cell/8/0/9/1: 9 (summary row)
  gather ink cell/8/0/9/2: 15 (summary row)
  gather ink cell/8/0/9/3: 12 (summary row)
  gather ink cell/8/0/9/4: 9 (summary row)
  gather ink cell/8/0/9/5: 11 (summary row)
  gather ink cell/8/0/9/6: 33 (summary row)
  gather ink cell/8/0/9/7: 15 (summary row)
  gather ink cell/8/0/9/8: 21 (summary row)
  gather ink cell/8/0/9/9: 27 (summary row)
  gather ink cell/8/0/9/10: 26 (summary row)
  gather ink cell/8/0/9/11: 6 (summary row)
  gather ink cell/8/0/9/12: 14 (summary row)
  gather ink cell/8/0/10/0: 20 (summary row)
  gather ink cell/8/0/10/1: 6 (summary row)
  gather ink cell/8/0/10/2: 9 (summary row)
  gather ink cell/8/0/10/3: 18 (summary row)
  gather ink cell/8/0/10/4: 5 (summary row)
  gather ink cell/8/0/10/5: 9 (summary row)
  gather ink cell/8/0/10/6: 18 (summary row)
  gather ink cell/8/0/10/7: 3 (summary row)
  gather ink cell/8/0/10/8: 3 (summary row)
  gather ink cell/8/0/10/9: 26 (summary row)
  gather ink cell/8/0/10/10: 4 (summary row)
  gather ink cell/8/0/10/11: 3 (summary row)
  gather ink cell/8/0/10/12: 7 (summary row)
  gather ink cell/8/1/0/0: 15 (summary row)
  gather ink cell/8/1/0/1: 5 (summary row)
  gather ink cell/8/1/0/2: 4 (summary row)
  gather ink cell/8/1/0/3: 12 (summary row)
  gather ink cell/8/1/0/4: 6 (summary row)
  gather ink cell/8/1/0/5: 2 (summary row)
  gather ink cell/8/1/0/6: 3 (summary row)
  gather ink cell/8/1/0/7: 11 (summary row)
  gather ink cell/8/1/0/8: 6 (summary row)
  gather ink cell/8/1/0/9: 10 (summary row)
  gather ink cell/8/1/0/10: 19 (summary row)
  gather ink cell/8/1/0/11: 16 (summary row)
  gather ink cell/8/1/1/0: 18 (summary row)
  gather ink cell/8/1/1/1: 14 (summary row)
  gather ink cell/8/1/1/2: 5 (summary row)
  gather ink cell/8/1/1/3: 34 (summary row)
  gather ink cell/8/1/1/4: 7 (summary row)
  gather ink cell/8/1/1/5: 12 (summary row)
  gather ink cell/8/1/1/6: 7 (summary row)
  gather ink cell/8/1/1/7: 24 (summary row)
  gather ink cell/8/1/1/8: 3 (summary row)
  gather ink cell/8/1/1/9: 4 (summary row)
  gather ink cell/8/1/1/10: 23 (summary row)
  gather ink cell/8/1/1/11: 7 (summary row)
  gather ink cell/8/1/2/0: 38 (summary row)
  gather ink cell/8/1/2/1: 32 (summary row)
  gather ink cell/8/1/2/2: 9 (summary row)
  gather ink cell/8/1/2/3: 26 (summary row)
  gather ink cell/8/1/2/4: 22 (summary row)
  gather ink cell/8/1/2/5: 21 (summary row)
  gather ink cell/8/1/2/6: 19 (summary row)
  gather ink cell/8/1/2/7: 14 (summary row)
  gather ink cell/8/1/2/8: 7 (summary row)
  gather ink cell/8/1/2/9: 8 (summary row)
  gather ink cell/8/1/2/10: 19 (summary row)
  gather ink cell/8/1/2/11: 7 (summary row)
  gather ink cell/8/1/3/0: 20 (summary row)
  gather ink cell/8/1/3/1: 15 (summary row)
  gather ink cell/8/1/3/2: 6 (summary row)
  gather ink cell/8/1/3/3: 10 (summary row)
  gather ink cell/8/1/3/4: 20 (summary row)
  gather ink cell/8/1/3/5: 9 (summary row)
  gather ink cell/8/1/3/6: 9 (summary row)
  gather ink cell/8/1/3/7: 5 (summary row)
  gather ink cell/8/1/3/8: 7 (summary row)
  gather ink cell/8/1/3/9: 4 (summary row)
  gather ink cell/8/1/3/10: 17 (summary row)
  gather ink cell/8/1/3/11: 7 (summary row)
  gather ink cell/8/1/4/0: 11 (summary row)
  gather ink cell/8/1/4/1: 4 (summary row)
  gather ink cell/8/1/4/2: 5 (summary row)
  gather ink cell/8/1/4/3: 5 (summary row)
  gather ink cell/8/1/4/4: 6 (summary row)
  gather ink cell/8/1/4/5: 8 (summary row)
  gather ink cell/8/1/4/6: 5 (summary row)
  gather ink cell/8/1/4/7: 3 (summary row)
  gather ink cell/8/1/4/8: 3 (summary row)
  gather ink cell/8/1/4/9: 6 (summary row)
  gather ink cell/8/1/4/10: 6 (summary row)
  gather ink cell/8/1/4/11: 5 (summary row)
  gather ink cell/8/1/5/0: 23 (summary row)
  gather ink cell/8/1/5/1: 10 (summary row)
  gather ink cell/8/1/5/2: 10 (summary row)
  gather ink cell/8/1/5/3: 11 (summary row)
  gather ink cell/8/1/5/4: 4 (summary row)
  gather ink cell/8/1/5/5: 13 (summary row)
  gather ink cell/8/1/5/6: 9 (summary row)
  gather ink cell/8/1/5/7: 6 (summary row)
  gather ink cell/8/1/5/8: 3 (summary row)
  gather ink cell/8/1/5/9: 6 (summary row)
  gather ink cell/8/1/5/10: 20 (summary row)
  gather ink cell/8/1/5/11: 13 (summary row)
  gather ink cell/8/1/6/0: 25 (summary row)
  gather ink cell/8/1/6/1: 9 (summary row)
  gather ink cell/8/1/6/2: 6 (summary row)
  gather ink cell/8/1/6/3: 14 (summary row)
  gather ink cell/8/1/6/4: 6 (summary row)
  gather ink cell/8/1/6/5: 7 (summary row)
  gather ink cell/8/1/6/6: 5 (summary row)
  gather ink cell/8/1/6/7: 6 (summary row)
  gather ink cell/8/1/6/8: 22 (summary row)
  gather ink cell/8/1/6/9: 9 (summary row)
  gather ink cell/8/1/6/10: 30 (summary row)
  gather ink cell/8/1/6/11: 24 (summary row)
  gather ink cell/8/1/7/0: 22 (summary row)
  gather ink cell/8/1/7/1: 10 (summary row)
  gather ink cell/8/1/7/2: 9 (summary row)
  gather ink cell/8/1/7/3: 22 (summary row)
  gather ink cell/8/1/7/4: 5 (summary row)
  gather ink cell/8/1/7/5: 8 (summary row)
  gather ink cell/8/1/7/6: 3 (summary row)
  gather ink cell/8/1/7/7: 4 (summary row)
  gather ink cell/8/1/7/8: 16 (summary row)
  gather ink cell/8/1/7/9: 10 (summary row)
  gather ink cell/8/1/7/10: 19 (summary row)
  gather ink cell/8/1/7/11: 32 (summary row)
  gather ink cell/8/1/8/0: 13 (summary row)
  gather ink cell/8/1/8/1: 6 (summary row)
  gather ink cell/8/1/8/2: 9 (summary row)
  gather ink cell/8/1/8/3: 13 (summary row)
  gather ink cell/8/1/8/4: 16 (summary row)
  gather ink cell/8/1/8/5: 13 (summary row)
  gather ink cell/8/1/8/6: 7 (summary row)
  gather ink cell/8/1/8/7: 6 (summary row)
  gather ink cell/8/1/8/8: 31 (summary row)
  gather ink cell/8/1/8/9: 14 (summary row)
  gather ink cell/8/1/8/10: 29 (summary row)
  gather ink cell/8/1/8/11: 26 (summary row)
  gather ink cell/8/1/9/0: 17 (summary row)
  gather ink cell/8/1/9/1: 7 (summary row)
  gather ink cell/8/1/9/2: 15 (summary row)
  gather ink cell/8/1/9/3: 7 (summary row)
  gather ink cell/8/1/9/4: 20 (summary row)
  gather ink cell/8/1/9/5: 18 (summary row)
  gather ink cell/8/1/9/6: 19 (summary row)
  gather ink cell/8/1/9/7: 17 (summary row)
  gather ink cell/8/1/9/8: 36 (summary row)
  gather ink cell/8/1/9/9: 10 (summary row)
  gather ink cell/8/1/9/10: 30 (summary row)
  gather ink cell/8/1/9/11: 16 (summary row)
  gather ink cell/8/1/10/0: 14 (summary row)
  gather ink cell/8/1/10/1: 8 (summary row)
  gather ink cell/8/1/10/2: 4 (summary row)
  gather ink cell/8/1/10/3: 6 (summary row)
  gather ink cell/8/1/10/4: 21 (summary row)
  gather ink cell/8/1/10/5: 14 (summary row)
  gather ink cell/8/1/10/6: 6 (summary row)
  gather ink cell/8/1/10/7: 4 (summary row)
  gather ink cell/8/1/10/8: 16 (summary row)
  gather ink cell/8/1/10/9: 8 (summary row)
  gather ink cell/8/1/10/10: 10 (summary row)
  gather ink cell/8/1/10/11: 16 (summary row)
  gather detections cell/9/0/0/0: 23
  gather detections cell/9/0/0/1: 16
  gather detections cell/9/0/0/2: 17
  gather detections cell/9/0/0/3: 17
  gather detections cell/9/0/0/4: 23
  gather detections cell/9/0/0/5: 22
  gather detections cell/9/0/0/6: 28
  gather detections cell/9/0/0/7: 21
  gather detections cell/9/0/0/8: 25
  gather detections cell/9/0/1/0: 21
  gather detections cell/9/0/1/1: 9
  gather detections cell/9/0/1/2: 15
  gather detections cell/9/0/1/3: 15
  gather detections cell/9/0/1/4: 26
  gather detections cell/9/0/1/5: 17
  gather detections cell/9/0/1/6: 25
  gather detections cell/9/0/1/7: 17
  gather detections cell/9/0/1/8: 23
  gather detections cell/9/0/2/0: 21
  gather detections cell/9/0/2/1: 9
  gather detections cell/9/0/2/2: 13
  gather detections cell/9/0/2/3: 13
  gather detections cell/9/0/2/4: 21
  gather detections cell/9/0/2/5: 15
  gather detections cell/9/0/2/6: 19
  gather detections cell/9/0/2/7: 15
  gather detections cell/9/0/2/8: 18
  gather detections cell/9/0/3/0: 34
  gather detections cell/9/0/3/1: 24
  gather detections cell/9/0/3/2: 13
  gather detections cell/9/0/3/3: 19
  gather detections cell/9/0/3/4: 17
  gather detections cell/9/0/3/5: 25
  gather detections cell/9/0/3/6: 19
  gather detections cell/9/0/3/7: 20
  gather detections cell/9/0/3/8: 26
  gather detections cell/9/0/4/0: 26
  gather detections cell/9/0/4/1: 9
  gather detections cell/9/0/4/2: 11
  gather detections cell/9/0/4/3: 14
  gather detections cell/9/0/4/4: 15
  gather detections cell/9/0/4/5: 16
  gather detections cell/9/0/4/6: 18
  gather detections cell/9/0/4/7: 14
  gather detections cell/9/0/4/8: 25
  gather detections cell/9/0/5/0: 11
  gather detections cell/9/0/5/1: 4
  gather detections cell/9/0/5/2: 10
  gather detections cell/9/0/5/3: 12
  gather detections cell/9/0/5/4: 10
  gather detections cell/9/0/5/5: 9
  gather detections cell/9/0/5/6: 15
  gather detections cell/9/0/5/7: 7
  gather detections cell/9/0/5/8: 11
  gather detections cell/9/0/6/0: 23
  gather detections cell/9/0/6/1: 9
  gather detections cell/9/0/6/2: 13
  gather detections cell/9/0/6/3: 13
  gather detections cell/9/0/6/4: 20
  gather detections cell/9/0/6/5: 17
  gather detections cell/9/0/6/6: 24
  gather detections cell/9/0/6/7: 16
  gather detections cell/9/0/6/8: 16
  gather detections cell/9/0/7/0: 31
  gather detections cell/9/0/7/1: 18
  gather detections cell/9/0/7/2: 22
  gather detections cell/9/0/7/3: 18
  gather detections cell/9/0/7/4: 15
  gather detections cell/9/0/7/5: 27
  gather detections cell/9/0/7/6: 14
  gather detections cell/9/0/7/7: 23
  gather detections cell/9/0/7/8: 28
  gather detections cell/9/0/8/0: 23
  gather detections cell/9/0/8/1: 16
  gather detections cell/9/0/8/2: 16
  gather detections cell/9/0/8/3: 18
  gather detections cell/9/0/8/4: 9
  gather detections cell/9/0/8/5: 21
  gather detections cell/9/0/8/6: 8
  gather detections cell/9/0/8/7: 17
  gather detections cell/9/0/8/8: 24
  gather detections cell/9/0/9/0: 36
  gather detections cell/9/0/9/1: 14
  gather detections cell/9/0/9/2: 10
  gather detections cell/9/0/9/3: 20
  gather detections cell/9/0/9/4: 15
  gather detections cell/9/0/9/5: 13
  gather detections cell/9/0/9/6: 18
  gather detections cell/9/0/9/7: 13
  gather detections cell/9/0/9/8: 21
  gather detections cell/9/0/10/0: 29
  gather detections cell/9/0/10/1: 9
  gather detections cell/9/0/10/2: 13
  gather detections cell/9/0/10/3: 10
  gather detections cell/9/0/10/4: 12
  gather detections cell/9/0/10/5: 21
  gather detections cell/9/0/10/6: 13
  gather detections cell/9/0/10/7: 16
  gather detections cell/9/0/10/8: 20
  gather detections cell/9/0/11/0: 21
  gather detections cell/9/0/11/1: 10
  gather detections cell/9/0/11/2: 12
  gather detections cell/9/0/11/3: 12
  gather detections cell/9/0/11/4: 14
  gather detections cell/9/0/11/5: 21
  gather detections cell/9/0/11/6: 13
  gather detections cell/9/0/11/7: 11
  gather detections cell/9/0/11/8: 19
  gather detections cell/9/1/0/0: 18
  gather detections cell/9/1/0/1: 10
  gather detections cell/9/1/0/2: 16
  gather detections cell/9/1/0/3: 15
  gather detections cell/9/1/0/4: 26
  gather detections cell/9/1/0/5: 17
  gather detections cell/9/1/0/6: 23
  gather detections cell/9/1/0/7: 13
  gather detections cell/9/1/0/8: 15
  gather detections cell/9/1/1/0: 15
  gather detections cell/9/1/1/1: 16
  gather detections cell/9/1/1/2: 17
  gather detections cell/9/1/1/3: 22
  gather detections cell/9/1/1/4: 26
  gather detections cell/9/1/1/5: 16
  gather detections cell/9/1/1/6: 14
  gather detections cell/9/1/1/7: 11
  gather detections cell/9/1/1/8: 13
  gather detections cell/9/1/2/0: 17
  gather detections cell/9/1/2/1: 17
  gather detections cell/9/1/2/2: 16
  gather detections cell/9/1/2/3: 21
  gather detections cell/9/1/2/4: 15
  gather detections cell/9/1/2/5: 23
  gather detections cell/9/1/2/6: 14
  gather detections cell/9/1/2/7: 16
  gather detections cell/9/1/2/8: 15
  gather detections cell/9/1/3/0: 26
  gather detections cell/9/1/3/1: 28
  gather detections cell/9/1/3/2: 22
  gather detections cell/9/1/3/3: 16
  gather detections cell/9/1/3/4: 20
  gather detections cell/9/1/3/5: 17
  gather detections cell/9/1/3/6: 20
  gather detections cell/9/1/3/7: 13
  gather detections cell/9/1/3/8: 17
  gather detections cell/9/1/4/0: 19
  gather detections cell/9/1/4/1: 18
  gather detections cell/9/1/4/2: 20
  gather detections cell/9/1/4/3: 9
  gather detections cell/9/1/4/4: 16
  gather detections cell/9/1/4/5: 8
  gather detections cell/9/1/4/6: 10
  gather detections cell/9/1/4/7: 14
  gather detections cell/9/1/4/8: 16
  gather detections cell/9/1/5/0: 6
  gather detections cell/9/1/5/1: 5
  gather detections cell/9/1/5/2: 9
  gather detections cell/9/1/5/3: 8
  gather detections cell/9/1/5/4: 7
  gather detections cell/9/1/5/5: 10
  gather detections cell/9/1/5/6: 7
  gather detections cell/9/1/5/7: 20
  gather detections cell/9/1/5/8: 9
  gather detections cell/9/1/6/0: 15
  gather detections cell/9/1/6/1: 15
  gather detections cell/9/1/6/2: 12
  gather detections cell/9/1/6/3: 15
  gather detections cell/9/1/6/4: 13
  gather detections cell/9/1/6/5: 11
  gather detections cell/9/1/6/6: 9
  gather detections cell/9/1/6/7: 14
  gather detections cell/9/1/6/8: 11
  gather detections cell/9/1/7/0: 10
  gather detections cell/9/1/7/1: 2
  gather detections cell/9/1/7/2: 5
  gather detections cell/9/1/7/3: 3
  gather detections cell/9/1/7/4: 11
  gather detections cell/9/1/7/5: 3
  gather detections cell/9/1/7/6: 6
  gather detections cell/9/1/7/7: 8
  gather detections cell/9/1/7/8: 14
  gather detections cell/9/1/8/0: 16
  gather detections cell/9/1/8/1: 10
  gather detections cell/9/1/8/2: 12
  gather detections cell/9/1/8/3: 10
  gather detections cell/9/1/8/4: 20
  gather detections cell/9/1/8/5: 12
  gather detections cell/9/1/8/6: 17
  gather detections cell/9/1/8/7: 32
  gather detections cell/9/1/8/8: 25
  gather detections cell/9/1/9/0: 17
  gather detections cell/9/1/9/1: 12
  gather detections cell/9/1/9/2: 13
  gather detections cell/9/1/9/3: 9
  gather detections cell/9/1/9/4: 19
  gather detections cell/9/1/9/5: 13
  gather detections cell/9/1/9/6: 16
  gather detections cell/9/1/9/7: 29
  gather detections cell/9/1/9/8: 16
  gather detections cell/9/1/10/0: 22
  gather detections cell/9/1/10/1: 23
  gather detections cell/9/1/10/2: 23
  gather detections cell/9/1/10/3: 12
  gather detections cell/9/1/10/4: 27
  gather detections cell/9/1/10/5: 16
  gather detections cell/9/1/10/6: 26
  gather detections cell/9/1/10/7: 22
  gather detections cell/9/1/10/8: 18
  gather detections cell/9/1/11/0: 17
  gather detections cell/9/1/11/1: 20
  gather detections cell/9/1/11/2: 19
  gather detections cell/9/1/11/3: 11
  gather detections cell/9/1/11/4: 12
  gather detections cell/9/1/11/5: 13
  gather detections cell/9/1/11/6: 18
  gather detections cell/9/1/11/7: 16
  gather detections cell/9/1/11/8: 12
  gather detections cell/9/1/12/0: 18
  gather detections cell/9/1/12/1: 16
  gather detections cell/9/1/12/2: 18
  gather detections cell/9/1/12/3: 12
  gather detections cell/9/1/12/4: 10
  gather detections cell/9/1/12/5: 9
  gather detections cell/9/1/12/6: 18
  gather detections cell/9/1/12/7: 15
  gather detections cell/9/1/12/8: 13
  gather ink cell/9/0/0/0: 29 (summary row)
  gather ink cell/9/0/0/1: 18 (summary row)
  gather ink cell/9/0/0/2: 22 (summary row)
  gather ink cell/9/0/0/3: 11 (summary row)
  gather ink cell/9/0/0/4: 14 (summary row)
  gather ink cell/9/0/0/5: 15 (summary row)
  gather ink cell/9/0/0/6: 17 (summary row)
  gather ink cell/9/0/0/7: 13 (summary row)
  gather ink cell/9/0/0/8: 19 (summary row)
  gather ink cell/9/0/1/0: 32 (summary row)
  gather ink cell/9/0/1/1: 13 (summary row)
  gather ink cell/9/0/1/2: 18 (summary row)
  gather ink cell/9/0/1/3: 6 (summary row)
  gather ink cell/9/0/1/4: 11 (summary row)
  gather ink cell/9/0/1/5: 21 (summary row)
  gather ink cell/9/0/1/6: 27 (summary row)
  gather ink cell/9/0/1/7: 50 (summary row)
  gather ink cell/9/0/1/8: 28 (summary row)
  gather ink cell/9/0/2/0: 36 (summary row)
  gather ink cell/9/0/2/1: 13 (summary row)
  gather ink cell/9/0/2/2: 16 (summary row)
  gather ink cell/9/0/2/3: 14 (summary row)
  gather ink cell/9/0/2/4: 19 (summary row)
  gather ink cell/9/0/2/5: 25 (summary row)
  gather ink cell/9/0/2/6: 15 (summary row)
  gather ink cell/9/0/2/7: 13 (summary row)
  gather ink cell/9/0/2/8: 19 (summary row)
  gather ink cell/9/0/3/0: 38 (summary row)
  gather ink cell/9/0/3/1: 15 (summary row)
  gather ink cell/9/0/3/2: 10 (summary row)
  gather ink cell/9/0/3/3: 6 (summary row)
  gather ink cell/9/0/3/4: 14 (summary row)
  gather ink cell/9/0/3/5: 18 (summary row)
  gather ink cell/9/0/3/6: 15 (summary row)
  gather ink cell/9/0/3/7: 18 (summary row)
  gather ink cell/9/0/3/8: 22 (summary row)
  gather ink cell/9/0/4/0: 33 (summary row)
  gather ink cell/9/0/4/1: 11 (summary row)
  gather ink cell/9/0/4/2: 10 (summary row)
  gather ink cell/9/0/4/3: 17 (summary row)
  gather ink cell/9/0/4/4: 12 (summary row)
  gather ink cell/9/0/4/5: 14 (summary row)
  gather ink cell/9/0/4/6: 13 (summary row)
  gather ink cell/9/0/4/7: 11 (summary row)
  gather ink cell/9/0/4/8: 22 (summary row)
  gather ink cell/9/0/5/0: 20 (summary row)
  gather ink cell/9/0/5/1: 7 (summary row)
  gather ink cell/9/0/5/2: 7 (summary row)
  gather ink cell/9/0/5/3: 8 (summary row)
  gather ink cell/9/0/5/4: 8 (summary row)
  gather ink cell/9/0/5/5: 12 (summary row)
  gather ink cell/9/0/5/6: 6 (summary row)
  gather ink cell/9/0/5/7: 4 (summary row)
  gather ink cell/9/0/5/8: 6 (summary row)
  gather ink cell/9/0/6/0: 63 (summary row)
  gather ink cell/9/0/6/1: 17 (summary row)
  gather ink cell/9/0/6/2: 13 (summary row)
  gather ink cell/9/0/6/3: 18 (summary row)
  gather ink cell/9/0/6/4: 18 (summary row)
  gather ink cell/9/0/6/5: 9 (summary row)
  gather ink cell/9/0/6/6: 16 (summary row)
  gather ink cell/9/0/6/7: 16 (summary row)
  gather ink cell/9/0/6/8: 24 (summary row)
  gather ink cell/9/0/7/0: 25 (summary row)
  gather ink cell/9/0/7/1: 15 (summary row)
  gather ink cell/9/0/7/2: 22 (summary row)
  gather ink cell/9/0/7/3: 13 (summary row)
  gather ink cell/9/0/7/4: 16 (summary row)
  gather ink cell/9/0/7/5: 18 (summary row)
  gather ink cell/9/0/7/6: 15 (summary row)
  gather ink cell/9/0/7/7: 18 (summary row)
  gather ink cell/9/0/7/8: 20 (summary row)
  gather ink cell/9/0/8/0: 32 (summary row)
  gather ink cell/9/0/8/1: 11 (summary row)
  gather ink cell/9/0/8/2: 13 (summary row)
  gather ink cell/9/0/8/3: 13 (summary row)
  gather ink cell/9/0/8/4: 10 (summary row)
  gather ink cell/9/0/8/5: 17 (summary row)
  gather ink cell/9/0/8/6: 11 (summary row)
  gather ink cell/9/0/8/7: 17 (summary row)
  gather ink cell/9/0/8/8: 30 (summary row)
  gather ink cell/9/0/9/0: 37 (summary row)
  gather ink cell/9/0/9/1: 15 (summary row)
  gather ink cell/9/0/9/2: 11 (summary row)
  gather ink cell/9/0/9/3: 15 (summary row)
  gather ink cell/9/0/9/4: 17 (summary row)
  gather ink cell/9/0/9/5: 24 (summary row)
  gather ink cell/9/0/9/6: 13 (summary row)
  gather ink cell/9/0/9/7: 19 (summary row)
  gather ink cell/9/0/9/8: 33 (summary row)
  gather ink cell/9/0/10/0: 41 (summary row)
  gather ink cell/9/0/10/1: 17 (summary row)
  gather ink cell/9/0/10/2: 9 (summary row)
  gather ink cell/9/0/10/3: 9 (summary row)
  gather ink cell/9/0/10/4: 14 (summary row)
  gather ink cell/9/0/10/5: 12 (summary row)
  gather ink cell/9/0/10/6: 19 (summary row)
  gather ink cell/9/0/10/7: 9 (summary row)
  gather ink cell/9/0/10/8: 17 (summary row)
  gather ink cell/9/0/11/0: 38 (summary row)
  gather ink cell/9/0/11/1: 20 (summary row)
  gather ink cell/9/0/11/2: 7 (summary row)
  gather ink cell/9/0/11/3: 8 (summary row)
  gather ink cell/9/0/11/4: 13 (summary row)
  gather ink cell/9/0/11/5: 12 (summary row)
  gather ink cell/9/0/11/6: 11 (summary row)
  gather ink cell/9/0/11/7: 8 (summary row)
  gather ink cell/9/0/11/8: 16 (summary row)
  gather ink cell/9/1/0/0: 37 (summary row)
  gather ink cell/9/1/0/1: 11 (summary row)
  gather ink cell/9/1/0/2: 11 (summary row)
  gather ink cell/9/1/0/3: 12 (summary row)
  gather ink cell/9/1/0/4: 17 (summary row)
  gather ink cell/9/1/0/5: 15 (summary row)
  gather ink cell/9/1/0/6: 17 (summary row)
  gather ink cell/9/1/0/7: 10 (summary row)
  gather ink cell/9/1/0/8: 17 (summary row)
  gather ink cell/9/1/1/0: 45 (summary row)
  gather ink cell/9/1/1/1: 10 (summary row)
  gather ink cell/9/1/1/2: 6 (summary row)
  gather ink cell/9/1/1/3: 16 (summary row)
  gather ink cell/9/1/1/4: 14 (summary row)
  gather ink cell/9/1/1/5: 13 (summary row)
  gather ink cell/9/1/1/6: 16 (summary row)
  gather ink cell/9/1/1/7: 12 (summary row)
  gather ink cell/9/1/1/8: 13 (summary row)
  gather ink cell/9/1/2/0: 42 (summary row)
  gather ink cell/9/1/2/1: 13 (summary row)
  gather ink cell/9/1/2/2: 10 (summary row)
  gather ink cell/9/1/2/3: 16 (summary row)
  gather ink cell/9/1/2/4: 12 (summary row)
  gather ink cell/9/1/2/5: 19 (summary row)
  gather ink cell/9/1/2/6: 13 (summary row)
  gather ink cell/9/1/2/7: 14 (summary row)
  gather ink cell/9/1/2/8: 16 (summary row)
  gather ink cell/9/1/3/0: 33 (summary row)
  gather ink cell/9/1/3/1: 23 (summary row)
  gather ink cell/9/1/3/2: 15 (summary row)
  gather ink cell/9/1/3/3: 14 (summary row)
  gather ink cell/9/1/3/4: 18 (summary row)
  gather ink cell/9/1/3/5: 12 (summary row)
  gather ink cell/9/1/3/6: 12 (summary row)
  gather ink cell/9/1/3/7: 13 (summary row)
  gather ink cell/9/1/3/8: 15 (summary row)
  gather ink cell/9/1/4/0: 32 (summary row)
  gather ink cell/9/1/4/1: 21 (summary row)
  gather ink cell/9/1/4/2: 13 (summary row)
  gather ink cell/9/1/4/3: 13 (summary row)
  gather ink cell/9/1/4/4: 10 (summary row)
  gather ink cell/9/1/4/5: 8 (summary row)
  gather ink cell/9/1/4/6: 11 (summary row)
  gather ink cell/9/1/4/7: 15 (summary row)
  gather ink cell/9/1/4/8: 10 (summary row)
  gather ink cell/9/1/5/0: 10 (summary row)
  gather ink cell/9/1/5/1: 13 (summary row)
  gather ink cell/9/1/5/2: 6 (summary row)
  gather ink cell/9/1/5/3: 9 (summary row)
  gather ink cell/9/1/5/4: 8 (summary row)
  gather ink cell/9/1/5/5: 7 (summary row)
  gather ink cell/9/1/5/6: 8 (summary row)
  gather ink cell/9/1/5/7: 32 (summary row)
  gather ink cell/9/1/5/8: 9 (summary row)
  gather ink cell/9/1/6/0: 18 (summary row)
  gather ink cell/9/1/6/1: 12 (summary row)
  gather ink cell/9/1/6/2: 7 (summary row)
  gather ink cell/9/1/6/3: 13 (summary row)
  gather ink cell/9/1/6/4: 8 (summary row)
  gather ink cell/9/1/6/5: 11 (summary row)
  gather ink cell/9/1/6/6: 9 (summary row)
  gather ink cell/9/1/6/7: 31 (summary row)
  gather ink cell/9/1/6/8: 8 (summary row)
  gather ink cell/9/1/7/0: 12 (summary row)
  gather ink cell/9/1/7/1: 4 (summary row)
  gather ink cell/9/1/7/2: 5 (summary row)
  gather ink cell/9/1/7/3: 6 (summary row)
  gather ink cell/9/1/7/4: 6 (summary row)
  gather ink cell/9/1/7/5: 7 (summary row)
  gather ink cell/9/1/7/6: 5 (summary row)
  gather ink cell/9/1/7/7: 19 (summary row)
  gather ink cell/9/1/7/8: 20 (summary row)
  gather ink cell/9/1/8/0: 25 (summary row)
  gather ink cell/9/1/8/1: 11 (summary row)
  gather ink cell/9/1/8/2: 9 (summary row)
  gather ink cell/9/1/8/3: 12 (summary row)
  gather ink cell/9/1/8/4: 13 (summary row)
  gather ink cell/9/1/8/5: 13 (summary row)
  gather ink cell/9/1/8/6: 10 (summary row)
  gather ink cell/9/1/8/7: 29 (summary row)
  gather ink cell/9/1/8/8: 14 (summary row)
  gather ink cell/9/1/9/0: 28 (summary row)
  gather ink cell/9/1/9/1: 15 (summary row)
  gather ink cell/9/1/9/2: 11 (summary row)
  gather ink cell/9/1/9/3: 12 (summary row)
  gather ink cell/9/1/9/4: 14 (summary row)
  gather ink cell/9/1/9/5: 9 (summary row)
  gather ink cell/9/1/9/6: 15 (summary row)
  gather ink cell/9/1/9/7: 31 (summary row)
  gather ink cell/9/1/9/8: 14 (summary row)
  gather ink cell/9/1/10/0: 36 (summary row)
  gather ink cell/9/1/10/1: 25 (summary row)
  gather ink cell/9/1/10/2: 17 (summary row)
  gather ink cell/9/1/10/3: 15 (summary row)
  gather ink cell/9/1/10/4: 24 (summary row)
  gather ink cell/9/1/10/5: 13 (summary row)
  gather ink cell/9/1/10/6: 23 (summary row)
  gather ink cell/9/1/10/7: 37 (summary row)
  gather ink cell/9/1/10/8: 22 (summary row)
  gather ink cell/9/1/11/0: 47 (summary row)
  gather ink cell/9/1/11/1: 28 (summary row)
  gather ink cell/9/1/11/2: 12 (summary row)
  gather ink cell/9/1/11/3: 13 (summary row)
  gather ink cell/9/1/11/4: 16 (summary row)
  gather ink cell/9/1/11/5: 9 (summary row)
  gather ink cell/9/1/11/6: 14 (summary row)
  gather ink cell/9/1/11/7: 25 (summary row)
  gather ink cell/9/1/11/8: 17 (summary row)
  gather ink cell/9/1/12/0: 40 (summary row)
  gather ink cell/9/1/12/1: 16 (summary row)
  gather ink cell/9/1/12/2: 18 (summary row)
  gather ink cell/9/1/12/3: 15 (summary row)
  gather ink cell/9/1/12/4: 8 (summary row)
  gather ink cell/9/1/12/5: 7 (summary row)
  gather ink cell/9/1/12/6: 7 (summary row)
  gather ink cell/9/1/12/7: 18 (summary row)
  gather ink cell/9/1/12/8: 12 (summary row)
  gather detections cell/10/0/0/0: 27
  gather detections cell/10/0/0/1: 21
  gather detections cell/10/0/0/2: 17
  gather detections cell/10/0/0/3: 19
  gather detections cell/10/0/0/4: 26
  gather detections cell/10/0/0/5: 24
  gather detections cell/10/0/0/6: 30
  gather detections cell/10/0/0/7: 18
  gather detections cell/10/0/0/8: 2
  gather detections cell/10/0/1/0: 16
  gather detections cell/10/0/1/1: 7
  gather detections cell/10/0/1/2: 11
  gather detections cell/10/0/1/3: 16
  gather detections cell/10/0/1/4: 21
  gather detections cell/10/0/1/5: 21
  gather detections cell/10/0/1/6: 29
  gather detections cell/10/0/1/7: 14
  gather detections cell/10/0/1/8: 2
  gather detections cell/10/0/2/0: 21
  gather detections cell/10/0/2/1: 10
  gather detections cell/10/0/2/2: 17
  gather detections cell/10/0/2/3: 18
  gather detections cell/10/0/2/4: 19
  gather detections cell/10/0/2/5: 15
  gather detections cell/10/0/2/6: 23
  gather detections cell/10/0/2/7: 15
  gather detections cell/10/0/2/8: 3
  gather detections cell/10/0/3/0: 39
  gather detections cell/10/0/3/1: 13
  gather detections cell/10/0/3/2: 21
  gather detections cell/10/0/3/3: 25
  gather detections cell/10/0/3/4: 23
  gather detections cell/10/0/3/5: 10
  gather detections cell/10/0/3/6: 28
  gather detections cell/10/0/3/7: 29
  gather detections cell/10/0/3/8: 5
  gather detections cell/10/0/4/0: 28
  gather detections cell/10/0/4/1: 15
  gather detections cell/10/0/4/2: 16
  gather detections cell/10/0/4/3: 15
  gather detections cell/10/0/4/4: 22
  gather detections cell/10/0/4/5: 6
  gather detections cell/10/0/4/6: 18
  gather detections cell/10/0/4/7: 16
  gather detections cell/10/0/4/8: 17
  gather detections cell/10/0/5/0: 19
  gather detections cell/10/0/5/1: 14
  gather detections cell/10/0/5/2: 2
  gather detections cell/10/0/5/3: 15
  gather detections cell/10/0/5/4: 15
  gather detections cell/10/0/5/5: 20
  gather detections cell/10/0/5/6: 20
  gather detections cell/10/0/5/7: 16
  gather detections cell/10/0/5/8: 12
  gather detections cell/10/0/6/0: 12
  gather detections cell/10/0/6/1: 11
  gather detections cell/10/0/6/2: 7
  gather detections cell/10/0/6/3: 4
  gather detections cell/10/0/6/4: 10
  gather detections cell/10/0/6/5: 18
  gather detections cell/10/0/6/6: 22
  gather detections cell/10/0/6/7: 19
  gather detections cell/10/0/6/8: 5
  gather detections cell/10/0/7/0: 16
  gather detections cell/10/0/7/1: 20
  gather detections cell/10/0/7/2: 20
  gather detections cell/10/0/7/3: 23
  gather detections cell/10/0/7/4: 29
  gather detections cell/10/0/7/5: 26
  gather detections cell/10/0/7/6: 26
  gather detections cell/10/0/7/7: 16
  gather detections cell/10/0/7/8: 4
  gather detections cell/10/0/8/0: 40
  gather detections cell/10/0/8/1: 20
  gather detections cell/10/0/8/2: 28
  gather detections cell/10/0/8/3: 27
  gather detections cell/10/0/8/4: 33
  gather detections cell/10/0/8/5: 25
  gather detections cell/10/0/8/6: 18
  gather detections cell/10/0/8/7: 16
  gather detections cell/10/0/8/8: 15
  gather detections cell/10/0/9/0: 20
  gather detections cell/10/0/9/1: 10
  gather detections cell/10/0/9/2: 15
  gather detections cell/10/0/9/3: 12
  gather detections cell/10/0/9/4: 25
  gather detections cell/10/0/9/5: 22
  gather detections cell/10/0/9/6: 16
  gather detections cell/10/0/9/7: 14
  gather detections cell/10/0/9/8: 19
  gather detections cell/10/0/10/0: 34
  gather detections cell/10/0/10/1: 11
  gather detections cell/10/0/10/2: 19
  gather detections cell/10/0/10/3: 20
  gather detections cell/10/0/10/4: 29
  gather detections cell/10/0/10/5: 20
  gather detections cell/10/0/10/6: 17
  gather detections cell/10/0/10/7: 14
  gather detections cell/10/0/10/8: 13
  gather detections cell/10/0/11/0: 37
  gather detections cell/10/0/11/1: 14
  gather detections cell/10/0/11/2: 21
  gather detections cell/10/0/11/3: 22
  gather detections cell/10/0/11/4: 28
  gather detections cell/10/0/11/5: 4
  gather detections cell/10/0/11/6: 12
  gather detections cell/10/0/11/7: 15
  gather detections cell/10/0/11/8: 19
  gather detections cell/10/0/12/0: 29
  gather detections cell/10/0/12/1: 7
  gather detections cell/10/0/12/2: 19
  gather detections cell/10/0/12/3: 11
  gather detections cell/10/0/12/4: 15
  gather detections cell/10/0/12/5: 6
  gather detections cell/10/0/12/6: 14
  gather detections cell/10/0/12/7: 10
  gather detections cell/10/0/12/8: 13
  gather detections cell/10/1/0/0: 7
  gather detections cell/10/1/0/1: 25
  gather detections cell/10/1/0/2: 37
  gather detections cell/10/1/0/3: 24
  gather detections cell/10/1/0/4: 14
  gather detections cell/10/1/0/5: 19
  gather detections cell/10/1/0/6: 22
  gather detections cell/10/1/0/7: 35
  gather detections cell/10/1/1/0: 9
  gather detections cell/10/1/1/1: 20
  gather detections cell/10/1/1/2: 21
  gather detections cell/10/1/1/3: 26
  gather detections cell/10/1/1/4: 20
  gather detections cell/10/1/1/5: 30
  gather detections cell/10/1/1/6: 28
  gather detections cell/10/1/1/7: 28
  gather detections cell/10/1/2/0: 3
  gather detections cell/10/1/2/1: 25
  gather detections cell/10/1/2/2: 27
  gather detections cell/10/1/2/3: 16
  gather detections cell/10/1/2/4: 25
  gather detections cell/10/1/2/5: 31
  gather detections cell/10/1/2/6: 30
  gather detections cell/10/1/2/7: 32
  gather detections cell/10/1/3/0: 9
  gather detections cell/10/1/3/1: 21
  gather detections cell/10/1/3/2: 24
  gather detections cell/10/1/3/3: 28
  gather detections cell/10/1/3/4: 17
  gather detections cell/10/1/3/5: 14
  gather detections cell/10/1/3/6: 17
  gather detections cell/10/1/3/7: 14
  gather detections cell/10/1/4/0: 19
  gather detections cell/10/1/4/1: 18
  gather detections cell/10/1/4/2: 6
  gather detections cell/10/1/4/3: 20
  gather detections cell/10/1/4/4: 12
  gather detections cell/10/1/4/5: 9
  gather detections cell/10/1/4/6: 12
  gather detections cell/10/1/4/7: 4
  gather detections cell/10/1/5/0: 6
  gather detections cell/10/1/5/1: 13
  gather detections cell/10/1/5/2: 4
  gather detections cell/10/1/5/3: 16
  gather detections cell/10/1/5/4: 9
  gather detections cell/10/1/5/5: 17
  gather detections cell/10/1/5/6: 18
  gather detections cell/10/1/5/7: 20
  gather detections cell/10/1/6/0: 7
  gather detections cell/10/1/6/1: 18
  gather detections cell/10/1/6/2: 10
  gather detections cell/10/1/6/3: 20
  gather detections cell/10/1/6/4: 16
  gather detections cell/10/1/6/5: 16
  gather detections cell/10/1/6/6: 17
  gather detections cell/10/1/6/7: 25
  gather detections cell/10/1/7/0: 8
  gather detections cell/10/1/7/1: 18
  gather detections cell/10/1/7/2: 7
  gather detections cell/10/1/7/3: 13
  gather detections cell/10/1/7/4: 9
  gather detections cell/10/1/7/5: 10
  gather detections cell/10/1/7/6: 9
  gather detections cell/10/1/7/7: 9
  gather detections cell/10/1/8/0: 8
  gather detections cell/10/1/8/1: 16
  gather detections cell/10/1/8/2: 7
  gather detections cell/10/1/8/3: 5
  gather detections cell/10/1/8/4: 6
  gather detections cell/10/1/8/5: 10
  gather detections cell/10/1/8/6: 9
  gather detections cell/10/1/8/7: 11
  gather detections cell/10/1/9/0: 26
  gather detections cell/10/1/9/1: 17
  gather detections cell/10/1/9/2: 5
  gather detections cell/10/1/9/3: 17
  gather detections cell/10/1/9/4: 18
  gather detections cell/10/1/9/5: 20
  gather detections cell/10/1/9/6: 24
  gather detections cell/10/1/9/7: 21
  gather detections cell/10/1/10/0: 32
  gather detections cell/10/1/10/1: 16
  gather detections cell/10/1/10/2: 4
  gather detections cell/10/1/10/3: 17
  gather detections cell/10/1/10/4: 20
  gather detections cell/10/1/10/5: 13
  gather detections cell/10/1/10/6: 12
  gather detections cell/10/1/10/7: 14
  gather detections cell/10/1/11/0: 27
  gather detections cell/10/1/11/1: 15
  gather detections cell/10/1/11/2: 3
  gather detections cell/10/1/11/3: 31
  gather detections cell/10/1/11/4: 19
  gather detections cell/10/1/11/5: 18
  gather detections cell/10/1/11/6: 16
  gather detections cell/10/1/11/7: 13
  gather detections cell/10/1/12/0: 22
  gather detections cell/10/1/12/1: 11
  gather detections cell/10/1/12/2: 3
  gather detections cell/10/1/12/3: 32
  gather detections cell/10/1/12/4: 27
  gather detections cell/10/1/12/5: 19
  gather detections cell/10/1/12/6: 21
  gather detections cell/10/1/12/7: 20
  gather detections cell/10/1/13/0: 21
  gather detections cell/10/1/13/1: 10
  gather detections cell/10/1/13/2: 8
  gather detections cell/10/1/13/3: 17
  gather detections cell/10/1/13/4: 6
  gather detections cell/10/1/13/5: 5
  gather detections cell/10/1/13/6: 11
  gather detections cell/10/1/13/7: 7
  gather ink cell/10/0/0/0: 35 (summary row)
  gather ink cell/10/0/0/1: 15 (summary row)
  gather ink cell/10/0/0/2: 13 (summary row)
  gather ink cell/10/0/0/3: 23 (summary row)
  gather ink cell/10/0/0/4: 29 (summary row)
  gather ink cell/10/0/0/5: 25 (summary row)
  gather ink cell/10/0/0/6: 29 (summary row)
  gather ink cell/10/0/0/7: 21 (summary row)
  gather ink cell/10/0/0/8: 7 (summary row)
  gather ink cell/10/0/1/0: 28 (summary row)
  gather ink cell/10/0/1/1: 18 (summary row)
  gather ink cell/10/0/1/2: 20 (summary row)
  gather ink cell/10/0/1/3: 31 (summary row)
  gather ink cell/10/0/1/4: 22 (summary row)
  gather ink cell/10/0/1/5: 20 (summary row)
  gather ink cell/10/0/1/6: 39 (summary row)
  gather ink cell/10/0/1/7: 24 (summary row)
  gather ink cell/10/0/1/8: 5 (summary row)
  gather ink cell/10/0/2/0: 26 (summary row)
  gather ink cell/10/0/2/1: 17 (summary row)
  gather ink cell/10/0/2/2: 26 (summary row)
  gather ink cell/10/0/2/3: 36 (summary row)
  gather ink cell/10/0/2/4: 23 (summary row)
  gather ink cell/10/0/2/5: 14 (summary row)
  gather ink cell/10/0/2/6: 51 (summary row)
  gather ink cell/10/0/2/7: 16 (summary row)
  gather ink cell/10/0/2/8: 3 (summary row)
  gather ink cell/10/0/3/0: 36 (summary row)
  gather ink cell/10/0/3/1: 9 (summary row)
  gather ink cell/10/0/3/2: 18 (summary row)
  gather ink cell/10/0/3/3: 19 (summary row)
  gather ink cell/10/0/3/4: 29 (summary row)
  gather ink cell/10/0/3/5: 14 (summary row)
  gather ink cell/10/0/3/6: 45 (summary row)
  gather ink cell/10/0/3/7: 18 (summary row)
  gather ink cell/10/0/3/8: 14 (summary row)
  gather ink cell/10/0/4/0: 32 (summary row)
  gather ink cell/10/0/4/1: 12 (summary row)
  gather ink cell/10/0/4/2: 9 (summary row)
  gather ink cell/10/0/4/3: 12 (summary row)
  gather ink cell/10/0/4/4: 17 (summary row)
  gather ink cell/10/0/4/5: 9 (summary row)
  gather ink cell/10/0/4/6: 25 (summary row)
  gather ink cell/10/0/4/7: 23 (summary row)
  gather ink cell/10/0/4/8: 18 (summary row)
  gather ink cell/10/0/5/0: 17 (summary row)
  gather ink cell/10/0/5/1: 19 (summary row)
  gather ink cell/10/0/5/2: 8 (summary row)
  gather ink cell/10/0/5/3: 11 (summary row)
  gather ink cell/10/0/5/4: 19 (summary row)
  gather ink cell/10/0/5/5: 17 (summary row)
  gather ink cell/10/0/5/6: 23 (summary row)
  gather ink cell/10/0/5/7: 27 (summary row)
  gather ink cell/10/0/5/8: 16 (summary row)
  gather ink cell/10/0/6/0: 15 (summary row)
  gather ink cell/10/0/6/1: 12 (summary row)
  gather ink cell/10/0/6/2: 12 (summary row)
  gather ink cell/10/0/6/3: 8 (summary row)
  gather ink cell/10/0/6/4: 11 (summary row)
  gather ink cell/10/0/6/5: 18 (summary row)
  gather ink cell/10/0/6/6: 30 (summary row)
  gather ink cell/10/0/6/7: 23 (summary row)
  gather ink cell/10/0/6/8: 6 (summary row)
  gather ink cell/10/0/7/0: 17 (summary row)
  gather ink cell/10/0/7/1: 15 (summary row)
  gather ink cell/10/0/7/2: 12 (summary row)
  gather ink cell/10/0/7/3: 19 (summary row)
  gather ink cell/10/0/7/4: 25 (summary row)
  gather ink cell/10/0/7/5: 22 (summary row)
  gather ink cell/10/0/7/6: 28 (summary row)
  gather ink cell/10/0/7/7: 17 (summary row)
  gather ink cell/10/0/7/8: 3 (summary row)
  gather ink cell/10/0/8/0: 36 (summary row)
  gather ink cell/10/0/8/1: 11 (summary row)
  gather ink cell/10/0/8/2: 11 (summary row)
  gather ink cell/10/0/8/3: 26 (summary row)
  gather ink cell/10/0/8/4: 16 (summary row)
  gather ink cell/10/0/8/5: 20 (summary row)
  gather ink cell/10/0/8/6: 13 (summary row)
  gather ink cell/10/0/8/7: 26 (summary row)
  gather ink cell/10/0/8/8: 30 (summary row)
  gather ink cell/10/0/9/0: 57 (summary row)
  gather ink cell/10/0/9/1: 26 (summary row)
  gather ink cell/10/0/9/2: 16 (summary row)
  gather ink cell/10/0/9/3: 10 (summary row)
  gather ink cell/10/0/9/4: 15 (summary row)
  gather ink cell/10/0/9/5: 16 (summary row)
  gather ink cell/10/0/9/6: 13 (summary row)
  gather ink cell/10/0/9/7: 24 (summary row)
  gather ink cell/10/0/9/8: 27 (summary row)
  gather ink cell/10/0/10/0: 36 (summary row)
  gather ink cell/10/0/10/1: 10 (summary row)
  gather ink cell/10/0/10/2: 15 (summary row)
  gather ink cell/10/0/10/3: 28 (summary row)
  gather ink cell/10/0/10/4: 28 (summary row)
  gather ink cell/10/0/10/5: 15 (summary row)
  gather ink cell/10/0/10/6: 20 (summary row)
  gather ink cell/10/0/10/7: 20 (summary row)
  gather ink cell/10/0/10/8: 22 (summary row)
  gather ink cell/10/0/11/0: 26 (summary row)
  gather ink cell/10/0/11/1: 8 (summary row)
  gather ink cell/10/0/11/2: 23 (summary row)
  gather ink cell/10/0/11/3: 17 (summary row)
  gather ink cell/10/0/11/4: 32 (summary row)
  gather ink cell/10/0/11/5: 18 (summary row)
  gather ink cell/10/0/11/6: 27 (summary row)
  gather ink cell/10/0/11/7: 16 (summary row)
  gather ink cell/10/0/11/8: 23 (summary row)
  gather ink cell/10/0/12/0: 26 (summary row)
  gather ink cell/10/0/12/1: 6 (summary row)
  gather ink cell/10/0/12/2: 19 (summary row)
  gather ink cell/10/0/12/3: 10 (summary row)
  gather ink cell/10/0/12/4: 17 (summary row)
  gather ink cell/10/0/12/5: 15 (summary row)
  gather ink cell/10/0/12/6: 17 (summary row)
  gather ink cell/10/0/12/7: 11 (summary row)
  gather ink cell/10/0/12/8: 14 (summary row)
  gather ink cell/10/1/0/0: 23 (summary row)
  gather ink cell/10/1/0/1: 29 (summary row)
  gather ink cell/10/1/0/2: 35 (summary row)
  gather ink cell/10/1/0/3: 34 (summary row)
  gather ink cell/10/1/0/4: 11 (summary row)
  gather ink cell/10/1/0/5: 18 (summary row)
  gather ink cell/10/1/0/6: 17 (summary row)
  gather ink cell/10/1/0/7: 21 (summary row)
  gather ink cell/10/1/1/0: 14 (summary row)
  gather ink cell/10/1/1/1: 24 (summary row)
  gather ink cell/10/1/1/2: 26 (summary row)
  gather ink cell/10/1/1/3: 31 (summary row)
  gather ink cell/10/1/1/4: 15 (summary row)
  gather ink cell/10/1/1/5: 32 (summary row)
  gather ink cell/10/1/1/6: 21 (summary row)
  gather ink cell/10/1/1/7: 14 (summary row)
  gather ink cell/10/1/2/0: 10 (summary row)
  gather ink cell/10/1/2/1: 24 (summary row)
  gather ink cell/10/1/2/2: 24 (summary row)
  gather ink cell/10/1/2/3: 19 (summary row)
  gather ink cell/10/1/2/4: 29 (summary row)
  gather ink cell/10/1/2/5: 35 (summary row)
  gather ink cell/10/1/2/6: 33 (summary row)
  gather ink cell/10/1/2/7: 22 (summary row)
  gather ink cell/10/1/3/0: 30 (summary row)
  gather ink cell/10/1/3/1: 21 (summary row)
  gather ink cell/10/1/3/2: 17 (summary row)
  gather ink cell/10/1/3/3: 32 (summary row)
  gather ink cell/10/1/3/4: 27 (summary row)
  gather ink cell/10/1/3/5: 19 (summary row)
  gather ink cell/10/1/3/6: 23 (summary row)
  gather ink cell/10/1/3/7: 14 (summary row)
  gather ink cell/10/1/4/0: 38 (summary row)
  gather ink cell/10/1/4/1: 16 (summary row)
  gather ink cell/10/1/4/2: 6 (summary row)
  gather ink cell/10/1/4/3: 21 (summary row)
  gather ink cell/10/1/4/4: 7 (summary row)
  gather ink cell/10/1/4/5: 9 (summary row)
  gather ink cell/10/1/4/6: 5 (summary row)
  gather ink cell/10/1/4/7: 5 (summary row)
  gather ink cell/10/1/5/0: 10 (summary row)
  gather ink cell/10/1/5/1: 17 (summary row)
  gather ink cell/10/1/5/2: 6 (summary row)
  gather ink cell/10/1/5/3: 18 (summary row)
  gather ink cell/10/1/5/4: 10 (summary row)
  gather ink cell/10/1/5/5: 14 (summary row)
  gather ink cell/10/1/5/6: 12 (summary row)
  gather ink cell/10/1/5/7: 16 (summary row)
  gather ink cell/10/1/6/0: 8 (summary row)
  gather ink cell/10/1/6/1: 19 (summary row)
  gather ink cell/10/1/6/2: 9 (summary row)
  gather ink cell/10/1/6/3: 13 (summary row)
  gather ink cell/10/1/6/4: 8 (summary row)
  gather ink cell/10/1/6/5: 9 (summary row)
  gather ink cell/10/1/6/6: 10 (summary row)
  gather ink cell/10/1/6/7: 8 (summary row)
  gather ink cell/10/1/7/0: 8 (summary row)
  gather ink cell/10/1/7/1: 12 (summary row)
  gather ink cell/10/1/7/2: 4 (summary row)
  gather ink cell/10/1/7/3: 4 (summary row)
  gather ink cell/10/1/7/4: 4 (summary row)
  gather ink cell/10/1/7/5: 4 (summary row)
  gather ink cell/10/1/7/6: 5 (summary row)
  gather ink cell/10/1/7/7: 4 (summary row)
  gather ink cell/10/1/8/0: 14 (summary row)
  gather ink cell/10/1/8/1: 12 (summary row)
  gather ink cell/10/1/8/2: 5 (summary row)
  gather ink cell/10/1/8/3: 3 (summary row)
  gather ink cell/10/1/8/4: 4 (summary row)
  gather ink cell/10/1/8/5: 9 (summary row)
  gather ink cell/10/1/8/6: 10 (summary row)
  gather ink cell/10/1/8/7: 9 (summary row)
  gather ink cell/10/1/9/0: 27 (summary row)
  gather ink cell/10/1/9/1: 23 (summary row)
  gather ink cell/10/1/9/2: 5 (summary row)
  gather ink cell/10/1/9/3: 22 (summary row)
  gather ink cell/10/1/9/4: 10 (summary row)
  gather ink cell/10/1/9/5: 16 (summary row)
  gather ink cell/10/1/9/6: 10 (summary row)
  gather ink cell/10/1/9/7: 14 (summary row)
  gather ink cell/10/1/10/0: 28 (summary row)
  gather ink cell/10/1/10/1: 22 (summary row)
  gather ink cell/10/1/10/2: 6 (summary row)
  gather ink cell/10/1/10/3: 23 (summary row)
  gather ink cell/10/1/10/4: 12 (summary row)
  gather ink cell/10/1/10/5: 20 (summary row)
  gather ink cell/10/1/10/6: 7 (summary row)
  gather ink cell/10/1/10/7: 23 (summary row)
  gather ink cell/10/1/11/0: 34 (summary row)
  gather ink cell/10/1/11/1: 18 (summary row)
  gather ink cell/10/1/11/2: 5 (summary row)
  gather ink cell/10/1/11/3: 40 (summary row)
  gather ink cell/10/1/11/4: 22 (summary row)
  gather ink cell/10/1/11/5: 23 (summary row)
  gather ink cell/10/1/11/6: 15 (summary row)
  gather ink cell/10/1/11/7: 35 (summary row)
  gather ink cell/10/1/12/0: 29 (summary row)
  gather ink cell/10/1/12/1: 15 (summary row)
  gather ink cell/10/1/12/2: 6 (summary row)
  gather ink cell/10/1/12/3: 36 (summary row)
  gather ink cell/10/1/12/4: 18 (summary row)
  gather ink cell/10/1/12/5: 19 (summary row)
  gather ink cell/10/1/12/6: 13 (summary row)
  gather ink cell/10/1/12/7: 21 (summary row)
  gather ink cell/10/1/13/0: 29 (summary row)
  gather ink cell/10/1/13/1: 10 (summary row)
  gather ink cell/10/1/13/2: 6 (summary row)
  gather ink cell/10/1/13/3: 36 (summary row)
  gather ink cell/10/1/13/4: 9 (summary row)
  gather ink cell/10/1/13/5: 11 (summary row)
  gather ink cell/10/1/13/6: 10 (summary row)
  gather ink cell/10/1/13/7: 9 (summary row)
  gather detections cell/11/0/0/0: 37
  gather detections cell/11/0/0/1: 27
  gather detections cell/11/0/0/2: 37
  gather detections cell/11/0/0/3: 12
  gather detections cell/11/0/0/4: 7
  gather detections cell/11/0/0/5: 6
  gather detections cell/11/0/0/6: 9
  gather detections cell/11/0/0/7: 8
  gather detections cell/11/0/0/8: 20
  gather detections cell/11/0/0/9: 13
  gather detections cell/11/0/0/10: 11
  gather detections cell/11/0/1/0: 35
  gather detections cell/11/0/1/1: 28
  gather detections cell/11/0/1/2: 23
  gather detections cell/11/0/1/3: 13
  gather detections cell/11/0/1/4: 4
  gather detections cell/11/0/1/5: 6
  gather detections cell/11/0/1/6: 10
  gather detections cell/11/0/1/7: 6
  gather detections cell/11/0/1/8: 22
  gather detections cell/11/0/1/9: 10
  gather detections cell/11/0/1/10: 7
  gather detections cell/11/0/2/0: 33
  gather detections cell/11/0/2/1: 19
  gather detections cell/11/0/2/2: 21
  gather detections cell/11/0/2/3: 11
  gather detections cell/11/0/2/4: 4
  gather detections cell/11/0/2/5: 4
  gather detections cell/11/0/2/6: 7
  gather detections cell/11/0/2/7: 9
  gather detections cell/11/0/2/8: 29
  gather detections cell/11/0/2/9: 15
  gather detections cell/11/0/2/10: 12
  gather detections cell/11/0/3/0: 19
  gather detections cell/11/0/3/1: 22
  gather detections cell/11/0/3/2: 22
  gather detections cell/11/0/3/3: 13
  gather detections cell/11/0/3/4: 10
  gather detections cell/11/0/3/5: 8
  gather detections cell/11/0/3/6: 10
  gather detections cell/11/0/3/7: 10
  gather detections cell/11/0/3/8: 13
  gather detections cell/11/0/3/9: 9
  gather detections cell/11/0/3/10: 9
  gather detections cell/11/0/4/0: 9
  gather detections cell/11/0/4/1: 25
  gather detections cell/11/0/4/2: 25
  gather detections cell/11/0/4/3: 13
  gather detections cell/11/0/4/4: 6
  gather detections cell/11/0/4/5: 6
  gather detections cell/11/0/4/6: 10
  gather detections cell/11/0/4/7: 5
  gather detections cell/11/0/4/8: 2
  gather detections cell/11/0/4/9: 4
  gather detections cell/11/0/4/10: 5
  gather detections cell/11/0/5/0: 25
  gather detections cell/11/0/5/1: 29
  gather detections cell/11/0/5/2: 21
  gather detections cell/11/0/5/3: 6
  gather detections cell/11/0/5/4: 10
  gather detections cell/11/0/5/5: 5
  gather detections cell/11/0/5/6: 9
  gather detections cell/11/0/5/7: 3
  gather detections cell/11/0/5/8: 3
  gather detections cell/11/0/5/9: 5
  gather detections cell/11/0/5/10: 7
  gather detections cell/11/0/6/0: 28
  gather detections cell/11/0/6/1: 21
  gather detections cell/11/0/6/2: 17
  gather detections cell/11/0/6/3: 9
  gather detections cell/11/0/6/4: 8
  gather detections cell/11/0/6/5: 7
  gather detections cell/11/0/6/6: 6
  gather detections cell/11/0/6/7: 6
  gather detections cell/11/0/6/8: 6
  gather detections cell/11/0/6/9: 16
  gather detections cell/11/0/6/10: 13
  gather detections cell/11/0/7/0: 18
  gather detections cell/11/0/7/1: 10
  gather detections cell/11/0/7/2: 8
  gather detections cell/11/0/7/3: 8
  gather detections cell/11/0/7/4: 15
  gather detections cell/11/0/7/5: 6
  gather detections cell/11/0/7/6: 7
  gather detections cell/11/0/7/7: 5
  gather detections cell/11/0/7/8: 8
  gather detections cell/11/0/7/9: 15
  gather detections cell/11/0/7/10: 10
  gather detections cell/11/0/8/0: 13
  gather detections cell/11/0/8/1: 15
  gather detections cell/11/0/8/2: 21
  gather detections cell/11/0/8/3: 9
  gather detections cell/11/0/8/4: 6
  gather detections cell/11/0/8/5: 6
  gather detections cell/11/0/8/6: 7
  gather detections cell/11/0/8/7: 7
  gather detections cell/11/0/8/8: 6
  gather detections cell/11/0/8/9: 9
  gather detections cell/11/0/8/10: 3
  gather detections cell/11/0/9/0: 20
  gather detections cell/11/0/9/1: 23
  gather detections cell/11/0/9/2: 21
  gather detections cell/11/0/9/3: 22
  gather detections cell/11/0/9/4: 10
  gather detections cell/11/0/9/5: 8
  gather detections cell/11/0/9/6: 19
  gather detections cell/11/0/9/7: 13
  gather detections cell/11/0/9/8: 13
  gather detections cell/11/0/9/9: 9
  gather detections cell/11/0/9/10: 5
  gather detections cell/11/0/10/0: 13
  gather detections cell/11/0/10/1: 21
  gather detections cell/11/0/10/2: 14
  gather detections cell/11/0/10/3: 19
  gather detections cell/11/0/10/4: 16
  gather detections cell/11/0/10/5: 8
  gather detections cell/11/0/10/6: 15
  gather detections cell/11/0/10/7: 16
  gather detections cell/11/0/10/8: 15
  gather detections cell/11/0/10/9: 24
  gather detections cell/11/0/10/10: 9
  gather detections cell/11/0/11/0: 20
  gather detections cell/11/0/11/1: 16
  gather detections cell/11/0/11/2: 16
  gather detections cell/11/0/11/3: 26
  gather detections cell/11/0/11/4: 16
  gather detections cell/11/0/11/5: 8
  gather detections cell/11/0/11/6: 19
  gather detections cell/11/0/11/7: 7
  gather detections cell/11/0/11/8: 20
  gather detections cell/11/0/11/9: 11
  gather detections cell/11/0/11/10: 6
  gather detections cell/11/0/12/0: 22
  gather detections cell/11/0/12/1: 17
  gather detections cell/11/0/12/2: 13
  gather detections cell/11/0/12/3: 25
  gather detections cell/11/0/12/4: 15
  gather detections cell/11/0/12/5: 11
  gather detections cell/11/0/12/6: 10
  gather detections cell/11/0/12/7: 10
  gather detections cell/11/0/12/8: 13
  gather detections cell/11/0/12/9: 5
  gather detections cell/11/0/12/10: 13
  gather detections cell/11/0/13/0: 9
  gather detections cell/11/0/13/1: 10
  gather detections cell/11/0/13/2: 13
  gather detections cell/11/0/13/3: 19
  gather detections cell/11/0/13/4: 11
  gather detections cell/11/0/13/5: 7
  gather detections cell/11/0/13/6: 12
  gather detections cell/11/0/13/7: 7
  gather detections cell/11/0/13/8: 6
  gather detections cell/11/0/13/9: 8
  gather detections cell/11/0/13/10: 11
  gather detections cell/11/1/0/0: 20
  gather detections cell/11/1/0/1: 9
  gather detections cell/11/1/0/2: 13
  gather detections cell/11/1/0/3: 20
  gather detections cell/11/1/0/4: 14
  gather detections cell/11/1/0/5: 19
  gather detections cell/11/1/0/6: 20
  gather detections cell/11/1/0/7: 16
  gather detections cell/11/1/0/8: 14
  gather detections cell/11/1/0/9: 20
  gather detections cell/11/1/0/10: 8
  gather detections cell/11/1/1/0: 13
  gather detections cell/11/1/1/1: 10
  gather detections cell/11/1/1/2: 8
  gather detections cell/11/1/1/3: 13
  gather detections cell/11/1/1/4: 8
  gather detections cell/11/1/1/5: 16
  gather detections cell/11/1/1/6: 13
  gather detections cell/11/1/1/7: 13
  gather detections cell/11/1/1/8: 10
  gather detections cell/11/1/1/9: 10
  gather detections cell/11/1/1/10: 7
  gather detections cell/11/1/2/0: 14
  gather detections cell/11/1/2/1: 6
  gather detections cell/11/1/2/2: 8
  gather detections cell/11/1/2/3: 9
  gather detections cell/11/1/2/4: 7
  gather detections cell/11/1/2/5: 23
  gather detections cell/11/1/2/6: 17
  gather detections cell/11/1/2/7: 9
  gather detections cell/11/1/2/8: 8
  gather detections cell/11/1/2/9: 18
  gather detections cell/11/1/2/10: 6
  gather detections cell/11/1/3/0: 13
  gather detections cell/11/1/3/1: 7
  gather detections cell/11/1/3/2: 6
  gather detections cell/11/1/3/3: 6
  gather detections cell/11/1/3/4: 6
  gather detections cell/11/1/3/5: 19
  gather detections cell/11/1/3/6: 16
  gather detections cell/11/1/3/7: 7
  gather detections cell/11/1/3/8: 7
  gather detections cell/11/1/3/9: 18
  gather detections cell/11/1/3/10: 10
  gather detections cell/11/1/4/0: 11
  gather detections cell/11/1/4/1: 7
  gather detections cell/11/1/4/2: 8
  gather detections cell/11/1/4/3: 5
  gather detections cell/11/1/4/4: 7
  gather detections cell/11/1/4/5: 12
  gather detections cell/11/1/4/6: 5
  gather detections cell/11/1/4/7: 6
  gather detections cell/11/1/4/8: 8
  gather detections cell/11/1/4/9: 8
  gather detections cell/11/1/4/10: 8
  gather detections cell/11/1/5/0: 8
  gather detections cell/11/1/5/1: 6
  gather detections cell/11/1/5/2: 8
  gather detections cell/11/1/5/3: 8
  gather detections cell/11/1/5/4: 11
  gather detections cell/11/1/5/5: 4
  gather detections cell/11/1/5/6: 6
  gather detections cell/11/1/5/7: 9
  gather detections cell/11/1/5/8: 19
  gather detections cell/11/1/5/9: 14
  gather detections cell/11/1/5/10: 1
  gather detections cell/11/1/6/0: 10
  gather detections cell/11/1/6/1: 8
  gather detections cell/11/1/6/2: 4
  gather detections cell/11/1/6/3: 6
  gather detections cell/11/1/6/4: 6
  gather detections cell/11/1/6/5: 9
  gather detections cell/11/1/6/6: 13
  gather detections cell/11/1/6/7: 8
  gather detections cell/11/1/6/8: 14
  gather detections cell/11/1/6/9: 8
  gather detections cell/11/1/6/10: 1
  gather detections cell/11/1/7/0: 10
  gather detections cell/11/1/7/1: 5
  gather detections cell/11/1/7/2: 5
  gather detections cell/11/1/7/3: 5
  gather detections cell/11/1/7/4: 9
  gather detections cell/11/1/7/5: 5
  gather detections cell/11/1/7/6: 8
  gather detections cell/11/1/7/7: 9
  gather detections cell/11/1/7/8: 17
  gather detections cell/11/1/7/9: 11
  gather detections cell/11/1/7/10: 3
  gather detections cell/11/1/8/0: 8
  gather detections cell/11/1/8/1: 6
  gather detections cell/11/1/8/2: 7
  gather detections cell/11/1/8/3: 5
  gather detections cell/11/1/8/4: 8
  gather detections cell/11/1/8/5: 4
  gather detections cell/11/1/8/6: 7
  gather detections cell/11/1/8/7: 8
  gather detections cell/11/1/8/8: 15
  gather detections cell/11/1/8/9: 11
  gather detections cell/11/1/8/10: 4
  gather detections cell/11/1/9/0: 15
  gather detections cell/11/1/9/1: 11
  gather detections cell/11/1/9/2: 7
  gather detections cell/11/1/9/3: 11
  gather detections cell/11/1/9/4: 13
  gather detections cell/11/1/9/5: 9
  gather detections cell/11/1/9/6: 13
  gather detections cell/11/1/9/7: 11
  gather detections cell/11/1/9/8: 18
  gather detections cell/11/1/9/9: 13
  gather detections cell/11/1/9/10: 8
  gather detections cell/11/1/10/0: 35
  gather detections cell/11/1/10/1: 13
  gather detections cell/11/1/10/2: 7
  gather detections cell/11/1/10/3: 15
  gather detections cell/11/1/10/4: 21
  gather detections cell/11/1/10/5: 13
  gather detections cell/11/1/10/6: 14
  gather detections cell/11/1/10/7: 12
  gather detections cell/11/1/10/8: 15
  gather detections cell/11/1/10/9: 8
  gather detections cell/11/1/10/10: 9
  gather detections cell/11/1/11/0: 31
  gather detections cell/11/1/11/1: 12
  gather detections cell/11/1/11/2: 11
  gather detections cell/11/1/11/3: 31
  gather detections cell/11/1/11/4: 14
  gather detections cell/11/1/11/5: 15
  gather detections cell/11/1/11/6: 13
  gather detections cell/11/1/11/7: 13
  gather detections cell/11/1/11/8: 19
  gather detections cell/11/1/11/9: 12
  gather detections cell/11/1/11/10: 6
  gather detections cell/11/1/12/0: 21
  gather detections cell/11/1/12/1: 10
  gather detections cell/11/1/12/2: 11
  gather detections cell/11/1/12/3: 20
  gather detections cell/11/1/12/4: 14
  gather detections cell/11/1/12/5: 11
  gather detections cell/11/1/12/6: 11
  gather detections cell/11/1/12/7: 16
  gather detections cell/11/1/12/8: 17
  gather detections cell/11/1/12/9: 12
  gather detections cell/11/1/12/10: 10
  gather detections cell/11/1/13/0: 19
  gather detections cell/11/1/13/1: 8
  gather detections cell/11/1/13/2: 9
  gather detections cell/11/1/13/3: 15
  gather detections cell/11/1/13/4: 9
  gather detections cell/11/1/13/5: 7
  gather detections cell/11/1/13/6: 9
  gather detections cell/11/1/13/7: 15
  gather detections cell/11/1/13/8: 13
  gather detections cell/11/1/13/9: 12
  gather detections cell/11/1/13/10: 5
  gather ink cell/11/0/0/0: 22 (summary row)
  gather ink cell/11/0/0/1: 21 (summary row)
  gather ink cell/11/0/0/2: 21 (summary row)
  gather ink cell/11/0/0/3: 16 (summary row)
  gather ink cell/11/0/0/4: 5 (summary row)
  gather ink cell/11/0/0/5: 6 (summary row)
  gather ink cell/11/0/0/6: 13 (summary row)
  gather ink cell/11/0/0/7: 7 (summary row)
  gather ink cell/11/0/0/8: 18 (summary row)
  gather ink cell/11/0/0/9: 10 (summary row)
  gather ink cell/11/0/0/10: 7 (summary row)
  gather ink cell/11/0/1/0: 20 (summary row)
  gather ink cell/11/0/1/1: 21 (summary row)
  gather ink cell/11/0/1/2: 17 (summary row)
  gather ink cell/11/0/1/3: 15 (summary row)
  gather ink cell/11/0/1/4: 6 (summary row)
  gather ink cell/11/0/1/5: 3 (summary row)
  gather ink cell/11/0/1/6: 11 (summary row)
  gather ink cell/11/0/1/7: 3 (summary row)
  gather ink cell/11/0/1/8: 15 (summary row)
  gather ink cell/11/0/1/9: 8 (summary row)
  gather ink cell/11/0/1/10: 12 (summary row)
  gather ink cell/11/0/2/0: 23 (summary row)
  gather ink cell/11/0/2/1: 19 (summary row)
  gather ink cell/11/0/2/2: 26 (summary row)
  gather ink cell/11/0/2/3: 19 (summary row)
  gather ink cell/11/0/2/4: 12 (summary row)
  gather ink cell/11/0/2/5: 13 (summary row)
  gather ink cell/11/0/2/6: 5 (summary row)
  gather ink cell/11/0/2/7: 4 (summary row)
  gather ink cell/11/0/2/8: 21 (summary row)
  gather ink cell/11/0/2/9: 10 (summary row)
  gather ink cell/11/0/2/10: 9 (summary row)
  gather ink cell/11/0/3/0: 48 (summary row)
  gather ink cell/11/0/3/1: 26 (summary row)
  gather ink cell/11/0/3/2: 23 (summary row)
  gather ink cell/11/0/3/3: 20 (summary row)
  gather ink cell/11/0/3/4: 25 (summary row)
  gather ink cell/11/0/3/5: 22 (summary row)
  gather ink cell/11/0/3/6: 26 (summary row)
  gather ink cell/11/0/3/7: 15 (summary row)
  gather ink cell/11/0/3/8: 25 (summary row)
  gather ink cell/11/0/3/9: 11 (summary row)
  gather ink cell/11/0/3/10: 7 (summary row)
  gather ink cell/11/0/4/0: 39 (summary row)
  gather ink cell/11/0/4/1: 39 (summary row)
  gather ink cell/11/0/4/2: 34 (summary row)
  gather ink cell/11/0/4/3: 32 (summary row)
  gather ink cell/11/0/4/4: 2 (summary row)
  gather ink cell/11/0/4/5: 3 (summary row)
  gather ink cell/11/0/4/6: 5 (summary row)
  gather ink cell/11/0/4/7: 3 (summary row)
  gather ink cell/11/0/4/8: 6 (summary row)
  gather ink cell/11/0/4/9: 9 (summary row)
  gather ink cell/11/0/4/10: 2 (summary row)
  gather ink cell/11/0/5/0: 16 (summary row)
  gather ink cell/11/0/5/1: 15 (summary row)
  gather ink cell/11/0/5/2: 18 (summary row)
  gather ink cell/11/0/5/3: 7 (summary row)
  gather ink cell/11/0/5/4: 4 (summary row)
  gather ink cell/11/0/5/5: 4 (summary row)
  gather ink cell/11/0/5/6: 10 (summary row)
  gather ink cell/11/0/5/7: 4 (summary row)
  gather ink cell/11/0/5/8: 6 (summary row)
  gather ink cell/11/0/5/9: 5 (summary row)
  gather ink cell/11/0/5/10: 8 (summary row)
  gather ink cell/11/0/6/0: 17 (summary row)
  gather ink cell/11/0/6/1: 13 (summary row)
  gather ink cell/11/0/6/2: 12 (summary row)
  gather ink cell/11/0/6/3: 11 (summary row)
  gather ink cell/11/0/6/4: 4 (summary row)
  gather ink cell/11/0/6/5: 4 (summary row)
  gather ink cell/11/0/6/6: 2 (summary row)
  gather ink cell/11/0/6/7: 3 (summary row)
  gather ink cell/11/0/6/8: 5 (summary row)
  gather ink cell/11/0/6/9: 11 (summary row)
  gather ink cell/11/0/6/10: 9 (summary row)
  gather ink cell/11/0/7/0: 10 (summary row)
  gather ink cell/11/0/7/1: 6 (summary row)
  gather ink cell/11/0/7/2: 3 (summary row)
  gather ink cell/11/0/7/3: 10 (summary row)
  gather ink cell/11/0/7/4: 6 (summary row)
  gather ink cell/11/0/7/5: 7 (summary row)
  gather ink cell/11/0/7/6: 3 (summary row)
  gather ink cell/11/0/7/7: 2 (summary row)
  gather ink cell/11/0/7/8: 5 (summary row)
  gather ink cell/11/0/7/9: 10 (summary row)
  gather ink cell/11/0/7/10: 5 (summary row)
  gather ink cell/11/0/8/0: 16 (summary row)
  gather ink cell/11/0/8/1: 10 (summary row)
  gather ink cell/11/0/8/2: 12 (summary row)
  gather ink cell/11/0/8/3: 13 (summary row)
  gather ink cell/11/0/8/4: 3 (summary row)
  gather ink cell/11/0/8/5: 5 (summary row)
  gather ink cell/11/0/8/6: 6 (summary row)
  gather ink cell/11/0/8/7: 4 (summary row)
  gather ink cell/11/0/8/8: 5 (summary row)
  gather ink cell/11/0/8/9: 6 (summary row)
  gather ink cell/11/0/8/10: 3 (summary row)
  gather ink cell/11/0/9/0: 31 (summary row)
  gather ink cell/11/0/9/1: 13 (summary row)
  gather ink cell/11/0/9/2: 14 (summary row)
  gather ink cell/11/0/9/3: 18 (summary row)
  gather ink cell/11/0/9/4: 9 (summary row)
  gather ink cell/11/0/9/5: 5 (summary row)
  gather ink cell/11/0/9/6: 8 (summary row)
  gather ink cell/11/0/9/7: 8 (summary row)
  gather ink cell/11/0/9/8: 6 (summary row)
  gather ink cell/11/0/9/9: 7 (summary row)
  gather ink cell/11/0/9/10: 4 (summary row)
  gather ink cell/11/0/10/0: 18 (summary row)
  gather ink cell/11/0/10/1: 14 (summary row)
  gather ink cell/11/0/10/2: 18 (summary row)
  gather ink cell/11/0/10/3: 25 (summary row)
  gather ink cell/11/0/10/4: 10 (summary row)
  gather ink cell/11/0/10/5: 3 (summary row)
  gather ink cell/11/0/10/6: 6 (summary row)
  gather ink cell/11/0/10/7: 5 (summary row)
  gather ink cell/11/0/10/8: 9 (summary row)
  gather ink cell/11/0/10/9: 9 (summary row)
  gather ink cell/11/0/10/10: 5 (summary row)
  gather ink cell/11/0/11/0: 27 (summary row)
  gather ink cell/11/0/11/1: 13 (summary row)
  gather ink cell/11/0/11/2: 15 (summary row)
  gather ink cell/11/0/11/3: 23 (summary row)
  gather ink cell/11/0/11/4: 14 (summary row)
  gather ink cell/11/0/11/5: 8 (summary row)
  gather ink cell/11/0/11/6: 15 (summary row)
  gather ink cell/11/0/11/7: 7 (summary row)
  gather ink cell/11/0/11/8: 18 (summary row)
  gather ink cell/11/0/11/9: 13 (summary row)
  gather ink cell/11/0/11/10: 9 (summary row)
  gather ink cell/11/0/12/0: 18 (summary row)
  gather ink cell/11/0/12/1: 11 (summary row)
  gather ink cell/11/0/12/2: 13 (summary row)
  gather ink cell/11/0/12/3: 32 (summary row)
  gather ink cell/11/0/12/4: 13 (summary row)
  gather ink cell/11/0/12/5: 11 (summary row)
  gather ink cell/11/0/12/6: 7 (summary row)
  gather ink cell/11/0/12/7: 5 (summary row)
  gather ink cell/11/0/12/8: 8 (summary row)
  gather ink cell/11/0/12/9: 10 (summary row)
  gather ink cell/11/0/12/10: 5 (summary row)
  gather ink cell/11/0/13/0: 12 (summary row)
  gather ink cell/11/0/13/1: 9 (summary row)
  gather ink cell/11/0/13/2: 14 (summary row)
  gather ink cell/11/0/13/3: 25 (summary row)
  gather ink cell/11/0/13/4: 12 (summary row)
  gather ink cell/11/0/13/5: 7 (summary row)
  gather ink cell/11/0/13/6: 15 (summary row)
  gather ink cell/11/0/13/7: 5 (summary row)
  gather ink cell/11/0/13/8: 10 (summary row)
  gather ink cell/11/0/13/9: 9 (summary row)
  gather ink cell/11/0/13/10: 10 (summary row)
  gather ink cell/11/1/0/0: 24 (summary row)
  gather ink cell/11/1/0/1: 22 (summary row)
  gather ink cell/11/1/0/2: 8 (summary row)
  gather ink cell/11/1/0/3: 12 (summary row)
  gather ink cell/11/1/0/4: 7 (summary row)
  gather ink cell/11/1/0/5: 11 (summary row)
  gather ink cell/11/1/0/6: 8 (summary row)
  gather ink cell/11/1/0/7: 13 (summary row)
  gather ink cell/11/1/0/8: 8 (summary row)
  gather ink cell/11/1/0/9: 9 (summary row)
  gather ink cell/11/1/0/10: 9 (summary row)
  gather ink cell/11/1/1/0: 15 (summary row)
  gather ink cell/11/1/1/1: 14 (summary row)
  gather ink cell/11/1/1/2: 3 (summary row)
  gather ink cell/11/1/1/3: 10 (summary row)
  gather ink cell/11/1/1/4: 4 (summary row)
  gather ink cell/11/1/1/5: 7 (summary row)
  gather ink cell/11/1/1/6: 5 (summary row)
  gather ink cell/11/1/1/7: 12 (summary row)
  gather ink cell/11/1/1/8: 3 (summary row)
  gather ink cell/11/1/1/9: 9 (summary row)
  gather ink cell/11/1/1/10: 16 (summary row)
  gather ink cell/11/1/2/0: 29 (summary row)
  gather ink cell/11/1/2/1: 37 (summary row)
  gather ink cell/11/1/2/2: 14 (summary row)
  gather ink cell/11/1/2/3: 4 (summary row)
  gather ink cell/11/1/2/4: 3 (summary row)
  gather ink cell/11/1/2/5: 15 (summary row)
  gather ink cell/11/1/2/6: 12 (summary row)
  gather ink cell/11/1/2/7: 9 (summary row)
  gather ink cell/11/1/2/8: 6 (summary row)
  gather ink cell/11/1/2/9: 14 (summary row)
  gather ink cell/11/1/2/10: 4 (summary row)
  gather ink cell/11/1/3/0: 18 (summary row)
  gather ink cell/11/1/3/1: 5 (summary row)
  gather ink cell/11/1/3/2: 3 (summary row)
  gather ink cell/11/1/3/3: 5 (summary row)
  gather ink cell/11/1/3/4: 4 (summary row)
  gather ink cell/11/1/3/5: 11 (summary row)
  gather ink cell/11/1/3/6: 7 (summary row)
  gather ink cell/11/1/3/7: 5 (summary row)
  gather ink cell/11/1/3/8: 4 (summary row)
  gather ink cell/11/1/3/9: 14 (summary row)
  gather ink cell/11/1/3/10: 8 (summary row)
  gather ink cell/11/1/4/0: 18 (summary row)
  gather ink cell/11/1/4/1: 6 (summary row)
  gather ink cell/11/1/4/2: 4 (summary row)
  gather ink cell/11/1/4/3: 3 (summary row)
  gather ink cell/11/1/4/4: 3 (summary row)
  gather ink cell/11/1/4/5: 3 (summary row)
  gather ink cell/11/1/4/6: 4 (summary row)
  gather ink cell/11/1/4/7: 3 (summary row)
  gather ink cell/11/1/4/8: 5 (summary row)
  gather ink cell/11/1/4/9: 3 (summary row)
  gather ink cell/11/1/4/10: 9 (summary row)
  gather ink cell/11/1/5/0: 13 (summary row)
  gather ink cell/11/1/5/1: 6 (summary row)
  gather ink cell/11/1/5/2: 4 (summary row)
  gather ink cell/11/1/5/3: 2 (summary row)
  gather ink cell/11/1/5/4: 3 (summary row)
  gather ink cell/11/1/5/5: 3 (summary row)
  gather ink cell/11/1/5/6: 7 (summary row)
  gather ink cell/11/1/5/7: 8 (summary row)
  gather ink cell/11/1/5/8: 11 (summary row)
  gather ink cell/11/1/5/9: 11 (summary row)
  gather ink cell/11/1/5/10: 11 (summary row)
  gather ink cell/11/1/6/0: 14 (summary row)
  gather ink cell/11/1/6/1: 5 (summary row)
  gather ink cell/11/1/6/2: 5 (summary row)
  gather ink cell/11/1/6/3: 4 (summary row)
  gather ink cell/11/1/6/4: 4 (summary row)
  gather ink cell/11/1/6/5: 7 (summary row)
  gather ink cell/11/1/6/6: 9 (summary row)
  gather ink cell/11/1/6/7: 7 (summary row)
  gather ink cell/11/1/6/8: 9 (summary row)
  gather ink cell/11/1/6/9: 6 (summary row)
  gather ink cell/11/1/6/10: 2 (summary row)
  gather ink cell/11/1/7/0: 7 (summary row)
  gather ink cell/11/1/7/1: 5 (summary row)
  gather ink cell/11/1/7/2: 8 (summary row)
  gather ink cell/11/1/7/3: 3 (summary row)
  gather ink cell/11/1/7/4: 4 (summary row)
  gather ink cell/11/1/7/5: 7 (summary row)
  gather ink cell/11/1/7/6: 4 (summary row)
  gather ink cell/11/1/7/7: 3 (summary row)
  gather ink cell/11/1/7/8: 2 (summary row)
  gather ink cell/11/1/7/9: 2 (summary row)
  gather ink cell/11/1/7/10: 2 (summary row)
  gather ink cell/11/1/8/0: 10 (summary row)
  gather ink cell/11/1/8/1: 5 (summary row)
  gather ink cell/11/1/8/2: 2 (summary row)
  gather ink cell/11/1/8/3: 2 (summary row)
  gather ink cell/11/1/8/4: 3 (summary row)
  gather ink cell/11/1/8/5: 4 (summary row)
  gather ink cell/11/1/8/6: 4 (summary row)
  gather ink cell/11/1/8/7: 7 (summary row)
  gather ink cell/11/1/8/8: 5 (summary row)
  gather ink cell/11/1/8/9: 6 (summary row)
  gather ink cell/11/1/8/10: 4 (summary row)
  gather ink cell/11/1/9/0: 14 (summary row)
  gather ink cell/11/1/9/1: 8 (summary row)
  gather ink cell/11/1/9/2: 9 (summary row)
  gather ink cell/11/1/9/3: 9 (summary row)
  gather ink cell/11/1/9/4: 8 (summary row)
  gather ink cell/11/1/9/5: 7 (summary row)
  gather ink cell/11/1/9/6: 9 (summary row)
  gather ink cell/11/1/9/7: 5 (summary row)
  gather ink cell/11/1/9/8: 24 (summary row)
  gather ink cell/11/1/9/9: 10 (summary row)
  gather ink cell/11/1/9/10: 10 (summary row)
  gather ink cell/11/1/10/0: 12 (summary row)
  gather ink cell/11/1/10/1: 6 (summary row)
  gather ink cell/11/1/10/2: 4 (summary row)
  gather ink cell/11/1/10/3: 15 (summary row)
  gather ink cell/11/1/10/4: 25 (summary row)
  gather ink cell/11/1/10/5: 9 (summary row)
  gather ink cell/11/1/10/6: 13 (summary row)
  gather ink cell/11/1/10/7: 9 (summary row)
  gather ink cell/11/1/10/8: 11 (summary row)
  gather ink cell/11/1/10/9: 9 (summary row)
  gather ink cell/11/1/10/10: 11 (summary row)
  gather ink cell/11/1/11/0: 22 (summary row)
  gather ink cell/11/1/11/1: 14 (summary row)
  gather ink cell/11/1/11/2: 7 (summary row)
  gather ink cell/11/1/11/3: 13 (summary row)
  gather ink cell/11/1/11/4: 6 (summary row)
  gather ink cell/11/1/11/5: 6 (summary row)
  gather ink cell/11/1/11/6: 9 (summary row)
  gather ink cell/11/1/11/7: 12 (summary row)
  gather ink cell/11/1/11/8: 10 (summary row)
  gather ink cell/11/1/11/9: 12 (summary row)
  gather ink cell/11/1/11/10: 9 (summary row)
  gather ink cell/11/1/12/0: 19 (summary row)
  gather ink cell/11/1/12/1: 8 (summary row)
  gather ink cell/11/1/12/2: 10 (summary row)
  gather ink cell/11/1/12/3: 8 (summary row)
  gather ink cell/11/1/12/4: 7 (summary row)
  gather ink cell/11/1/12/5: 14 (summary row)
  gather ink cell/11/1/12/6: 8 (summary row)
  gather ink cell/11/1/12/7: 9 (summary row)
  gather ink cell/11/1/12/8: 10 (summary row)
  gather ink cell/11/1/12/9: 22 (summary row)
  gather ink cell/11/1/12/10: 20 (summary row)
  gather ink cell/11/1/13/0: 20 (summary row)
  gather ink cell/11/1/13/1: 5 (summary row)
  gather ink cell/11/1/13/2: 8 (summary row)
  gather ink cell/11/1/13/3: 10 (summary row)
  gather ink cell/11/1/13/4: 8 (summary row)
  gather ink cell/11/1/13/5: 11 (summary row)
  gather ink cell/11/1/13/6: 7 (summary row)
  gather ink cell/11/1/13/7: 10 (summary row)
  gather ink cell/11/1/13/8: 6 (summary row)
  gather ink cell/11/1/13/9: 20 (summary row)
  gather ink cell/11/1/13/10: 8 (summary row)
  gather detections cell/12/0/0/0: 19
  gather detections cell/12/0/0/1: 23
  gather detections cell/12/0/0/2: 19
  gather detections cell/12/0/0/3: 17
  gather detections cell/12/0/0/4: 16
  gather detections cell/12/0/0/5: 14
  gather detections cell/12/0/0/6: 17
  gather detections cell/12/0/0/7: 15
  gather detections cell/12/0/0/8: 15
  gather detections cell/12/0/0/9: 13
  gather detections cell/12/0/0/10: 10
  gather detections cell/12/0/0/11: 8
  gather detections cell/12/0/0/12: 14
  gather detections cell/12/0/0/13: 7
  gather detections cell/12/0/1/0: 15
  gather detections cell/12/0/1/1: 15
  gather detections cell/12/0/1/2: 16
  gather detections cell/12/0/1/3: 13
  gather detections cell/12/0/1/4: 10
  gather detections cell/12/0/1/5: 13
  gather detections cell/12/0/1/6: 12
  gather detections cell/12/0/1/7: 13
  gather detections cell/12/0/1/8: 11
  gather detections cell/12/0/1/9: 11
  gather detections cell/12/0/1/10: 9
  gather detections cell/12/0/1/11: 5
  gather detections cell/12/0/1/12: 15
  gather detections cell/12/0/1/13: 6
  gather detections cell/12/0/2/0: 24
  gather detections cell/12/0/2/1: 14
  gather detections cell/12/0/2/2: 10
  gather detections cell/12/0/2/3: 14
  gather detections cell/12/0/2/4: 14
  gather detections cell/12/0/2/5: 8
  gather detections cell/12/0/2/6: 12
  gather detections cell/12/0/2/7: 15
  gather detections cell/12/0/2/8: 13
  gather detections cell/12/0/2/9: 15
  gather detections cell/12/0/2/10: 11
  gather detections cell/12/0/2/11: 4
  gather detections cell/12/0/2/12: 9
  gather detections cell/12/0/2/13: 6
  gather detections cell/12/0/3/0: 20
  gather detections cell/12/0/3/1: 19
  gather detections cell/12/0/3/2: 12
  gather detections cell/12/0/3/3: 12
  gather detections cell/12/0/3/4: 11
  gather detections cell/12/0/3/5: 8
  gather detections cell/12/0/3/6: 5
  gather detections cell/12/0/3/7: 2
  gather detections cell/12/0/3/8: 11
  gather detections cell/12/0/3/9: 9
  gather detections cell/12/0/3/10: 6
  gather detections cell/12/0/3/11: 4
  gather detections cell/12/0/3/12: 13
  gather detections cell/12/0/3/13: 12
  gather detections cell/12/0/4/0: 18
  gather detections cell/12/0/4/1: 7
  gather detections cell/12/0/4/2: 4
  gather detections cell/12/0/4/3: 5
  gather detections cell/12/0/4/4: 10
  gather detections cell/12/0/4/5: 11
  gather detections cell/12/0/4/6: 9
  gather detections cell/12/0/4/7: 10
  gather detections cell/12/0/4/8: 12
  gather detections cell/12/0/4/9: 11
  gather detections cell/12/0/4/10: 8
  gather detections cell/12/0/4/11: 4
  gather detections cell/12/0/4/12: 7
  gather detections cell/12/0/4/13: 3
  gather detections cell/12/0/5/0: 10
  gather detections cell/12/0/5/1: 9
  gather detections cell/12/0/5/2: 13
  gather detections cell/12/0/5/3: 14
  gather detections cell/12/0/5/4: 17
  gather detections cell/12/0/5/5: 13
  gather detections cell/12/0/5/6: 12
  gather detections cell/12/0/5/7: 15
  gather detections cell/12/0/5/8: 14
  gather detections cell/12/0/5/9: 13
  gather detections cell/12/0/5/10: 14
  gather detections cell/12/0/5/11: 15
  gather detections cell/12/0/5/12: 8
  gather detections cell/12/0/5/13: 1
  gather detections cell/12/0/6/0: 9
  gather detections cell/12/0/6/1: 9
  gather detections cell/12/0/6/2: 7
  gather detections cell/12/0/6/3: 7
  gather detections cell/12/0/6/4: 8
  gather detections cell/12/0/6/5: 10
  gather detections cell/12/0/6/6: 14
  gather detections cell/12/0/6/7: 15
  gather detections cell/12/0/6/8: 13
  gather detections cell/12/0/6/9: 6
  gather detections cell/12/0/6/10: 10
  gather detections cell/12/0/6/11: 7
  gather detections cell/12/0/6/12: 7
  gather detections cell/12/0/6/13: 5
  gather detections cell/12/0/7/0: 23
  gather detections cell/12/0/7/1: 16
  gather detections cell/12/0/7/2: 2
  gather detections cell/12/0/7/3: 3
  gather detections cell/12/0/7/4: 13
  gather detections cell/12/0/7/5: 15
  gather detections cell/12/0/7/6: 7
  gather detections cell/12/0/7/7: 3
  gather detections cell/12/0/7/8: 11
  gather detections cell/12/0/7/9: 11
  gather detections cell/12/0/7/10: 3
  gather detections cell/12/0/7/11: 4
  gather detections cell/12/0/7/12: 6
  gather detections cell/12/0/7/13: 2
  gather detections cell/12/0/8/0: 14
  gather detections cell/12/0/8/1: 8
  gather detections cell/12/0/8/2: 8
  gather detections cell/12/0/8/3: 3
  gather detections cell/12/0/8/4: 8
  gather detections cell/12/0/8/5: 9
  gather detections cell/12/0/8/6: 11
  gather detections cell/12/0/8/7: 3
  gather detections cell/12/0/8/8: 9
  gather detections cell/12/0/8/9: 3
  gather detections cell/12/0/8/10: 4
  gather detections cell/12/0/8/11: 3
  gather detections cell/12/0/8/12: 5
  gather detections cell/12/0/8/13: 2
  gather detections cell/12/0/9/0: 22
  gather detections cell/12/0/9/1: 12
  gather detections cell/12/0/9/2: 10
  gather detections cell/12/0/9/3: 6
  gather detections cell/12/0/9/4: 7
  gather detections cell/12/0/9/5: 10
  gather detections cell/12/0/9/6: 9
  gather detections cell/12/0/9/7: 11
  gather detections cell/12/0/9/8: 7
  gather detections cell/12/0/9/9: 9
  gather detections cell/12/0/9/10: 8
  gather detections cell/12/0/9/11: 8
  gather detections cell/12/0/9/12: 16
  gather detections cell/12/0/9/13: 18
  gather detections cell/12/0/10/0: 20
  gather detections cell/12/0/10/1: 8
  gather detections cell/12/0/10/2: 11
  gather detections cell/12/0/10/3: 5
  gather detections cell/12/0/10/4: 12
  gather detections cell/12/0/10/5: 12
  gather detections cell/12/0/10/6: 9
  gather detections cell/12/0/10/7: 9
  gather detections cell/12/0/10/8: 10
  gather detections cell/12/0/10/9: 7
  gather detections cell/12/0/10/10: 11
  gather detections cell/12/0/10/11: 9
  gather detections cell/12/0/10/12: 19
  gather detections cell/12/0/10/13: 19
  gather detections cell/12/0/11/0: 17
  gather detections cell/12/0/11/1: 10
  gather detections cell/12/0/11/2: 9
  gather detections cell/12/0/11/3: 4
  gather detections cell/12/0/11/4: 12
  gather detections cell/12/0/11/5: 12
  gather detections cell/12/0/11/6: 7
  gather detections cell/12/0/11/7: 4
  gather detections cell/12/0/11/8: 11
  gather detections cell/12/0/11/9: 8
  gather detections cell/12/0/11/10: 20
  gather detections cell/12/0/11/11: 15
  gather detections cell/12/0/11/12: 21
  gather detections cell/12/0/11/13: 17
  gather detections cell/12/0/12/0: 13
  gather detections cell/12/0/12/1: 9
  gather detections cell/12/0/12/2: 8
  gather detections cell/12/0/12/3: 8
  gather detections cell/12/0/12/4: 9
  gather detections cell/12/0/12/5: 8
  gather detections cell/12/0/12/6: 7
  gather detections cell/12/0/12/7: 7
  gather detections cell/12/0/12/8: 16
  gather detections cell/12/0/12/9: 13
  gather detections cell/12/0/12/10: 28
  gather detections cell/12/0/12/11: 19
  gather detections cell/12/0/12/12: 14
  gather detections cell/12/0/12/13: 8
  gather detections cell/12/0/13/0: 17
  gather detections cell/12/0/13/1: 8
  gather detections cell/12/0/13/2: 8
  gather detections cell/12/0/13/3: 7
  gather detections cell/12/0/13/4: 6
  gather detections cell/12/0/13/5: 7
  gather detections cell/12/0/13/6: 5
  gather detections cell/12/0/13/7: 6
  gather detections cell/12/0/13/8: 10
  gather detections cell/12/0/13/9: 6
  gather detections cell/12/0/13/10: 13
  gather detections cell/12/0/13/11: 10
  gather detections cell/12/0/13/12: 8
  gather detections cell/12/0/13/13: 6
  gather detections cell/12/1/0/0: 19
  gather detections cell/12/1/0/1: 17
  gather detections cell/12/1/0/2: 22
  gather detections cell/12/1/0/3: 11
  gather detections cell/12/1/0/4: 2
  gather detections cell/12/1/0/5: 12
  gather detections cell/12/1/0/6: 9
  gather detections cell/12/1/0/7: 9
  gather detections cell/12/1/0/8: 14
  gather detections cell/12/1/0/9: 25
  gather detections cell/12/1/1/0: 26
  gather detections cell/12/1/1/1: 15
  gather detections cell/12/1/1/2: 19
  gather detections cell/12/1/1/3: 12
  gather detections cell/12/1/1/4: 6
  gather detections cell/12/1/1/5: 23
  gather detections cell/12/1/1/6: 24
  gather detections cell/12/1/1/7: 16
  gather detections cell/12/1/1/8: 20
  gather detections cell/12/1/1/9: 28
  gather detections cell/12/1/2/0: 26
  gather detections cell/12/1/2/1: 21
  gather detections cell/12/1/2/2: 23
  gather detections cell/12/1/2/3: 15
  gather detections cell/12/1/2/4: 4
  gather detections cell/12/1/2/5: 25
  gather detections cell/12/1/2/6: 19
  gather detections cell/12/1/2/7: 13
  gather detections cell/12/1/2/8: 23
  gather detections cell/12/1/2/9: 24
  gather detections cell/12/1/3/0: 26
  gather detections cell/12/1/3/1: 14
  gather detections cell/12/1/3/2: 18
  gather detections cell/12/1/3/3: 12
  gather detections cell/12/1/3/4: 2
  gather detections cell/12/1/3/5: 26
  gather detections cell/12/1/3/6: 23
  gather detections cell/12/1/3/7: 18
  gather detections cell/12/1/3/8: 19
  gather detections cell/12/1/3/9: 15
  gather detections cell/12/1/4/0: 16
  gather detections cell/12/1/4/1: 5
  gather detections cell/12/1/4/2: 10
  gather detections cell/12/1/4/3: 4
  gather detections cell/12/1/4/4: 6
  gather detections cell/12/1/4/5: 7
  gather detections cell/12/1/4/6: 7
  gather detections cell/12/1/4/7: 9
  gather detections cell/12/1/4/8: 9
  gather detections cell/12/1/4/9: 6
  gather detections cell/12/1/5/0: 3
  gather detections cell/12/1/5/1: 9
  gather detections cell/12/1/5/2: 8
  gather detections cell/12/1/5/3: 5
  gather detections cell/12/1/5/4: 6
  gather detections cell/12/1/5/5: 6
  gather detections cell/12/1/5/6: 9
  gather detections cell/12/1/5/7: 15
  gather detections cell/12/1/5/8: 5
  gather detections cell/12/1/5/9: 13
  gather detections cell/12/1/6/0: 19
  gather detections cell/12/1/6/1: 15
  gather detections cell/12/1/6/2: 17
  gather detections cell/12/1/6/3: 18
  gather detections cell/12/1/6/4: 16
  gather detections cell/12/1/6/5: 12
  gather detections cell/12/1/6/6: 7
  gather detections cell/12/1/6/7: 19
  gather detections cell/12/1/6/8: 16
  gather detections cell/12/1/6/9: 15
  gather detections cell/12/1/7/0: 13
  gather detections cell/12/1/7/1: 3
  gather detections cell/12/1/7/2: 6
  gather detections cell/12/1/7/3: 10
  gather detections cell/12/1/7/4: 6
  gather detections cell/12/1/7/5: 5
  gather detections cell/12/1/7/6: 3
  gather detections cell/12/1/7/7: 10
  gather detections cell/12/1/7/8: 8
  gather detections cell/12/1/7/9: 8
  gather detections cell/12/1/8/0: 19
  gather detections cell/12/1/8/1: 16
  gather detections cell/12/1/8/2: 22
  gather detections cell/12/1/8/3: 15
  gather detections cell/12/1/8/4: 14
  gather detections cell/12/1/8/5: 11
  gather detections cell/12/1/8/6: 8
  gather detections cell/12/1/8/7: 6
  gather detections cell/12/1/8/8: 12
  gather detections cell/12/1/8/9: 16
  gather detections cell/12/1/9/0: 32
  gather detections cell/12/1/9/1: 17
  gather detections cell/12/1/9/2: 30
  gather detections cell/12/1/9/3: 23
  gather detections cell/12/1/9/4: 16
  gather detections cell/12/1/9/5: 10
  gather detections cell/12/1/9/6: 12
  gather detections cell/12/1/9/7: 17
  gather detections cell/12/1/9/8: 18
  gather detections cell/12/1/9/9: 23
  gather detections cell/12/1/10/0: 22
  gather detections cell/12/1/10/1: 15
  gather detections cell/12/1/10/2: 20
  gather detections cell/12/1/10/3: 20
  gather detections cell/12/1/10/4: 19
  gather detections cell/12/1/10/5: 11
  gather detections cell/12/1/10/6: 16
  gather detections cell/12/1/10/7: 19
  gather detections cell/12/1/10/8: 10
  gather detections cell/12/1/10/9: 16
  gather detections cell/12/1/11/0: 24
  gather detections cell/12/1/11/1: 20
  gather detections cell/12/1/11/2: 25
  gather detections cell/12/1/11/3: 19
  gather detections cell/12/1/11/4: 10
  gather detections cell/12/1/11/5: 8
  gather detections cell/12/1/11/6: 9
  gather detections cell/12/1/11/7: 16
  gather detections cell/12/1/11/8: 25
  gather detections cell/12/1/11/9: 25
  gather detections cell/12/1/12/0: 25
  gather detections cell/12/1/12/1: 23
  gather detections cell/12/1/12/2: 20
  gather detections cell/12/1/12/3: 15
  gather detections cell/12/1/12/4: 15
  gather detections cell/12/1/12/5: 8
  gather detections cell/12/1/12/6: 10
  gather detections cell/12/1/12/7: 26
  gather detections cell/12/1/12/8: 27
  gather detections cell/12/1/12/9: 24
  gather detections cell/12/1/13/0: 20
  gather detections cell/12/1/13/1: 18
  gather detections cell/12/1/13/2: 14
  gather detections cell/12/1/13/3: 10
  gather detections cell/12/1/13/4: 10
  gather detections cell/12/1/13/5: 7
  gather detections cell/12/1/13/6: 6
  gather detections cell/12/1/13/7: 16
  gather detections cell/12/1/13/8: 14
  gather detections cell/12/1/13/9: 13
  gather ink cell/12/0/0/0: 24 (summary row)
  gather ink cell/12/0/0/1: 16 (summary row)
  gather ink cell/12/0/0/2: 7 (summary row)
  gather ink cell/12/0/0/3: 10 (summary row)
  gather ink cell/12/0/0/4: 19 (summary row)
  gather ink cell/12/0/0/5: 12 (summary row)
  gather ink cell/12/0/0/6: 15 (summary row)
  gather ink cell/12/0/0/7: 18 (summary row)
  gather ink cell/12/0/0/8: 18 (summary row)
  gather ink cell/12/0/0/9: 10 (summary row)
  gather ink cell/12/0/0/10: 13 (summary row)
  gather ink cell/12/0/0/11: 3 (summary row)
  gather ink cell/12/0/0/12: 30 (summary row)
  gather ink cell/12/0/0/13: 6 (summary row)
  gather ink cell/12/0/1/0: 25 (summary row)
  gather ink cell/12/0/1/1: 19 (summary row)
  gather ink cell/12/0/1/2: 9 (summary row)
  gather ink cell/12/0/1/3: 16 (summary row)
  gather ink cell/12/0/1/4: 44 (summary row)
  gather ink cell/12/0/1/5: 22 (summary row)
  gather ink cell/12/0/1/6: 23 (summary row)
  gather ink cell/12/0/1/7: 12 (summary row)
  gather ink cell/12/0/1/8: 26 (summary row)
  gather ink cell/12/0/1/9: 10 (summary row)
  gather ink cell/12/0/1/10: 12 (summary row)
  gather ink cell/12/0/1/11: 3 (summary row)
  gather ink cell/12/0/1/12: 20 (summary row)
  gather ink cell/12/0/1/13: 16 (summary row)
  gather ink cell/12/0/2/0: 18 (summary row)
  gather ink cell/12/0/2/1: 21 (summary row)
  gather ink cell/12/0/2/2: 11 (summary row)
  gather ink cell/12/0/2/3: 13 (summary row)
  gather ink cell/12/0/2/4: 14 (summary row)
  gather ink cell/12/0/2/5: 11 (summary row)
  gather ink cell/12/0/2/6: 23 (summary row)
  gather ink cell/12/0/2/7: 10 (summary row)
  gather ink cell/12/0/2/8: 12 (summary row)
  gather ink cell/12/0/2/9: 8 (summary row)
  gather ink cell/12/0/2/10: 6 (summary row)
  gather ink cell/12/0/2/11: 4 (summary row)
  gather ink cell/12/0/2/12: 16 (summary row)
  gather ink cell/12/0/2/13: 15 (summary row)
  gather ink cell/12/0/3/0: 24 (summary row)
  gather ink cell/12/0/3/1: 12 (summary row)
  gather ink cell/12/0/3/2: 7 (summary row)
  gather ink cell/12/0/3/3: 4 (summary row)
  gather ink cell/12/0/3/4: 7 (summary row)
  gather ink cell/12/0/3/5: 2 (summary row)
  gather ink cell/12/0/3/6: 7 (summary row)
  gather ink cell/12/0/3/7: 4 (summary row)
  gather ink cell/12/0/3/8: 2 (summary row)
  gather ink cell/12/0/3/9: 5 (summary row)
  gather ink cell/12/0/3/10: 2 (summary row)
  gather ink cell/12/0/3/11: 3 (summary row)
  gather ink cell/12/0/3/12: 18 (summary row)
  gather ink cell/12/0/3/13: 4 (summary row)
  gather ink cell/12/0/4/0: 20 (summary row)
  gather ink cell/12/0/4/1: 11 (summary row)
  gather ink cell/12/0/4/2: 5 (summary row)
  gather ink cell/12/0/4/3: 2 (summary row)
  gather ink cell/12/0/4/4: 3 (summary row)
  gather ink cell/12/0/4/5: 3 (summary row)
  gather ink cell/12/0/4/6: 7 (summary row)
  gather ink cell/12/0/4/7: 4 (summary row)
  gather ink cell/12/0/4/8: 3 (summary row)
  gather ink cell/12/0/4/9: 5 (summary row)
  gather ink cell/12/0/4/10: 3 (summary row)
  gather ink cell/12/0/4/11: 2 (summary row)
  gather ink cell/12/0/4/12: 6 (summary row)
  gather ink cell/12/0/4/13: 2 (summary row)
  gather ink cell/12/0/5/0: 14 (summary row)
  gather ink cell/12/0/5/1: 12 (summary row)
  gather ink cell/12/0/5/2: 9 (summary row)
  gather ink cell/12/0/5/3: 7 (summary row)
  gather ink cell/12/0/5/4: 7 (summary row)
  gather ink cell/12/0/5/5: 7 (summary row)
  gather ink cell/12/0/5/6: 5 (summary row)
  gather ink cell/12/0/5/7: 7 (summary row)
  gather ink cell/12/0/5/8: 4 (summary row)
  gather ink cell/12/0/5/9: 10 (summary row)
  gather ink cell/12/0/5/10: 10 (summary row)
  gather ink cell/12/0/5/11: 8 (summary row)
  gather ink cell/12/0/5/12: 11 (summary row)
  gather ink cell/12/0/5/13: 3 (summary row)
  gather ink cell/12/0/6/0: 11 (summary row)
  gather ink cell/12/0/6/1: 4 (summary row)
  gather ink cell/12/0/6/2: 4 (summary row)
  gather ink cell/12/0/6/3: 6 (summary row)
  gather ink cell/12/0/6/4: 4 (summary row)
  gather ink cell/12/0/6/5: 6 (summary row)
  gather ink cell/12/0/6/6: 5 (summary row)
  gather ink cell/12/0/6/7: 6 (summary row)
  gather ink cell/12/0/6/8: 12 (summary row)
  gather ink cell/12/0/6/9: 7 (summary row)
  gather ink cell/12/0/6/10: 21 (summary row)
  gather ink cell/12/0/6/11: 21 (summary row)
  gather ink cell/12/0/6/12: 20 (summary row)
  gather ink cell/12/0/6/13: 8 (summary row)
  gather ink cell/12/0/7/0: 9 (summary row)
  gather ink cell/12/0/7/1: 7 (summary row)
  gather ink cell/12/0/7/2: 2 (summary row)
  gather ink cell/12/0/7/3: 3 (summary row)
  gather ink cell/12/0/7/4: 23 (summary row)
  gather ink cell/12/0/7/5: 10 (summary row)
  gather ink cell/12/0/7/6: 5 (summary row)
  gather ink cell/12/0/7/7: 4 (summary row)
  gather ink cell/12/0/7/8: 12 (summary row)
  gather ink cell/12/0/7/9: 7 (summary row)
  gather ink cell/12/0/7/10: 3 (summary row)
  gather ink cell/12/0/7/11: 3 (summary row)
  gather ink cell/12/0/7/12: 4 (summary row)
  gather ink cell/12/0/7/13: 3 (summary row)
  gather ink cell/12/0/8/0: 19 (summary row)
  gather ink cell/12/0/8/1: 5 (summary row)
  gather ink cell/12/0/8/2: 7 (summary row)
  gather ink cell/12/0/8/3: 5 (summary row)
  gather ink cell/12/0/8/4: 13 (summary row)
  gather ink cell/12/0/8/5: 4 (summary row)
  gather ink cell/12/0/8/6: 9 (summary row)
  gather ink cell/12/0/8/7: 8 (summary row)
  gather ink cell/12/0/8/8: 10 (summary row)
  gather ink cell/12/0/8/9: 7 (summary row)
  gather ink cell/12/0/8/10: 3 (summary row)
  gather ink cell/12/0/8/11: 5 (summary row)
  gather ink cell/12/0/8/12: 6 (summary row)
  gather ink cell/12/0/8/13: 6 (summary row)
  gather ink cell/12/0/9/0: 21 (summary row)
  gather ink cell/12/0/9/1: 4 (summary row)
  gather ink cell/12/0/9/2: 8 (summary row)
  gather ink cell/12/0/9/3: 4 (summary row)
  gather ink cell/12/0/9/4: 8 (summary row)
  gather ink cell/12/0/9/5: 5 (summary row)
  gather ink cell/12/0/9/6: 9 (summary row)
  gather ink cell/12/0/9/7: 5 (summary row)
  gather ink cell/12/0/9/8: 8 (summary row)
  gather ink cell/12/0/9/9: 5 (summary row)
  gather ink cell/12/0/9/10: 7 (summary row)
  gather ink cell/12/0/9/11: 7 (summary row)
  gather ink cell/12/0/9/12: 31 (summary row)
  gather ink cell/12/0/9/13: 12 (summary row)
  gather ink cell/12/0/10/0: 35 (summary row)
  gather ink cell/12/0/10/1: 5 (summary row)
  gather ink cell/12/0/10/2: 7 (summary row)
  gather ink cell/12/0/10/3: 6 (summary row)
  gather ink cell/12/0/10/4: 4 (summary row)
  gather ink cell/12/0/10/5: 7 (summary row)
  gather ink cell/12/0/10/6: 9 (summary row)
  gather ink cell/12/0/10/7: 10 (summary row)
  gather ink cell/12/0/10/8: 18 (summary row)
  gather ink cell/12/0/10/9: 6 (summary row)
  gather ink cell/12/0/10/10: 9 (summary row)
  gather ink cell/12/0/10/11: 12 (summary row)
  gather ink cell/12/0/10/12: 49 (summary row)
  gather ink cell/12/0/10/13: 12 (summary row)
  gather ink cell/12/0/11/0: 43 (summary row)
  gather ink cell/12/0/11/1: 16 (summary row)
  gather ink cell/12/0/11/2: 11 (summary row)
  gather ink cell/12/0/11/3: 15 (summary row)
  gather ink cell/12/0/11/4: 10 (summary row)
  gather ink cell/12/0/11/5: 9 (summary row)
  gather ink cell/12/0/11/6: 21 (summary row)
  gather ink cell/12/0/11/7: 18 (summary row)
  gather ink cell/12/0/11/8: 19 (summary row)
  gather ink cell/12/0/11/9: 11 (summary row)
  gather ink cell/12/0/11/10: 25 (summary row)
  gather ink cell/12/0/11/11: 15 (summary row)
  gather ink cell/12/0/11/12: 56 (summary row)
  gather ink cell/12/0/11/13: 22 (summary row)
  gather ink cell/12/0/12/0: 29 (summary row)
  gather ink cell/12/0/12/1: 8 (summary row)
  gather ink cell/12/0/12/2: 10 (summary row)
  gather ink cell/12/0/12/3: 18 (summary row)
  gather ink cell/12/0/12/4: 8 (summary row)
  gather ink cell/12/0/12/5: 24 (summary row)
  gather ink cell/12/0/12/6: 15 (summary row)
  gather ink cell/12/0/12/7: 21 (summary row)
  gather ink cell/12/0/12/8: 26 (summary row)
  gather ink cell/12/0/12/9: 20 (summary row)
  gather ink cell/12/0/12/10: 29 (summary row)
  gather ink cell/12/0/12/11: 14 (summary row)
  gather ink cell/12/0/12/12: 33 (summary row)
  gather ink cell/12/0/12/13: 8 (summary row)
  gather ink cell/12/0/13/0: 34 (summary row)
  gather ink cell/12/0/13/1: 10 (summary row)
  gather ink cell/12/0/13/2: 10 (summary row)
  gather ink cell/12/0/13/3: 18 (summary row)
  gather ink cell/12/0/13/4: 9 (summary row)
  gather ink cell/12/0/13/5: 12 (summary row)
  gather ink cell/12/0/13/6: 6 (summary row)
  gather ink cell/12/0/13/7: 10 (summary row)
  gather ink cell/12/0/13/8: 18 (summary row)
  gather ink cell/12/0/13/9: 22 (summary row)
  gather ink cell/12/0/13/10: 28 (summary row)
  gather ink cell/12/0/13/11: 12 (summary row)
  gather ink cell/12/0/13/12: 24 (summary row)
  gather ink cell/12/0/13/13: 8 (summary row)
  gather ink cell/12/1/0/0: 29 (summary row)
  gather ink cell/12/1/0/1: 15 (summary row)
  gather ink cell/12/1/0/2: 17 (summary row)
  gather ink cell/12/1/0/3: 12 (summary row)
  gather ink cell/12/1/0/4: 5 (summary row)
  gather ink cell/12/1/0/5: 8 (summary row)
  gather ink cell/12/1/0/6: 11 (summary row)
  gather ink cell/12/1/0/7: 8 (summary row)
  gather ink cell/12/1/0/8: 14 (summary row)
  gather ink cell/12/1/0/9: 17 (summary row)
  gather ink cell/12/1/1/0: 21 (summary row)
  gather ink cell/12/1/1/1: 14 (summary row)
  gather ink cell/12/1/1/2: 15 (summary row)
  gather ink cell/12/1/1/3: 14 (summary row)
  gather ink cell/12/1/1/4: 12 (summary row)
  gather ink cell/12/1/1/5: 14 (summary row)
  gather ink cell/12/1/1/6: 17 (summary row)
  gather ink cell/12/1/1/7: 14 (summary row)
  gather ink cell/12/1/1/8: 12 (summary row)
  gather ink cell/12/1/1/9: 13 (summary row)
  gather ink cell/12/1/2/0: 25 (summary row)
  gather ink cell/12/1/2/1: 22 (summary row)
  gather ink cell/12/1/2/2: 23 (summary row)
  gather ink cell/12/1/2/3: 24 (summary row)
  gather ink cell/12/1/2/4: 12 (summary row)
  gather ink cell/12/1/2/5: 36 (summary row)
  gather ink cell/12/1/2/6: 29 (summary row)
  gather ink cell/12/1/2/7: 13 (summary row)
  gather ink cell/12/1/2/8: 14 (summary row)
  gather ink cell/12/1/2/9: 33 (summary row)
  gather ink cell/12/1/3/0: 24 (summary row)
  gather ink cell/12/1/3/1: 19 (summary row)
  gather ink cell/12/1/3/2: 17 (summary row)
  gather ink cell/12/1/3/3: 12 (summary row)
  gather ink cell/12/1/3/4: 4 (summary row)
  gather ink cell/12/1/3/5: 31 (summary row)
  gather ink cell/12/1/3/6: 22 (summary row)
  gather ink cell/12/1/3/7: 23 (summary row)
  gather ink cell/12/1/3/8: 17 (summary row)
  gather ink cell/12/1/3/9: 34 (summary row)
  gather ink cell/12/1/4/0: 17 (summary row)
  gather ink cell/12/1/4/1: 9 (summary row)
  gather ink cell/12/1/4/2: 8 (summary row)
  gather ink cell/12/1/4/3: 13 (summary row)
  gather ink cell/12/1/4/4: 3 (summary row)
  gather ink cell/12/1/4/5: 14 (summary row)
  gather ink cell/12/1/4/6: 6 (summary row)
  gather ink cell/12/1/4/7: 30 (summary row)
  gather ink cell/12/1/4/8: 16 (summary row)
  gather ink cell/12/1/4/9: 7 (summary row)
  gather ink cell/12/1/5/0: 6 (summary row)
  gather ink cell/12/1/5/1: 6 (summary row)
  gather ink cell/12/1/5/2: 8 (summary row)
  gather ink cell/12/1/5/3: 6 (summary row)
  gather ink cell/12/1/5/4: 5 (summary row)
  gather ink cell/12/1/5/5: 7 (summary row)
  gather ink cell/12/1/5/6: 5 (summary row)
  gather ink cell/12/1/5/7: 18 (summary row)
  gather ink cell/12/1/5/8: 18 (summary row)
  gather ink cell/12/1/5/9: 16 (summary row)
  gather ink cell/12/1/6/0: 19 (summary row)
  gather ink cell/12/1/6/1: 27 (summary row)
  gather ink cell/12/1/6/2: 15 (summary row)
  gather ink cell/12/1/6/3: 13 (summary row)
  gather ink cell/12/1/6/4: 11 (summary row)
  gather ink cell/12/1/6/5: 12 (summary row)
  gather ink cell/12/1/6/6: 10 (summary row)
  gather ink cell/12/1/6/7: 9 (summary row)
  gather ink cell/12/1/6/8: 11 (summary row)
  gather ink cell/12/1/6/9: 26 (summary row)
  gather ink cell/12/1/7/0: 11 (summary row)
  gather ink cell/12/1/7/1: 10 (summary row)
  gather ink cell/12/1/7/2: 9 (summary row)
  gather ink cell/12/1/7/3: 10 (summary row)
  gather ink cell/12/1/7/4: 9 (summary row)
  gather ink cell/12/1/7/5: 8 (summary row)
  gather ink cell/12/1/7/6: 5 (summary row)
  gather ink cell/12/1/7/7: 9 (summary row)
  gather ink cell/12/1/7/8: 4 (summary row)
  gather ink cell/12/1/7/9: 5 (summary row)
  gather ink cell/12/1/8/0: 19 (summary row)
  gather ink cell/12/1/8/1: 14 (summary row)
  gather ink cell/12/1/8/2: 14 (summary row)
  gather ink cell/12/1/8/3: 11 (summary row)
  gather ink cell/12/1/8/4: 9 (summary row)
  gather ink cell/12/1/8/5: 9 (summary row)
  gather ink cell/12/1/8/6: 12 (summary row)
  gather ink cell/12/1/8/7: 11 (summary row)
  gather ink cell/12/1/8/8: 9 (summary row)
  gather ink cell/12/1/8/9: 15 (summary row)
  gather ink cell/12/1/9/0: 33 (summary row)
  gather ink cell/12/1/9/1: 16 (summary row)
  gather ink cell/12/1/9/2: 14 (summary row)
  gather ink cell/12/1/9/3: 14 (summary row)
  gather ink cell/12/1/9/4: 10 (summary row)
  gather ink cell/12/1/9/5: 12 (summary row)
  gather ink cell/12/1/9/6: 16 (summary row)
  gather ink cell/12/1/9/7: 8 (summary row)
  gather ink cell/12/1/9/8: 11 (summary row)
  gather ink cell/12/1/9/9: 11 (summary row)
  gather ink cell/12/1/10/0: 25 (summary row)
  gather ink cell/12/1/10/1: 16 (summary row)
  gather ink cell/12/1/10/2: 16 (summary row)
  gather ink cell/12/1/10/3: 11 (summary row)
  gather ink cell/12/1/10/4: 23 (summary row)
  gather ink cell/12/1/10/5: 11 (summary row)
  gather ink cell/12/1/10/6: 20 (summary row)
  gather ink cell/12/1/10/7: 19 (summary row)
  gather ink cell/12/1/10/8: 18 (summary row)
  gather ink cell/12/1/10/9: 10 (summary row)
  gather ink cell/12/1/11/0: 31 (summary row)
  gather ink cell/12/1/11/1: 24 (summary row)
  gather ink cell/12/1/11/2: 30 (summary row)
  gather ink cell/12/1/11/3: 22 (summary row)
  gather ink cell/12/1/11/4: 17 (summary row)
  gather ink cell/12/1/11/5: 8 (summary row)
  gather ink cell/12/1/11/6: 9 (summary row)
  gather ink cell/12/1/11/7: 27 (summary row)
  gather ink cell/12/1/11/8: 32 (summary row)
  gather ink cell/12/1/11/9: 17 (summary row)
  gather ink cell/12/1/12/0: 38 (summary row)
  gather ink cell/12/1/12/1: 18 (summary row)
  gather ink cell/12/1/12/2: 19 (summary row)
  gather ink cell/12/1/12/3: 16 (summary row)
  gather ink cell/12/1/12/4: 14 (summary row)
  gather ink cell/12/1/12/5: 10 (summary row)
  gather ink cell/12/1/12/6: 9 (summary row)
  gather ink cell/12/1/12/7: 17 (summary row)
  gather ink cell/12/1/12/8: 22 (summary row)
  gather ink cell/12/1/12/9: 21 (summary row)
  gather ink cell/12/1/13/0: 35 (summary row)
  gather ink cell/12/1/13/1: 10 (summary row)
  gather ink cell/12/1/13/2: 8 (summary row)
  gather ink cell/12/1/13/3: 5 (summary row)
  gather ink cell/12/1/13/4: 8 (summary row)
  gather ink cell/12/1/13/5: 11 (summary row)
  gather ink cell/12/1/13/6: 9 (summary row)
  gather ink cell/12/1/13/7: 12 (summary row)
  gather ink cell/12/1/13/8: 10 (summary row)
  gather ink cell/12/1/13/9: 10 (summary row)
  gather detections cell/13/0/0/0: 33
  gather detections cell/13/0/0/1: 26
  gather detections cell/13/0/0/2: 21
  gather detections cell/13/0/0/3: 21
  gather detections cell/13/0/0/4: 8
  gather detections cell/13/0/0/5: 3
  gather detections cell/13/0/0/6: 3
  gather detections cell/13/0/0/7: 17
  gather detections cell/13/0/0/8: 19
  gather detections cell/13/0/0/9: 12
  gather detections cell/13/0/0/10: 5
  gather detections cell/13/0/0/11: 3
  gather detections cell/13/0/1/0: 34
  gather detections cell/13/0/1/1: 23
  gather detections cell/13/0/1/2: 16
  gather detections cell/13/0/1/3: 17
  gather detections cell/13/0/1/4: 5
  gather detections cell/13/0/1/5: 3
  gather detections cell/13/0/1/6: 1
  gather detections cell/13/0/1/7: 14
  gather detections cell/13/0/1/8: 21
  gather detections cell/13/0/1/9: 18
  gather detections cell/13/0/1/10: 3
  gather detections cell/13/0/1/11: 9
  gather detections cell/13/0/2/0: 26
  gather detections cell/13/0/2/1: 25
  gather detections cell/13/0/2/2: 18
  gather detections cell/13/0/2/3: 11
  gather detections cell/13/0/2/4: 2
  gather detections cell/13/0/2/5: 3
  gather detections cell/13/0/2/6: 5
  gather detections cell/13/0/2/7: 21
  gather detections cell/13/0/2/8: 18
  gather detections cell/13/0/2/9: 13
  gather detections cell/13/0/2/10: 6
  gather detections cell/13/0/2/11: 3
  gather detections cell/13/0/3/0: 19
  gather detections cell/13/0/3/1: 19
  gather detections cell/13/0/3/2: 13
  gather detections cell/13/0/3/3: 11
  gather detections cell/13/0/3/4: 5
  gather detections cell/13/0/3/5: 2
  gather detections cell/13/0/3/6: 2
  gather detections cell/13/0/3/7: 16
  gather detections cell/13/0/3/8: 15
  gather detections cell/13/0/3/9: 12
  gather detections cell/13/0/3/10: 3
  gather detections cell/13/0/3/11: 1
  gather detections cell/13/0/4/0: 12
  gather detections cell/13/0/4/1: 10
  gather detections cell/13/0/4/2: 8
  gather detections cell/13/0/4/3: 13
  gather detections cell/13/0/4/4: 4
  gather detections cell/13/0/4/5: 4
  gather detections cell/13/0/4/6: 8
  gather detections cell/13/0/4/7: 15
  gather detections cell/13/0/4/8: 9
  gather detections cell/13/0/4/9: 6
  gather detections cell/13/0/4/10: 11
  gather detections cell/13/0/4/11: 6
  gather detections cell/13/0/5/0: 13
  gather detections cell/13/0/5/1: 13
  gather detections cell/13/0/5/2: 7
  gather detections cell/13/0/5/3: 9
  gather detections cell/13/0/5/4: 11
  gather detections cell/13/0/5/5: 4
  gather detections cell/13/0/5/6: 22
  gather detections cell/13/0/5/7: 6
  gather detections cell/13/0/5/8: 1
  gather detections cell/13/0/5/9: 9
  gather detections cell/13/0/5/10: 8
  gather detections cell/13/0/5/11: 12
  gather detections cell/13/0/6/0: 19
  gather detections cell/13/0/6/1: 10
  gather detections cell/13/0/6/2: 9
  gather detections cell/13/0/6/3: 7
  gather detections cell/13/0/6/4: 12
  gather detections cell/13/0/6/5: 8
  gather detections cell/13/0/6/6: 10
  gather detections cell/13/0/6/7: 9
  gather detections cell/13/0/6/8: 4
  gather detections cell/13/0/6/9: 2
  gather detections cell/13/0/6/10: 3
  gather detections cell/13/0/6/11: 2
  gather detections cell/13/0/7/0: 10
  gather detections cell/13/0/7/1: 5
  gather detections cell/13/0/7/2: 8
  gather detections cell/13/0/7/3: 3
  gather detections cell/13/0/7/4: 4
  gather detections cell/13/0/7/5: 6
  gather detections cell/13/0/7/6: 16
  gather detections cell/13/0/7/7: 9
  gather detections cell/13/0/7/8: 6
  gather detections cell/13/0/7/9: 4
  gather detections cell/13/0/7/10: 4
  gather detections cell/13/0/7/11: 4
  gather detections cell/13/0/8/0: 19
  gather detections cell/13/0/8/1: 9
  gather detections cell/13/0/8/2: 7
  gather detections cell/13/0/8/3: 12
  gather detections cell/13/0/8/4: 11
  gather detections cell/13/0/8/5: 12
  gather detections cell/13/0/8/6: 22
  gather detections cell/13/0/8/7: 11
  gather detections cell/13/0/8/8: 4
  gather detections cell/13/0/8/9: 12
  gather detections cell/13/0/8/10: 16
  gather detections cell/13/0/8/11: 9
  gather detections cell/13/0/9/0: 32
  gather detections cell/13/0/9/1: 14
  gather detections cell/13/0/9/2: 16
  gather detections cell/13/0/9/3: 14
  gather detections cell/13/0/9/4: 12
  gather detections cell/13/0/9/5: 13
  gather detections cell/13/0/9/6: 15
  gather detections cell/13/0/9/7: 12
  gather detections cell/13/0/9/8: 3
  gather detections cell/13/0/9/9: 12
  gather detections cell/13/0/9/10: 20
  gather detections cell/13/0/9/11: 16
  gather detections cell/13/0/10/0: 18
  gather detections cell/13/0/10/1: 12
  gather detections cell/13/0/10/2: 14
  gather detections cell/13/0/10/3: 13
  gather detections cell/13/0/10/4: 26
  gather detections cell/13/0/10/5: 18
  gather detections cell/13/0/10/6: 14
  gather detections cell/13/0/10/7: 20
  gather detections cell/13/0/10/8: 9
  gather detections cell/13/0/10/9: 16
  gather detections cell/13/0/10/10: 18
  gather detections cell/13/0/10/11: 17
  gather detections cell/13/0/11/0: 28
  gather detections cell/13/0/11/1: 17
  gather detections cell/13/0/11/2: 12
  gather detections cell/13/0/11/3: 9
  gather detections cell/13/0/11/4: 12
  gather detections cell/13/0/11/5: 10
  gather detections cell/13/0/11/6: 9
  gather detections cell/13/0/11/7: 13
  gather detections cell/13/0/11/8: 11
  gather detections cell/13/0/11/9: 16
  gather detections cell/13/0/11/10: 14
  gather detections cell/13/0/11/11: 15
  gather detections cell/13/0/12/0: 35
  gather detections cell/13/0/12/1: 15
  gather detections cell/13/0/12/2: 13
  gather detections cell/13/0/12/3: 10
  gather detections cell/13/0/12/4: 5
  gather detections cell/13/0/12/5: 7
  gather detections cell/13/0/12/6: 9
  gather detections cell/13/0/12/7: 9
  gather detections cell/13/0/12/8: 8
  gather detections cell/13/0/12/9: 14
  gather detections cell/13/0/12/10: 9
  gather detections cell/13/0/12/11: 9
  gather detections cell/13/0/13/0: 18
  gather detections cell/13/0/13/1: 8
  gather detections cell/13/0/13/2: 5
  gather detections cell/13/0/13/3: 9
  gather detections cell/13/0/13/4: 11
  gather detections cell/13/0/13/5: 9
  gather detections cell/13/0/13/6: 11
  gather detections cell/13/0/13/7: 10
  gather detections cell/13/0/13/9: 13
  gather detections cell/13/0/13/10: 8
  gather detections cell/13/0/13/11: 9
  gather detections cell/13/1/0/0: 7
  gather detections cell/13/1/0/1: 24
  gather detections cell/13/1/0/2: 30
  gather detections cell/13/1/0/3: 20
  gather detections cell/13/1/0/4: 27
  gather detections cell/13/1/0/5: 22
  gather detections cell/13/1/0/6: 35
  gather detections cell/13/1/0/7: 28
  gather detections cell/13/1/0/8: 32
  gather detections cell/13/1/0/9: 30
  gather detections cell/13/1/0/10: 5
  gather detections cell/13/1/0/11: 8
  gather detections cell/13/1/1/0: 9
  gather detections cell/13/1/1/1: 19
  gather detections cell/13/1/1/2: 27
  gather detections cell/13/1/1/3: 20
  gather detections cell/13/1/1/4: 29
  gather detections cell/13/1/1/5: 20
  gather detections cell/13/1/1/6: 23
  gather detections cell/13/1/1/7: 24
  gather detections cell/13/1/1/8: 25
  gather detections cell/13/1/1/9: 18
  gather detections cell/13/1/1/10: 5
  gather detections cell/13/1/1/11: 4
  gather detections cell/13/1/2/0: 4
  gather detections cell/13/1/2/1: 21
  gather detections cell/13/1/2/2: 20
  gather detections cell/13/1/2/3: 18
  gather detections cell/13/1/2/4: 19
  gather detections cell/13/1/2/5: 22
  gather detections cell/13/1/2/6: 22
  gather detections cell/13/1/2/7: 19
  gather detections cell/13/1/2/8: 15
  gather detections cell/13/1/2/9: 15
  gather detections cell/13/1/2/10: 2
  gather detections cell/13/1/2/11: 5
  gather detections cell/13/1/3/0: 6
  gather detections cell/13/1/3/1: 16
  gather detections cell/13/1/3/2: 13
  gather detections cell/13/1/3/3: 14
  gather detections cell/13/1/3/4: 16
  gather detections cell/13/1/3/5: 19
  gather detections cell/13/1/3/6: 14
  gather detections cell/13/1/3/7: 16
  gather detections cell/13/1/3/8: 11
  gather detections cell/13/1/3/9: 11
  gather detections cell/13/1/3/10: 5
  gather detections cell/13/1/3/11: 7
  gather detections cell/13/1/4/0: 11
  gather detections cell/13/1/4/1: 17
  gather detections cell/13/1/4/2: 14
  gather detections cell/13/1/4/3: 12
  gather detections cell/13/1/4/4: 13
  gather detections cell/13/1/4/5: 19
  gather detections cell/13/1/4/6: 13
  gather detections cell/13/1/4/7: 13
  gather detections cell/13/1/4/8: 13
  gather detections cell/13/1/4/9: 11
  gather detections cell/13/1/4/10: 2
  gather detections cell/13/1/4/11: 2
  gather detections cell/13/1/5/0: 22
  gather detections cell/13/1/5/1: 25
  gather detections cell/13/1/5/2: 15
  gather detections cell/13/1/5/3: 20
  gather detections cell/13/1/5/4: 16
  gather detections cell/13/1/5/5: 15
  gather detections cell/13/1/5/6: 25
  gather detections cell/13/1/5/7: 21
  gather detections cell/13/1/5/8: 10
  gather detections cell/13/1/5/9: 11
  gather detections cell/13/1/5/10: 6
  gather detections cell/13/1/5/11: 4
  gather detections cell/13/1/6/0: 13
  gather detections cell/13/1/6/1: 17
  gather detections cell/13/1/6/2: 12
  gather detections cell/13/1/6/3: 10
  gather detections cell/13/1/6/4: 12
  gather detections cell/13/1/6/5: 14
  gather detections cell/13/1/6/6: 17
  gather detections cell/13/1/6/7: 19
  gather detections cell/13/1/6/8: 13
  gather detections cell/13/1/6/9: 12
  gather detections cell/13/1/6/10: 14
  gather detections cell/13/1/6/11: 7
  gather detections cell/13/1/7/0: 17
  gather detections cell/13/1/7/1: 17
  gather detections cell/13/1/7/2: 13
  gather detections cell/13/1/7/3: 13
  gather detections cell/13/1/7/4: 13
  gather detections cell/13/1/7/5: 14
  gather detections cell/13/1/7/6: 16
  gather detections cell/13/1/7/7: 15
  gather detections cell/13/1/7/8: 4
  gather detections cell/13/1/7/9: 6
  gather detections cell/13/1/7/10: 4
  gather detections cell/13/1/7/11: 16
  gather detections cell/13/1/8/0: 12
  gather detections cell/13/1/8/1: 14
  gather detections cell/13/1/8/2: 13
  gather detections cell/13/1/8/3: 17
  gather detections cell/13/1/8/4: 15
  gather detections cell/13/1/8/5: 12
  gather detections cell/13/1/8/6: 12
  gather detections cell/13/1/8/7: 9
  gather detections cell/13/1/8/8: 10
  gather detections cell/13/1/8/9: 8
  gather detections cell/13/1/8/10: 11
  gather detections cell/13/1/8/11: 19
  gather detections cell/13/1/9/0: 18
  gather detections cell/13/1/9/1: 17
  gather detections cell/13/1/9/2: 15
  gather detections cell/13/1/9/3: 20
  gather detections cell/13/1/9/4: 13
  gather detections cell/13/1/9/5: 16
  gather detections cell/13/1/9/6: 4
  gather detections cell/13/1/9/7: 14
  gather detections cell/13/1/9/8: 20
  gather detections cell/13/1/9/9: 21
  gather detections cell/13/1/9/10: 25
  gather detections cell/13/1/9/11: 21
  gather detections cell/13/1/10/0: 18
  gather detections cell/13/1/10/1: 15
  gather detections cell/13/1/10/2: 15
  gather detections cell/13/1/10/3: 22
  gather detections cell/13/1/10/4: 17
  gather detections cell/13/1/10/5: 19
  gather detections cell/13/1/10/6: 6
  gather detections cell/13/1/10/7: 16
  gather detections cell/13/1/10/8: 27
  gather detections cell/13/1/10/9: 26
  gather detections cell/13/1/10/10: 21
  gather detections cell/13/1/10/11: 19
  gather detections cell/13/1/11/0: 22
  gather detections cell/13/1/11/1: 13
  gather detections cell/13/1/11/2: 16
  gather detections cell/13/1/11/3: 22
  gather detections cell/13/1/11/4: 18
  gather detections cell/13/1/11/5: 17
  gather detections cell/13/1/11/6: 6
  gather detections cell/13/1/11/7: 21
  gather detections cell/13/1/11/8: 16
  gather detections cell/13/1/11/9: 20
  gather detections cell/13/1/11/10: 20
  gather detections cell/13/1/11/11: 15
  gather detections cell/13/1/12/0: 12
  gather detections cell/13/1/12/1: 16
  gather detections cell/13/1/12/2: 19
  gather detections cell/13/1/12/3: 16
  gather detections cell/13/1/12/4: 15
  gather detections cell/13/1/12/5: 14
  gather detections cell/13/1/12/6: 4
  gather detections cell/13/1/12/7: 15
  gather detections cell/13/1/12/8: 11
  gather detections cell/13/1/12/9: 13
  gather detections cell/13/1/12/10: 26
  gather detections cell/13/1/12/11: 12
  gather detections cell/13/1/13/0: 14
  gather detections cell/13/1/13/1: 7
  gather detections cell/13/1/13/2: 14
  gather detections cell/13/1/13/3: 14
  gather detections cell/13/1/13/4: 12
  gather detections cell/13/1/13/5: 17
  gather detections cell/13/1/13/6: 4
  gather detections cell/13/1/13/7: 12
  gather detections cell/13/1/13/8: 13
  gather detections cell/13/1/13/9: 13
  gather detections cell/13/1/13/10: 17
  gather detections cell/13/1/13/11: 8
  gather ink cell/13/0/0/0: 40 (summary row)
  gather ink cell/13/0/0/1: 19 (summary row)
  gather ink cell/13/0/0/2: 15 (summary row)
  gather ink cell/13/0/0/3: 16 (summary row)
  gather ink cell/13/0/0/4: 4 (summary row)
  gather ink cell/13/0/0/5: 3 (summary row)
  gather ink cell/13/0/0/6: 3 (summary row)
  gather ink cell/13/0/0/7: 11 (summary row)
  gather ink cell/13/0/0/8: 15 (summary row)
  gather ink cell/13/0/0/9: 9 (summary row)
  gather ink cell/13/0/0/10: 3 (summary row)
  gather ink cell/13/0/0/11: 3 (summary row)
  gather ink cell/13/0/1/0: 23 (summary row)
  gather ink cell/13/0/1/1: 11 (summary row)
  gather ink cell/13/0/1/2: 27 (summary row)
  gather ink cell/13/0/1/3: 13 (summary row)
  gather ink cell/13/0/1/4: 3 (summary row)
  gather ink cell/13/0/1/5: 2 (summary row)
  gather ink cell/13/0/1/6: 3 (summary row)
  gather ink cell/13/0/1/7: 12 (summary row)
  gather ink cell/13/0/1/8: 13 (summary row)
  gather ink cell/13/0/1/9: 18 (summary row)
  gather ink cell/13/0/1/10: 3 (summary row)
  gather ink cell/13/0/1/11: 2 (summary row)
  gather ink cell/13/0/2/0: 56 (summary row)
  gather ink cell/13/0/2/1: 16 (summary row)
  gather ink cell/13/0/2/2: 17 (summary row)
  gather ink cell/13/0/2/3: 16 (summary row)
  gather ink cell/13/0/2/4: 5 (summary row)
  gather ink cell/13/0/2/5: 3 (summary row)
  gather ink cell/13/0/2/6: 3 (summary row)
  gather ink cell/13/0/2/7: 10 (summary row)
  gather ink cell/13/0/2/8: 16 (summary row)
  gather ink cell/13/0/2/9: 12 (summary row)
  gather ink cell/13/0/2/10: 4 (summary row)
  gather ink cell/13/0/2/11: 3 (summary row)
  gather ink cell/13/0/3/0: 27 (summary row)
  gather ink cell/13/0/3/1: 11 (summary row)
  gather ink cell/13/0/3/2: 11 (summary row)
  gather ink cell/13/0/3/3: 18 (summary row)
  gather ink cell/13/0/3/4: 15 (summary row)
  gather ink cell/13/0/3/5: 8 (summary row)
  gather ink cell/13/0/3/6: 7 (summary row)
  gather ink cell/13/0/3/7: 30 (summary row)
  gather ink cell/13/0/3/8: 13 (summary row)
  gather ink cell/13/0/3/9: 14 (summary row)
  gather ink cell/13/0/3/10: 18 (summary row)
  gather ink cell/13/0/3/11: 3 (summary row)
  gather ink cell/13/0/4/0: 16 (summary row)
  gather ink cell/13/0/4/1: 9 (summary row)
  gather ink cell/13/0/4/2: 17 (summary row)
  gather ink cell/13/0/4/3: 28 (summary row)
  gather ink cell/13/0/4/4: 2 (summary row)
  gather ink cell/13/0/4/5: 3 (summary row)
  gather ink cell/13/0/4/6: 4 (summary row)
  gather ink cell/13/0/4/7: 9 (summary row)
  gather ink cell/13/0/4/8: 6 (summary row)
  gather ink cell/13/0/4/9: 14 (summary row)
  gather ink cell/13/0/4/10: 4 (summary row)
  gather ink cell/13/0/4/11: 3 (summary row)
  gather ink cell/13/0/5/0: 28 (summary row)
  gather ink cell/13/0/5/1: 15 (summary row)
  gather ink cell/13/0/5/2: 3 (summary row)
  gather ink cell/13/0/5/3: 7 (summary row)
  gather ink cell/13/0/5/4: 3 (summary row)
  gather ink cell/13/0/5/5: 5 (summary row)
  gather ink cell/13/0/5/6: 8 (summary row)
  gather ink cell/13/0/5/7: 10 (summary row)
  gather ink cell/13/0/5/8: 5 (summary row)
  gather ink cell/13/0/5/9: 8 (summary row)
  gather ink cell/13/0/5/10: 5 (summary row)
  gather ink cell/13/0/5/11: 8 (summary row)
  gather ink cell/13/0/6/0: 16 (summary row)
  gather ink cell/13/0/6/1: 13 (summary row)
  gather ink cell/13/0/6/2: 7 (summary row)
  gather ink cell/13/0/6/3: 6 (summary row)
  gather ink cell/13/0/6/4: 12 (summary row)
  gather ink cell/13/0/6/5: 10 (summary row)
  gather ink cell/13/0/6/6: 5 (summary row)
  gather ink cell/13/0/6/7: 6 (summary row)
  gather ink cell/13/0/6/8: 6 (summary row)
  gather ink cell/13/0/6/9: 15 (summary row)
  gather ink cell/13/0/6/10: 11 (summary row)
  gather ink cell/13/0/6/11: 3 (summary row)
  gather ink cell/13/0/7/0: 32 (summary row)
  gather ink cell/13/0/7/1: 17 (summary row)
  gather ink cell/13/0/7/2: 5 (summary row)
  gather ink cell/13/0/7/3: 6 (summary row)
  gather ink cell/13/0/7/4: 6 (summary row)
  gather ink cell/13/0/7/5: 5 (summary row)
  gather ink cell/13/0/7/6: 5 (summary row)
  gather ink cell/13/0/7/7: 7 (summary row)
  gather ink cell/13/0/7/8: 5 (summary row)
  gather ink cell/13/0/7/9: 3 (summary row)
  gather ink cell/13/0/7/10: 2 (summary row)
  gather ink cell/13/0/7/11: 3 (summary row)
  gather ink cell/13/0/8/0: 21 (summary row)
  gather ink cell/13/0/8/1: 6 (summary row)
  gather ink cell/13/0/8/2: 8 (summary row)
  gather ink cell/13/0/8/3: 8 (summary row)
  gather ink cell/13/0/8/4: 9 (summary row)
  gather ink cell/13/0/8/5: 9 (summary row)
  gather ink cell/13/0/8/6: 9 (summary row)
  gather ink cell/13/0/8/7: 10 (summary row)
  gather ink cell/13/0/8/8: 3 (summary row)
  gather ink cell/13/0/8/9: 10 (summary row)
  gather ink cell/13/0/8/10: 19 (summary row)
  gather ink cell/13/0/8/11: 35 (summary row)
  gather ink cell/13/0/9/0: 23 (summary row)
  gather ink cell/13/0/9/1: 6 (summary row)
  gather ink cell/13/0/9/2: 8 (summary row)
  gather ink cell/13/0/9/3: 15 (summary row)
  gather ink cell/13/0/9/4: 10 (summary row)
  gather ink cell/13/0/9/5: 11 (summary row)
  gather ink cell/13/0/9/6: 11 (summary row)
  gather ink cell/13/0/9/7: 10 (summary row)
  gather ink cell/13/0/9/8: 2 (summary row)
  gather ink cell/13/0/9/9: 13 (summary row)
  gather ink cell/13/0/9/10: 11 (summary row)
  gather ink cell/13/0/9/11: 7 (summary row)
  gather ink cell/13/0/10/0: 19 (summary row)
  gather ink cell/13/0/10/1: 10 (summary row)
  gather ink cell/13/0/10/2: 14 (summary row)
  gather ink cell/13/0/10/3: 20 (summary row)
  gather ink cell/13/0/10/4: 16 (summary row)
  gather ink cell/13/0/10/5: 19 (summary row)
  gather ink cell/13/0/10/6: 16 (summary row)
  gather ink cell/13/0/10/7: 21 (summary row)
  gather ink cell/13/0/10/8: 8 (summary row)
  gather ink cell/13/0/10/9: 15 (summary row)
  gather ink cell/13/0/10/10: 21 (summary row)
  gather ink cell/13/0/10/11: 17 (summary row)
  gather ink cell/13/0/11/0: 29 (summary row)
  gather ink cell/13/0/11/1: 9 (summary row)
  gather ink cell/13/0/11/2: 14 (summary row)
  gather ink cell/13/0/11/3: 15 (summary row)
  gather ink cell/13/0/11/4: 10 (summary row)
  gather ink cell/13/0/11/5: 12 (summary row)
  gather ink cell/13/0/11/6: 10 (summary row)
  gather ink cell/13/0/11/7: 12 (summary row)
  gather ink cell/13/0/11/8: 7 (summary row)
  gather ink cell/13/0/11/9: 16 (summary row)
  gather ink cell/13/0/11/10: 13 (summary row)
  gather ink cell/13/0/11/11: 27 (summary row)
  gather ink cell/13/0/12/0: 34 (summary row)
  gather ink cell/13/0/12/1: 10 (summary row)
  gather ink cell/13/0/12/2: 8 (summary row)
  gather ink cell/13/0/12/3: 12 (summary row)
  gather ink cell/13/0/12/4: 14 (summary row)
  gather ink cell/13/0/12/5: 10 (summary row)
  gather ink cell/13/0/12/6: 8 (summary row)
  gather ink cell/13/0/12/7: 11 (summary row)
  gather ink cell/13/0/12/8: 9 (summary row)
  gather ink cell/13/0/12/9: 10 (summary row)
  gather ink cell/13/0/12/10: 12 (summary row)
  gather ink cell/13/0/12/11: 9 (summary row)
  gather ink cell/13/0/13/0: 22 (summary row)
  gather ink cell/13/0/13/1: 7 (summary row)
  gather ink cell/13/0/13/2: 3 (summary row)
  gather ink cell/13/0/13/3: 16 (summary row)
  gather ink cell/13/0/13/4: 8 (summary row)
  gather ink cell/13/0/13/5: 12 (summary row)
  gather ink cell/13/0/13/6: 14 (summary row)
  gather ink cell/13/0/13/7: 12 (summary row)
  gather ink cell/13/0/13/8: 7 (summary row)
  gather ink cell/13/0/13/9: 9 (summary row)
  gather ink cell/13/0/13/10: 7 (summary row)
  gather ink cell/13/0/13/11: 10 (summary row)
  gather ink cell/13/1/0/0: 19 (summary row)
  gather ink cell/13/1/0/1: 13 (summary row)
  gather ink cell/13/1/0/2: 30 (summary row)
  gather ink cell/13/1/0/3: 15 (summary row)
  gather ink cell/13/1/0/4: 20 (summary row)
  gather ink cell/13/1/0/5: 15 (summary row)
  gather ink cell/13/1/0/6: 18 (summary row)
  gather ink cell/13/1/0/7: 20 (summary row)
  gather ink cell/13/1/0/8: 23 (summary row)
  gather ink cell/13/1/0/9: 22 (summary row)
  gather ink cell/13/1/0/10: 4 (summary row)
  gather ink cell/13/1/0/11: 5 (summary row)
  gather ink cell/13/1/1/0: 13 (summary row)
  gather ink cell/13/1/1/1: 15 (summary row)
  gather ink cell/13/1/1/2: 38 (summary row)
  gather ink cell/13/1/1/3: 13 (summary row)
  gather ink cell/13/1/1/4: 14 (summary row)
  gather ink cell/13/1/1/5: 14 (summary row)
  gather ink cell/13/1/1/6: 18 (summary row)
  gather ink cell/13/1/1/7: 18 (summary row)
  gather ink cell/13/1/1/8: 19 (summary row)
  gather ink cell/13/1/1/9: 22 (summary row)
  gather ink cell/13/1/1/10: 23 (summary row)
  gather ink cell/13/1/1/11: 9 (summary row)
  gather ink cell/13/1/2/0: 6 (summary row)
  gather ink cell/13/1/2/1: 15 (summary row)
  gather ink cell/13/1/2/2: 27 (summary row)
  gather ink cell/13/1/2/3: 13 (summary row)
  gather ink cell/13/1/2/4: 11 (summary row)
  gather ink cell/13/1/2/5: 13 (summary row)
  gather ink cell/13/1/2/6: 20 (summary row)
  gather ink cell/13/1/2/7: 12 (summary row)
  gather ink cell/13/1/2/8: 14 (summary row)
  gather ink cell/13/1/2/9: 11 (summary row)
  gather ink cell/13/1/2/10: 5 (summary row)
  gather ink cell/13/1/2/11: 4 (summary row)
  gather ink cell/13/1/3/0: 17 (summary row)
  gather ink cell/13/1/3/1: 12 (summary row)
  gather ink cell/13/1/3/2: 28 (summary row)
  gather ink cell/13/1/3/3: 9 (summary row)
  gather ink cell/13/1/3/4: 11 (summary row)
  gather ink cell/13/1/3/5: 13 (summary row)
  gather ink cell/13/1/3/6: 15 (summary row)
  gather ink cell/13/1/3/7: 14 (summary row)
  gather ink cell/13/1/3/8: 11 (summary row)
  gather ink cell/13/1/3/9: 11 (summary row)
  gather ink cell/13/1/3/10: 5 (summary row)
  gather ink cell/13/1/3/11: 4 (summary row)
  gather ink cell/13/1/4/0: 24 (summary row)
  gather ink cell/13/1/4/1: 14 (summary row)
  gather ink cell/13/1/4/2: 25 (summary row)
  gather ink cell/13/1/4/3: 19 (summary row)
  gather ink cell/13/1/4/4: 13 (summary row)
  gather ink cell/13/1/4/5: 13 (summary row)
  gather ink cell/13/1/4/6: 17 (summary row)
  gather ink cell/13/1/4/7: 18 (summary row)
  gather ink cell/13/1/4/8: 17 (summary row)
  gather ink cell/13/1/4/9: 16 (summary row)
  gather ink cell/13/1/4/10: 4 (summary row)
  gather ink cell/13/1/4/11: 3 (summary row)
  gather ink cell/13/1/5/0: 32 (summary row)
  gather ink cell/13/1/5/1: 27 (summary row)
  gather ink cell/13/1/5/2: 22 (summary row)
  gather ink cell/13/1/5/3: 16 (summary row)
  gather ink cell/13/1/5/4: 16 (summary row)
  gather ink cell/13/1/5/5: 11 (summary row)
  gather ink cell/13/1/5/6: 15 (summary row)
  gather ink cell/13/1/5/7: 21 (summary row)
  gather ink cell/13/1/5/8: 10 (summary row)
  gather ink cell/13/1/5/9: 10 (summary row)
  gather ink cell/13/1/5/10: 11 (summary row)
  gather ink cell/13/1/5/11: 7 (summary row)
  gather ink cell/13/1/6/0: 7 (summary row)
  gather ink cell/13/1/6/1: 7 (summary row)
  gather ink cell/13/1/6/2: 8 (summary row)
  gather ink cell/13/1/6/3: 6 (summary row)
  gather ink cell/13/1/6/4: 6 (summary row)
  gather ink cell/13/1/6/5: 5 (summary row)
  gather ink cell/13/1/6/6: 6 (summary row)
  gather ink cell/13/1/6/7: 9 (summary row)
  gather ink cell/13/1/6/8: 8 (summary row)
  gather ink cell/13/1/6/9: 6 (summary row)
  gather ink cell/13/1/6/10: 7 (summary row)
  gather ink cell/13/1/6/11: 8 (summary row)
  gather ink cell/13/1/7/0: 11 (summary row)
  gather ink cell/13/1/7/1: 7 (summary row)
  gather ink cell/13/1/7/2: 11 (summary row)
  gather ink cell/13/1/7/3: 10 (summary row)
  gather ink cell/13/1/7/4: 11 (summary row)
  gather ink cell/13/1/7/5: 9 (summary row)
  gather ink cell/13/1/7/6: 10 (summary row)
  gather ink cell/13/1/7/7: 10 (summary row)
  gather ink cell/13/1/7/8: 3 (summary row)
  gather ink cell/13/1/7/9: 2 (summary row)
  gather ink cell/13/1/7/10: 2 (summary row)
  gather ink cell/13/1/7/11: 18 (summary row)
  gather ink cell/13/1/8/0: 19 (summary row)
  gather ink cell/13/1/8/1: 11 (summary row)
  gather ink cell/13/1/8/2: 13 (summary row)
  gather ink cell/13/1/8/3: 13 (summary row)
  gather ink cell/13/1/8/4: 12 (summary row)
  gather ink cell/13/1/8/5: 11 (summary row)
  gather ink cell/13/1/8/6: 8 (summary row)
  gather ink cell/13/1/8/7: 9 (summary row)
  gather ink cell/13/1/8/8: 8 (summary row)
  gather ink cell/13/1/8/9: 11 (summary row)
  gather ink cell/13/1/8/10: 12 (summary row)
  gather ink cell/13/1/8/11: 17 (summary row)
  gather ink cell/13/1/9/0: 21 (summary row)
  gather ink cell/13/1/9/1: 15 (summary row)
  gather ink cell/13/1/9/2: 10 (summary row)
  gather ink cell/13/1/9/3: 12 (summary row)
  gather ink cell/13/1/9/4: 15 (summary row)
  gather ink cell/13/1/9/5: 12 (summary row)
  gather ink cell/13/1/9/6: 4 (summary row)
  gather ink cell/13/1/9/7: 9 (summary row)
  gather ink cell/13/1/9/8: 10 (summary row)
  gather ink cell/13/1/9/9: 11 (summary row)
  gather ink cell/13/1/9/10: 13 (summary row)
  gather ink cell/13/1/9/11: 9 (summary row)
  gather ink cell/13/1/10/0: 24 (summary row)
  gather ink cell/13/1/10/1: 18 (summary row)
  gather ink cell/13/1/10/2: 19 (summary row)
  gather ink cell/13/1/10/3: 21 (summary row)
  gather ink cell/13/1/10/4: 16 (summary row)
  gather ink cell/13/1/10/5: 23 (summary row)
  gather ink cell/13/1/10/6: 5 (summary row)
  gather ink cell/13/1/10/7: 14 (summary row)
  gather ink cell/13/1/10/8: 15 (summary row)
  gather ink cell/13/1/10/9: 16 (summary row)
  gather ink cell/13/1/10/10: 18 (summary row)
  gather ink cell/13/1/10/11: 13 (summary row)
  gather ink cell/13/1/11/0: 23 (summary row)
  gather ink cell/13/1/11/1: 21 (summary row)
  gather ink cell/13/1/11/2: 23 (summary row)
  gather ink cell/13/1/11/3: 21 (summary row)
  gather ink cell/13/1/11/4: 16 (summary row)
  gather ink cell/13/1/11/5: 14 (summary row)
  gather ink cell/13/1/11/6: 5 (summary row)
  gather ink cell/13/1/11/7: 18 (summary row)
  gather ink cell/13/1/11/8: 11 (summary row)
  gather ink cell/13/1/11/9: 13 (summary row)
  gather ink cell/13/1/11/10: 17 (summary row)
  gather ink cell/13/1/11/11: 14 (summary row)
  gather ink cell/13/1/12/0: 21 (summary row)
  gather ink cell/13/1/12/1: 12 (summary row)
  gather ink cell/13/1/12/2: 17 (summary row)
  gather ink cell/13/1/12/3: 23 (summary row)
  gather ink cell/13/1/12/4: 23 (summary row)
  gather ink cell/13/1/12/5: 14 (summary row)
  gather ink cell/13/1/12/6: 6 (summary row)
  gather ink cell/13/1/12/7: 24 (summary row)
  gather ink cell/13/1/12/8: 10 (summary row)
  gather ink cell/13/1/12/9: 15 (summary row)
  gather ink cell/13/1/12/10: 18 (summary row)
  gather ink cell/13/1/12/11: 9 (summary row)
  gather ink cell/13/1/13/0: 23 (summary row)
  gather ink cell/13/1/13/1: 10 (summary row)
  gather ink cell/13/1/13/2: 15 (summary row)
  gather ink cell/13/1/13/3: 21 (summary row)
  gather ink cell/13/1/13/4: 34 (summary row)
  gather ink cell/13/1/13/5: 24 (summary row)
  gather ink cell/13/1/13/6: 8 (summary row)
  gather ink cell/13/1/13/7: 22 (summary row)
  gather ink cell/13/1/13/8: 10 (summary row)
  gather ink cell/13/1/13/9: 14 (summary row)
  gather ink cell/13/1/13/10: 15 (summary row)
  gather ink cell/13/1/13/11: 9 (summary row)
  gather detections cell/14/0/0/0: 52
  gather detections cell/14/0/0/1: 22
  gather detections cell/14/0/0/2: 13
  gather detections cell/14/0/0/3: 4
  gather detections cell/14/0/0/4: 25
  gather detections cell/14/0/0/5: 14
  gather detections cell/14/0/0/6: 15
  gather detections cell/14/0/0/7: 3
  gather detections cell/14/0/0/8: 4
  gather detections cell/14/0/0/9: 1
  gather detections cell/14/0/1/0: 42
  gather detections cell/14/0/1/1: 14
  gather detections cell/14/0/1/2: 11
  gather detections cell/14/0/1/3: 5
  gather detections cell/14/0/1/4: 33
  gather detections cell/14/0/1/5: 22
  gather detections cell/14/0/1/6: 16
  gather detections cell/14/0/1/7: 5
  gather detections cell/14/0/1/8: 5
  gather detections cell/14/0/1/9: 3
  gather detections cell/14/0/2/0: 40
  gather detections cell/14/0/2/1: 14
  gather detections cell/14/0/2/2: 9
  gather detections cell/14/0/2/3: 7
  gather detections cell/14/0/2/4: 35
  gather detections cell/14/0/2/5: 9
  gather detections cell/14/0/2/6: 7
  gather detections cell/14/0/2/7: 5
  gather detections cell/14/0/2/8: 4
  gather detections cell/14/0/2/9: 6
  gather detections cell/14/0/3/0: 33
  gather detections cell/14/0/3/1: 11
  gather detections cell/14/0/3/2: 14
  gather detections cell/14/0/3/3: 9
  gather detections cell/14/0/3/4: 34
  gather detections cell/14/0/3/5: 15
  gather detections cell/14/0/3/6: 5
  gather detections cell/14/0/3/7: 8
  gather detections cell/14/0/3/8: 11
  gather detections cell/14/0/3/9: 13
  gather detections cell/14/0/4/0: 27
  gather detections cell/14/0/4/1: 17
  gather detections cell/14/0/4/2: 10
  gather detections cell/14/0/4/3: 10
  gather detections cell/14/0/4/4: 15
  gather detections cell/14/0/4/5: 17
  gather detections cell/14/0/4/6: 7
  gather detections cell/14/0/4/7: 2
  gather detections cell/14/0/4/8: 4
  gather detections cell/14/0/5/0: 19
  gather detections cell/14/0/5/1: 16
  gather detections cell/14/0/5/2: 10
  gather detections cell/14/0/5/3: 12
  gather detections cell/14/0/5/4: 10
  gather detections cell/14/0/5/5: 20
  gather detections cell/14/0/5/6: 8
  gather detections cell/14/0/5/7: 10
  gather detections cell/14/0/5/8: 9
  gather detections cell/14/0/5/9: 11
  gather detections cell/14/0/6/0: 15
  gather detections cell/14/0/6/1: 9
  gather detections cell/14/0/6/2: 17
  gather detections cell/14/0/6/3: 8
  gather detections cell/14/0/6/4: 20
  gather detections cell/14/0/6/5: 5
  gather detections cell/14/0/6/6: 12
  gather detections cell/14/0/6/7: 9
  gather detections cell/14/0/6/8: 5
  gather detections cell/14/0/6/9: 3
  gather detections cell/14/0/7/0: 9
  gather detections cell/14/0/7/1: 1
  gather detections cell/14/0/7/2: 5
  gather detections cell/14/0/7/3: 13
  gather detections cell/14/0/7/4: 6
  gather detections cell/14/0/7/5: 3
  gather detections cell/14/0/7/6: 9
  gather detections cell/14/0/7/7: 3
  gather detections cell/14/0/7/8: 6
  gather detections cell/14/0/7/9: 2
  gather detections cell/14/0/8/0: 11
  gather detections cell/14/0/8/1: 8
  gather detections cell/14/0/8/2: 20
  gather detections cell/14/0/8/3: 23
  gather detections cell/14/0/8/4: 8
  gather detections cell/14/0/8/5: 11
  gather detections cell/14/0/8/6: 7
  gather detections cell/14/0/8/7: 8
  gather detections cell/14/0/8/8: 5
  gather detections cell/14/0/8/9: 9
  gather detections cell/14/0/9/0: 17
  gather detections cell/14/0/9/1: 4
  gather detections cell/14/0/9/2: 27
  gather detections cell/14/0/9/3: 25
  gather detections cell/14/0/9/4: 12
  gather detections cell/14/0/9/5: 5
  gather detections cell/14/0/9/6: 20
  gather detections cell/14/0/9/7: 7
  gather detections cell/14/0/9/8: 11
  gather detections cell/14/0/9/9: 5
  gather detections cell/14/0/10/0: 23
  gather detections cell/14/0/10/1: 13
  gather detections cell/14/0/10/2: 25
  gather detections cell/14/0/10/3: 20
  gather detections cell/14/0/10/4: 20
  gather detections cell/14/0/10/5: 17
  gather detections cell/14/0/10/6: 13
  gather detections cell/14/0/10/7: 14
  gather detections cell/14/0/10/8: 13
  gather detections cell/14/0/10/9: 11
  gather detections cell/14/0/11/0: 15
  gather detections cell/14/0/11/1: 12
  gather detections cell/14/0/11/2: 12
  gather detections cell/14/0/11/3: 17
  gather detections cell/14/0/11/4: 17
  gather detections cell/14/0/11/5: 9
  gather detections cell/14/0/11/6: 17
  gather detections cell/14/0/11/7: 16
  gather detections cell/14/0/11/8: 18
  gather detections cell/14/0/11/9: 15
  gather detections cell/14/0/12/0: 18
  gather detections cell/14/0/12/1: 11
  gather detections cell/14/0/12/2: 12
  gather detections cell/14/0/12/3: 8
  gather detections cell/14/0/12/4: 10
  gather detections cell/14/0/12/5: 10
  gather detections cell/14/0/12/6: 11
  gather detections cell/14/0/12/7: 12
  gather detections cell/14/0/12/8: 24
  gather detections cell/14/0/12/9: 11
  gather detections cell/14/0/13/0: 15
  gather detections cell/14/0/13/1: 5
  gather detections cell/14/0/13/2: 17
  gather detections cell/14/0/13/3: 13
  gather detections cell/14/0/13/4: 10
  gather detections cell/14/0/13/5: 4
  gather detections cell/14/0/13/6: 18
  gather detections cell/14/0/13/7: 13
  gather detections cell/14/0/13/8: 16
  gather detections cell/14/0/13/9: 12
  gather detections cell/14/1/0/0: 21
  gather detections cell/14/1/0/1: 19
  gather detections cell/14/1/0/2: 11
  gather detections cell/14/1/0/3: 15
  gather detections cell/14/1/0/4: 15
  gather detections cell/14/1/0/5: 18
  gather detections cell/14/1/0/6: 8
  gather detections cell/14/1/0/7: 8
  gather detections cell/14/1/0/8: 2
  gather detections cell/14/1/1/0: 21
  gather detections cell/14/1/1/1: 13
  gather detections cell/14/1/1/2: 9
  gather detections cell/14/1/1/3: 7
  gather detections cell/14/1/1/4: 4
  gather detections cell/14/1/1/5: 7
  gather detections cell/14/1/1/6: 15
  gather detections cell/14/1/1/7: 7
  gather detections cell/14/1/1/8: 11
  gather detections cell/14/1/2/0: 14
  gather detections cell/14/1/2/1: 11
  gather detections cell/14/1/2/2: 15
  gather detections cell/14/1/2/3: 17
  gather detections cell/14/1/2/4: 13
  gather detections cell/14/1/2/5: 10
  gather detections cell/14/1/2/6: 13
  gather detections cell/14/1/2/7: 16
  gather detections cell/14/1/2/8: 16
  gather detections cell/14/1/3/0: 19
  gather detections cell/14/1/3/1: 14
  gather detections cell/14/1/3/2: 14
  gather detections cell/14/1/3/3: 20
  gather detections cell/14/1/3/4: 13
  gather detections cell/14/1/3/5: 17
  gather detections cell/14/1/3/6: 21
  gather detections cell/14/1/3/7: 19
  gather detections cell/14/1/3/8: 18
  gather detections cell/14/1/4/0: 13
  gather detections cell/14/1/4/1: 15
  gather detections cell/14/1/4/2: 9
  gather detections cell/14/1/4/3: 16
  gather detections cell/14/1/4/4: 13
  gather detections cell/14/1/4/5: 15
  gather detections cell/14/1/4/6: 12
  gather detections cell/14/1/4/7: 11
  gather detections cell/14/1/4/8: 8
  gather detections cell/14/1/5/0: 15
  gather detections cell/14/1/5/1: 18
  gather detections cell/14/1/5/2: 10
  gather detections cell/14/1/5/3: 12
  gather detections cell/14/1/5/4: 19
  gather detections cell/14/1/5/5: 19
  gather detections cell/14/1/5/6: 12
  gather detections cell/14/1/5/7: 8
  gather detections cell/14/1/5/8: 5
  gather detections cell/14/1/6/0: 24
  gather detections cell/14/1/6/1: 20
  gather detections cell/14/1/6/2: 11
  gather detections cell/14/1/6/3: 13
  gather detections cell/14/1/6/4: 13
  gather detections cell/14/1/6/5: 8
  gather detections cell/14/1/6/6: 9
  gather detections cell/14/1/6/7: 7
  gather detections cell/14/1/6/8: 8
  gather detections cell/14/1/7/0: 21
  gather detections cell/14/1/7/1: 16
  gather detections cell/14/1/7/2: 16
  gather detections cell/14/1/7/3: 12
  gather detections cell/14/1/7/4: 16
  gather detections cell/14/1/7/5: 16
  gather detections cell/14/1/7/6: 9
  gather detections cell/14/1/7/7: 9
  gather detections cell/14/1/7/8: 17
  gather detections cell/14/1/8/0: 17
  gather detections cell/14/1/8/1: 20
  gather detections cell/14/1/8/2: 7
  gather detections cell/14/1/8/3: 13
  gather detections cell/14/1/8/4: 11
  gather detections cell/14/1/8/5: 16
  gather detections cell/14/1/8/6: 9
  gather detections cell/14/1/8/7: 13
  gather detections cell/14/1/8/8: 13
  gather detections cell/14/1/9/0: 27
  gather detections cell/14/1/9/1: 21
  gather detections cell/14/1/9/2: 21
  gather detections cell/14/1/9/3: 18
  gather detections cell/14/1/9/4: 17
  gather detections cell/14/1/9/5: 18
  gather detections cell/14/1/9/6: 24
  gather detections cell/14/1/9/7: 18
  gather detections cell/14/1/9/8: 20
  gather detections cell/14/1/10/0: 21
  gather detections cell/14/1/10/1: 10
  gather detections cell/14/1/10/2: 11
  gather detections cell/14/1/10/3: 10
  gather detections cell/14/1/10/4: 8
  gather detections cell/14/1/10/5: 6
  gather detections cell/14/1/10/6: 6
  gather detections cell/14/1/10/7: 6
  gather detections cell/14/1/10/8: 12
  gather detections cell/14/1/11/0: 16
  gather detections cell/14/1/11/1: 8
  gather detections cell/14/1/11/2: 5
  gather detections cell/14/1/11/3: 7
  gather detections cell/14/1/11/4: 6
  gather detections cell/14/1/11/5: 6
  gather detections cell/14/1/11/6: 8
  gather detections cell/14/1/11/7: 4
  gather detections cell/14/1/11/8: 6
  gather ink cell/14/0/0/0: 40 (summary row)
  gather ink cell/14/0/0/1: 18 (summary row)
  gather ink cell/14/0/0/2: 8 (summary row)
  gather ink cell/14/0/0/3: 19 (summary row)
  gather ink cell/14/0/0/4: 39 (summary row)
  gather ink cell/14/0/0/5: 25 (summary row)
  gather ink cell/14/0/0/6: 12 (summary row)
  gather ink cell/14/0/0/7: 21 (summary row)
  gather ink cell/14/0/0/8: 4 (summary row)
  gather ink cell/14/0/0/9: 4 (summary row)
  gather ink cell/14/0/1/0: 27 (summary row)
  gather ink cell/14/0/1/1: 13 (summary row)
  gather ink cell/14/0/1/2: 11 (summary row)
  gather ink cell/14/0/1/3: 17 (summary row)
  gather ink cell/14/0/1/4: 66 (summary row)
  gather ink cell/14/0/1/5: 37 (summary row)
  gather ink cell/14/0/1/6: 24 (summary row)
  gather ink cell/14/0/1/7: 9 (summary row)
  gather ink cell/14/0/1/8: 2 (summary row)
  gather ink cell/14/0/1/9: 2 (summary row)
  gather ink cell/14/0/2/0: 30 (summary row)
  gather ink cell/14/0/2/1: 13 (summary row)
  gather ink cell/14/0/2/2: 15 (summary row)
  gather ink cell/14/0/2/3: 5 (summary row)
  gather ink cell/14/0/2/4: 40 (summary row)
  gather ink cell/14/0/2/5: 32 (summary row)
  gather ink cell/14/0/2/6: 19 (summary row)
  gather ink cell/14/0/2/7: 5 (summary row)
  gather ink cell/14/0/2/8: 12 (summary row)
  gather ink cell/14/0/2/9: 9 (summary row)
  gather ink cell/14/0/3/0: 28 (summary row)
  gather ink cell/14/0/3/1: 14 (summary row)
  gather ink cell/14/0/3/2: 9 (summary row)
  gather ink cell/14/0/3/3: 5 (summary row)
  gather ink cell/14/0/3/4: 20 (summary row)
  gather ink cell/14/0/3/5: 10 (summary row)
  gather ink cell/14/0/3/6: 9 (summary row)
  gather ink cell/14/0/3/7: 3 (summary row)
  gather ink cell/14/0/3/8: 22 (summary row)
  gather ink cell/14/0/3/9: 11 (summary row)
  gather ink cell/14/0/4/0: 27 (summary row)
  gather ink cell/14/0/4/1: 11 (summary row)
  gather ink cell/14/0/4/2: 9 (summary row)
  gather ink cell/14/0/4/3: 3 (summary row)
  gather ink cell/14/0/4/4: 10 (summary row)
  gather ink cell/14/0/4/5: 10 (summary row)
  gather ink cell/14/0/4/6: 9 (summary row)
  gather ink cell/14/0/4/7: 2 (summary row)
  gather ink cell/14/0/4/8: 15 (summary row)
  gather ink cell/14/0/4/9: 4 (summary row)
  gather ink cell/14/0/5/0: 22 (summary row)
  gather ink cell/14/0/5/1: 12 (summary row)
  gather ink cell/14/0/5/2: 8 (summary row)
  gather ink cell/14/0/5/3: 8 (summary row)
  gather ink cell/14/0/5/4: 10 (summary row)
  gather ink cell/14/0/5/5: 28 (summary row)
  gather ink cell/14/0/5/6: 12 (summary row)
  gather ink cell/14/0/5/7: 8 (summary row)
  gather ink cell/14/0/5/8: 7 (summary row)
  gather ink cell/14/0/5/9: 5 (summary row)
  gather ink cell/14/0/6/0: 16 (summary row)
  gather ink cell/14/0/6/1: 8 (summary row)
  gather ink cell/14/0/6/2: 9 (summary row)
  gather ink cell/14/0/6/3: 12 (summary row)
  gather ink cell/14/0/6/4: 12 (summary row)
  gather ink cell/14/0/6/5: 20 (summary row)
  gather ink cell/14/0/6/6: 23 (summary row)
  gather ink cell/14/0/6/7: 13 (summary row)
  gather ink cell/14/0/6/8: 6 (summary row)
  gather ink cell/14/0/6/9: 3 (summary row)
  gather ink cell/14/0/7/0: 10 (summary row)
  gather ink cell/14/0/7/1: 3 (summary row)
  gather ink cell/14/0/7/2: 5 (summary row)
  gather ink cell/14/0/7/3: 14 (summary row)
  gather ink cell/14/0/7/4: 7 (summary row)
  gather ink cell/14/0/7/5: 7 (summary row)
  gather ink cell/14/0/7/6: 6 (summary row)
  gather ink cell/14/0/7/7: 2 (summary row)
  gather ink cell/14/0/7/8: 2 (summary row)
  gather ink cell/14/0/7/9: 3 (summary row)
  gather ink cell/14/0/8/0: 13 (summary row)
  gather ink cell/14/0/8/1: 6 (summary row)
  gather ink cell/14/0/8/2: 21 (summary row)
  gather ink cell/14/0/8/3: 20 (summary row)
  gather ink cell/14/0/8/4: 8 (summary row)
  gather ink cell/14/0/8/5: 17 (summary row)
  gather ink cell/14/0/8/6: 27 (summary row)
  gather ink cell/14/0/8/7: 13 (summary row)
  gather ink cell/14/0/8/8: 10 (summary row)
  gather ink cell/14/0/8/9: 8 (summary row)
  gather ink cell/14/0/9/0: 23 (summary row)
  gather ink cell/14/0/9/1: 7 (summary row)
  gather ink cell/14/0/9/2: 14 (summary row)
  gather ink cell/14/0/9/3: 14 (summary row)
  gather ink cell/14/0/9/4: 10 (summary row)
  gather ink cell/14/0/9/5: 18 (summary row)
  gather ink cell/14/0/9/6: 21 (summary row)
  gather ink cell/14/0/9/7: 13 (summary row)
  gather ink cell/14/0/9/8: 22 (summary row)
  gather ink cell/14/0/9/9: 4 (summary row)
  gather ink cell/14/0/10/0: 29 (summary row)
  gather ink cell/14/0/10/1: 9 (summary row)
  gather ink cell/14/0/10/2: 15 (summary row)
  gather ink cell/14/0/10/3: 16 (summary row)
  gather ink cell/14/0/10/4: 11 (summary row)
  gather ink cell/14/0/10/5: 9 (summary row)
  gather ink cell/14/0/10/6: 12 (summary row)
  gather ink cell/14/0/10/7: 21 (summary row)
  gather ink cell/14/0/10/8: 18 (summary row)
  gather ink cell/14/0/10/9: 6 (summary row)
  gather ink cell/14/0/11/0: 30 (summary row)
  gather ink cell/14/0/11/1: 6 (summary row)
  gather ink cell/14/0/11/2: 13 (summary row)
  gather ink cell/14/0/11/3: 5 (summary row)
  gather ink cell/14/0/11/4: 10 (summary row)
  gather ink cell/14/0/11/5: 6 (summary row)
  gather ink cell/14/0/11/6: 17 (summary row)
  gather ink cell/14/0/11/7: 26 (summary row)
  gather ink cell/14/0/11/8: 22 (summary row)
  gather ink cell/14/0/11/9: 6 (summary row)
  gather ink cell/14/0/12/0: 37 (summary row)
  gather ink cell/14/0/12/1: 21 (summary row)
  gather ink cell/14/0/12/2: 34 (summary row)
  gather ink cell/14/0/12/3: 23 (summary row)
  gather ink cell/14/0/12/4: 27 (summary row)
  gather ink cell/14/0/12/5: 13 (summary row)
  gather ink cell/14/0/12/6: 11 (summary row)
  gather ink cell/14/0/12/7: 19 (summary row)
  gather ink cell/14/0/12/8: 24 (summary row)
  gather ink cell/14/0/12/9: 10 (summary row)
  gather ink cell/14/0/13/0: 22 (summary row)
  gather ink cell/14/0/13/1: 11 (summary row)
  gather ink cell/14/0/13/2: 20 (summary row)
  gather ink cell/14/0/13/3: 16 (summary row)
  gather ink cell/14/0/13/4: 19 (summary row)
  gather ink cell/14/0/13/5: 4 (summary row)
  gather ink cell/14/0/13/6: 19 (summary row)
  gather ink cell/14/0/13/7: 18 (summary row)
  gather ink cell/14/0/13/8: 25 (summary row)
  gather ink cell/14/0/13/9: 13 (summary row)
  gather ink cell/14/1/0/0: 32 (summary row)
  gather ink cell/14/1/0/1: 17 (summary row)
  gather ink cell/14/1/0/2: 19 (summary row)
  gather ink cell/14/1/0/3: 17 (summary row)
  gather ink cell/14/1/0/4: 21 (summary row)
  gather ink cell/14/1/0/5: 25 (summary row)
  gather ink cell/14/1/0/6: 12 (summary row)
  gather ink cell/14/1/0/7: 4 (summary row)
  gather ink cell/14/1/0/8: 18 (summary row)
  gather ink cell/14/1/1/0: 27 (summary row)
  gather ink cell/14/1/1/1: 21 (summary row)
  gather ink cell/14/1/1/2: 10 (summary row)
  gather ink cell/14/1/1/3: 6 (summary row)
  gather ink cell/14/1/1/4: 11 (summary row)
  gather ink cell/14/1/1/5: 15 (summary row)
  gather ink cell/14/1/1/6: 22 (summary row)
  gather ink cell/14/1/1/7: 22 (summary row)
  gather ink cell/14/1/1/8: 39 (summary row)
  gather ink cell/14/1/2/0: 16 (summary row)
  gather ink cell/14/1/2/1: 11 (summary row)
  gather ink cell/14/1/2/2: 19 (summary row)
  gather ink cell/14/1/2/3: 14 (summary row)
  gather ink cell/14/1/2/4: 9 (summary row)
  gather ink cell/14/1/2/5: 3 (summary row)
  gather ink cell/14/1/2/6: 46 (summary row)
  gather ink cell/14/1/2/7: 21 (summary row)
  gather ink cell/14/1/2/8: 26 (summary row)
  gather ink cell/14/1/3/0: 31 (summary row)
  gather ink cell/14/1/3/1: 11 (summary row)
  gather ink cell/14/1/3/2: 16 (summary row)
  gather ink cell/14/1/3/3: 11 (summary row)
  gather ink cell/14/1/3/4: 13 (summary row)
  gather ink cell/14/1/3/5: 11 (summary row)
  gather ink cell/14/1/3/6: 21 (summary row)
  gather ink cell/14/1/3/7: 28 (summary row)
  gather ink cell/14/1/3/8: 28 (summary row)
  gather ink cell/14/1/4/0: 23 (summary row)
  gather ink cell/14/1/4/1: 20 (summary row)
  gather ink cell/14/1/4/2: 15 (summary row)
  gather ink cell/14/1/4/3: 14 (summary row)
  gather ink cell/14/1/4/4: 14 (summary row)
  gather ink cell/14/1/4/5: 17 (summary row)
  gather ink cell/14/1/4/6: 11 (summary row)
  gather ink cell/14/1/4/7: 12 (summary row)
  gather ink cell/14/1/4/8: 18 (summary row)
  gather ink cell/14/1/5/0: 8 (summary row)
  gather ink cell/14/1/5/1: 7 (summary row)
  gather ink cell/14/1/5/2: 8 (summary row)
  gather ink cell/14/1/5/3: 6 (summary row)
  gather ink cell/14/1/5/4: 19 (summary row)
  gather ink cell/14/1/5/5: 11 (summary row)
  gather ink cell/14/1/5/6: 12 (summary row)
  gather ink cell/14/1/5/7: 8 (summary row)
  gather ink cell/14/1/5/8: 13 (summary row)
  gather ink cell/14/1/6/0: 20 (summary row)
  gather ink cell/14/1/6/1: 15 (summary row)
  gather ink cell/14/1/6/2: 13 (summary row)
  gather ink cell/14/1/6/3: 13 (summary row)
  gather ink cell/14/1/6/4: 17 (summary row)
  gather ink cell/14/1/6/5: 10 (summary row)
  gather ink cell/14/1/6/6: 9 (summary row)
  gather ink cell/14/1/6/7: 9 (summary row)
  gather ink cell/14/1/6/8: 10 (summary row)
  gather ink cell/14/1/7/0: 34 (summary row)
  gather ink cell/14/1/7/1: 16 (summary row)
  gather ink cell/14/1/7/2: 9 (summary row)
  gather ink cell/14/1/7/3: 9 (summary row)
  gather ink cell/14/1/7/4: 10 (summary row)
  gather ink cell/14/1/7/5: 9 (summary row)
  gather ink cell/14/1/7/6: 12 (summary row)
  gather ink cell/14/1/7/7: 8 (summary row)
  gather ink cell/14/1/7/8: 22 (summary row)
  gather ink cell/14/1/8/0: 32 (summary row)
  gather ink cell/14/1/8/1: 17 (summary row)
  gather ink cell/14/1/8/2: 8 (summary row)
  gather ink cell/14/1/8/3: 15 (summary row)
  gather ink cell/14/1/8/4: 15 (summary row)
  gather ink cell/14/1/8/5: 10 (summary row)
  gather ink cell/14/1/8/6: 20 (summary row)
  gather ink cell/14/1/8/7: 10 (summary row)
  gather ink cell/14/1/8/8: 28 (summary row)
  gather ink cell/14/1/9/0: 44 (summary row)
  gather ink cell/14/1/9/1: 33 (summary row)
  gather ink cell/14/1/9/2: 10 (summary row)
  gather ink cell/14/1/9/3: 33 (summary row)
  gather ink cell/14/1/9/4: 27 (summary row)
  gather ink cell/14/1/9/5: 21 (summary row)
  gather ink cell/14/1/9/6: 19 (summary row)
  gather ink cell/14/1/9/7: 18 (summary row)
  gather ink cell/14/1/9/8: 27 (summary row)
  gather ink cell/14/1/10/0: 30 (summary row)
  gather ink cell/14/1/10/1: 23 (summary row)
  gather ink cell/14/1/10/2: 51 (summary row)
  gather ink cell/14/1/10/3: 22 (summary row)
  gather ink cell/14/1/10/4: 17 (summary row)
  gather ink cell/14/1/10/5: 4 (summary row)
  gather ink cell/14/1/10/6: 10 (summary row)
  gather ink cell/14/1/10/7: 23 (summary row)
  gather ink cell/14/1/10/8: 15 (summary row)
  gather ink cell/14/1/11/0: 21 (summary row)
  gather ink cell/14/1/11/1: 2 (summary row)
  gather ink cell/14/1/11/2: 14 (summary row)
  gather ink cell/14/1/11/3: 19 (summary row)
  gather ink cell/14/1/11/4: 9 (summary row)
  gather ink cell/14/1/11/5: 6 (summary row)
  gather ink cell/14/1/11/6: 11 (summary row)
  gather ink cell/14/1/11/7: 25 (summary row)
  gather ink cell/14/1/11/8: 9 (summary row)
  gather detections cell/15/0/0/0: 12
  gather detections cell/15/0/0/1: 6
  gather detections cell/15/0/0/2: 2
  gather detections cell/15/0/0/3: 5
  gather detections cell/15/0/0/4: 5
  gather detections cell/15/0/0/5: 3
  gather detections cell/15/0/0/6: 8
  gather detections cell/15/0/0/7: 3
  gather detections cell/15/0/0/8: 4
  gather detections cell/15/0/1/0: 23
  gather detections cell/15/0/1/1: 11
  gather detections cell/15/0/1/2: 1
  gather detections cell/15/0/1/3: 6
  gather detections cell/15/0/1/4: 1
  gather detections cell/15/0/1/5: 2
  gather detections cell/15/0/1/6: 4
  gather detections cell/15/0/1/7: 8
  gather detections cell/15/0/1/8: 5
  gather detections cell/15/0/2/0: 12
  gather detections cell/15/0/2/1: 20
  gather detections cell/15/0/2/2: 20
  gather detections cell/15/0/2/3: 21
  gather detections cell/15/0/2/4: 20
  gather detections cell/15/0/2/5: 15
  gather detections cell/15/0/2/6: 15
  gather detections cell/15/0/2/7: 13
  gather detections cell/15/0/2/8: 3
  gather detections cell/15/0/3/0: 23
  gather detections cell/15/0/3/1: 17
  gather detections cell/15/0/3/2: 19
  gather detections cell/15/0/3/3: 13
  gather detections cell/15/0/3/4: 21
  gather detections cell/15/0/3/5: 27
  gather detections cell/15/0/3/6: 22
  gather detections cell/15/0/3/7: 13
  gather detections cell/15/0/3/8: 12
  gather detections cell/15/0/4/0: 8
  gather detections cell/15/0/4/1: 9
  gather detections cell/15/0/4/2: 6
  gather detections cell/15/0/4/3: 8
  gather detections cell/15/0/4/4: 13
  gather detections cell/15/0/4/5: 10
  gather detections cell/15/0/4/6: 10
  gather detections cell/15/0/4/7: 8
  gather detections cell/15/0/4/8: 9
  gather detections cell/15/0/5/0: 14
  gather detections cell/15/0/5/1: 10
  gather detections cell/15/0/5/2: 10
  gather detections cell/15/0/5/3: 10
  gather detections cell/15/0/5/4: 9
  gather detections cell/15/0/5/5: 13
  gather detections cell/15/0/5/6: 1
  gather detections cell/15/0/5/7: 4
  gather detections cell/15/0/5/8: 5
  gather detections cell/15/0/6/0: 13
  gather detections cell/15/0/6/1: 7
  gather detections cell/15/0/6/2: 8
  gather detections cell/15/0/6/3: 9
  gather detections cell/15/0/6/4: 8
  gather detections cell/15/0/6/5: 9
  gather detections cell/15/0/6/6: 8
  gather detections cell/15/0/6/7: 5
  gather detections cell/15/0/6/8: 4
  gather detections cell/15/0/7/0: 19
  gather detections cell/15/0/7/1: 9
  gather detections cell/15/0/7/2: 15
  gather detections cell/15/0/7/3: 12
  gather detections cell/15/0/7/4: 14
  gather detections cell/15/0/7/5: 13
  gather detections cell/15/0/7/6: 19
  gather detections cell/15/0/7/7: 10
  gather detections cell/15/0/7/8: 8
  gather detections cell/15/0/8/0: 10
  gather detections cell/15/0/8/1: 7
  gather detections cell/15/0/8/2: 3
  gather detections cell/15/0/8/3: 1
  gather detections cell/15/0/8/4: 5
  gather detections cell/15/0/8/5: 18
  gather detections cell/15/0/8/6: 19
  gather detections cell/15/0/8/7: 12
  gather detections cell/15/0/8/8: 15
  gather detections cell/15/0/9/0: 18
  gather detections cell/15/0/9/1: 9
  gather detections cell/15/0/9/2: 11
  gather detections cell/15/0/9/3: 12
  gather detections cell/15/0/9/4: 12
  gather detections cell/15/0/9/5: 22
  gather detections cell/15/0/9/6: 22
  gather detections cell/15/0/9/7: 11
  gather detections cell/15/0/9/8: 12
  gather detections cell/15/0/10/0: 12
  gather detections cell/15/0/10/1: 9
  gather detections cell/15/0/10/2: 11
  gather detections cell/15/0/10/3: 14
  gather detections cell/15/0/10/4: 8
  gather detections cell/15/0/10/5: 17
  gather detections cell/15/0/10/6: 17
  gather detections cell/15/0/10/7: 10
  gather detections cell/15/0/10/8: 11
  gather detections cell/15/0/11/0: 8
  gather detections cell/15/0/11/1: 8
  gather detections cell/15/0/11/2: 5
  gather detections cell/15/0/11/3: 4
  gather detections cell/15/0/11/4: 5
  gather detections cell/15/0/11/5: 11
  gather detections cell/15/0/11/6: 10
  gather detections cell/15/0/11/7: 7
  gather detections cell/15/0/11/8: 10
  gather detections cell/15/1/0/0: 6
  gather detections cell/15/1/0/1: 6
  gather detections cell/15/1/0/2: 4
  gather detections cell/15/1/0/3: 6
  gather detections cell/15/1/0/4: 8
  gather detections cell/15/1/0/5: 7
  gather detections cell/15/1/0/6: 8
  gather detections cell/15/1/0/7: 6
  gather detections cell/15/1/0/8: 6
  gather detections cell/15/1/0/9: 4
  gather detections cell/15/1/0/10: 7
  gather detections cell/15/1/0/11: 6
  gather detections cell/15/1/1/0: 9
  gather detections cell/15/1/1/1: 6
  gather detections cell/15/1/1/2: 5
  gather detections cell/15/1/1/3: 2
  gather detections cell/15/1/1/4: 4
  gather detections cell/15/1/1/5: 7
  gather detections cell/15/1/1/6: 6
  gather detections cell/15/1/1/7: 5
  gather detections cell/15/1/1/8: 2
  gather detections cell/15/1/1/9: 4
  gather detections cell/15/1/1/10: 26
  gather detections cell/15/1/1/11: 15
  gather detections cell/15/1/2/0: 10
  gather detections cell/15/1/2/1: 6
  gather detections cell/15/1/2/2: 3
  gather detections cell/15/1/2/3: 6
  gather detections cell/15/1/2/4: 13
  gather detections cell/15/1/2/5: 7
  gather detections cell/15/1/2/6: 23
  gather detections cell/15/1/2/7: 21
  gather detections cell/15/1/2/8: 12
  gather detections cell/15/1/2/9: 12
  gather detections cell/15/1/2/10: 14
  gather detections cell/15/1/2/11: 12
  gather detections cell/15/1/3/0: 7
  gather detections cell/15/1/3/1: 4
  gather detections cell/15/1/3/2: 2
  gather detections cell/15/1/3/3: 18
  gather detections cell/15/1/3/4: 14
  gather detections cell/15/1/3/5: 23
  gather detections cell/15/1/3/6: 21
  gather detections cell/15/1/3/7: 16
  gather detections cell/15/1/3/8: 20
  gather detections cell/15/1/3/9: 26
  gather detections cell/15/1/3/10: 22
  gather detections cell/15/1/3/11: 17
  gather detections cell/15/1/4/0: 14
  gather detections cell/15/1/4/1: 10
  gather detections cell/15/1/4/2: 14
  gather detections cell/15/1/4/3: 19
  gather detections cell/15/1/4/4: 16
  gather detections cell/15/1/4/5: 17
  gather detections cell/15/1/4/6: 10
  gather detections cell/15/1/4/7: 15
  gather detections cell/15/1/4/8: 12
  gather detections cell/15/1/4/9: 18
  gather detections cell/15/1/4/10: 12
  gather detections cell/15/1/4/11: 12
  gather detections cell/15/1/5/0: 14
  gather detections cell/15/1/5/1: 8
  gather detections cell/15/1/5/2: 13
  gather detections cell/15/1/5/3: 10
  gather detections cell/15/1/5/4: 10
  gather detections cell/15/1/5/5: 25
  gather detections cell/15/1/5/6: 12
  gather detections cell/15/1/5/7: 6
  gather detections cell/15/1/5/8: 4
  gather detections cell/15/1/5/9: 10
  gather detections cell/15/1/5/10: 11
  gather detections cell/15/1/5/11: 4
  gather detections cell/15/1/6/0: 5
  gather detections cell/15/1/6/1: 3
  gather detections cell/15/1/6/2: 3
  gather detections cell/15/1/6/3: 6
  gather detections cell/15/1/6/4: 4
  gather detections cell/15/1/6/5: 13
  gather detections cell/15/1/6/6: 8
  gather detections cell/15/1/6/7: 2
  gather detections cell/15/1/6/8: 4
  gather detections cell/15/1/6/9: 17
  gather detections cell/15/1/6/10: 15
  gather detections cell/15/1/6/11: 3
  gather detections cell/15/1/7/0: 8
  gather detections cell/15/1/7/1: 4
  gather detections cell/15/1/7/2: 1
  gather detections cell/15/1/7/3: 5
  gather detections cell/15/1/7/4: 6
  gather detections cell/15/1/7/5: 14
  gather detections cell/15/1/7/6: 8
  gather detections cell/15/1/7/7: 5
  gather detections cell/15/1/7/8: 4
  gather detections cell/15/1/7/9: 6
  gather detections cell/15/1/7/10: 3
  gather detections cell/15/1/7/11: 6
  gather detections cell/15/1/8/0: 14
  gather detections cell/15/1/8/1: 12
  gather detections cell/15/1/8/2: 7
  gather detections cell/15/1/8/3: 9
  gather detections cell/15/1/8/4: 9
  gather detections cell/15/1/8/5: 16
  gather detections cell/15/1/8/6: 13
  gather detections cell/15/1/8/7: 15
  gather detections cell/15/1/8/8: 14
  gather detections cell/15/1/8/9: 12
  gather detections cell/15/1/8/10: 9
  gather detections cell/15/1/8/11: 7
  gather detections cell/15/1/9/0: 14
  gather detections cell/15/1/9/1: 14
  gather detections cell/15/1/9/2: 8
  gather detections cell/15/1/9/3: 27
  gather detections cell/15/1/9/4: 26
  gather detections cell/15/1/9/5: 15
  gather detections cell/15/1/9/6: 18
  gather detections cell/15/1/9/7: 16
  gather detections cell/15/1/9/8: 18
  gather detections cell/15/1/9/9: 24
  gather detections cell/15/1/9/10: 22
  gather detections cell/15/1/9/11: 15
  gather detections cell/15/1/10/0: 15
  gather detections cell/15/1/10/1: 17
  gather detections cell/15/1/10/2: 10
  gather detections cell/15/1/10/3: 14
  gather detections cell/15/1/10/4: 21
  gather detections cell/15/1/10/5: 8
  gather detections cell/15/1/10/6: 19
  gather detections cell/15/1/10/7: 20
  gather detections cell/15/1/10/8: 18
  gather detections cell/15/1/10/9: 25
  gather detections cell/15/1/10/10: 17
  gather detections cell/15/1/10/11: 17
  gather detections cell/15/1/11/0: 16
  gather detections cell/15/1/11/1: 13
  gather detections cell/15/1/11/2: 15
  gather detections cell/15/1/11/3: 12
  gather detections cell/15/1/11/4: 12
  gather detections cell/15/1/11/5: 9
  gather detections cell/15/1/11/6: 11
  gather detections cell/15/1/11/7: 11
  gather detections cell/15/1/11/8: 13
  gather detections cell/15/1/11/9: 18
  gather detections cell/15/1/11/10: 15
  gather detections cell/15/1/11/11: 12
  gather detections cell/15/1/12/0: 11
  gather detections cell/15/1/12/1: 6
  gather detections cell/15/1/12/2: 19
  gather detections cell/15/1/12/3: 13
  gather detections cell/15/1/12/4: 11
  gather detections cell/15/1/12/5: 19
  gather detections cell/15/1/12/6: 15
  gather detections cell/15/1/12/7: 10
  gather detections cell/15/1/12/8: 10
  gather detections cell/15/1/12/9: 22
  gather detections cell/15/1/12/10: 14
  gather detections cell/15/1/12/11: 8
  gather ink cell/15/0/0/0: 10 (summary row)
  gather ink cell/15/0/0/1: 2 (summary row)
  gather ink cell/15/0/0/2: 3 (summary row)
  gather ink cell/15/0/0/3: 3 (summary row)
  gather ink cell/15/0/0/4: 2 (summary row)
  gather ink cell/15/0/0/5: 14 (summary row)
  gather ink cell/15/0/0/6: 16 (summary row)
  gather ink cell/15/0/0/7: 11 (summary row)
  gather ink cell/15/0/0/8: 4 (summary row)
  gather ink cell/15/0/1/0: 19 (summary row)
  gather ink cell/15/0/1/1: 9 (summary row)
  gather ink cell/15/0/1/2: 23 (summary row)
  gather ink cell/15/0/1/3: 2 (summary row)
  gather ink cell/15/0/1/4: 2 (summary row)
  gather ink cell/15/0/1/5: 4 (summary row)
  gather ink cell/15/0/1/6: 4 (summary row)
  gather ink cell/15/0/1/7: 9 (summary row)
  gather ink cell/15/0/1/8: 8 (summary row)
  gather ink cell/15/0/2/0: 13 (summary row)
  gather ink cell/15/0/2/1: 20 (summary row)
  gather ink cell/15/0/2/2: 19 (summary row)
  gather ink cell/15/0/2/3: 12 (summary row)
  gather ink cell/15/0/2/4: 9 (summary row)
  gather ink cell/15/0/2/5: 9 (summary row)
  gather ink cell/15/0/2/6: 10 (summary row)
  gather ink cell/15/0/2/7: 7 (summary row)
  gather ink cell/15/0/2/8: 2 (summary row)
  gather ink cell/15/0/3/0: 23 (summary row)
  gather ink cell/15/0/3/1: 23 (summary row)
  gather ink cell/15/0/3/2: 10 (summary row)
  gather ink cell/15/0/3/3: 7 (summary row)
  gather ink cell/15/0/3/4: 9 (summary row)
  gather ink cell/15/0/3/5: 12 (summary row)
  gather ink cell/15/0/3/6: 16 (summary row)
  gather ink cell/15/0/3/7: 15 (summary row)
  gather ink cell/15/0/3/8: 10 (summary row)
  gather ink cell/15/0/4/0: 12 (summary row)
  gather ink cell/15/0/4/1: 10 (summary row)
  gather ink cell/15/0/4/2: 8 (summary row)
  gather ink cell/15/0/4/3: 10 (summary row)
  gather ink cell/15/0/4/4: 9 (summary row)
  gather ink cell/15/0/4/5: 12 (summary row)
  gather ink cell/15/0/4/6: 3 (summary row)
  gather ink cell/15/0/4/7: 5 (summary row)
  gather ink cell/15/0/4/8: 9 (summary row)
  gather ink cell/15/0/5/0: 21 (summary row)
  gather ink cell/15/0/5/1: 5 (summary row)
  gather ink cell/15/0/5/2: 9 (summary row)
  gather ink cell/15/0/5/3: 7 (summary row)
  gather ink cell/15/0/5/4: 4 (summary row)
  gather ink cell/15/0/5/5: 7 (summary row)
  gather ink cell/15/0/5/6: 3 (summary row)
  gather ink cell/15/0/5/7: 3 (summary row)
  gather ink cell/15/0/5/8: 4 (summary row)
  gather ink cell/15/0/6/0: 16 (summary row)
  gather ink cell/15/0/6/1: 7 (summary row)
  gather ink cell/15/0/6/2: 5 (summary row)
  gather ink cell/15/0/6/3: 11 (summary row)
  gather ink cell/15/0/6/4: 12 (summary row)
  gather ink cell/15/0/6/5: 4 (summary row)
  gather ink cell/15/0/6/6: 10 (summary row)
  gather ink cell/15/0/6/7: 33 (summary row)
  gather ink cell/15/0/6/8: 20 (summary row)
  gather ink cell/15/0/7/0: 19 (summary row)
  gather ink cell/15/0/7/1: 10 (summary row)
  gather ink cell/15/0/7/2: 12 (summary row)
  gather ink cell/15/0/7/3: 19 (summary row)
  gather ink cell/15/0/7/4: 9 (summary row)
  gather ink cell/15/0/7/5: 16 (summary row)
  gather ink cell/15/0/7/6: 16 (summary row)
  gather ink cell/15/0/7/7: 7 (summary row)
  gather ink cell/15/0/7/8: 9 (summary row)
  gather ink cell/15/0/8/0: 10 (summary row)
  gather ink cell/15/0/8/1: 4 (summary row)
  gather ink cell/15/0/8/2: 3 (summary row)
  gather ink cell/15/0/8/3: 14 (summary row)
  gather ink cell/15/0/8/4: 5 (summary row)
  gather ink cell/15/0/8/5: 23 (summary row)
  gather ink cell/15/0/8/6: 24 (summary row)
  gather ink cell/15/0/8/7: 8 (summary row)
  gather ink cell/15/0/8/8: 9 (summary row)
  gather ink cell/15/0/9/0: 13 (summary row)
  gather ink cell/15/0/9/1: 7 (summary row)
  gather ink cell/15/0/9/2: 12 (summary row)
  gather ink cell/15/0/9/3: 15 (summary row)
  gather ink cell/15/0/9/4: 8 (summary row)
  gather ink cell/15/0/9/5: 19 (summary row)
  gather ink cell/15/0/9/6: 28 (summary row)
  gather ink cell/15/0/9/7: 13 (summary row)
  gather ink cell/15/0/9/8: 8 (summary row)
  gather ink cell/15/0/10/0: 17 (summary row)
  gather ink cell/15/0/10/1: 6 (summary row)
  gather ink cell/15/0/10/2: 11 (summary row)
  gather ink cell/15/0/10/3: 20 (summary row)
  gather ink cell/15/0/10/4: 7 (summary row)
  gather ink cell/15/0/10/5: 22 (summary row)
  gather ink cell/15/0/10/6: 24 (summary row)
  gather ink cell/15/0/10/7: 9 (summary row)
  gather ink cell/15/0/10/8: 9 (summary row)
  gather ink cell/15/0/11/0: 20 (summary row)
  gather ink cell/15/0/11/1: 8 (summary row)
  gather ink cell/15/0/11/2: 7 (summary row)
  gather ink cell/15/0/11/3: 15 (summary row)
  gather ink cell/15/0/11/4: 10 (summary row)
  gather ink cell/15/0/11/5: 14 (summary row)
  gather ink cell/15/0/11/6: 17 (summary row)
  gather ink cell/15/0/11/7: 8 (summary row)
  gather ink cell/15/0/11/8: 8 (summary row)
  gather ink cell/15/1/0/0: 15 (summary row)
  gather ink cell/15/1/0/1: 3 (summary row)
  gather ink cell/15/1/0/2: 9 (summary row)
  gather ink cell/15/1/0/3: 9 (summary row)
  gather ink cell/15/1/0/4: 5 (summary row)
  gather ink cell/15/1/0/5: 9 (summary row)
  gather ink cell/15/1/0/6: 10 (summary row)
  gather ink cell/15/1/0/7: 21 (summary row)
  gather ink cell/15/1/0/8: 18 (summary row)
  gather ink cell/15/1/0/9: 18 (summary row)
  gather ink cell/15/1/0/10: 5 (summary row)
  gather ink cell/15/1/0/11: 6 (summary row)
  gather ink cell/15/1/1/0: 14 (summary row)
  gather ink cell/15/1/1/1: 3 (summary row)
  gather ink cell/15/1/1/2: 5 (summary row)
  gather ink cell/15/1/1/3: 5 (summary row)
  gather ink cell/15/1/1/4: 13 (summary row)
  gather ink cell/15/1/1/5: 10 (summary row)
  gather ink cell/15/1/1/6: 9 (summary row)
  gather ink cell/15/1/1/7: 31 (summary row)
  gather ink cell/15/1/1/8: 33 (summary row)
  gather ink cell/15/1/1/9: 21 (summary row)
  gather ink cell/15/1/1/10: 22 (summary row)
  gather ink cell/15/1/1/11: 7 (summary row)
  gather ink cell/15/1/2/0: 31 (summary row)
  gather ink cell/15/1/2/1: 9 (summary row)
  gather ink cell/15/1/2/2: 10 (summary row)
  gather ink cell/15/1/2/3: 5 (summary row)
  gather ink cell/15/1/2/4: 9 (summary row)
  gather ink cell/15/1/2/5: 24 (summary row)
  gather ink cell/15/1/2/6: 27 (summary row)
  gather ink cell/15/1/2/7: 27 (summary row)
  gather ink cell/15/1/2/8: 12 (summary row)
  gather ink cell/15/1/2/9: 12 (summary row)
  gather ink cell/15/1/2/10: 33 (summary row)
  gather ink cell/15/1/2/11: 18 (summary row)
  gather ink cell/15/1/3/0: 22 (summary row)
  gather ink cell/15/1/3/1: 6 (summary row)
  gather ink cell/15/1/3/2: 5 (summary row)
  gather ink cell/15/1/3/3: 18 (summary row)
  gather ink cell/15/1/3/4: 16 (summary row)
  gather ink cell/15/1/3/5: 13 (summary row)
  gather ink cell/15/1/3/6: 14 (summary row)
  gather ink cell/15/1/3/7: 13 (summary row)
  gather ink cell/15/1/3/8: 12 (summary row)
  gather ink cell/15/1/3/9: 24 (summary row)
  gather ink cell/15/1/3/10: 25 (summary row)
  gather ink cell/15/1/3/11: 9 (summary row)
  gather ink cell/15/1/4/0: 15 (summary row)
  gather ink cell/15/1/4/1: 5 (summary row)
  gather ink cell/15/1/4/2: 12 (summary row)
  gather ink cell/15/1/4/3: 15 (summary row)
  gather ink cell/15/1/4/4: 13 (summary row)
  gather ink cell/15/1/4/5: 12 (summary row)
  gather ink cell/15/1/4/6: 10 (summary row)
  gather ink cell/15/1/4/7: 7 (summary row)
  gather ink cell/15/1/4/8: 9 (summary row)
  gather ink cell/15/1/4/9: 28 (summary row)
  gather ink cell/15/1/4/10: 32 (summary row)
  gather ink cell/15/1/4/11: 8 (summary row)
  gather ink cell/15/1/5/0: 13 (summary row)
  gather ink cell/15/1/5/1: 5 (summary row)
  gather ink cell/15/1/5/2: 6 (summary row)
  gather ink cell/15/1/5/3: 23 (summary row)
  gather ink cell/15/1/5/4: 9 (summary row)
  gather ink cell/15/1/5/5: 27 (summary row)
  gather ink cell/15/1/5/6: 26 (summary row)
  gather ink cell/15/1/5/7: 28 (summary row)
  gather ink cell/15/1/5/8: 22 (summary row)
  gather ink cell/15/1/5/9: 15 (summary row)
  gather ink cell/15/1/5/10: 21 (summary row)
  gather ink cell/15/1/5/11: 2 (summary row)
  gather ink cell/15/1/6/0: 10 (summary row)
  gather ink cell/15/1/6/1: 2 (summary row)
  gather ink cell/15/1/6/2: 7 (summary row)
  gather ink cell/15/1/6/3: 16 (summary row)
  gather ink cell/15/1/6/4: 4 (summary row)
  gather ink cell/15/1/6/5: 6 (summary row)
  gather ink cell/15/1/6/6: 4 (summary row)
  gather ink cell/15/1/6/7: 2 (summary row)
  gather ink cell/15/1/6/8: 6 (summary row)
  gather ink cell/15/1/6/9: 19 (summary row)
  gather ink cell/15/1/6/10: 7 (summary row)
  gather ink cell/15/1/6/11: 2 (summary row)
  gather ink cell/15/1/7/0: 11 (summary row)
  gather ink cell/15/1/7/1: 12 (summary row)
  gather ink cell/15/1/7/2: 29 (summary row)
  gather ink cell/15/1/7/3: 4 (summary row)
  gather ink cell/15/1/7/4: 3 (summary row)
  gather ink cell/15/1/7/5: 7 (summary row)
  gather ink cell/15/1/7/6: 9 (summary row)
  gather ink cell/15/1/7/7: 3 (summary row)
  gather ink cell/15/1/7/8: 5 (summary row)
  gather ink cell/15/1/7/9: 6 (summary row)
  gather ink cell/15/1/7/10: 4 (summary row)
  gather ink cell/15/1/7/11: 4 (summary row)
  gather ink cell/15/1/8/0: 19 (summary row)
  gather ink cell/15/1/8/1: 11 (summary row)
  gather ink cell/15/1/8/2: 11 (summary row)
  gather ink cell/15/1/8/3: 8 (summary row)
  gather ink cell/15/1/8/4: 5 (summary row)
  gather ink cell/15/1/8/5: 12 (summary row)
  gather ink cell/15/1/8/6: 8 (summary row)
  gather ink cell/15/1/8/7: 8 (summary row)
  gather ink cell/15/1/8/8: 8 (summary row)
  gather ink cell/15/1/8/9: 11 (summary row)
  gather ink cell/15/1/8/10: 15 (summary row)
  gather ink cell/15/1/8/11: 11 (summary row)
  gather ink cell/15/1/9/0: 18 (summary row)
  gather ink cell/15/1/9/1: 9 (summary row)
  gather ink cell/15/1/9/2: 5 (summary row)
  gather ink cell/15/1/9/3: 15 (summary row)
  gather ink cell/15/1/9/4: 11 (summary row)
  gather ink cell/15/1/9/5: 9 (summary row)
  gather ink cell/15/1/9/6: 18 (summary row)
  gather ink cell/15/1/9/7: 16 (summary row)
  gather ink cell/15/1/9/8: 10 (summary row)
  gather ink cell/15/1/9/9: 14 (summary row)
  gather ink cell/15/1/9/10: 26 (summary row)
  gather ink cell/15/1/9/11: 12 (summary row)
  gather ink cell/15/1/10/0: 22 (summary row)
  gather ink cell/15/1/10/1: 14 (summary row)
  gather ink cell/15/1/10/2: 27 (summary row)
  gather ink cell/15/1/10/3: 24 (summary row)
  gather ink cell/15/1/10/4: 13 (summary row)
  gather ink cell/15/1/10/5: 8 (summary row)
  gather ink cell/15/1/10/6: 24 (summary row)
  gather ink cell/15/1/10/7: 20 (summary row)
  gather ink cell/15/1/10/8: 9 (summary row)
  gather ink cell/15/1/10/9: 30 (summary row)
  gather ink cell/15/1/10/10: 30 (summary row)
  gather ink cell/15/1/10/11: 12 (summary row)
  gather ink cell/15/1/11/0: 22 (summary row)
  gather ink cell/15/1/11/1: 21 (summary row)
  gather ink cell/15/1/11/2: 26 (summary row)
  gather ink cell/15/1/11/3: 27 (summary row)
  gather ink cell/15/1/11/4: 18 (summary row)
  gather ink cell/15/1/11/5: 18 (summary row)
  gather ink cell/15/1/11/6: 24 (summary row)
  gather ink cell/15/1/11/7: 10 (summary row)
  gather ink cell/15/1/11/8: 10 (summary row)
  gather ink cell/15/1/11/9: 37 (summary row)
  gather ink cell/15/1/11/10: 23 (summary row)
  gather ink cell/15/1/11/11: 13 (summary row)
  gather ink cell/15/1/12/0: 20 (summary row)
  gather ink cell/15/1/12/1: 13 (summary row)
  gather ink cell/15/1/12/2: 18 (summary row)
  gather ink cell/15/1/12/3: 18 (summary row)
  gather ink cell/15/1/12/4: 12 (summary row)
  gather ink cell/15/1/12/5: 19 (summary row)
  gather ink cell/15/1/12/6: 8 (summary row)
  gather ink cell/15/1/12/7: 8 (summary row)
  gather ink cell/15/1/12/8: 11 (summary row)
  gather ink cell/15/1/12/9: 31 (summary row)
  gather ink cell/15/1/12/10: 17 (summary row)
  gather ink cell/15/1/12/11: 9 (summary row)
  gather detections cell/16/0/0/0: 11
  gather detections cell/16/0/0/1: 2
  gather detections cell/16/0/0/2: 2
  gather detections cell/16/0/0/3: 5
  gather detections cell/16/0/0/4: 8
  gather detections cell/16/0/0/5: 2
  gather detections cell/16/0/0/6: 14
  gather detections cell/16/0/0/7: 12
  gather detections cell/16/0/0/8: 7
  gather detections cell/16/0/0/9: 4
  gather detections cell/16/0/0/10: 22
  gather detections cell/16/0/0/11: 20
  gather detections cell/16/0/1/0: 18
  gather detections cell/16/0/1/1: 2
  gather detections cell/16/0/1/2: 9
  gather detections cell/16/0/1/3: 12
  gather detections cell/16/0/1/4: 12
  gather detections cell/16/0/1/5: 10
  gather detections cell/16/0/1/6: 26
  gather detections cell/16/0/1/7: 25
  gather detections cell/16/0/1/8: 22
  gather detections cell/16/0/1/9: 9
  gather detections cell/16/0/1/10: 25
  gather detections cell/16/0/1/11: 16
  gather detections cell/16/0/2/0: 13
  gather detections cell/16/0/2/1: 8
  gather detections cell/16/0/2/2: 21
  gather detections cell/16/0/2/3: 23
  gather detections cell/16/0/2/4: 17
  gather detections cell/16/0/2/5: 24
  gather detections cell/16/0/2/6: 27
  gather detections cell/16/0/2/7: 20
  gather detections cell/16/0/2/8: 28
  gather detections cell/16/0/2/9: 20
  gather detections cell/16/0/2/10: 24
  gather detections cell/16/0/2/11: 24
  gather detections cell/16/0/3/0: 23
  gather detections cell/16/0/3/1: 22
  gather detections cell/16/0/3/2: 21
  gather detections cell/16/0/3/3: 18
  gather detections cell/16/0/3/4: 16
  gather detections cell/16/0/3/5: 19
  gather detections cell/16/0/3/6: 18
  gather detections cell/16/0/3/7: 17
  gather detections cell/16/0/3/8: 21
  gather detections cell/16/0/3/9: 16
  gather detections cell/16/0/3/10: 22
  gather detections cell/16/0/3/11: 18
  gather detections cell/16/0/4/0: 20
  gather detections cell/16/0/4/1: 14
  gather detections cell/16/0/4/2: 11
  gather detections cell/16/0/4/3: 12
  gather detections cell/16/0/4/4: 13
  gather detections cell/16/0/4/5: 11
  gather detections cell/16/0/4/6: 18
  gather detections cell/16/0/4/7: 8
  gather detections cell/16/0/4/8: 15
  gather detections cell/16/0/4/9: 10
  gather detections cell/16/0/4/10: 18
  gather detections cell/16/0/4/11: 9
  gather detections cell/16/0/5/0: 10
  gather detections cell/16/0/5/1: 16
  gather detections cell/16/0/5/2: 8
  gather detections cell/16/0/5/3: 4
  gather detections cell/16/0/5/4: 5
  gather detections cell/16/0/5/5: 16
  gather detections cell/16/0/5/6: 12
  gather detections cell/16/0/5/7: 3
  gather detections cell/16/0/5/8: 7
  gather detections cell/16/0/5/9: 8
  gather detections cell/16/0/5/10: 8
  gather detections cell/16/0/5/11: 12
  gather detections cell/16/0/6/0: 8
  gather detections cell/16/0/6/1: 6
  gather detections cell/16/0/6/2: 9
  gather detections cell/16/0/6/3: 8
  gather detections cell/16/0/6/4: 6
  gather detections cell/16/0/6/5: 4
  gather detections cell/16/0/6/6: 10
  gather detections cell/16/0/6/7: 4
  gather detections cell/16/0/6/8: 6
  gather detections cell/16/0/6/9: 7
  gather detections cell/16/0/6/10: 3
  gather detections cell/16/0/6/11: 11
  gather detections cell/16/0/7/0: 7
  gather detections cell/16/0/7/1: 2
  gather detections cell/16/0/7/2: 9
  gather detections cell/16/0/7/3: 7
  gather detections cell/16/0/7/4: 7
  gather detections cell/16/0/7/5: 4
  gather detections cell/16/0/7/6: 10
  gather detections cell/16/0/7/7: 3
  gather detections cell/16/0/7/8: 2
  gather detections cell/16/0/7/9: 10
  gather detections cell/16/0/7/10: 5
  gather detections cell/16/0/7/11: 16
  gather detections cell/16/0/8/0: 9
  gather detections cell/16/0/8/1: 2
  gather detections cell/16/0/8/2: 8
  gather detections cell/16/0/8/3: 6
  gather detections cell/16/0/8/4: 6
  gather detections cell/16/0/8/5: 9
  gather detections cell/16/0/8/6: 4
  gather detections cell/16/0/8/7: 5
  gather detections cell/16/0/8/8: 8
  gather detections cell/16/0/8/9: 7
  gather detections cell/16/0/8/10: 4
  gather detections cell/16/0/8/11: 11
  gather detections cell/16/0/9/0: 18
  gather detections cell/16/0/9/1: 10
  gather detections cell/16/0/9/2: 8
  gather detections cell/16/0/9/3: 5
  gather detections cell/16/0/9/4: 9
  gather detections cell/16/0/9/5: 11
  gather detections cell/16/0/9/6: 14
  gather detections cell/16/0/9/7: 13
  gather detections cell/16/0/9/8: 9
  gather detections cell/16/0/9/9: 20
  gather detections cell/16/0/9/10: 14
  gather detections cell/16/0/9/11: 20
  gather detections cell/16/0/10/0: 24
  gather detections cell/16/0/10/1: 19
  gather detections cell/16/0/10/2: 16
  gather detections cell/16/0/10/3: 13
  gather detections cell/16/0/10/4: 17
  gather detections cell/16/0/10/5: 15
  gather detections cell/16/0/10/6: 14
  gather detections cell/16/0/10/7: 18
  gather detections cell/16/0/10/8: 9
  gather detections cell/16/0/10/9: 14
  gather detections cell/16/0/10/10: 8
  gather detections cell/16/0/10/11: 9
  gather detections cell/16/0/11/0: 25
  gather detections cell/16/0/11/1: 10
  gather detections cell/16/0/11/2: 24
  gather detections cell/16/0/11/3: 13
  gather detections cell/16/0/11/4: 19
  gather detections cell/16/0/11/5: 18
  gather detections cell/16/0/11/6: 15
  gather detections cell/16/0/11/7: 11
  gather detections cell/16/0/11/8: 15
  gather detections cell/16/0/11/9: 13
  gather detections cell/16/0/11/10: 13
  gather detections cell/16/0/11/11: 11
  gather detections cell/16/0/12/0: 27
  gather detections cell/16/0/12/1: 13
  gather detections cell/16/0/12/2: 21
  gather detections cell/16/0/12/3: 14
  gather detections cell/16/0/12/4: 13
  gather detections cell/16/0/12/5: 11
  gather detections cell/16/0/12/6: 15
  gather detections cell/16/0/12/7: 11
  gather detections cell/16/0/12/8: 16
  gather detections cell/16/0/12/9: 9
  gather detections cell/16/0/12/10: 16
  gather detections cell/16/0/12/11: 10
  gather detections cell/16/0/13/0: 22
  gather detections cell/16/0/13/1: 9
  gather detections cell/16/0/13/2: 13
  gather detections cell/16/0/13/3: 10
  gather detections cell/16/0/13/4: 13
  gather detections cell/16/0/13/5: 6
  gather detections cell/16/0/13/6: 10
  gather detections cell/16/0/13/7: 6
  gather detections cell/16/0/13/8: 8
  gather detections cell/16/0/13/9: 6
  gather detections cell/16/0/13/10: 13
  gather detections cell/16/0/13/11: 10
  gather detections cell/16/1/0/0: 23
  gather detections cell/16/1/0/1: 10
  gather detections cell/16/1/0/2: 17
  gather detections cell/16/1/0/3: 24
  gather detections cell/16/1/0/4: 22
  gather detections cell/16/1/0/5: 25
  gather detections cell/16/1/0/6: 37
  gather detections cell/16/1/0/7: 21
  gather detections cell/16/1/0/8: 40
  gather detections cell/16/1/1/0: 28
  gather detections cell/16/1/1/1: 12
  gather detections cell/16/1/1/2: 25
  gather detections cell/16/1/1/3: 18
  gather detections cell/16/1/1/4: 19
  gather detections cell/16/1/1/5: 20
  gather detections cell/16/1/1/6: 35
  gather detections cell/16/1/1/7: 24
  gather detections cell/16/1/1/8: 25
  gather detections cell/16/1/2/0: 31
  gather detections cell/16/1/2/1: 20
  gather detections cell/16/1/2/2: 20
  gather detections cell/16/1/2/3: 18
  gather detections cell/16/1/2/4: 20
  gather detections cell/16/1/2/5: 24
  gather detections cell/16/1/2/6: 31
  gather detections cell/16/1/2/7: 24
  gather detections cell/16/1/2/8: 36
  gather detections cell/16/1/3/0: 26
  gather detections cell/16/1/3/1: 14
  gather detections cell/16/1/3/2: 21
  gather detections cell/16/1/3/3: 20
  gather detections cell/16/1/3/4: 22
  gather detections cell/16/1/3/5: 25
  gather detections cell/16/1/3/6: 27
  gather detections cell/16/1/3/7: 25
  gather detections cell/16/1/3/8: 23
  gather detections cell/16/1/4/0: 22
  gather detections cell/16/1/4/1: 10
  gather detections cell/16/1/4/2: 16
  gather detections cell/16/1/4/3: 10
  gather detections cell/16/1/4/4: 16
  gather detections cell/16/1/4/5: 13
  gather detections cell/16/1/4/6: 13
  gather detections cell/16/1/4/7: 7
  gather detections cell/16/1/4/8: 7
  gather detections cell/16/1/5/0: 14
  gather detections cell/16/1/5/1: 12
  gather detections cell/16/1/5/2: 10
  gather detections cell/16/1/5/3: 11
  gather detections cell/16/1/5/4: 19
  gather detections cell/16/1/5/5: 14
  gather detections cell/16/1/5/6: 24
  gather detections cell/16/1/5/7: 16
  gather detections cell/16/1/5/8: 16
  gather detections cell/16/1/6/0: 7
  gather detections cell/16/1/6/1: 11
  gather detections cell/16/1/6/2: 6
  gather detections cell/16/1/6/3: 6
  gather detections cell/16/1/6/4: 14
  gather detections cell/16/1/6/5: 5
  gather detections cell/16/1/6/6: 9
  gather detections cell/16/1/6/7: 10
  gather detections cell/16/1/6/8: 9
  gather detections cell/16/1/7/0: 9
  gather detections cell/16/1/7/1: 7
  gather detections cell/16/1/7/2: 6
  gather detections cell/16/1/7/3: 11
  gather detections cell/16/1/7/4: 13
  gather detections cell/16/1/7/5: 11
  gather detections cell/16/1/7/6: 20
  gather detections cell/16/1/7/7: 20
  gather detections cell/16/1/7/8: 17
  gather detections cell/16/1/8/0: 13
  gather detections cell/16/1/8/1: 12
  gather detections cell/16/1/8/2: 14
  gather detections cell/16/1/8/3: 16
  gather detections cell/16/1/8/4: 21
  gather detections cell/16/1/8/5: 19
  gather detections cell/16/1/8/6: 38
  gather detections cell/16/1/8/7: 23
  gather detections cell/16/1/8/8: 31
  gather detections cell/16/1/9/0: 21
  gather detections cell/16/1/9/1: 17
  gather detections cell/16/1/9/2: 18
  gather detections cell/16/1/9/3: 18
  gather detections cell/16/1/9/4: 19
  gather detections cell/16/1/9/5: 20
  gather detections cell/16/1/9/6: 32
  gather detections cell/16/1/9/7: 23
  gather detections cell/16/1/9/8: 29
  gather detections cell/16/1/10/0: 13
  gather detections cell/16/1/10/1: 15
  gather detections cell/16/1/10/2: 10
  gather detections cell/16/1/10/3: 13
  gather detections cell/16/1/10/4: 17
  gather detections cell/16/1/10/5: 17
  gather detections cell/16/1/10/6: 24
  gather detections cell/16/1/10/7: 21
  gather detections cell/16/1/10/8: 16
  gather detections cell/16/1/11/0: 24
  gather detections cell/16/1/11/1: 10
  gather detections cell/16/1/11/2: 23
  gather detections cell/16/1/11/3: 20
  gather detections cell/16/1/11/4: 17
  gather detections cell/16/1/11/5: 16
  gather detections cell/16/1/11/6: 17
  gather detections cell/16/1/11/7: 20
  gather detections cell/16/1/11/8: 17
  gather detections cell/16/1/12/0: 23
  gather detections cell/16/1/12/1: 9
  gather detections cell/16/1/12/2: 19
  gather detections cell/16/1/12/3: 12
  gather detections cell/16/1/12/4: 15
  gather detections cell/16/1/12/5: 16
  gather detections cell/16/1/12/6: 21
  gather detections cell/16/1/12/7: 13
  gather detections cell/16/1/12/8: 12
  gather detections cell/16/1/13/0: 22
  gather detections cell/16/1/13/1: 13
  gather detections cell/16/1/13/2: 16
  gather detections cell/16/1/13/3: 6
  gather detections cell/16/1/13/4: 13
  gather detections cell/16/1/13/5: 14
  gather detections cell/16/1/13/6: 15
  gather detections cell/16/1/13/7: 11
  gather detections cell/16/1/13/8: 6
  gather ink cell/16/0/0/0: 18 (summary row)
  gather ink cell/16/0/0/1: 9 (summary row)
  gather ink cell/16/0/0/2: 3 (summary row)
  gather ink cell/16/0/0/3: 2 (summary row)
  gather ink cell/16/0/0/4: 3 (summary row)
  gather ink cell/16/0/0/5: 2 (summary row)
  gather ink cell/16/0/0/6: 5 (summary row)
  gather ink cell/16/0/0/7: 5 (summary row)
  gather ink cell/16/0/0/8: 2 (summary row)
  gather ink cell/16/0/0/9: 4 (summary row)
  gather ink cell/16/0/0/10: 24 (summary row)
  gather ink cell/16/0/0/11: 19 (summary row)
  gather ink cell/16/0/1/0: 29 (summary row)
  gather ink cell/16/0/1/1: 7 (summary row)
  gather ink cell/16/0/1/2: 9 (summary row)
  gather ink cell/16/0/1/3: 8 (summary row)
  gather ink cell/16/0/1/4: 7 (summary row)
  gather ink cell/16/0/1/5: 8 (summary row)
  gather ink cell/16/0/1/6: 34 (summary row)
  gather ink cell/16/0/1/7: 23 (summary row)
  gather ink cell/16/0/1/8: 8 (summary row)
  gather ink cell/16/0/1/9: 7 (summary row)
  gather ink cell/16/0/1/10: 14 (summary row)
  gather ink cell/16/0/1/11: 36 (summary row)
  gather ink cell/16/0/2/0: 18 (summary row)
  gather ink cell/16/0/2/1: 10 (summary row)
  gather ink cell/16/0/2/2: 29 (summary row)
  gather ink cell/16/0/2/3: 14 (summary row)
  gather ink cell/16/0/2/4: 15 (summary row)
  gather ink cell/16/0/2/5: 19 (summary row)
  gather ink cell/16/0/2/6: 29 (summary row)
  gather ink cell/16/0/2/7: 41 (summary row)
  gather ink cell/16/0/2/8: 22 (summary row)
  gather ink cell/16/0/2/9: 24 (summary row)
  gather ink cell/16/0/2/10: 16 (summary row)
  gather ink cell/16/0/2/11: 30 (summary row)
  gather ink cell/16/0/3/0: 27 (summary row)
  gather ink cell/16/0/3/1: 9 (summary row)
  gather ink cell/16/0/3/2: 19 (summary row)
  gather ink cell/16/0/3/3: 13 (summary row)
  gather ink cell/16/0/3/4: 22 (summary row)
  gather ink cell/16/0/3/5: 12 (summary row)
  gather ink cell/16/0/3/6: 12 (summary row)
  gather ink cell/16/0/3/7: 14 (summary row)
  gather ink cell/16/0/3/8: 14 (summary row)
  gather ink cell/16/0/3/9: 19 (summary row)
  gather ink cell/16/0/3/10: 16 (summary row)
  gather ink cell/16/0/3/11: 17 (summary row)
  gather ink cell/16/0/4/0: 25 (summary row)
  gather ink cell/16/0/4/1: 7 (summary row)
  gather ink cell/16/0/4/2: 8 (summary row)
  gather ink cell/16/0/4/3: 9 (summary row)
  gather ink cell/16/0/4/4: 11 (summary row)
  gather ink cell/16/0/4/5: 8 (summary row)
  gather ink cell/16/0/4/6: 10 (summary row)
  gather ink cell/16/0/4/7: 9 (summary row)
  gather ink cell/16/0/4/8: 12 (summary row)
  gather ink cell/16/0/4/9: 10 (summary row)
  gather ink cell/16/0/4/10: 14 (summary row)
  gather ink cell/16/0/4/11: 11 (summary row)
  gather ink cell/16/0/5/0: 7 (summary row)
  gather ink cell/16/0/5/1: 11 (summary row)
  gather ink cell/16/0/5/2: 6 (summary row)
  gather ink cell/16/0/5/3: 4 (summary row)
  gather ink cell/16/0/5/4: 6 (summary row)
  gather ink cell/16/0/5/5: 14 (summary row)
  gather ink cell/16/0/5/6: 9 (summary row)
  gather ink cell/16/0/5/7: 3 (summary row)
  gather ink cell/16/0/5/8: 3 (summary row)
  gather ink cell/16/0/5/9: 6 (summary row)
  gather ink cell/16/0/5/10: 6 (summary row)
  gather ink cell/16/0/5/11: 15 (summary row)
  gather ink cell/16/0/6/0: 10 (summary row)
  gather ink cell/16/0/6/1: 7 (summary row)
  gather ink cell/16/0/6/2: 2 (summary row)
  gather ink cell/16/0/6/3: 2 (summary row)
  gather ink cell/16/0/6/4: 4 (summary row)
  gather ink cell/16/0/6/5: 2 (summary row)
  gather ink cell/16/0/6/6: 6 (summary row)
  gather ink cell/16/0/6/7: 21 (summary row)
  gather ink cell/16/0/6/8: 2 (summary row)
  gather ink cell/16/0/6/9: 4 (summary row)
  gather ink cell/16/0/6/10: 16 (summary row)
  gather ink cell/16/0/6/11: 19 (summary row)
  gather ink cell/16/0/7/0: 20 (summary row)
  gather ink cell/16/0/7/1: 2 (summary row)
  gather ink cell/16/0/7/2: 3 (summary row)
  gather ink cell/16/0/7/3: 4 (summary row)
  gather ink cell/16/0/7/4: 3 (summary row)
  gather ink cell/16/0/7/5: 16 (summary row)
  gather ink cell/16/0/7/6: 3 (summary row)
  gather ink cell/16/0/7/7: 3 (summary row)
  gather ink cell/16/0/7/8: 2 (summary row)
  gather ink cell/16/0/7/9: 5 (summary row)
  gather ink cell/16/0/7/10: 7 (summary row)
  gather ink cell/16/0/7/11: 14 (summary row)
  gather ink cell/16/0/8/0: 10 (summary row)
  gather ink cell/16/0/8/1: 3 (summary row)
  gather ink cell/16/0/8/2: 2 (summary row)
  gather ink cell/16/0/8/3: 3 (summary row)
  gather ink cell/16/0/8/4: 2 (summary row)
  gather ink cell/16/0/8/5: 3 (summary row)
  gather ink cell/16/0/8/6: 4 (summary row)
  gather ink cell/16/0/8/7: 6 (summary row)
  gather ink cell/16/0/8/8: 12 (summary row)
  gather ink cell/16/0/8/9: 15 (summary row)
  gather ink cell/16/0/8/10: 6 (summary row)
  gather ink cell/16/0/8/11: 18 (summary row)
  gather ink cell/16/0/9/0: 16 (summary row)
  gather ink cell/16/0/9/1: 6 (summary row)
  gather ink cell/16/0/9/2: 5 (summary row)
  gather ink cell/16/0/9/3: 10 (summary row)
  gather ink cell/16/0/9/4: 6 (summary row)
  gather ink cell/16/0/9/5: 9 (summary row)
  gather ink cell/16/0/9/6: 9 (summary row)
  gather ink cell/16/0/9/7: 10 (summary row)
  gather ink cell/16/0/9/8: 8 (summary row)
  gather ink cell/16/0/9/9: 9 (summary row)
  gather ink cell/16/0/9/10: 9 (summary row)
  gather ink cell/16/0/9/11: 11 (summary row)
  gather ink cell/16/0/10/0: 20 (summary row)
  gather ink cell/16/0/10/1: 6 (summary row)
  gather ink cell/16/0/10/2: 8 (summary row)
  gather ink cell/16/0/10/3: 8 (summary row)
  gather ink cell/16/0/10/4: 8 (summary row)
  gather ink cell/16/0/10/5: 7 (summary row)
  gather ink cell/16/0/10/6: 5 (summary row)
  gather ink cell/16/0/10/7: 12 (summary row)
  gather ink cell/16/0/10/8: 11 (summary row)
  gather ink cell/16/0/10/9: 16 (summary row)
  gather ink cell/16/0/10/10: 11 (summary row)
  gather ink cell/16/0/10/11: 15 (summary row)
  gather ink cell/16/0/11/0: 52 (summary row)
  gather ink cell/16/0/11/1: 8 (summary row)
  gather ink cell/16/0/11/2: 7 (summary row)
  gather ink cell/16/0/11/3: 13 (summary row)
  gather ink cell/16/0/11/4: 20 (summary row)
  gather ink cell/16/0/11/5: 7 (summary row)
  gather ink cell/16/0/11/6: 5 (summary row)
  gather ink cell/16/0/11/7: 6 (summary row)
  gather ink cell/16/0/11/8: 6 (summary row)
  gather ink cell/16/0/11/9: 23 (summary row)
  gather ink cell/16/0/11/10: 10 (summary row)
  gather ink cell/16/0/11/11: 12 (summary row)
  gather ink cell/16/0/12/0: 23 (summary row)
  gather ink cell/16/0/12/1: 6 (summary row)
  gather ink cell/16/0/12/2: 8 (summary row)
  gather ink cell/16/0/12/3: 7 (summary row)
  gather ink cell/16/0/12/4: 10 (summary row)
  gather ink cell/16/0/12/5: 6 (summary row)
  gather ink cell/16/0/12/6: 8 (summary row)
  gather ink cell/16/0/12/7: 16 (summary row)
  gather ink cell/16/0/12/8: 12 (summary row)
  gather ink cell/16/0/12/9: 25 (summary row)
  gather ink cell/16/0/12/10: 12 (summary row)
  gather ink cell/16/0/12/11: 9 (summary row)
  gather ink cell/16/0/13/0: 22 (summary row)
  gather ink cell/16/0/13/1: 13 (summary row)
  gather ink cell/16/0/13/2: 9 (summary row)
  gather ink cell/16/0/13/3: 13 (summary row)
  gather ink cell/16/0/13/4: 11 (summary row)
  gather ink cell/16/0/13/5: 6 (summary row)
  gather ink cell/16/0/13/6: 7 (summary row)
  gather ink cell/16/0/13/7: 9 (summary row)
  gather ink cell/16/0/13/8: 15 (summary row)
  gather ink cell/16/0/13/9: 22 (summary row)
  gather ink cell/16/0/13/10: 11 (summary row)
  gather ink cell/16/0/13/11: 9 (summary row)
  gather ink cell/16/1/0/0: 26 (summary row)
  gather ink cell/16/1/0/1: 10 (summary row)
  gather ink cell/16/1/0/2: 9 (summary row)
  gather ink cell/16/1/0/3: 10 (summary row)
  gather ink cell/16/1/0/4: 9 (summary row)
  gather ink cell/16/1/0/5: 22 (summary row)
  gather ink cell/16/1/0/6: 22 (summary row)
  gather ink cell/16/1/0/7: 16 (summary row)
  gather ink cell/16/1/0/8: 18 (summary row)
  gather ink cell/16/1/1/0: 20 (summary row)
  gather ink cell/16/1/1/1: 8 (summary row)
  gather ink cell/16/1/1/2: 9 (summary row)
  gather ink cell/16/1/1/3: 10 (summary row)
  gather ink cell/16/1/1/4: 10 (summary row)
  gather ink cell/16/1/1/5: 21 (summary row)
  gather ink cell/16/1/1/6: 20 (summary row)
  gather ink cell/16/1/1/7: 17 (summary row)
  gather ink cell/16/1/1/8: 12 (summary row)
  gather ink cell/16/1/2/0: 22 (summary row)
  gather ink cell/16/1/2/1: 11 (summary row)
  gather ink cell/16/1/2/2: 12 (summary row)
  gather ink cell/16/1/2/3: 12 (summary row)
  gather ink cell/16/1/2/4: 9 (summary row)
  gather ink cell/16/1/2/5: 18 (summary row)
  gather ink cell/16/1/2/6: 18 (summary row)
  gather ink cell/16/1/2/7: 10 (summary row)
  gather ink cell/16/1/2/8: 14 (summary row)
  gather ink cell/16/1/3/0: 20 (summary row)
  gather ink cell/16/1/3/1: 12 (summary row)
  gather ink cell/16/1/3/2: 11 (summary row)
  gather ink cell/16/1/3/3: 10 (summary row)
  gather ink cell/16/1/3/4: 12 (summary row)
  gather ink cell/16/1/3/5: 14 (summary row)
  gather ink cell/16/1/3/6: 14 (summary row)
  gather ink cell/16/1/3/7: 20 (summary row)
  gather ink cell/16/1/3/8: 25 (summary row)
  gather ink cell/16/1/4/0: 28 (summary row)
  gather ink cell/16/1/4/1: 9 (summary row)
  gather ink cell/16/1/4/2: 10 (summary row)
  gather ink cell/16/1/4/3: 9 (summary row)
  gather ink cell/16/1/4/4: 10 (summary row)
  gather ink cell/16/1/4/5: 9 (summary row)
  gather ink cell/16/1/4/6: 9 (summary row)
  gather ink cell/16/1/4/7: 7 (summary row)
  gather ink cell/16/1/4/8: 10 (summary row)
  gather ink cell/16/1/5/0: 14 (summary row)
  gather ink cell/16/1/5/1: 5 (summary row)
  gather ink cell/16/1/5/2: 6 (summary row)
  gather ink cell/16/1/5/3: 5 (summary row)
  gather ink cell/16/1/5/4: 6 (summary row)
  gather ink cell/16/1/5/5: 7 (summary row)
  gather ink cell/16/1/5/6: 7 (summary row)
  gather ink cell/16/1/5/7: 5 (summary row)
  gather ink cell/16/1/5/8: 4 (summary row)
  gather ink cell/16/1/6/0: 10 (summary row)
  gather ink cell/16/1/6/1: 3 (summary row)
  gather ink cell/16/1/6/2: 3 (summary row)
  gather ink cell/16/1/6/3: 5 (summary row)
  gather ink cell/16/1/6/4: 3 (summary row)
  gather ink cell/16/1/6/5: 3 (summary row)
  gather ink cell/16/1/6/6: 3 (summary row)
  gather ink cell/16/1/6/7: 5 (summary row)
  gather ink cell/16/1/6/8: 2 (summary row)
  gather ink cell/16/1/7/0: 7 (summary row)
  gather ink cell/16/1/7/1: 4 (summary row)
  gather ink cell/16/1/7/2: 5 (summary row)
  gather ink cell/16/1/7/3: 5 (summary row)
  gather ink cell/16/1/7/4: 6 (summary row)
  gather ink cell/16/1/7/5: 5 (summary row)
  gather ink cell/16/1/7/6: 43 (summary row)
  gather ink cell/16/1/7/7: 21 (summary row)
  gather ink cell/16/1/7/8: 8 (summary row)
  gather ink cell/16/1/8/0: 14 (summary row)
  gather ink cell/16/1/8/1: 8 (summary row)
  gather ink cell/16/1/8/2: 10 (summary row)
  gather ink cell/16/1/8/3: 9 (summary row)
  gather ink cell/16/1/8/4: 10 (summary row)
  gather ink cell/16/1/8/5: 15 (summary row)
  gather ink cell/16/1/8/6: 17 (summary row)
  gather ink cell/16/1/8/7: 10 (summary row)
  gather ink cell/16/1/8/8: 17 (summary row)
  gather ink cell/16/1/9/0: 14 (summary row)
  gather ink cell/16/1/9/1: 10 (summary row)
  gather ink cell/16/1/9/2: 10 (summary row)
  gather ink cell/16/1/9/3: 9 (summary row)
  gather ink cell/16/1/9/4: 8 (summary row)
  gather ink cell/16/1/9/5: 12 (summary row)
  gather ink cell/16/1/9/6: 13 (summary row)
  gather ink cell/16/1/9/7: 20 (summary row)
  gather ink cell/16/1/9/8: 14 (summary row)
  gather ink cell/16/1/10/0: 11 (summary row)
  gather ink cell/16/1/10/1: 7 (summary row)
  gather ink cell/16/1/10/2: 3 (summary row)
  gather ink cell/16/1/10/3: 3 (summary row)
  gather ink cell/16/1/10/4: 13 (summary row)
  gather ink cell/16/1/10/5: 8 (summary row)
  gather ink cell/16/1/10/6: 17 (summary row)
  gather ink cell/16/1/10/7: 20 (summary row)
  gather ink cell/16/1/10/8: 9 (summary row)
  gather ink cell/16/1/11/0: 18 (summary row)
  gather ink cell/16/1/11/1: 9 (summary row)
  gather ink cell/16/1/11/2: 11 (summary row)
  gather ink cell/16/1/11/3: 6 (summary row)
  gather ink cell/16/1/11/4: 8 (summary row)
  gather ink cell/16/1/11/5: 9 (summary row)
  gather ink cell/16/1/11/6: 14 (summary row)
  gather ink cell/16/1/11/7: 14 (summary row)
  gather ink cell/16/1/11/8: 13 (summary row)
  gather ink cell/16/1/12/0: 32 (summary row)
  gather ink cell/16/1/12/1: 7 (summary row)
  gather ink cell/16/1/12/2: 15 (summary row)
  gather ink cell/16/1/12/3: 24 (summary row)
  gather ink cell/16/1/12/4: 9 (summary row)
  gather ink cell/16/1/12/5: 10 (summary row)
  gather ink cell/16/1/12/6: 19 (summary row)
  gather ink cell/16/1/12/7: 11 (summary row)
  gather ink cell/16/1/12/8: 27 (summary row)
  gather ink cell/16/1/13/0: 33 (summary row)
  gather ink cell/16/1/13/1: 21 (summary row)
  gather ink cell/16/1/13/2: 22 (summary row)
  gather ink cell/16/1/13/3: 8 (summary row)
  gather ink cell/16/1/13/4: 8 (summary row)
  gather ink cell/16/1/13/5: 12 (summary row)
  gather ink cell/16/1/13/6: 16 (summary row)
  gather ink cell/16/1/13/7: 5 (summary row)
  gather ink cell/16/1/13/8: 8 (summary row)
  gather detections cell/17/0/0/0: 40
  gather detections cell/17/0/0/1: 40
  gather detections cell/17/0/0/2: 40
  gather detections cell/17/0/0/3: 37
  gather detections cell/17/0/0/4: 24
  gather detections cell/17/0/0/5: 24
  gather detections cell/17/0/1/0: 26
  gather detections cell/17/0/1/1: 28
  gather detections cell/17/0/1/2: 29
  gather detections cell/17/0/1/3: 29
  gather detections cell/17/0/1/4: 22
  gather detections cell/17/0/1/5: 28
  gather detections cell/17/0/2/0: 27
  gather detections cell/17/0/2/1: 36
  gather detections cell/17/0/2/2: 34
  gather detections cell/17/0/2/3: 26
  gather detections cell/17/0/2/4: 13
  gather detections cell/17/0/2/5: 25
  gather detections cell/17/0/3/0: 31
  gather detections cell/17/0/3/1: 32
  gather detections cell/17/0/3/2: 31
  gather detections cell/17/0/3/3: 25
  gather detections cell/17/0/3/4: 11
  gather detections cell/17/0/3/5: 14
  gather detections cell/17/0/4/0: 15
  gather detections cell/17/0/4/1: 10
  gather detections cell/17/0/4/2: 8
  gather detections cell/17/0/4/3: 13
  gather detections cell/17/0/4/4: 9
  gather detections cell/17/0/4/5: 10
  gather detections cell/17/0/5/0: 18
  gather detections cell/17/0/5/1: 20
  gather detections cell/17/0/5/2: 14
  gather detections cell/17/0/5/3: 18
  gather detections cell/17/0/5/4: 11
  gather detections cell/17/0/5/5: 16
  gather detections cell/17/0/6/0: 12
  gather detections cell/17/0/6/1: 12
  gather detections cell/17/0/6/2: 18
  gather detections cell/17/0/6/3: 9
  gather detections cell/17/0/6/4: 5
  gather detections cell/17/0/6/5: 19
  gather detections cell/17/0/7/0: 24
  gather detections cell/17/0/7/1: 21
  gather detections cell/17/0/7/2: 17
  gather detections cell/17/0/7/3: 17
  gather detections cell/17/0/7/4: 13
  gather detections cell/17/0/7/5: 18
  gather detections cell/17/0/8/0: 28
  gather detections cell/17/0/8/1: 31
  gather detections cell/17/0/8/2: 35
  gather detections cell/17/0/8/3: 27
  gather detections cell/17/0/8/4: 11
  gather detections cell/17/0/8/5: 14
  gather detections cell/17/0/9/0: 22
  gather detections cell/17/0/9/1: 31
  gather detections cell/17/0/9/2: 25
  gather detections cell/17/0/9/3: 17
  gather detections cell/17/0/9/4: 20
  gather detections cell/17/0/9/5: 31
  gather detections cell/17/0/10/0: 27
  gather detections cell/17/0/10/1: 26
  gather detections cell/17/0/10/2: 22
  gather detections cell/17/0/10/3: 24
  gather detections cell/17/0/10/4: 22
  gather detections cell/17/0/10/5: 52
  gather detections cell/17/0/11/0: 28
  gather detections cell/17/0/11/1: 25
  gather detections cell/17/0/11/2: 28
  gather detections cell/17/0/11/3: 23
  gather detections cell/17/0/11/4: 25
  gather detections cell/17/0/11/5: 52
  gather detections cell/17/0/12/0: 29
  gather detections cell/17/0/12/1: 30
  gather detections cell/17/0/12/2: 28
  gather detections cell/17/0/12/3: 19
  gather detections cell/17/0/12/4: 19
  gather detections cell/17/0/12/5: 32
  gather detections cell/17/0/13/0: 18
  gather detections cell/17/0/13/1: 12
  gather detections cell/17/0/13/2: 17
  gather detections cell/17/0/13/3: 12
  gather detections cell/17/0/13/4: 13
  gather detections cell/17/0/13/5: 12
  gather detections cell/17/1/0/0: 38
  gather detections cell/17/1/0/1: 31
  gather detections cell/17/1/0/2: 25
  gather detections cell/17/1/0/3: 28
  gather detections cell/17/1/0/4: 33
  gather detections cell/17/1/0/5: 23
  gather detections cell/17/1/1/0: 30
  gather detections cell/17/1/1/1: 28
  gather detections cell/17/1/1/2: 24
  gather detections cell/17/1/1/3: 23
  gather detections cell/17/1/1/4: 23
  gather detections cell/17/1/1/5: 23
  gather detections cell/17/1/2/0: 19
  gather detections cell/17/1/2/1: 20
  gather detections cell/17/1/2/2: 16
  gather detections cell/17/1/2/3: 21
  gather detections cell/17/1/2/4: 24
  gather detections cell/17/1/2/5: 36
  gather detections cell/17/1/3/0: 23
  gather detections cell/17/1/3/1: 18
  gather detections cell/17/1/3/2: 13
  gather detections cell/17/1/3/3: 20
  gather detections cell/17/1/3/4: 17
  gather detections cell/17/1/3/5: 54
  gather detections cell/17/1/4/0: 17
  gather detections cell/17/1/4/1: 16
  gather detections cell/17/1/4/2: 13
  gather detections cell/17/1/4/3: 21
  gather detections cell/17/1/4/4: 22
  gather detections cell/17/1/4/5: 28
  gather detections cell/17/1/5/0: 23
  gather detections cell/17/1/5/1: 18
  gather detections cell/17/1/5/2: 22
  gather detections cell/17/1/5/3: 20
  gather detections cell/17/1/5/4: 19
  gather detections cell/17/1/5/5: 18
  gather detections cell/17/1/6/0: 22
  gather detections cell/17/1/6/1: 24
  gather detections cell/17/1/6/2: 22
  gather detections cell/17/1/6/3: 21
  gather detections cell/17/1/6/4: 20
  gather detections cell/17/1/6/5: 16
  gather detections cell/17/1/7/0: 14
  gather detections cell/17/1/7/1: 18
  gather detections cell/17/1/7/2: 19
  gather detections cell/17/1/7/3: 21
  gather detections cell/17/1/7/4: 25
  gather detections cell/17/1/7/5: 17
  gather detections cell/17/1/8/0: 10
  gather detections cell/17/1/8/1: 12
  gather detections cell/17/1/8/2: 14
  gather detections cell/17/1/8/3: 15
  gather detections cell/17/1/8/4: 15
  gather detections cell/17/1/8/5: 7
  gather detections cell/17/1/9/0: 38
  gather detections cell/17/1/9/1: 19
  gather detections cell/17/1/9/2: 21
  gather detections cell/17/1/9/3: 20
  gather detections cell/17/1/9/4: 21
  gather detections cell/17/1/9/5: 20
  gather detections cell/17/1/10/0: 73
  gather detections cell/17/1/10/1: 47
  gather detections cell/17/1/10/2: 28
  gather detections cell/17/1/10/3: 19
  gather detections cell/17/1/10/4: 21
  gather detections cell/17/1/10/5: 25
  gather detections cell/17/1/11/0: 68
  gather detections cell/17/1/11/1: 50
  gather detections cell/17/1/11/2: 31
  gather detections cell/17/1/11/3: 23
  gather detections cell/17/1/11/4: 29
  gather detections cell/17/1/11/5: 48
  gather detections cell/17/1/12/0: 29
  gather detections cell/17/1/12/1: 21
  gather detections cell/17/1/12/2: 29
  gather detections cell/17/1/12/3: 25
  gather detections cell/17/1/12/4: 22
  gather detections cell/17/1/12/5: 37
  gather detections cell/17/1/13/0: 11
  gather detections cell/17/1/13/1: 13
  gather detections cell/17/1/13/2: 8
  gather detections cell/17/1/13/3: 13
  gather detections cell/17/1/13/4: 12
  gather detections cell/17/1/13/5: 26
  gather ink cell/17/0/0/0: 44 (summary row)
  gather ink cell/17/0/0/1: 15 (summary row)
  gather ink cell/17/0/0/2: 28 (summary row)
  gather ink cell/17/0/0/3: 26 (summary row)
  gather ink cell/17/0/0/4: 15 (summary row)
  gather ink cell/17/0/0/5: 17 (summary row)
  gather ink cell/17/0/1/0: 27 (summary row)
  gather ink cell/17/0/1/1: 14 (summary row)
  gather ink cell/17/0/1/2: 27 (summary row)
  gather ink cell/17/0/1/3: 30 (summary row)
  gather ink cell/17/0/1/4: 27 (summary row)
  gather ink cell/17/0/1/5: 48 (summary row)
  gather ink cell/17/0/2/0: 20 (summary row)
  gather ink cell/17/0/2/1: 15 (summary row)
  gather ink cell/17/0/2/2: 18 (summary row)
  gather ink cell/17/0/2/3: 38 (summary row)
  gather ink cell/17/0/2/4: 34 (summary row)
  gather ink cell/17/0/2/5: 45 (summary row)
  gather ink cell/17/0/3/0: 57 (summary row)
  gather ink cell/17/0/3/1: 10 (summary row)
  gather ink cell/17/0/3/2: 15 (summary row)
  gather ink cell/17/0/3/3: 40 (summary row)
  gather ink cell/17/0/3/4: 25 (summary row)
  gather ink cell/17/0/3/5: 24 (summary row)
  gather ink cell/17/0/4/0: 33 (summary row)
  gather ink cell/17/0/4/1: 13 (summary row)
  gather ink cell/17/0/4/2: 7 (summary row)
  gather ink cell/17/0/4/3: 15 (summary row)
  gather ink cell/17/0/4/4: 7 (summary row)
  gather ink cell/17/0/4/5: 31 (summary row)
  gather ink cell/17/0/5/0: 10 (summary row)
  gather ink cell/17/0/5/1: 13 (summary row)
  gather ink cell/17/0/5/2: 6 (summary row)
  gather ink cell/17/0/5/3: 15 (summary row)
  gather ink cell/17/0/5/4: 12 (summary row)
  gather ink cell/17/0/5/5: 24 (summary row)
  gather ink cell/17/0/6/0: 16 (summary row)
  gather ink cell/17/0/6/1: 12 (summary row)
  gather ink cell/17/0/6/2: 12 (summary row)
  gather ink cell/17/0/6/3: 28 (summary row)
  gather ink cell/17/0/6/4: 22 (summary row)
  gather ink cell/17/0/6/5: 39 (summary row)
  gather ink cell/17/0/7/0: 12 (summary row)
  gather ink cell/17/0/7/1: 10 (summary row)
  gather ink cell/17/0/7/2: 12 (summary row)
  gather ink cell/17/0/7/3: 14 (summary row)
  gather ink cell/17/0/7/4: 45 (summary row)
  gather ink cell/17/0/7/5: 15 (summary row)
  gather ink cell/17/0/8/0: 28 (summary row)
  gather ink cell/17/0/8/1: 22 (summary row)
  gather ink cell/17/0/8/2: 19 (summary row)
  gather ink cell/17/0/8/3: 21 (summary row)
  gather ink cell/17/0/8/4: 12 (summary row)
  gather ink cell/17/0/8/5: 12 (summary row)
  gather ink cell/17/0/9/0: 30 (summary row)
  gather ink cell/17/0/9/1: 22 (summary row)
  gather ink cell/17/0/9/2: 14 (summary row)
  gather ink cell/17/0/9/3: 11 (summary row)
  gather ink cell/17/0/9/4: 10 (summary row)
  gather ink cell/17/0/9/5: 11 (summary row)
  gather ink cell/17/0/10/0: 35 (summary row)
  gather ink cell/17/0/10/1: 28 (summary row)
  gather ink cell/17/0/10/2: 17 (summary row)
  gather ink cell/17/0/10/3: 11 (summary row)
  gather ink cell/17/0/10/4: 23 (summary row)
  gather ink cell/17/0/10/5: 44 (summary row)
  gather ink cell/17/0/11/0: 23 (summary row)
  gather ink cell/17/0/11/1: 34 (summary row)
  gather ink cell/17/0/11/2: 14 (summary row)
  gather ink cell/17/0/11/3: 14 (summary row)
  gather ink cell/17/0/11/4: 17 (summary row)
  gather ink cell/17/0/11/5: 33 (summary row)
  gather ink cell/17/0/12/0: 21 (summary row)
  gather ink cell/17/0/12/1: 15 (summary row)
  gather ink cell/17/0/12/2: 10 (summary row)
  gather ink cell/17/0/12/3: 22 (summary row)
  gather ink cell/17/0/12/4: 13 (summary row)
  gather ink cell/17/0/12/5: 23 (summary row)
  gather ink cell/17/0/13/0: 20 (summary row)
  gather ink cell/17/0/13/1: 7 (summary row)
  gather ink cell/17/0/13/2: 6 (summary row)
  gather ink cell/17/0/13/3: 15 (summary row)
  gather ink cell/17/0/13/4: 8 (summary row)
  gather ink cell/17/0/13/5: 18 (summary row)
  gather ink cell/17/1/0/0: 34 (summary row)
  gather ink cell/17/1/0/1: 14 (summary row)
  gather ink cell/17/1/0/2: 34 (summary row)
  gather ink cell/17/1/0/3: 21 (summary row)
  gather ink cell/17/1/0/4: 23 (summary row)
  gather ink cell/17/1/0/5: 20 (summary row)
  gather ink cell/17/1/1/0: 49 (summary row)
  gather ink cell/17/1/1/1: 18 (summary row)
  gather ink cell/17/1/1/2: 30 (summary row)
  gather ink cell/17/1/1/3: 26 (summary row)
  gather ink cell/17/1/1/4: 23 (summary row)
  gather ink cell/17/1/1/5: 22 (summary row)
  gather ink cell/17/1/2/0: 30 (summary row)
  gather ink cell/17/1/2/1: 12 (summary row)
  gather ink cell/17/1/2/2: 12 (summary row)
  gather ink cell/17/1/2/3: 22 (summary row)
  gather ink cell/17/1/2/4: 27 (summary row)
  gather ink cell/17/1/2/5: 32 (summary row)
  gather ink cell/17/1/3/0: 27 (summary row)
  gather ink cell/17/1/3/1: 13 (summary row)
  gather ink cell/17/1/3/2: 13 (summary row)
  gather ink cell/17/1/3/3: 23 (summary row)
  gather ink cell/17/1/3/4: 19 (summary row)
  gather ink cell/17/1/3/5: 32 (summary row)
  gather ink cell/17/1/4/0: 21 (summary row)
  gather ink cell/17/1/4/1: 8 (summary row)
  gather ink cell/17/1/4/2: 5 (summary row)
  gather ink cell/17/1/4/3: 19 (summary row)
  gather ink cell/17/1/4/4: 18 (summary row)
  gather ink cell/17/1/4/5: 22 (summary row)
  gather ink cell/17/1/5/0: 23 (summary row)
  gather ink cell/17/1/5/1: 47 (summary row)
  gather ink cell/17/1/5/2: 8 (summary row)
  gather ink cell/17/1/5/3: 16 (summary row)
  gather ink cell/17/1/5/4: 12 (summary row)
  gather ink cell/17/1/5/5: 14 (summary row)
  gather ink cell/17/1/6/0: 28 (summary row)
  gather ink cell/17/1/6/1: 21 (summary row)
  gather ink cell/17/1/6/2: 15 (summary row)
  gather ink cell/17/1/6/3: 21 (summary row)
  gather ink cell/17/1/6/4: 17 (summary row)
  gather ink cell/17/1/6/5: 13 (summary row)
  gather ink cell/17/1/7/0: 14 (summary row)
  gather ink cell/17/1/7/1: 21 (summary row)
  gather ink cell/17/1/7/2: 8 (summary row)
  gather ink cell/17/1/7/3: 20 (summary row)
  gather ink cell/17/1/7/4: 17 (summary row)
  gather ink cell/17/1/7/5: 12 (summary row)
  gather ink cell/17/1/8/0: 21 (summary row)
  gather ink cell/17/1/8/1: 12 (summary row)
  gather ink cell/17/1/8/2: 12 (summary row)
  gather ink cell/17/1/8/3: 24 (summary row)
  gather ink cell/17/1/8/4: 20 (summary row)
  gather ink cell/17/1/8/5: 12 (summary row)
  gather ink cell/17/1/9/0: 38 (summary row)
  gather ink cell/17/1/9/1: 20 (summary row)
  gather ink cell/17/1/9/2: 9 (summary row)
  gather ink cell/17/1/9/3: 21 (summary row)
  gather ink cell/17/1/9/4: 17 (summary row)
  gather ink cell/17/1/9/5: 32 (summary row)
  gather ink cell/17/1/10/0: 46 (summary row)
  gather ink cell/17/1/10/1: 44 (summary row)
  gather ink cell/17/1/10/2: 20 (summary row)
  gather ink cell/17/1/10/3: 22 (summary row)
  gather ink cell/17/1/10/4: 21 (summary row)
  gather ink cell/17/1/10/5: 34 (summary row)
  gather ink cell/17/1/11/0: 60 (summary row)
  gather ink cell/17/1/11/1: 52 (summary row)
  gather ink cell/17/1/11/2: 24 (summary row)
  gather ink cell/17/1/11/3: 24 (summary row)
  gather ink cell/17/1/11/4: 26 (summary row)
  gather ink cell/17/1/11/5: 67 (summary row)
  gather ink cell/17/1/12/0: 35 (summary row)
  gather ink cell/17/1/12/1: 34 (summary row)
  gather ink cell/17/1/12/2: 24 (summary row)
  gather ink cell/17/1/12/3: 25 (summary row)
  gather ink cell/17/1/12/4: 15 (summary row)
  gather ink cell/17/1/12/5: 46 (summary row)
  gather ink cell/17/1/13/0: 32 (summary row)
  gather ink cell/17/1/13/1: 26 (summary row)
  gather ink cell/17/1/13/2: 21 (summary row)
  gather ink cell/17/1/13/3: 19 (summary row)
  gather ink cell/17/1/13/4: 16 (summary row)
  gather ink cell/17/1/13/5: 24 (summary row)
  gather detections cell/18/0/0/0: 28
  gather detections cell/18/0/0/1: 38
  gather detections cell/18/0/0/2: 34
  gather detections cell/18/0/0/3: 34
  gather detections cell/18/0/0/4: 34
  gather detections cell/18/0/0/5: 14
  gather detections cell/18/0/0/6: 34
  gather detections cell/18/0/1/0: 25
  gather detections cell/18/0/1/1: 26
  gather detections cell/18/0/1/2: 18
  gather detections cell/18/0/1/3: 26
  gather detections cell/18/0/1/4: 21
  gather detections cell/18/0/1/5: 15
  gather detections cell/18/0/1/6: 29
  gather detections cell/18/0/2/0: 43
  gather detections cell/18/0/2/1: 25
  gather detections cell/18/0/2/2: 17
  gather detections cell/18/0/2/3: 17
  gather detections cell/18/0/2/4: 11
  gather detections cell/18/0/2/5: 12
  gather detections cell/18/0/2/6: 37
  gather detections cell/18/0/3/0: 48
  gather detections cell/18/0/3/1: 36
  gather detections cell/18/0/3/2: 28
  gather detections cell/18/0/3/3: 18
  gather detections cell/18/0/3/4: 11
  gather detections cell/18/0/3/5: 9
  gather detections cell/18/0/3/6: 31
  gather detections cell/18/0/4/0: 29
  gather detections cell/18/0/4/1: 29
  gather detections cell/18/0/4/2: 34
  gather detections cell/18/0/4/3: 26
  gather detections cell/18/0/4/4: 13
  gather detections cell/18/0/4/5: 16
  gather detections cell/18/0/4/6: 19
  gather detections cell/18/0/5/0: 10
  gather detections cell/18/0/5/1: 24
  gather detections cell/18/0/5/2: 17
  gather detections cell/18/0/5/3: 17
  gather detections cell/18/0/5/4: 16
  gather detections cell/18/0/5/5: 7
  gather detections cell/18/0/5/6: 9
  gather detections cell/18/0/6/0: 9
  gather detections cell/18/0/6/1: 17
  gather detections cell/18/0/6/2: 20
  gather detections cell/18/0/6/3: 20
  gather detections cell/18/0/6/4: 13
  gather detections cell/18/0/6/5: 7
  gather detections cell/18/0/6/6: 8
  gather detections cell/18/0/7/0: 20
  gather detections cell/18/0/7/1: 22
  gather detections cell/18/0/7/2: 19
  gather detections cell/18/0/7/3: 17
  gather detections cell/18/0/7/4: 6
  gather detections cell/18/0/7/5: 7
  gather detections cell/18/0/7/6: 17
  gather detections cell/18/0/8/0: 6
  gather detections cell/18/0/8/1: 8
  gather detections cell/18/0/8/2: 7
  gather detections cell/18/0/8/3: 7
  gather detections cell/18/0/8/4: 5
  gather detections cell/18/0/8/5: 18
  gather detections cell/18/0/8/6: 10
  gather detections cell/18/0/9/0: 27
  gather detections cell/18/0/9/1: 31
  gather detections cell/18/0/9/2: 28
  gather detections cell/18/0/9/3: 22
  gather detections cell/18/0/9/4: 11
  gather detections cell/18/0/9/5: 23
  gather detections cell/18/0/9/6: 9
  gather detections cell/18/0/10/0: 24
  gather detections cell/18/0/10/1: 23
  gather detections cell/18/0/10/2: 23
  gather detections cell/18/0/10/3: 23
  gather detections cell/18/0/10/4: 19
  gather detections cell/18/0/10/5: 14
  gather detections cell/18/0/10/6: 15
  gather detections cell/18/0/11/0: 39
  gather detections cell/18/0/11/1: 30
  gather detections cell/18/0/11/2: 17
  gather detections cell/18/0/11/3: 18
  gather detections cell/18/0/11/4: 10
  gather detections cell/18/0/11/5: 20
  gather detections cell/18/0/11/6: 9
  gather detections cell/18/0/12/0: 51
  gather detections cell/18/0/12/1: 31
  gather detections cell/18/0/12/2: 22
  gather detections cell/18/0/12/3: 17
  gather detections cell/18/0/12/4: 11
  gather detections cell/18/0/12/5: 17
  gather detections cell/18/0/12/6: 12
  gather detections cell/18/0/13/0: 29
  gather detections cell/18/0/13/1: 28
  gather detections cell/18/0/13/2: 20
  gather detections cell/18/0/13/3: 20
  gather detections cell/18/0/13/4: 21
  gather detections cell/18/0/13/5: 14
  gather detections cell/18/0/13/6: 10
  gather detections cell/18/1/0/0: 18
  gather detections cell/18/1/0/1: 6
  gather detections cell/18/1/0/2: 12
  gather detections cell/18/1/0/3: 5
  gather detections cell/18/1/0/4: 24
  gather detections cell/18/1/0/5: 29
  gather detections cell/18/1/0/6: 34
  gather detections cell/18/1/0/7: 30
  gather detections cell/18/1/1/0: 24
  gather detections cell/18/1/1/1: 28
  gather detections cell/18/1/1/2: 24
  gather detections cell/18/1/1/3: 17
  gather detections cell/18/1/1/4: 21
  gather detections cell/18/1/1/5: 28
  gather detections cell/18/1/1/6: 33
  gather detections cell/18/1/1/7: 31
  gather detections cell/18/1/2/0: 22
  gather detections cell/18/1/2/1: 21
  gather detections cell/18/1/2/2: 22
  gather detections cell/18/1/2/3: 19
  gather detections cell/18/1/2/4: 25
  gather detections cell/18/1/2/5: 30
  gather detections cell/18/1/2/6: 37
  gather detections cell/18/1/2/7: 29
  gather detections cell/18/1/3/0: 25
  gather detections cell/18/1/3/1: 19
  gather detections cell/18/1/3/2: 15
  gather detections cell/18/1/3/3: 17
  gather detections cell/18/1/3/4: 20
  gather detections cell/18/1/3/5: 23
  gather detections cell/18/1/3/6: 41
  gather detections cell/18/1/3/7: 28
  gather detections cell/18/1/4/0: 21
  gather detections cell/18/1/4/1: 16
  gather detections cell/18/1/4/2: 21
  gather detections cell/18/1/4/3: 11
  gather detections cell/18/1/4/4: 20
  gather detections cell/18/1/4/5: 24
  gather detections cell/18/1/4/6: 30
  gather detections cell/18/1/4/7: 30
  gather detections cell/18/1/5/0: 24
  gather detections cell/18/1/5/1: 20
  gather detections cell/18/1/5/2: 16
  gather detections cell/18/1/5/3: 18
  gather detections cell/18/1/5/4: 19
  gather detections cell/18/1/5/5: 22
  gather detections cell/18/1/5/6: 20
  gather detections cell/18/1/5/7: 17
  gather detections cell/18/1/6/0: 18
  gather detections cell/18/1/6/1: 8
  gather detections cell/18/1/6/2: 7
  gather detections cell/18/1/6/3: 7
  gather detections cell/18/1/6/4: 8
  gather detections cell/18/1/6/5: 13
  gather detections cell/18/1/6/6: 9
  gather detections cell/18/1/6/7: 9
  gather detections cell/18/1/7/0: 17
  gather detections cell/18/1/7/1: 8
  gather detections cell/18/1/7/2: 6
  gather detections cell/18/1/7/3: 10
  gather detections cell/18/1/7/4: 6
  gather detections cell/18/1/7/5: 7
  gather detections cell/18/1/7/6: 5
  gather detections cell/18/1/7/7: 5
  gather detections cell/18/1/8/0: 17
  gather detections cell/18/1/8/1: 8
  gather detections cell/18/1/8/2: 12
  gather detections cell/18/1/8/3: 9
  gather detections cell/18/1/8/4: 7
  gather detections cell/18/1/8/5: 17
  gather detections cell/18/1/8/6: 17
  gather detections cell/18/1/8/7: 16
  gather detections cell/18/1/9/0: 22
  gather detections cell/18/1/9/1: 15
  gather detections cell/18/1/9/2: 13
  gather detections cell/18/1/9/3: 15
  gather detections cell/18/1/9/4: 22
  gather detections cell/18/1/9/5: 28
  gather detections cell/18/1/9/6: 23
  gather detections cell/18/1/9/7: 26
  gather detections cell/18/1/10/0: 27
  gather detections cell/18/1/10/1: 24
  gather detections cell/18/1/10/2: 15
  gather detections cell/18/1/10/3: 27
  gather detections cell/18/1/10/4: 30
  gather detections cell/18/1/10/5: 33
  gather detections cell/18/1/10/6: 11
  gather detections cell/18/1/10/7: 29
  gather detections cell/18/1/11/0: 21
  gather detections cell/18/1/11/1: 17
  gather detections cell/18/1/11/2: 18
  gather detections cell/18/1/11/3: 29
  gather detections cell/18/1/11/4: 25
  gather detections cell/18/1/11/5: 26
  gather detections cell/18/1/11/6: 20
  gather detections cell/18/1/11/7: 21
  gather detections cell/18/1/12/0: 20
  gather detections cell/18/1/12/1: 9
  gather detections cell/18/1/12/2: 20
  gather detections cell/18/1/12/3: 11
  gather detections cell/18/1/12/4: 18
  gather detections cell/18/1/12/5: 24
  gather detections cell/18/1/12/6: 36
  gather detections cell/18/1/12/7: 30
  gather detections cell/18/1/13/0: 19
  gather detections cell/18/1/13/1: 5
  gather detections cell/18/1/13/2: 5
  gather detections cell/18/1/13/3: 5
  gather detections cell/18/1/13/4: 17
  gather detections cell/18/1/13/5: 11
  gather detections cell/18/1/13/6: 20
  gather detections cell/18/1/13/7: 17
  gather ink cell/18/0/0/0: 21 (summary row)
  gather ink cell/18/0/0/1: 16 (summary row)
  gather ink cell/18/0/0/2: 16 (summary row)
  gather ink cell/18/0/0/3: 19 (summary row)
  gather ink cell/18/0/0/4: 15 (summary row)
  gather ink cell/18/0/0/5: 10 (summary row)
  gather ink cell/18/0/0/6: 15 (summary row)
  gather ink cell/18/0/1/0: 16 (summary row)
  gather ink cell/18/0/1/1: 14 (summary row)
  gather ink cell/18/0/1/2: 9 (summary row)
  gather ink cell/18/0/1/3: 12 (summary row)
  gather ink cell/18/0/1/4: 10 (summary row)
  gather ink cell/18/0/1/5: 11 (summary row)
  gather ink cell/18/0/1/6: 16 (summary row)
  gather ink cell/18/0/2/0: 23 (summary row)
  gather ink cell/18/0/2/1: 18 (summary row)
  gather ink cell/18/0/2/2: 10 (summary row)
  gather ink cell/18/0/2/3: 12 (summary row)
  gather ink cell/18/0/2/4: 8 (summary row)
  gather ink cell/18/0/2/5: 12 (summary row)
  gather ink cell/18/0/2/6: 20 (summary row)
  gather ink cell/18/0/3/0: 38 (summary row)
  gather ink cell/18/0/3/1: 20 (summary row)
  gather ink cell/18/0/3/2: 15 (summary row)
  gather ink cell/18/0/3/3: 21 (summary row)
  gather ink cell/18/0/3/4: 12 (summary row)
  gather ink cell/18/0/3/5: 13 (summary row)
  gather ink cell/18/0/3/6: 16 (summary row)
  gather ink cell/18/0/4/0: 27 (summary row)
  gather ink cell/18/0/4/1: 18 (summary row)
  gather ink cell/18/0/4/2: 22 (summary row)
  gather ink cell/18/0/4/3: 22 (summary row)
  gather ink cell/18/0/4/4: 14 (summary row)
  gather ink cell/18/0/4/5: 12 (summary row)
  gather ink cell/18/0/4/6: 15 (summary row)
  gather ink cell/18/0/5/0: 9 (summary row)
  gather ink cell/18/0/5/1: 11 (summary row)
  gather ink cell/18/0/5/2: 7 (summary row)
  gather ink cell/18/0/5/3: 14 (summary row)
  gather ink cell/18/0/5/4: 16 (summary row)
  gather ink cell/18/0/5/5: 5 (summary row)
  gather ink cell/18/0/5/6: 5 (summary row)
  gather ink cell/18/0/6/0: 8 (summary row)
  gather ink cell/18/0/6/1: 7 (summary row)
  gather ink cell/18/0/6/2: 6 (summary row)
  gather ink cell/18/0/6/3: 13 (summary row)
  gather ink cell/18/0/6/4: 10 (summary row)
  gather ink cell/18/0/6/5: 7 (summary row)
  gather ink cell/18/0/6/6: 8 (summary row)
  gather ink cell/18/0/7/0: 9 (summary row)
  gather ink cell/18/0/7/1: 9 (summary row)
  gather ink cell/18/0/7/2: 6 (summary row)
  gather ink cell/18/0/7/3: 8 (summary row)
  gather ink cell/18/0/7/4: 6 (summary row)
  gather ink cell/18/0/7/5: 5 (summary row)
  gather ink cell/18/0/7/6: 6 (summary row)
  gather ink cell/18/0/8/0: 13 (summary row)
  gather ink cell/18/0/8/1: 8 (summary row)
  gather ink cell/18/0/8/2: 6 (summary row)
  gather ink cell/18/0/8/3: 11 (summary row)
  gather ink cell/18/0/8/4: 9 (summary row)
  gather ink cell/18/0/8/5: 11 (summary row)
  gather ink cell/18/0/8/6: 11 (summary row)
  gather ink cell/18/0/9/0: 23 (summary row)
  gather ink cell/18/0/9/1: 16 (summary row)
  gather ink cell/18/0/9/2: 18 (summary row)
  gather ink cell/18/0/9/3: 32 (summary row)
  gather ink cell/18/0/9/4: 28 (summary row)
  gather ink cell/18/0/9/5: 44 (summary row)
  gather ink cell/18/0/9/6: 8 (summary row)
  gather ink cell/18/0/10/0: 24 (summary row)
  gather ink cell/18/0/10/1: 9 (summary row)
  gather ink cell/18/0/10/2: 5 (summary row)
  gather ink cell/18/0/10/3: 10 (summary row)
  gather ink cell/18/0/10/4: 5 (summary row)
  gather ink cell/18/0/10/5: 7 (summary row)
  gather ink cell/18/0/10/6: 6 (summary row)
  gather ink cell/18/0/11/0: 28 (summary row)
  gather ink cell/18/0/11/1: 18 (summary row)
  gather ink cell/18/0/11/2: 13 (summary row)
  gather ink cell/18/0/11/3: 18 (summary row)
  gather ink cell/18/0/11/4: 13 (summary row)
  gather ink cell/18/0/11/5: 9 (summary row)
  gather ink cell/18/0/11/6: 9 (summary row)
  gather ink cell/18/0/12/0: 33 (summary row)
  gather ink cell/18/0/12/1: 23 (summary row)
  gather ink cell/18/0/12/2: 17 (summary row)
  gather ink cell/18/0/12/3: 18 (summary row)
  gather ink cell/18/0/12/4: 16 (summary row)
  gather ink cell/18/0/12/5: 17 (summary row)
  gather ink cell/18/0/12/6: 11 (summary row)
  gather ink cell/18/0/13/0: 26 (summary row)
  gather ink cell/18/0/13/1: 17 (summary row)
  gather ink cell/18/0/13/2: 16 (summary row)
  gather ink cell/18/0/13/3: 21 (summary row)
  gather ink cell/18/0/13/4: 20 (summary row)
  gather ink cell/18/0/13/5: 15 (summary row)
  gather ink cell/18/0/13/6: 15 (summary row)
  gather ink cell/18/1/0/0: 21 (summary row)
  gather ink cell/18/1/0/1: 2 (summary row)
  gather ink cell/18/1/0/2: 2 (summary row)
  gather ink cell/18/1/0/3: 2 (summary row)
  gather ink cell/18/1/0/4: 20 (summary row)
  gather ink cell/18/1/0/5: 11 (summary row)
  gather ink cell/18/1/0/6: 14 (summary row)
  gather ink cell/18/1/0/7: 16 (summary row)
  gather ink cell/18/1/1/0: 21 (summary row)
  gather ink cell/18/1/1/1: 9 (summary row)
  gather ink cell/18/1/1/2: 13 (summary row)
  gather ink cell/18/1/1/3: 7 (summary row)
  gather ink cell/18/1/1/4: 17 (summary row)
  gather ink cell/18/1/1/5: 5 (summary row)
  gather ink cell/18/1/1/6: 13 (summary row)
  gather ink cell/18/1/1/7: 20 (summary row)
  gather ink cell/18/1/2/0: 28 (summary row)
  gather ink cell/18/1/2/1: 16 (summary row)
  gather ink cell/18/1/2/2: 15 (summary row)
  gather ink cell/18/1/2/3: 22 (summary row)
  gather ink cell/18/1/2/4: 35 (summary row)
  gather ink cell/18/1/2/5: 22 (summary row)
  gather ink cell/18/1/2/6: 29 (summary row)
  gather ink cell/18/1/2/7: 22 (summary row)
  gather ink cell/18/1/3/0: 28 (summary row)
  gather ink cell/18/1/3/1: 9 (summary row)
  gather ink cell/18/1/3/2: 6 (summary row)
  gather ink cell/18/1/3/3: 14 (summary row)
  gather ink cell/18/1/3/4: 21 (summary row)
  gather ink cell/18/1/3/5: 11 (summary row)
  gather ink cell/18/1/3/6: 16 (summary row)
  gather ink cell/18/1/3/7: 17 (summary row)
  gather ink cell/18/1/4/0: 22 (summary row)
  gather ink cell/18/1/4/1: 2 (summary row)
  gather ink cell/18/1/4/2: 4 (summary row)
  gather ink cell/18/1/4/3: 7 (summary row)
  gather ink cell/18/1/4/4: 18 (summary row)
  gather ink cell/18/1/4/5: 10 (summary row)
  gather ink cell/18/1/4/6: 13 (summary row)
  gather ink cell/18/1/4/7: 14 (summary row)
  gather ink cell/18/1/5/0: 18 (summary row)
  gather ink cell/18/1/5/1: 9 (summary row)
  gather ink cell/18/1/5/2: 8 (summary row)
  gather ink cell/18/1/5/3: 17 (summary row)
  gather ink cell/18/1/5/4: 21 (summary row)
  gather ink cell/18/1/5/5: 12 (summary row)
  gather ink cell/18/1/5/6: 11 (summary row)
  gather ink cell/18/1/5/7: 24 (summary row)
  gather ink cell/18/1/6/0: 15 (summary row)
  gather ink cell/18/1/6/1: 2 (summary row)
  gather ink cell/18/1/6/2: 7 (summary row)
  gather ink cell/18/1/6/3: 13 (summary row)
  gather ink cell/18/1/6/4: 17 (summary row)
  gather ink cell/18/1/6/5: 4 (summary row)
  gather ink cell/18/1/6/6: 13 (summary row)
  gather ink cell/18/1/6/7: 17 (summary row)
  gather ink cell/18/1/7/0: 31 (summary row)
  gather ink cell/18/1/7/1: 13 (summary row)
  gather ink cell/18/1/7/2: 2 (summary row)
  gather ink cell/18/1/7/3: 2 (summary row)
  gather ink cell/18/1/7/4: 2 (summary row)
  gather ink cell/18/1/7/5: 2 (summary row)
  gather ink cell/18/1/7/6: 6 (summary row)
  gather ink cell/18/1/7/7: 3 (summary row)
  gather ink cell/18/1/8/0: 20 (summary row)
  gather ink cell/18/1/8/1: 6 (summary row)
  gather ink cell/18/1/8/2: 8 (summary row)
  gather ink cell/18/1/8/3: 4 (summary row)
  gather ink cell/18/1/8/4: 4 (summary row)
  gather ink cell/18/1/8/5: 10 (summary row)
  gather ink cell/18/1/8/6: 13 (summary row)
  gather ink cell/18/1/8/7: 14 (summary row)
  gather ink cell/18/1/9/0: 22 (summary row)
  gather ink cell/18/1/9/1: 7 (summary row)
  gather ink cell/18/1/9/2: 7 (summary row)
  gather ink cell/18/1/9/3: 6 (summary row)
  gather ink cell/18/1/9/4: 18 (summary row)
  gather ink cell/18/1/9/5: 12 (summary row)
  gather ink cell/18/1/9/6: 14 (summary row)
  gather ink cell/18/1/9/7: 13 (summary row)
  gather ink cell/18/1/10/0: 19 (summary row)
  gather ink cell/18/1/10/1: 10 (summary row)
  gather ink cell/18/1/10/2: 14 (summary row)
  gather ink cell/18/1/10/3: 7 (summary row)
  gather ink cell/18/1/10/4: 22 (summary row)
  gather ink cell/18/1/10/5: 5 (summary row)
  gather ink cell/18/1/10/6: 9 (summary row)
  gather ink cell/18/1/10/7: 7 (summary row)
  gather ink cell/18/1/11/0: 19 (summary row)
  gather ink cell/18/1/11/1: 14 (summary row)
  gather ink cell/18/1/11/2: 7 (summary row)
  gather ink cell/18/1/11/3: 9 (summary row)
  gather ink cell/18/1/11/4: 14 (summary row)
  gather ink cell/18/1/11/5: 8 (summary row)
  gather ink cell/18/1/11/6: 13 (summary row)
  gather ink cell/18/1/11/7: 8 (summary row)
  gather ink cell/18/1/12/0: 24 (summary row)
  gather ink cell/18/1/12/1: 10 (summary row)
  gather ink cell/18/1/12/2: 9 (summary row)
  gather ink cell/18/1/12/3: 11 (summary row)
  gather ink cell/18/1/12/4: 11 (summary row)
  gather ink cell/18/1/12/5: 12 (summary row)
  gather ink cell/18/1/12/6: 22 (summary row)
  gather ink cell/18/1/12/7: 20 (summary row)
  gather ink cell/18/1/13/0: 27 (summary row)
  gather ink cell/18/1/13/1: 6 (summary row)
  gather ink cell/18/1/13/2: 3 (summary row)
  gather ink cell/18/1/13/3: 6 (summary row)
  gather ink cell/18/1/13/4: 12 (summary row)
  gather ink cell/18/1/13/5: 10 (summary row)
  gather ink cell/18/1/13/6: 11 (summary row)
  gather ink cell/18/1/13/7: 11 (summary row)
  gather detections cell/19/0/0/0: 28
  gather detections cell/19/0/0/1: 26
  gather detections cell/19/0/0/2: 20
  gather detections cell/19/0/0/3: 19
  gather detections cell/19/0/0/4: 26
  gather detections cell/19/0/0/5: 26
  gather detections cell/19/0/0/6: 22
  gather detections cell/19/0/0/7: 24
  gather detections cell/19/0/0/8: 17
  gather detections cell/19/0/0/9: 9
  gather detections cell/19/0/0/10: 13
  gather detections cell/19/0/1/0: 27
  gather detections cell/19/0/1/1: 21
  gather detections cell/19/0/1/2: 22
  gather detections cell/19/0/1/3: 19
  gather detections cell/19/0/1/4: 14
  gather detections cell/19/0/1/5: 23
  gather detections cell/19/0/1/6: 17
  gather detections cell/19/0/1/7: 28
  gather detections cell/19/0/1/8: 25
  gather detections cell/19/0/1/9: 13
  gather detections cell/19/0/1/10: 7
  gather detections cell/19/0/2/0: 29
  gather detections cell/19/0/2/1: 19
  gather detections cell/19/0/2/2: 17
  gather detections cell/19/0/2/3: 22
  gather detections cell/19/0/2/4: 27
  gather detections cell/19/0/2/5: 19
  gather detections cell/19/0/2/6: 14
  gather detections cell/19/0/2/7: 30
  gather detections cell/19/0/2/8: 16
  gather detections cell/19/0/2/9: 10
  gather detections cell/19/0/2/10: 12
  gather detections cell/19/0/3/0: 41
  gather detections cell/19/0/3/1: 21
  gather detections cell/19/0/3/2: 17
  gather detections cell/19/0/3/3: 21
  gather detections cell/19/0/3/4: 22
  gather detections cell/19/0/3/5: 19
  gather detections cell/19/0/3/6: 20
  gather detections cell/19/0/3/7: 21
  gather detections cell/19/0/3/8: 14
  gather detections cell/19/0/3/9: 13
  gather detections cell/19/0/3/10: 26
  gather detections cell/19/0/4/0: 27
  gather detections cell/19/0/4/1: 11
  gather detections cell/19/0/4/2: 4
  gather detections cell/19/0/4/3: 9
  gather detections cell/19/0/4/4: 12
  gather detections cell/19/0/4/5: 18
  gather detections cell/19/0/4/6: 15
  gather detections cell/19/0/4/7: 10
  gather detections cell/19/0/4/8: 7
  gather detections cell/19/0/4/9: 15
  gather detections cell/19/0/4/10: 21
  gather detections cell/19/0/5/0: 22
  gather detections cell/19/0/5/1: 27
  gather detections cell/19/0/5/2: 5
  gather detections cell/19/0/5/3: 12
  gather detections cell/19/0/5/4: 13
  gather detections cell/19/0/5/5: 11
  gather detections cell/19/0/5/6: 27
  gather detections cell/19/0/5/7: 14
  gather detections cell/19/0/5/8: 8
  gather detections cell/19/0/5/9: 16
  gather detections cell/19/0/5/10: 28
  gather detections cell/19/0/6/0: 11
  gather detections cell/19/0/6/1: 12
  gather detections cell/19/0/6/2: 14
  gather detections cell/19/0/6/3: 16
  gather detections cell/19/0/6/4: 27
  gather detections cell/19/0/6/5: 18
  gather detections cell/19/0/6/6: 25
  gather detections cell/19/0/6/7: 11
  gather detections cell/19/0/6/8: 8
  gather detections cell/19/0/6/9: 9
  gather detections cell/19/0/6/10: 25
  gather detections cell/19/0/7/0: 10
  gather detections cell/19/0/7/1: 5
  gather detections cell/19/0/7/2: 5
  gather detections cell/19/0/7/3: 2
  gather detections cell/19/0/7/4: 1
  gather detections cell/19/0/7/5: 12
  gather detections cell/19/0/7/6: 18
  gather detections cell/19/0/7/7: 13
  gather detections cell/19/0/7/8: 9
  gather detections cell/19/0/7/9: 5
  gather detections cell/19/0/7/10: 4
  gather detections cell/19/0/8/0: 14
  gather detections cell/19/0/8/1: 13
  gather detections cell/19/0/8/2: 9
  gather detections cell/19/0/8/3: 6
  gather detections cell/19/0/8/4: 6
  gather detections cell/19/0/8/5: 8
  gather detections cell/19/0/8/6: 11
  gather detections cell/19/0/8/7: 13
  gather detections cell/19/0/8/8: 10
  gather detections cell/19/0/8/9: 8
  gather detections cell/19/0/8/10: 5
  gather detections cell/19/0/9/0: 18
  gather detections cell/19/0/9/1: 19
  gather detections cell/19/0/9/2: 13
  gather detections cell/19/0/9/3: 10
  gather detections cell/19/0/9/4: 17
  gather detections cell/19/0/9/5: 15
  gather detections cell/19/0/9/6: 12
  gather detections cell/19/0/9/7: 22
  gather detections cell/19/0/9/8: 17
  gather detections cell/19/0/9/9: 12
  gather detections cell/19/0/9/10: 8
  gather detections cell/19/0/10/0: 30
  gather detections cell/19/0/10/1: 29
  gather detections cell/19/0/10/2: 15
  gather detections cell/19/0/10/3: 11
  gather detections cell/19/0/10/4: 16
  gather detections cell/19/0/10/5: 15
  gather detections cell/19/0/10/6: 11
  gather detections cell/19/0/10/7: 21
  gather detections cell/19/0/10/8: 20
  gather detections cell/19/0/10/9: 14
  gather detections cell/19/0/10/10: 15
  gather detections cell/19/0/11/0: 30
  gather detections cell/19/0/11/1: 22
  gather detections cell/19/0/11/2: 15
  gather detections cell/19/0/11/3: 14
  gather detections cell/19/0/11/4: 10
  gather detections cell/19/0/11/5: 17
  gather detections cell/19/0/11/6: 10
  gather detections cell/19/0/11/7: 15
  gather detections cell/19/0/11/8: 15
  gather detections cell/19/0/11/9: 21
  gather detections cell/19/0/11/10: 34
  gather detections cell/19/0/12/0: 29
  gather detections cell/19/0/12/1: 11
  gather detections cell/19/0/12/2: 13
  gather detections cell/19/0/12/3: 11
  gather detections cell/19/0/12/4: 12
  gather detections cell/19/0/12/5: 13
  gather detections cell/19/0/12/6: 5
  gather detections cell/19/0/12/7: 17
  gather detections cell/19/0/12/8: 12
  gather detections cell/19/0/12/9: 16
  gather detections cell/19/0/12/10: 27
  gather detections cell/19/0/13/0: 18
  gather detections cell/19/0/13/1: 11
  gather detections cell/19/0/13/2: 8
  gather detections cell/19/0/13/3: 14
  gather detections cell/19/0/13/4: 9
  gather detections cell/19/0/13/5: 10
  gather detections cell/19/0/13/6: 9
  gather detections cell/19/0/13/7: 10
  gather detections cell/19/0/13/8: 3
  gather detections cell/19/0/13/9: 13
  gather detections cell/19/0/13/10: 19
  gather detections cell/19/1/0/0: 21
  gather detections cell/19/1/0/1: 18
  gather detections cell/19/1/0/2: 25
  gather detections cell/19/1/0/3: 21
  gather detections cell/19/1/0/4: 23
  gather detections cell/19/1/0/5: 29
  gather detections cell/19/1/0/6: 24
  gather detections cell/19/1/0/7: 26
  gather detections cell/19/1/0/8: 30
  gather detections cell/19/1/1/0: 16
  gather detections cell/19/1/1/1: 18
  gather detections cell/19/1/1/2: 20
  gather detections cell/19/1/1/3: 18
  gather detections cell/19/1/1/4: 20
  gather detections cell/19/1/1/5: 18
  gather detections cell/19/1/1/6: 18
  gather detections cell/19/1/1/7: 23
  gather detections cell/19/1/1/8: 21
  gather detections cell/19/1/2/0: 11
  gather detections cell/19/1/2/1: 12
  gather detections cell/19/1/2/2: 19
  gather detections cell/19/1/2/3: 14
  gather detections cell/19/1/2/4: 15
  gather detections cell/19/1/2/5: 17
  gather detections cell/19/1/2/6: 15
  gather detections cell/19/1/2/7: 14
  gather detections cell/19/1/2/8: 19
  gather detections cell/19/1/3/0: 33
  gather detections cell/19/1/3/1: 22
  gather detections cell/19/1/3/2: 27
  gather detections cell/19/1/3/3: 11
  gather detections cell/19/1/3/4: 19
  gather detections cell/19/1/3/5: 18
  gather detections cell/19/1/3/6: 16
  gather detections cell/19/1/3/7: 13
  gather detections cell/19/1/3/8: 17
  gather detections cell/19/1/4/0: 25
  gather detections cell/19/1/4/1: 19
  gather detections cell/19/1/4/2: 22
  gather detections cell/19/1/4/3: 17
  gather detections cell/19/1/4/4: 20
  gather detections cell/19/1/4/5: 19
  gather detections cell/19/1/4/6: 18
  gather detections cell/19/1/4/7: 15
  gather detections cell/19/1/4/8: 11
  gather detections cell/19/1/5/0: 27
  gather detections cell/19/1/5/1: 22
  gather detections cell/19/1/5/2: 21
  gather detections cell/19/1/5/3: 16
  gather detections cell/19/1/5/4: 14
  gather detections cell/19/1/5/5: 18
  gather detections cell/19/1/5/6: 19
  gather detections cell/19/1/5/7: 32
  gather detections cell/19/1/5/8: 20
  gather detections cell/19/1/6/0: 23
  gather detections cell/19/1/6/1: 23
  gather detections cell/19/1/6/2: 11
  gather detections cell/19/1/6/3: 7
  gather detections cell/19/1/6/4: 3
  gather detections cell/19/1/6/5: 10
  gather detections cell/19/1/6/6: 17
  gather detections cell/19/1/6/7: 18
  gather detections cell/19/1/6/8: 16
  gather detections cell/19/1/7/0: 9
  gather detections cell/19/1/7/1: 5
  gather detections cell/19/1/7/2: 10
  gather detections cell/19/1/7/3: 9
  gather detections cell/19/1/7/4: 7
  gather detections cell/19/1/7/5: 14
  gather detections cell/19/1/7/6: 10
  gather detections cell/19/1/7/7: 12
  gather detections cell/19/1/7/8: 12
  gather detections cell/19/1/8/0: 21
  gather detections cell/19/1/8/1: 15
  gather detections cell/19/1/8/2: 26
  gather detections cell/19/1/8/3: 27
  gather detections cell/19/1/8/4: 20
  gather detections cell/19/1/8/5: 15
  gather detections cell/19/1/8/6: 19
  gather detections cell/19/1/8/7: 28
  gather detections cell/19/1/8/8: 26
  gather detections cell/19/1/9/0: 20
  gather detections cell/19/1/9/1: 14
  gather detections cell/19/1/9/2: 22
  gather detections cell/19/1/9/3: 26
  gather detections cell/19/1/9/4: 23
  gather detections cell/19/1/9/5: 24
  gather detections cell/19/1/9/6: 24
  gather detections cell/19/1/9/7: 24
  gather detections cell/19/1/9/8: 21
  gather detections cell/19/1/10/0: 26
  gather detections cell/19/1/10/1: 22
  gather detections cell/19/1/10/2: 31
  gather detections cell/19/1/10/3: 21
  gather detections cell/19/1/10/4: 23
  gather detections cell/19/1/10/5: 18
  gather detections cell/19/1/10/6: 19
  gather detections cell/19/1/10/7: 18
  gather detections cell/19/1/10/8: 17
  gather detections cell/19/1/11/0: 28
  gather detections cell/19/1/11/1: 26
  gather detections cell/19/1/11/2: 29
  gather detections cell/19/1/11/3: 12
  gather detections cell/19/1/11/4: 7
  gather detections cell/19/1/11/5: 11
  gather detections cell/19/1/11/6: 6
  gather detections cell/19/1/11/7: 7
  gather detections cell/19/1/11/8: 12
  gather detections cell/19/1/12/0: 21
  gather detections cell/19/1/12/1: 17
  gather detections cell/19/1/12/2: 16
  gather detections cell/19/1/12/3: 13
  gather detections cell/19/1/12/4: 11
  gather detections cell/19/1/12/5: 15
  gather detections cell/19/1/12/6: 11
  gather detections cell/19/1/12/7: 6
  gather detections cell/19/1/12/8: 12
  gather ink cell/19/0/0/0: 33 (summary row)
  gather ink cell/19/0/0/1: 17 (summary row)
  gather ink cell/19/0/0/2: 19 (summary row)
  gather ink cell/19/0/0/3: 22 (summary row)
  gather ink cell/19/0/0/4: 19 (summary row)
  gather ink cell/19/0/0/5: 20 (summary row)
  gather ink cell/19/0/0/6: 19 (summary row)
  gather ink cell/19/0/0/7: 22 (summary row)
  gather ink cell/19/0/0/8: 18 (summary row)
  gather ink cell/19/0/0/9: 14 (summary row)
  gather ink cell/19/0/0/10: 14 (summary row)
  gather ink cell/19/0/1/0: 29 (summary row)
  gather ink cell/19/0/1/1: 22 (summary row)
  gather ink cell/19/0/1/2: 17 (summary row)
  gather ink cell/19/0/1/3: 31 (summary row)
  gather ink cell/19/0/1/4: 22 (summary row)
  gather ink cell/19/0/1/5: 24 (summary row)
  gather ink cell/19/0/1/6: 19 (summary row)
  gather ink cell/19/0/1/7: 27 (summary row)
  gather ink cell/19/0/1/8: 23 (summary row)
  gather ink cell/19/0/1/9: 19 (summary row)
  gather ink cell/19/0/1/10: 13 (summary row)
  gather ink cell/19/0/2/0: 27 (summary row)
  gather ink cell/19/0/2/1: 25 (summary row)
  gather ink cell/19/0/2/2: 22 (summary row)
  gather ink cell/19/0/2/3: 26 (summary row)
  gather ink cell/19/0/2/4: 21 (summary row)
  gather ink cell/19/0/2/5: 19 (summary row)
  gather ink cell/19/0/2/6: 15 (summary row)
  gather ink cell/19/0/2/7: 20 (summary row)
  gather ink cell/19/0/2/8: 10 (summary row)
  gather ink cell/19/0/2/9: 14 (summary row)
  gather ink cell/19/0/2/10: 12 (summary row)
  gather ink cell/19/0/3/0: 31 (summary row)
  gather ink cell/19/0/3/1: 15 (summary row)
  gather ink cell/19/0/3/2: 17 (summary row)
  gather ink cell/19/0/3/3: 16 (summary row)
  gather ink cell/19/0/3/4: 17 (summary row)
  gather ink cell/19/0/3/5: 15 (summary row)
  gather ink cell/19/0/3/6: 15 (summary row)
  gather ink cell/19/0/3/7: 10 (summary row)
  gather ink cell/19/0/3/8: 9 (summary row)
  gather ink cell/19/0/3/9: 13 (summary row)
  gather ink cell/19/0/3/10: 16 (summary row)
  gather ink cell/19/0/4/0: 34 (summary row)
  gather ink cell/19/0/4/1: 23 (summary row)
  gather ink cell/19/0/4/2: 3 (summary row)
  gather ink cell/19/0/4/3: 9 (summary row)
  gather ink cell/19/0/4/4: 12 (summary row)
  gather ink cell/19/0/4/5: 9 (summary row)
  gather ink cell/19/0/4/6: 23 (summary row)
  gather ink cell/19/0/4/7: 20 (summary row)
  gather ink cell/19/0/4/8: 5 (summary row)
  gather ink cell/19/0/4/9: 17 (summary row)
  gather ink cell/19/0/4/10: 14 (summary row)
  gather ink cell/19/0/5/0: 36 (summary row)
  gather ink cell/19/0/5/1: 17 (summary row)
  gather ink cell/19/0/5/2: 2 (summary row)
  gather ink cell/19/0/5/3: 3 (summary row)
  gather ink cell/19/0/5/4: 4 (summary row)
  gather ink cell/19/0/5/5: 4 (summary row)
  gather ink cell/19/0/5/6: 15 (summary row)
  gather ink cell/19/0/5/7: 13 (summary row)
  gather ink cell/19/0/5/8: 3 (summary row)
  gather ink cell/19/0/5/9: 13 (summary row)
  gather ink cell/19/0/5/10: 12 (summary row)
  gather ink cell/19/0/6/0: 8 (summary row)
  gather ink cell/19/0/6/1: 11 (summary row)
  gather ink cell/19/0/6/2: 5 (summary row)
  gather ink cell/19/0/6/3: 6 (summary row)
  gather ink cell/19/0/6/4: 10 (summary row)
  gather ink cell/19/0/6/5: 7 (summary row)
  gather ink cell/19/0/6/6: 15 (summary row)
  gather ink cell/19/0/6/7: 10 (summary row)
  gather ink cell/19/0/6/8: 2 (summary row)
  gather ink cell/19/0/6/9: 4 (summary row)
  gather ink cell/19/0/6/10: 12 (summary row)
  gather ink cell/19/0/7/0: 29 (summary row)
  gather ink cell/19/0/7/1: 15 (summary row)
  gather ink cell/19/0/7/2: 6 (summary row)
  gather ink cell/19/0/7/3: 2 (summary row)
  gather ink cell/19/0/7/4: 2 (summary row)
  gather ink cell/19/0/7/5: 3 (summary row)
  gather ink cell/19/0/7/6: 25 (summary row)
  gather ink cell/19/0/7/7: 13 (summary row)
  gather ink cell/19/0/7/8: 4 (summary row)
  gather ink cell/19/0/7/9: 3 (summary row)
  gather ink cell/19/0/7/10: 4 (summary row)
  gather ink cell/19/0/8/0: 53 (summary row)
  gather ink cell/19/0/8/1: 20 (summary row)
  gather ink cell/19/0/8/2: 12 (summary row)
  gather ink cell/19/0/8/3: 4 (summary row)
  gather ink cell/19/0/8/4: 2 (summary row)
  gather ink cell/19/0/8/5: 2 (summary row)
  gather ink cell/19/0/8/6: 23 (summary row)
  gather ink cell/19/0/8/7: 17 (summary row)
  gather ink cell/19/0/8/8: 7 (summary row)
  gather ink cell/19/0/8/9: 4 (summary row)
  gather ink cell/19/0/8/10: 4 (summary row)
  gather ink cell/19/0/9/0: 27 (summary row)
  gather ink cell/19/0/9/1: 10 (summary row)
  gather ink cell/19/0/9/2: 10 (summary row)
  gather ink cell/19/0/9/3: 13 (summary row)
  gather ink cell/19/0/9/4: 15 (summary row)
  gather ink cell/19/0/9/5: 14 (summary row)
  gather ink cell/19/0/9/6: 14 (summary row)
  gather ink cell/19/0/9/7: 17 (summary row)
  gather ink cell/19/0/9/8: 14 (summary row)
  gather ink cell/19/0/9/9: 20 (summary row)
  gather ink cell/19/0/9/10: 16 (summary row)
  gather ink cell/19/0/10/0: 32 (summary row)
  gather ink cell/19/0/10/1: 12 (summary row)
  gather ink cell/19/0/10/2: 11 (summary row)
  gather ink cell/19/0/10/3: 20 (summary row)
  gather ink cell/19/0/10/4: 16 (summary row)
  gather ink cell/19/0/10/5: 28 (summary row)
  gather ink cell/19/0/10/6: 39 (summary row)
  gather ink cell/19/0/10/7: 29 (summary row)
  gather ink cell/19/0/10/8: 7 (summary row)
  gather ink cell/19/0/10/9: 20 (summary row)
  gather ink cell/19/0/10/10: 21 (summary row)
  gather ink cell/19/0/11/0: 29 (summary row)
  gather ink cell/19/0/11/1: 12 (summary row)
  gather ink cell/19/0/11/2: 15 (summary row)
  gather ink cell/19/0/11/3: 12 (summary row)
  gather ink cell/19/0/11/4: 11 (summary row)
  gather ink cell/19/0/11/5: 9 (summary row)
  gather ink cell/19/0/11/6: 13 (summary row)
  gather ink cell/19/0/11/7: 14 (summary row)
  gather ink cell/19/0/11/8: 18 (summary row)
  gather ink cell/19/0/11/9: 36 (summary row)
  gather ink cell/19/0/11/10: 31 (summary row)
  gather ink cell/19/0/12/0: 40 (summary row)
  gather ink cell/19/0/12/1: 10 (summary row)
  gather ink cell/19/0/12/2: 9 (summary row)
  gather ink cell/19/0/12/3: 13 (summary row)
  gather ink cell/19/0/12/4: 14 (summary row)
  gather ink cell/19/0/12/5: 10 (summary row)
  gather ink cell/19/0/12/6: 20 (summary row)
  gather ink cell/19/0/12/7: 15 (summary row)
  gather ink cell/19/0/12/8: 13 (summary row)
  gather ink cell/19/0/12/9: 21 (summary row)
  gather ink cell/19/0/12/10: 19 (summary row)
  gather ink cell/19/0/13/0: 24 (summary row)
  gather ink cell/19/0/13/1: 9 (summary row)
  gather ink cell/19/0/13/2: 7 (summary row)
  gather ink cell/19/0/13/3: 10 (summary row)
  gather ink cell/19/0/13/4: 15 (summary row)
  gather ink cell/19/0/13/5: 8 (summary row)
  gather ink cell/19/0/13/6: 12 (summary row)
  gather ink cell/19/0/13/7: 19 (summary row)
  gather ink cell/19/0/13/8: 15 (summary row)
  gather ink cell/19/0/13/9: 22 (summary row)
  gather ink cell/19/0/13/10: 13 (summary row)
  gather ink cell/19/1/0/0: 19 (summary row)
  gather ink cell/19/1/0/1: 7 (summary row)
  gather ink cell/19/1/0/2: 18 (summary row)
  gather ink cell/19/1/0/3: 14 (summary row)
  gather ink cell/19/1/0/4: 13 (summary row)
  gather ink cell/19/1/0/5: 14 (summary row)
  gather ink cell/19/1/0/6: 13 (summary row)
  gather ink cell/19/1/0/7: 13 (summary row)
  gather ink cell/19/1/0/8: 19 (summary row)
  gather ink cell/19/1/1/0: 19 (summary row)
  gather ink cell/19/1/1/1: 7 (summary row)
  gather ink cell/19/1/1/2: 24 (summary row)
  gather ink cell/19/1/1/3: 14 (summary row)
  gather ink cell/19/1/1/4: 16 (summary row)
  gather ink cell/19/1/1/5: 14 (summary row)
  gather ink cell/19/1/1/6: 32 (summary row)
  gather ink cell/19/1/1/7: 17 (summary row)
  gather ink cell/19/1/1/8: 24 (summary row)
  gather ink cell/19/1/2/0: 17 (summary row)
  gather ink cell/19/1/2/1: 13 (summary row)
  gather ink cell/19/1/2/2: 33 (summary row)
  gather ink cell/19/1/2/3: 15 (summary row)
  gather ink cell/19/1/2/4: 13 (summary row)
  gather ink cell/19/1/2/5: 17 (summary row)
  gather ink cell/19/1/2/6: 30 (summary row)
  gather ink cell/19/1/2/7: 28 (summary row)
  gather ink cell/19/1/2/8: 24 (summary row)
  gather ink cell/19/1/3/0: 42 (summary row)
  gather ink cell/19/1/3/1: 14 (summary row)
  gather ink cell/19/1/3/2: 32 (summary row)
  gather ink cell/19/1/3/3: 15 (summary row)
  gather ink cell/19/1/3/4: 18 (summary row)
  gather ink cell/19/1/3/5: 16 (summary row)
  gather ink cell/19/1/3/6: 11 (summary row)
  gather ink cell/19/1/3/7: 12 (summary row)
  gather ink cell/19/1/3/8: 12 (summary row)
  gather ink cell/19/1/4/0: 30 (summary row)
  gather ink cell/19/1/4/1: 12 (summary row)
  gather ink cell/19/1/4/2: 30 (summary row)
  gather ink cell/19/1/4/3: 16 (summary row)
  gather ink cell/19/1/4/4: 13 (summary row)
  gather ink cell/19/1/4/5: 14 (summary row)
  gather ink cell/19/1/4/6: 13 (summary row)
  gather ink cell/19/1/4/7: 7 (summary row)
  gather ink cell/19/1/4/8: 16 (summary row)
  gather ink cell/19/1/5/0: 17 (summary row)
  gather ink cell/19/1/5/1: 12 (summary row)
  gather ink cell/19/1/5/2: 15 (summary row)
  gather ink cell/19/1/5/3: 14 (summary row)
  gather ink cell/19/1/5/4: 11 (summary row)
  gather ink cell/19/1/5/5: 11 (summary row)
  gather ink cell/19/1/5/6: 6 (summary row)
  gather ink cell/19/1/5/7: 10 (summary row)
  gather ink cell/19/1/5/8: 11 (summary row)
  gather ink cell/19/1/6/0: 23 (summary row)
  gather ink cell/19/1/6/1: 11 (summary row)
  gather ink cell/19/1/6/2: 8 (summary row)
  gather ink cell/19/1/6/3: 4 (summary row)
  gather ink cell/19/1/6/4: 4 (summary row)
  gather ink cell/19/1/6/5: 16 (summary row)
  gather ink cell/19/1/6/6: 8 (summary row)
  gather ink cell/19/1/6/7: 4 (summary row)
  gather ink cell/19/1/6/8: 9 (summary row)
  gather ink cell/19/1/7/0: 15 (summary row)
  gather ink cell/19/1/7/1: 8 (summary row)
  gather ink cell/19/1/7/2: 9 (summary row)
  gather ink cell/19/1/7/3: 10 (summary row)
  gather ink cell/19/1/7/4: 8 (summary row)
  gather ink cell/19/1/7/5: 11 (summary row)
  gather ink cell/19/1/7/6: 5 (summary row)
  gather ink cell/19/1/7/7: 8 (summary row)
  gather ink cell/19/1/7/8: 7 (summary row)
  gather ink cell/19/1/8/0: 26 (summary row)
  gather ink cell/19/1/8/1: 11 (summary row)
  gather ink cell/19/1/8/2: 26 (summary row)
  gather ink cell/19/1/8/3: 14 (summary row)
  gather ink cell/19/1/8/4: 17 (summary row)
  gather ink cell/19/1/8/5: 22 (summary row)
  gather ink cell/19/1/8/6: 13 (summary row)
  gather ink cell/19/1/8/7: 13 (summary row)
  gather ink cell/19/1/8/8: 18 (summary row)
  gather ink cell/19/1/9/0: 25 (summary row)
  gather ink cell/19/1/9/1: 11 (summary row)
  gather ink cell/19/1/9/2: 28 (summary row)
  gather ink cell/19/1/9/3: 10 (summary row)
  gather ink cell/19/1/9/4: 12 (summary row)
  gather ink cell/19/1/9/5: 24 (summary row)
  gather ink cell/19/1/9/6: 8 (summary row)
  gather ink cell/19/1/9/7: 6 (summary row)
  gather ink cell/19/1/9/8: 20 (summary row)
  gather ink cell/19/1/10/0: 36 (summary row)
  gather ink cell/19/1/10/1: 19 (summary row)
  gather ink cell/19/1/10/2: 32 (summary row)
  gather ink cell/19/1/10/3: 24 (summary row)
  gather ink cell/19/1/10/4: 25 (summary row)
  gather ink cell/19/1/10/5: 24 (summary row)
  gather ink cell/19/1/10/6: 22 (summary row)
  gather ink cell/19/1/10/7: 16 (summary row)
  gather ink cell/19/1/10/8: 25 (summary row)
  gather ink cell/19/1/11/0: 44 (summary row)
  gather ink cell/19/1/11/1: 21 (summary row)
  gather ink cell/19/1/11/2: 27 (summary row)
  gather ink cell/19/1/11/3: 20 (summary row)
  gather ink cell/19/1/11/4: 14 (summary row)
  gather ink cell/19/1/11/5: 20 (summary row)
  gather ink cell/19/1/11/6: 17 (summary row)
  gather ink cell/19/1/11/7: 8 (summary row)
  gather ink cell/19/1/11/8: 11 (summary row)
  gather ink cell/19/1/12/0: 35 (summary row)
  gather ink cell/19/1/12/1: 24 (summary row)
  gather ink cell/19/1/12/2: 28 (summary row)
  gather ink cell/19/1/12/3: 28 (summary row)
  gather ink cell/19/1/12/4: 10 (summary row)
  gather ink cell/19/1/12/5: 17 (summary row)
  gather ink cell/19/1/12/6: 15 (summary row)
  gather ink cell/19/1/12/7: 10 (summary row)
  gather ink cell/19/1/12/8: 14 (summary row)
  gather detections cell/20/0/0/0: 19
  gather detections cell/20/0/0/1: 15
  gather detections cell/20/0/0/2: 8
  gather detections cell/20/0/0/3: 3
  gather detections cell/20/0/0/4: 2
  gather detections cell/20/0/0/5: 6
  gather detections cell/20/0/0/6: 6
  gather detections cell/20/0/0/7: 5
  gather detections cell/20/0/0/8: 6
  gather detections cell/20/0/1/0: 15
  gather detections cell/20/0/1/1: 14
  gather detections cell/20/0/1/2: 9
  gather detections cell/20/0/1/3: 12
  gather detections cell/20/0/1/4: 22
  gather detections cell/20/0/1/5: 17
  gather detections cell/20/0/1/6: 17
  gather detections cell/20/0/1/7: 9
  gather detections cell/20/0/1/8: 1
  gather detections cell/20/0/2/0: 17
  gather detections cell/20/0/2/1: 17
  gather detections cell/20/0/2/2: 11
  gather detections cell/20/0/2/3: 19
  gather detections cell/20/0/2/4: 21
  gather detections cell/20/0/2/5: 20
  gather detections cell/20/0/2/6: 21
  gather detections cell/20/0/2/7: 22
  gather detections cell/20/0/2/8: 13
  gather detections cell/20/0/3/0: 18
  gather detections cell/20/0/3/1: 19
  gather detections cell/20/0/3/2: 11
  gather detections cell/20/0/3/3: 18
  gather detections cell/20/0/3/4: 20
  gather detections cell/20/0/3/5: 14
  gather detections cell/20/0/3/6: 24
  gather detections cell/20/0/3/7: 15
  gather detections cell/20/0/3/8: 4
  gather detections cell/20/0/4/0: 13
  gather detections cell/20/0/4/1: 12
  gather detections cell/20/0/4/2: 6
  gather detections cell/20/0/4/3: 6
  gather detections cell/20/0/4/4: 6
  gather detections cell/20/0/4/5: 4
  gather detections cell/20/0/4/6: 7
  gather detections cell/20/0/4/7: 3
  gather detections cell/20/0/4/8: 3
  gather detections cell/20/0/5/0: 10
  gather detections cell/20/0/5/1: 17
  gather detections cell/20/0/5/2: 7
  gather detections cell/20/0/5/3: 8
  gather detections cell/20/0/5/4: 11
  gather detections cell/20/0/5/5: 9
  gather detections cell/20/0/5/6: 7
  gather detections cell/20/0/5/7: 22
  gather detections cell/20/0/5/8: 8
  gather detections cell/20/0/6/0: 6
  gather detections cell/20/0/6/1: 6
  gather detections cell/20/0/6/2: 4
  gather detections cell/20/0/6/3: 7
  gather detections cell/20/0/6/4: 7
  gather detections cell/20/0/6/5: 4
  gather detections cell/20/0/6/6: 8
  gather detections cell/20/0/6/7: 5
  gather detections cell/20/0/6/8: 10
  gather detections cell/20/0/7/0: 13
  gather detections cell/20/0/7/1: 15
  gather detections cell/20/0/7/2: 4
  gather detections cell/20/0/7/3: 6
  gather detections cell/20/0/7/4: 9
  gather detections cell/20/0/7/5: 13
  gather detections cell/20/0/7/6: 12
  gather detections cell/20/0/7/7: 4
  gather detections cell/20/0/7/8: 8
  gather detections cell/20/0/8/0: 19
  gather detections cell/20/0/8/1: 25
  gather detections cell/20/0/8/2: 15
  gather detections cell/20/0/8/3: 18
  gather detections cell/20/0/8/4: 18
  gather detections cell/20/0/8/5: 28
  gather detections cell/20/0/8/6: 20
  gather detections cell/20/0/8/7: 12
  gather detections cell/20/0/8/8: 13
  gather detections cell/20/0/9/0: 16
  gather detections cell/20/0/9/1: 25
  gather detections cell/20/0/9/2: 21
  gather detections cell/20/0/9/3: 18
  gather detections cell/20/0/9/4: 20
  gather detections cell/20/0/9/5: 24
  gather detections cell/20/0/9/6: 18
  gather detections cell/20/0/9/7: 11
  gather detections cell/20/0/9/8: 15
  gather detections cell/20/0/10/0: 20
  gather detections cell/20/0/10/1: 18
  gather detections cell/20/0/10/2: 18
  gather detections cell/20/0/10/3: 17
  gather detections cell/20/0/10/4: 15
  gather detections cell/20/0/10/5: 15
  gather detections cell/20/0/10/6: 14
  gather detections cell/20/0/10/7: 14
  gather detections cell/20/0/10/8: 17
  gather detections cell/20/0/11/0: 12
  gather detections cell/20/0/11/1: 22
  gather detections cell/20/0/11/2: 21
  gather detections cell/20/0/11/3: 14
  gather detections cell/20/0/11/4: 13
  gather detections cell/20/0/11/5: 14
  gather detections cell/20/0/11/6: 24
  gather detections cell/20/0/11/7: 11
  gather detections cell/20/0/11/8: 6
  gather detections cell/20/0/12/0: 9
  gather detections cell/20/0/12/1: 14
  gather detections cell/20/0/12/2: 13
  gather detections cell/20/0/12/3: 7
  gather detections cell/20/0/12/4: 9
  gather detections cell/20/0/12/5: 7
  gather detections cell/20/0/12/6: 13
  gather detections cell/20/0/12/7: 12
  gather detections cell/20/0/12/8: 11
  gather detections cell/20/1/0/0: 7
  gather detections cell/20/1/0/1: 14
  gather detections cell/20/1/0/2: 13
  gather detections cell/20/1/0/3: 16
  gather detections cell/20/1/0/4: 27
  gather detections cell/20/1/0/5: 15
  gather detections cell/20/1/0/6: 15
  gather detections cell/20/1/0/7: 5
  gather detections cell/20/1/0/8: 3
  gather detections cell/20/1/1/0: 6
  gather detections cell/20/1/1/1: 3
  gather detections cell/20/1/1/2: 3
  gather detections cell/20/1/1/3: 17
  gather detections cell/20/1/1/4: 18
  gather detections cell/20/1/1/5: 13
  gather detections cell/20/1/1/6: 14
  gather detections cell/20/1/1/7: 11
  gather detections cell/20/1/1/8: 10
  gather detections cell/20/1/2/0: 17
  gather detections cell/20/1/2/1: 25
  gather detections cell/20/1/2/2: 18
  gather detections cell/20/1/2/3: 12
  gather detections cell/20/1/2/4: 37
  gather detections cell/20/1/2/5: 23
  gather detections cell/20/1/2/6: 26
  gather detections cell/20/1/2/7: 16
  gather detections cell/20/1/2/8: 15
  gather detections cell/20/1/3/0: 13
  gather detections cell/20/1/3/1: 16
  gather detections cell/20/1/3/2: 13
  gather detections cell/20/1/3/3: 14
  gather detections cell/20/1/3/4: 32
  gather detections cell/20/1/3/5: 19
  gather detections cell/20/1/3/6: 15
  gather detections cell/20/1/3/7: 18
  gather detections cell/20/1/3/8: 13
  gather detections cell/20/1/4/0: 4
  gather detections cell/20/1/4/1: 5
  gather detections cell/20/1/4/2: 14
  gather detections cell/20/1/4/3: 12
  gather detections cell/20/1/4/4: 13
  gather detections cell/20/1/4/5: 12
  gather detections cell/20/1/4/6: 9
  gather detections cell/20/1/4/7: 12
  gather detections cell/20/1/4/8: 9
  gather detections cell/20/1/5/0: 13
  gather detections cell/20/1/5/1: 14
  gather detections cell/20/1/5/2: 23
  gather detections cell/20/1/5/3: 13
  gather detections cell/20/1/5/4: 9
  gather detections cell/20/1/5/5: 5
  gather detections cell/20/1/5/6: 3
  gather detections cell/20/1/5/7: 6
  gather detections cell/20/1/5/8: 5
  gather detections cell/20/1/6/0: 17
  gather detections cell/20/1/6/1: 17
  gather detections cell/20/1/6/2: 22
  gather detections cell/20/1/6/3: 18
  gather detections cell/20/1/6/4: 12
  gather detections cell/20/1/6/5: 2
  gather detections cell/20/1/6/6: 2
  gather detections cell/20/1/6/7: 7
  gather detections cell/20/1/6/8: 8
  gather detections cell/20/1/7/0: 23
  gather detections cell/20/1/7/1: 15
  gather detections cell/20/1/7/2: 13
  gather detections cell/20/1/7/3: 16
  gather detections cell/20/1/7/4: 15
  gather detections cell/20/1/7/5: 2
  gather detections cell/20/1/7/6: 3
  gather detections cell/20/1/7/7: 10
  gather detections cell/20/1/7/8: 7
  gather detections cell/20/1/8/0: 20
  gather detections cell/20/1/8/1: 12
  gather detections cell/20/1/8/2: 13
  gather detections cell/20/1/8/3: 6
  gather detections cell/20/1/8/4: 20
  gather detections cell/20/1/8/5: 16
  gather detections cell/20/1/8/6: 8
  gather detections cell/20/1/8/7: 6
  gather detections cell/20/1/8/8: 9
  gather detections cell/20/1/9/0: 10
  gather detections cell/20/1/9/1: 12
  gather detections cell/20/1/9/2: 18
  gather detections cell/20/1/9/3: 8
  gather detections cell/20/1/9/4: 20
  gather detections cell/20/1/9/5: 21
  gather detections cell/20/1/9/6: 5
  gather detections cell/20/1/9/7: 4
  gather detections cell/20/1/9/8: 6
  gather detections cell/20/1/10/0: 16
  gather detections cell/20/1/10/1: 18
  gather detections cell/20/1/10/2: 14
  gather detections cell/20/1/10/3: 11
  gather detections cell/20/1/10/4: 14
  gather detections cell/20/1/10/5: 13
  gather detections cell/20/1/10/6: 8
  gather detections cell/20/1/10/7: 5
  gather detections cell/20/1/10/8: 6
  gather ink cell/20/0/0/0: 31 (summary row)
  gather ink cell/20/0/0/1: 12 (summary row)
  gather ink cell/20/0/0/2: 7 (summary row)
  gather ink cell/20/0/0/3: 4 (summary row)
  gather ink cell/20/0/0/4: 7 (summary row)
  gather ink cell/20/0/0/5: 4 (summary row)
  gather ink cell/20/0/0/6: 7 (summary row)
  gather ink cell/20/0/0/7: 3 (summary row)
  gather ink cell/20/0/0/8: 4 (summary row)
  gather ink cell/20/0/1/0: 23 (summary row)
  gather ink cell/20/0/1/1: 14 (summary row)
  gather ink cell/20/0/1/2: 16 (summary row)
  gather ink cell/20/0/1/3: 11 (summary row)
  gather ink cell/20/0/1/4: 22 (summary row)
  gather ink cell/20/0/1/5: 14 (summary row)
  gather ink cell/20/0/1/6: 24 (summary row)
  gather ink cell/20/0/1/7: 15 (summary row)
  gather ink cell/20/0/1/8: 13 (summary row)
  gather ink cell/20/0/2/0: 18 (summary row)
  gather ink cell/20/0/2/1: 17 (summary row)
  gather ink cell/20/0/2/2: 19 (summary row)
  gather ink cell/20/0/2/3: 18 (summary row)
  gather ink cell/20/0/2/4: 25 (summary row)
  gather ink cell/20/0/2/5: 14 (summary row)
  gather ink cell/20/0/2/6: 20 (summary row)
  gather ink cell/20/0/2/7: 19 (summary row)
  gather ink cell/20/0/2/8: 14 (summary row)
  gather ink cell/20/0/3/0: 28 (summary row)
  gather ink cell/20/0/3/1: 16 (summary row)
  gather ink cell/20/0/3/2: 12 (summary row)
  gather ink cell/20/0/3/3: 16 (summary row)
  gather ink cell/20/0/3/4: 17 (summary row)
  gather ink cell/20/0/3/5: 10 (summary row)
  gather ink cell/20/0/3/6: 18 (summary row)
  gather ink cell/20/0/3/7: 10 (summary row)
  gather ink cell/20/0/3/8: 7 (summary row)
  gather ink cell/20/0/4/0: 28 (summary row)
  gather ink cell/20/0/4/1: 16 (summary row)
  gather ink cell/20/0/4/2: 6 (summary row)
  gather ink cell/20/0/4/3: 12 (summary row)
  gather ink cell/20/0/4/4: 7 (summary row)
  gather ink cell/20/0/4/5: 8 (summary row)
  gather ink cell/20/0/4/6: 8 (summary row)
  gather ink cell/20/0/4/7: 12 (summary row)
  gather ink cell/20/0/4/8: 3 (summary row)
  gather ink cell/20/0/5/0: 16 (summary row)
  gather ink cell/20/0/5/1: 17 (summary row)
  gather ink cell/20/0/5/2: 4 (summary row)
  gather ink cell/20/0/5/3: 14 (summary row)
  gather ink cell/20/0/5/4: 10 (summary row)
  gather ink cell/20/0/5/5: 13 (summary row)
  gather ink cell/20/0/5/6: 12 (summary row)
  gather ink cell/20/0/5/7: 16 (summary row)
  gather ink cell/20/0/5/8: 7 (summary row)
  gather ink cell/20/0/6/0: 8 (summary row)
  gather ink cell/20/0/6/1: 7 (summary row)
  gather ink cell/20/0/6/2: 3 (summary row)
  gather ink cell/20/0/6/3: 8 (summary row)
  gather ink cell/20/0/6/4: 5 (summary row)
  gather ink cell/20/0/6/5: 6 (summary row)
  gather ink cell/20/0/6/6: 8 (summary row)
  gather ink cell/20/0/6/7: 7 (summary row)
  gather ink cell/20/0/6/8: 15 (summary row)
  gather ink cell/20/0/7/0: 18 (summary row)
  gather ink cell/20/0/7/1: 19 (summary row)
  gather ink cell/20/0/7/2: 3 (summary row)
  gather ink cell/20/0/7/3: 8 (summary row)
  gather ink cell/20/0/7/4: 5 (summary row)
  gather ink cell/20/0/7/5: 14 (summary row)
  gather ink cell/20/0/7/6: 11 (summary row)
  gather ink cell/20/0/7/7: 15 (summary row)
  gather ink cell/20/0/7/8: 6 (summary row)
  gather ink cell/20/0/8/0: 27 (summary row)
  gather ink cell/20/0/8/1: 19 (summary row)
  gather ink cell/20/0/8/2: 17 (summary row)
  gather ink cell/20/0/8/3: 15 (summary row)
  gather ink cell/20/0/8/4: 12 (summary row)
  gather ink cell/20/0/8/5: 18 (summary row)
  gather ink cell/20/0/8/6: 12 (summary row)
  gather ink cell/20/0/8/7: 23 (summary row)
  gather ink cell/20/0/8/8: 26 (summary row)
  gather ink cell/20/0/9/0: 24 (summary row)
  gather ink cell/20/0/9/1: 17 (summary row)
  gather ink cell/20/0/9/2: 24 (summary row)
  gather ink cell/20/0/9/3: 15 (summary row)
  gather ink cell/20/0/9/4: 16 (summary row)
  gather ink cell/20/0/9/5: 19 (summary row)
  gather ink cell/20/0/9/6: 14 (summary row)
  gather ink cell/20/0/9/7: 23 (summary row)
  gather ink cell/20/0/9/8: 34 (summary row)
  gather ink cell/20/0/10/0: 25 (summary row)
  gather ink cell/20/0/10/1: 16 (summary row)
  gather ink cell/20/0/10/2: 27 (summary row)
  gather ink cell/20/0/10/3: 17 (summary row)
  gather ink cell/20/0/10/4: 16 (summary row)
  gather ink cell/20/0/10/5: 13 (summary row)
  gather ink cell/20/0/10/6: 18 (summary row)
  gather ink cell/20/0/10/7: 19 (summary row)
  gather ink cell/20/0/10/8: 33 (summary row)
  gather ink cell/20/0/11/0: 23 (summary row)
  gather ink cell/20/0/11/1: 15 (summary row)
  gather ink cell/20/0/11/2: 27 (summary row)
  gather ink cell/20/0/11/3: 12 (summary row)
  gather ink cell/20/0/11/4: 13 (summary row)
  gather ink cell/20/0/11/5: 11 (summary row)
  gather ink cell/20/0/11/6: 13 (summary row)
  gather ink cell/20/0/11/7: 9 (summary row)
  gather ink cell/20/0/11/8: 25 (summary row)
  gather ink cell/20/0/12/0: 67 (summary row)
  gather ink cell/20/0/12/1: 22 (summary row)
  gather ink cell/20/0/12/2: 26 (summary row)
  gather ink cell/20/0/12/3: 15 (summary row)
  gather ink cell/20/0/12/4: 11 (summary row)
  gather ink cell/20/0/12/5: 14 (summary row)
  gather ink cell/20/0/12/6: 23 (summary row)
  gather ink cell/20/0/12/7: 47 (summary row)
  gather ink cell/20/0/12/8: 43 (summary row)
  gather ink cell/20/1/0/0: 14 (summary row)
  gather ink cell/20/1/0/1: 12 (summary row)
  gather ink cell/20/1/0/2: 13 (summary row)
  gather ink cell/20/1/0/3: 9 (summary row)
  gather ink cell/20/1/0/4: 13 (summary row)
  gather ink cell/20/1/0/5: 19 (summary row)
  gather ink cell/20/1/0/6: 9 (summary row)
  gather ink cell/20/1/0/7: 6 (summary row)
  gather ink cell/20/1/0/8: 5 (summary row)
  gather ink cell/20/1/1/0: 10 (summary row)
  gather ink cell/20/1/1/1: 5 (summary row)
  gather ink cell/20/1/1/2: 5 (summary row)
  gather ink cell/20/1/1/3: 14 (summary row)
  gather ink cell/20/1/1/4: 20 (summary row)
  gather ink cell/20/1/1/5: 10 (summary row)
  gather ink cell/20/1/1/6: 12 (summary row)
  gather ink cell/20/1/1/7: 17 (summary row)
  gather ink cell/20/1/1/8: 10 (summary row)
  gather ink cell/20/1/2/0: 21 (summary row)
  gather ink cell/20/1/2/1: 17 (summary row)
  gather ink cell/20/1/2/2: 11 (summary row)
  gather ink cell/20/1/2/3: 12 (summary row)
  gather ink cell/20/1/2/4: 21 (summary row)
  gather ink cell/20/1/2/5: 17 (summary row)
  gather ink cell/20/1/2/6: 16 (summary row)
  gather ink cell/20/1/2/7: 30 (summary row)
  gather ink cell/20/1/2/8: 12 (summary row)
  gather ink cell/20/1/3/0: 29 (summary row)
  gather ink cell/20/1/3/1: 17 (summary row)
  gather ink cell/20/1/3/2: 20 (summary row)
  gather ink cell/20/1/3/3: 20 (summary row)
  gather ink cell/20/1/3/4: 26 (summary row)
  gather ink cell/20/1/3/5: 30 (summary row)
  gather ink cell/20/1/3/6: 15 (summary row)
  gather ink cell/20/1/3/7: 27 (summary row)
  gather ink cell/20/1/3/8: 11 (summary row)
  gather ink cell/20/1/4/0: 17 (summary row)
  gather ink cell/20/1/4/1: 8 (summary row)
  gather ink cell/20/1/4/2: 12 (summary row)
  gather ink cell/20/1/4/3: 19 (summary row)
  gather ink cell/20/1/4/4: 23 (summary row)
  gather ink cell/20/1/4/5: 20 (summary row)
  gather ink cell/20/1/4/6: 30 (summary row)
  gather ink cell/20/1/4/7: 27 (summary row)
  gather ink cell/20/1/4/8: 16 (summary row)
  gather ink cell/20/1/5/0: 15 (summary row)
  gather ink cell/20/1/5/1: 16 (summary row)
  gather ink cell/20/1/5/2: 18 (summary row)
  gather ink cell/20/1/5/3: 9 (summary row)
  gather ink cell/20/1/5/4: 8 (summary row)
  gather ink cell/20/1/5/5: 4 (summary row)
  gather ink cell/20/1/5/6: 5 (summary row)
  gather ink cell/20/1/5/7: 7 (summary row)
  gather ink cell/20/1/5/8: 6 (summary row)
  gather ink cell/20/1/6/0: 18 (summary row)
  gather ink cell/20/1/6/1: 10 (summary row)
  gather ink cell/20/1/6/2: 11 (summary row)
  gather ink cell/20/1/6/3: 8 (summary row)
  gather ink cell/20/1/6/4: 11 (summary row)
  gather ink cell/20/1/6/5: 3 (summary row)
  gather ink cell/20/1/6/6: 4 (summary row)
  gather ink cell/20/1/6/7: 20 (summary row)
  gather ink cell/20/1/6/8: 19 (summary row)
  gather ink cell/20/1/7/0: 18 (summary row)
  gather ink cell/20/1/7/1: 14 (summary row)
  gather ink cell/20/1/7/2: 16 (summary row)
  gather ink cell/20/1/7/3: 11 (summary row)
  gather ink cell/20/1/7/4: 18 (summary row)
  gather ink cell/20/1/7/5: 4 (summary row)
  gather ink cell/20/1/7/6: 9 (summary row)
  gather ink cell/20/1/7/7: 10 (summary row)
  gather ink cell/20/1/7/8: 10 (summary row)
  gather ink cell/20/1/8/0: 21 (summary row)
  gather ink cell/20/1/8/1: 7 (summary row)
  gather ink cell/20/1/8/2: 8 (summary row)
  gather ink cell/20/1/8/3: 9 (summary row)
  gather ink cell/20/1/8/4: 19 (summary row)
  gather ink cell/20/1/8/5: 22 (summary row)
  gather ink cell/20/1/8/6: 16 (summary row)
  gather ink cell/20/1/8/7: 12 (summary row)
  gather ink cell/20/1/8/8: 8 (summary row)
  gather ink cell/20/1/9/0: 18 (summary row)
  gather ink cell/20/1/9/1: 7 (summary row)
  gather ink cell/20/1/9/2: 11 (summary row)
  gather ink cell/20/1/9/3: 7 (summary row)
  gather ink cell/20/1/9/4: 14 (summary row)
  gather ink cell/20/1/9/5: 15 (summary row)
  gather ink cell/20/1/9/6: 7 (summary row)
  gather ink cell/20/1/9/7: 8 (summary row)
  gather ink cell/20/1/9/8: 3 (summary row)
  gather ink cell/20/1/10/0: 21 (summary row)
  gather ink cell/20/1/10/1: 9 (summary row)
  gather ink cell/20/1/10/2: 15 (summary row)
  gather ink cell/20/1/10/3: 7 (summary row)
  gather ink cell/20/1/10/4: 14 (summary row)
  gather ink cell/20/1/10/5: 13 (summary row)
  gather ink cell/20/1/10/6: 7 (summary row)
  gather ink cell/20/1/10/7: 7 (summary row)
  gather ink cell/20/1/10/8: 7 (summary row)
  gather detections cell/21/0/0/0: 12
  gather detections cell/21/0/0/1: 5
  gather detections cell/21/0/0/2: 6
  gather detections cell/21/0/0/3: 4
  gather detections cell/21/0/0/4: 6
  gather detections cell/21/0/0/5: 7
  gather detections cell/21/0/0/6: 10
  gather detections cell/21/0/0/7: 4
  gather detections cell/21/0/0/8: 11
  gather detections cell/21/0/1/0: 17
  gather detections cell/21/0/1/1: 10
  gather detections cell/21/0/1/2: 6
  gather detections cell/21/0/1/3: 5
  gather detections cell/21/0/1/4: 6
  gather detections cell/21/0/1/5: 22
  gather detections cell/21/0/1/6: 13
  gather detections cell/21/0/1/7: 21
  gather detections cell/21/0/1/8: 17
  gather detections cell/21/0/2/0: 13
  gather detections cell/21/0/2/1: 17
  gather detections cell/21/0/2/2: 7
  gather detections cell/21/0/2/3: 17
  gather detections cell/21/0/2/4: 29
  gather detections cell/21/0/2/5: 28
  gather detections cell/21/0/2/6: 17
  gather detections cell/21/0/2/7: 15
  gather detections cell/21/0/2/8: 13
  gather detections cell/21/0/3/0: 15
  gather detections cell/21/0/3/1: 21
  gather detections cell/21/0/3/2: 6
  gather detections cell/21/0/3/3: 27
  gather detections cell/21/0/3/4: 21
  gather detections cell/21/0/3/5: 23
  gather detections cell/21/0/3/6: 22
  gather detections cell/21/0/3/7: 24
  gather detections cell/21/0/3/8: 18
  gather detections cell/21/0/4/0: 13
  gather detections cell/21/0/4/1: 23
  gather detections cell/21/0/4/2: 14
  gather detections cell/21/0/4/3: 25
  gather detections cell/21/0/4/4: 21
  gather detections cell/21/0/4/5: 27
  gather detections cell/21/0/4/6: 20
  gather detections cell/21/0/4/7: 25
  gather detections cell/21/0/4/8: 16
  gather detections cell/21/0/5/0: 8
  gather detections cell/21/0/5/1: 9
  gather detections cell/21/0/5/2: 2
  gather detections cell/21/0/5/3: 13
  gather detections cell/21/0/5/4: 15
  gather detections cell/21/0/5/5: 15
  gather detections cell/21/0/5/6: 8
  gather detections cell/21/0/5/7: 4
  gather detections cell/21/0/5/8: 6
  gather detections cell/21/0/6/0: 10
  gather detections cell/21/0/6/1: 8
  gather detections cell/21/0/6/2: 10
  gather detections cell/21/0/6/3: 10
  gather detections cell/21/0/6/4: 8
  gather detections cell/21/0/6/5: 9
  gather detections cell/21/0/6/6: 15
  gather detections cell/21/0/6/7: 13
  gather detections cell/21/0/6/8: 16
  gather detections cell/21/0/7/0: 13
  gather detections cell/21/0/7/1: 7
  gather detections cell/21/0/7/2: 7
  gather detections cell/21/0/7/3: 6
  gather detections cell/21/0/7/4: 13
  gather detections cell/21/0/7/5: 16
  gather detections cell/21/0/7/6: 19
  gather detections cell/21/0/7/7: 14
  gather detections cell/21/0/7/8: 21
  gather detections cell/21/0/8/0: 13
  gather detections cell/21/0/8/1: 14
  gather detections cell/21/0/8/2: 12
  gather detections cell/21/0/8/3: 19
  gather detections cell/21/0/8/4: 18
  gather detections cell/21/0/8/5: 17
  gather detections cell/21/0/8/6: 12
  gather detections cell/21/0/8/7: 13
  gather detections cell/21/0/8/8: 15
  gather detections cell/21/0/9/0: 13
  gather detections cell/21/0/9/1: 16
  gather detections cell/21/0/9/2: 13
  gather detections cell/21/0/9/3: 17
  gather detections cell/21/0/9/4: 16
  gather detections cell/21/0/9/5: 20
  gather detections cell/21/0/9/6: 10
  gather detections cell/21/0/9/7: 16
  gather detections cell/21/0/9/8: 10
  gather detections cell/21/0/10/0: 18
  gather detections cell/21/0/10/1: 13
  gather detections cell/21/0/10/2: 11
  gather detections cell/21/0/10/3: 10
  gather detections cell/21/0/10/4: 11
  gather detections cell/21/0/10/5: 6
  gather detections cell/21/0/10/6: 4
  gather detections cell/21/0/10/7: 8
  gather detections cell/21/0/10/8: 3
  gather detections cell/21/1/0/0: 11
  gather detections cell/21/1/0/1: 8
  gather detections cell/21/1/0/2: 8
  gather detections cell/21/1/0/3: 8
  gather detections cell/21/1/0/4: 6
  gather detections cell/21/1/0/5: 13
  gather detections cell/21/1/0/6: 6
  gather detections cell/21/1/0/7: 4
  gather detections cell/21/1/0/8: 15
  gather detections cell/21/1/0/9: 19
  gather detections cell/21/1/0/10: 10
  gather detections cell/21/1/1/0: 21
  gather detections cell/21/1/1/1: 22
  gather detections cell/21/1/1/2: 25
  gather detections cell/21/1/1/3: 14
  gather detections cell/21/1/1/4: 15
  gather detections cell/21/1/1/5: 26
  gather detections cell/21/1/1/6: 10
  gather detections cell/21/1/1/7: 16
  gather detections cell/21/1/1/8: 21
  gather detections cell/21/1/1/9: 18
  gather detections cell/21/1/1/10: 13
  gather detections cell/21/1/2/0: 19
  gather detections cell/21/1/2/1: 12
  gather detections cell/21/1/2/2: 18
  gather detections cell/21/1/2/3: 13
  gather detections cell/21/1/2/4: 10
  gather detections cell/21/1/2/5: 13
  gather detections cell/21/1/2/6: 6
  gather detections cell/21/1/2/7: 4
  gather detections cell/21/1/2/8: 20
  gather detections cell/21/1/2/9: 21
  gather detections cell/21/1/2/10: 4
  gather detections cell/21/1/3/0: 29
  gather detections cell/21/1/3/1: 24
  gather detections cell/21/1/3/2: 24
  gather detections cell/21/1/3/3: 21
  gather detections cell/21/1/3/4: 11
  gather detections cell/21/1/3/5: 22
  gather detections cell/21/1/3/6: 14
  gather detections cell/21/1/3/7: 15
  gather detections cell/21/1/3/8: 26
  gather detections cell/21/1/3/9: 16
  gather detections cell/21/1/3/10: 11
  gather detections cell/21/1/4/0: 18
  gather detections cell/21/1/4/1: 17
  gather detections cell/21/1/4/2: 26
  gather detections cell/21/1/4/3: 19
  gather detections cell/21/1/4/4: 12
  gather detections cell/21/1/4/5: 17
  gather detections cell/21/1/4/6: 12
  gather detections cell/21/1/4/7: 12
  gather detections cell/21/1/4/8: 9
  gather detections cell/21/1/4/9: 10
  gather detections cell/21/1/4/10: 9
  gather detections cell/21/1/5/0: 8
  gather detections cell/21/1/5/1: 7
  gather detections cell/21/1/5/2: 10
  gather detections cell/21/1/5/3: 11
  gather detections cell/21/1/5/4: 9
  gather detections cell/21/1/5/5: 3
  gather detections cell/21/1/5/6: 4
  gather detections cell/21/1/5/7: 2
  gather detections cell/21/1/5/8: 7
  gather detections cell/21/1/5/9: 6
  gather detections cell/21/1/5/10: 3
  gather detections cell/21/1/6/0: 23
  gather detections cell/21/1/6/1: 20
  gather detections cell/21/1/6/2: 13
  gather detections cell/21/1/6/3: 19
  gather detections cell/21/1/6/4: 12
  gather detections cell/21/1/6/5: 5
  gather detections cell/21/1/6/6: 7
  gather detections cell/21/1/6/7: 4
  gather detections cell/21/1/6/8: 16
  gather detections cell/21/1/6/9: 12
  gather detections cell/21/1/6/10: 6
  gather detections cell/21/1/7/0: 29
  gather detections cell/21/1/7/1: 18
  gather detections cell/21/1/7/2: 30
  gather detections cell/21/1/7/3: 26
  gather detections cell/21/1/7/4: 9
  gather detections cell/21/1/7/5: 6
  gather detections cell/21/1/7/6: 7
  gather detections cell/21/1/7/7: 6
  gather detections cell/21/1/7/8: 10
  gather detections cell/21/1/7/9: 10
  gather detections cell/21/1/7/10: 3
  gather detections cell/21/1/8/0: 28
  gather detections cell/21/1/8/1: 15
  gather detections cell/21/1/8/2: 27
  gather detections cell/21/1/8/3: 31
  gather detections cell/21/1/8/4: 17
  gather detections cell/21/1/8/5: 14
  gather detections cell/21/1/8/6: 12
  gather detections cell/21/1/8/7: 9
  gather detections cell/21/1/8/8: 8
  gather detections cell/21/1/8/9: 12
  gather detections cell/21/1/8/10: 7
  gather detections cell/21/1/9/0: 17
  gather detections cell/21/1/9/1: 17
  gather detections cell/21/1/9/2: 16
  gather detections cell/21/1/9/3: 16
  gather detections cell/21/1/9/4: 10
  gather detections cell/21/1/9/5: 9
  gather detections cell/21/1/9/6: 4
  gather detections cell/21/1/9/7: 1
  gather detections cell/21/1/9/8: 4
  gather detections cell/21/1/9/9: 8
  gather detections cell/21/1/9/10: 2
  gather detections cell/21/1/10/0: 17
  gather detections cell/21/1/10/1: 11
  gather detections cell/21/1/10/2: 14
  gather detections cell/21/1/10/3: 11
  gather detections cell/21/1/10/4: 7
  gather detections cell/21/1/10/5: 4
  gather detections cell/21/1/10/6: 7
  gather detections cell/21/1/10/7: 7
  gather detections cell/21/1/10/8: 6
  gather detections cell/21/1/10/9: 6
  gather detections cell/21/1/10/10: 6
  gather ink cell/21/0/0/0: 18 (summary row)
  gather ink cell/21/0/0/1: 3 (summary row)
  gather ink cell/21/0/0/2: 15 (summary row)
  gather ink cell/21/0/0/3: 10 (summary row)
  gather ink cell/21/0/0/4: 11 (summary row)
  gather ink cell/21/0/0/5: 13 (summary row)
  gather ink cell/21/0/0/6: 5 (summary row)
  gather ink cell/21/0/0/7: 6 (summary row)
  gather ink cell/21/0/0/8: 3 (summary row)
  gather ink cell/21/0/1/0: 23 (summary row)
  gather ink cell/21/0/1/1: 10 (summary row)
  gather ink cell/21/0/1/2: 12 (summary row)
  gather ink cell/21/0/1/3: 3 (summary row)
  gather ink cell/21/0/1/4: 7 (summary row)
  gather ink cell/21/0/1/5: 29 (summary row)
  gather ink cell/21/0/1/6: 14 (summary row)
  gather ink cell/21/0/1/7: 13 (summary row)
  gather ink cell/21/0/1/8: 15 (summary row)
  gather ink cell/21/0/2/0: 20 (summary row)
  gather ink cell/21/0/2/1: 10 (summary row)
  gather ink cell/21/0/2/2: 3 (summary row)
  gather ink cell/21/0/2/3: 17 (summary row)
  gather ink cell/21/0/2/4: 15 (summary row)
  gather ink cell/21/0/2/5: 22 (summary row)
  gather ink cell/21/0/2/6: 9 (summary row)
  gather ink cell/21/0/2/7: 11 (summary row)
  gather ink cell/21/0/2/8: 14 (summary row)
  gather ink cell/21/0/3/0: 23 (summary row)
  gather ink cell/21/0/3/1: 13 (summary row)
  gather ink cell/21/0/3/2: 4 (summary row)
  gather ink cell/21/0/3/3: 30 (summary row)
  gather ink cell/21/0/3/4: 14 (summary row)
  gather ink cell/21/0/3/5: 14 (summary row)
  gather ink cell/21/0/3/6: 14 (summary row)
  gather ink cell/21/0/3/7: 8 (summary row)
  gather ink cell/21/0/3/8: 15 (summary row)
  gather ink cell/21/0/4/0: 13 (summary row)
  gather ink cell/21/0/4/1: 26 (summary row)
  gather ink cell/21/0/4/2: 8 (summary row)
  gather ink cell/21/0/4/3: 18 (summary row)
  gather ink cell/21/0/4/4: 11 (summary row)
  gather ink cell/21/0/4/5: 22 (summary row)
  gather ink cell/21/0/4/6: 14 (summary row)
  gather ink cell/21/0/4/7: 17 (summary row)
  gather ink cell/21/0/4/8: 14 (summary row)
  gather ink cell/21/0/5/0: 21 (summary row)
  gather ink cell/21/0/5/1: 13 (summary row)
  gather ink cell/21/0/5/2: 6 (summary row)
  gather ink cell/21/0/5/3: 8 (summary row)
  gather ink cell/21/0/5/4: 9 (summary row)
  gather ink cell/21/0/5/5: 19 (summary row)
  gather ink cell/21/0/5/6: 7 (summary row)
  gather ink cell/21/0/5/7: 5 (summary row)
  gather ink cell/21/0/5/8: 8 (summary row)
  gather ink cell/21/0/6/0: 22 (summary row)
  gather ink cell/21/0/6/1: 10 (summary row)
  gather ink cell/21/0/6/2: 8 (summary row)
  gather ink cell/21/0/6/3: 7 (summary row)
  gather ink cell/21/0/6/4: 6 (summary row)
  gather ink cell/21/0/6/5: 15 (summary row)
  gather ink cell/21/0/6/6: 8 (summary row)
  gather ink cell/21/0/6/7: 7 (summary row)
  gather ink cell/21/0/6/8: 6 (summary row)
  gather ink cell/21/0/7/0: 20 (summary row)
  gather ink cell/21/0/7/1: 11 (summary row)
  gather ink cell/21/0/7/2: 8 (summary row)
  gather ink cell/21/0/7/3: 10 (summary row)
  gather ink cell/21/0/7/4: 10 (summary row)
  gather ink cell/21/0/7/5: 15 (summary row)
  gather ink cell/21/0/7/6: 8 (summary row)
  gather ink cell/21/0/7/7: 7 (summary row)
  gather ink cell/21/0/7/8: 18 (summary row)
  gather ink cell/21/0/8/0: 22 (summary row)
  gather ink cell/21/0/8/1: 14 (summary row)
  gather ink cell/21/0/8/2: 17 (summary row)
  gather ink cell/21/0/8/3: 19 (summary row)
  gather ink cell/21/0/8/4: 15 (summary row)
  gather ink cell/21/0/8/5: 15 (summary row)
  gather ink cell/21/0/8/6: 21 (summary row)
  gather ink cell/21/0/8/7: 7 (summary row)
  gather ink cell/21/0/8/8: 47 (summary row)
  gather ink cell/21/0/9/0: 22 (summary row)
  gather ink cell/21/0/9/1: 11 (summary row)
  gather ink cell/21/0/9/2: 22 (summary row)
  gather ink cell/21/0/9/3: 21 (summary row)
  gather ink cell/21/0/9/4: 9 (summary row)
  gather ink cell/21/0/9/5: 27 (summary row)
  gather ink cell/21/0/9/6: 26 (summary row)
  gather ink cell/21/0/9/7: 12 (summary row)
  gather ink cell/21/0/9/8: 11 (summary row)
  gather ink cell/21/0/10/0: 30 (summary row)
  gather ink cell/21/0/10/1: 10 (summary row)
  gather ink cell/21/0/10/2: 14 (summary row)
  gather ink cell/21/0/10/3: 17 (summary row)
  gather ink cell/21/0/10/4: 14 (summary row)
  gather ink cell/21/0/10/5: 27 (summary row)
  gather ink cell/21/0/10/6: 3 (summary row)
  gather ink cell/21/0/10/7: 4 (summary row)
  gather ink cell/21/0/10/8: 4 (summary row)
  gather ink cell/21/1/0/0: 23 (summary row)
  gather ink cell/21/1/0/1: 2 (summary row)
  gather ink cell/21/1/0/2: 7 (summary row)
  gather ink cell/21/1/0/3: 10 (summary row)
  gather ink cell/21/1/0/4: 13 (summary row)
  gather ink cell/21/1/0/5: 21 (summary row)
  gather ink cell/21/1/0/6: 10 (summary row)
  gather ink cell/21/1/0/7: 7 (summary row)
  gather ink cell/21/1/0/8: 14 (summary row)
  gather ink cell/21/1/0/9: 13 (summary row)
  gather ink cell/21/1/0/10: 20 (summary row)
  gather ink cell/21/1/1/0: 36 (summary row)
  gather ink cell/21/1/1/1: 10 (summary row)
  gather ink cell/21/1/1/2: 22 (summary row)
  gather ink cell/21/1/1/3: 20 (summary row)
  gather ink cell/21/1/1/4: 26 (summary row)
  gather ink cell/21/1/1/5: 36 (summary row)
  gather ink cell/21/1/1/6: 10 (summary row)
  gather ink cell/21/1/1/7: 16 (summary row)
  gather ink cell/21/1/1/8: 14 (summary row)
  gather ink cell/21/1/1/9: 18 (summary row)
  gather ink cell/21/1/1/10: 20 (summary row)
  gather ink cell/21/1/2/0: 38 (summary row)
  gather ink cell/21/1/2/1: 10 (summary row)
  gather ink cell/21/1/2/2: 23 (summary row)
  gather ink cell/21/1/2/3: 8 (summary row)
  gather ink cell/21/1/2/4: 20 (summary row)
  gather ink cell/21/1/2/5: 33 (summary row)
  gather ink cell/21/1/2/6: 19 (summary row)
  gather ink cell/21/1/2/7: 16 (summary row)
  gather ink cell/21/1/2/8: 16 (summary row)
  gather ink cell/21/1/2/9: 18 (summary row)
  gather ink cell/21/1/2/10: 4 (summary row)
  gather ink cell/21/1/3/0: 74 (summary row)
  gather ink cell/21/1/3/1: 16 (summary row)
  gather ink cell/21/1/3/2: 30 (summary row)
  gather ink cell/21/1/3/3: 15 (summary row)
  gather ink cell/21/1/3/4: 8 (summary row)
  gather ink cell/21/1/3/5: 28 (summary row)
  gather ink cell/21/1/3/6: 38 (summary row)
  gather ink cell/21/1/3/7: 24 (summary row)
  gather ink cell/21/1/3/8: 16 (summary row)
  gather ink cell/21/1/3/9: 9 (summary row)
  gather ink cell/21/1/3/10: 12 (summary row)
  gather ink cell/21/1/4/0: 46 (summary row)
  gather ink cell/21/1/4/1: 19 (summary row)
  gather ink cell/21/1/4/2: 26 (summary row)
  gather ink cell/21/1/4/3: 15 (summary row)
  gather ink cell/21/1/4/4: 12 (summary row)
  gather ink cell/21/1/4/5: 19 (summary row)
  gather ink cell/21/1/4/6: 12 (summary row)
  gather ink cell/21/1/4/7: 13 (summary row)
  gather ink cell/21/1/4/8: 5 (summary row)
  gather ink cell/21/1/4/9: 4 (summary row)
  gather ink cell/21/1/4/10: 11 (summary row)
  gather ink cell/21/1/5/0: 34 (summary row)
  gather ink cell/21/1/5/1: 11 (summary row)
  gather ink cell/21/1/5/2: 16 (summary row)
  gather ink cell/21/1/5/3: 9 (summary row)
  gather ink cell/21/1/5/4: 8 (summary row)
  gather ink cell/21/1/5/5: 11 (summary row)
  gather ink cell/21/1/5/6: 7 (summary row)
  gather ink cell/21/1/5/7: 3 (summary row)
  gather ink cell/21/1/5/8: 3 (summary row)
  gather ink cell/21/1/5/9: 3 (summary row)
  gather ink cell/21/1/5/10: 7 (summary row)
  gather ink cell/21/1/6/0: 35 (summary row)
  gather ink cell/21/1/6/1: 14 (summary row)
  gather ink cell/21/1/6/2: 9 (summary row)
  gather ink cell/21/1/6/3: 12 (summary row)
  gather ink cell/21/1/6/4: 12 (summary row)
  gather ink cell/21/1/6/5: 8 (summary row)
  gather ink cell/21/1/6/6: 4 (summary row)
  gather ink cell/21/1/6/7: 3 (summary row)
  gather ink cell/21/1/6/8: 8 (summary row)
  gather ink cell/21/1/6/9: 9 (summary row)
  gather ink cell/21/1/6/10: 5 (summary row)
  gather ink cell/21/1/7/0: 46 (summary row)
  gather ink cell/21/1/7/1: 20 (summary row)
  gather ink cell/21/1/7/2: 13 (summary row)
  gather ink cell/21/1/7/3: 20 (summary row)
  gather ink cell/21/1/7/4: 17 (summary row)
  gather ink cell/21/1/7/5: 10 (summary row)
  gather ink cell/21/1/7/6: 5 (summary row)
  gather ink cell/21/1/7/7: 7 (summary row)
  gather ink cell/21/1/7/8: 8 (summary row)
  gather ink cell/21/1/7/9: 8 (summary row)
  gather ink cell/21/1/7/10: 6 (summary row)
  gather ink cell/21/1/8/0: 44 (summary row)
  gather ink cell/21/1/8/1: 16 (summary row)
  gather ink cell/21/1/8/2: 8 (summary row)
  gather ink cell/21/1/8/3: 12 (summary row)
  gather ink cell/21/1/8/4: 27 (summary row)
  gather ink cell/21/1/8/5: 19 (summary row)
  gather ink cell/21/1/8/6: 11 (summary row)
  gather ink cell/21/1/8/7: 17 (summary row)
  gather ink cell/21/1/8/8: 26 (summary row)
  gather ink cell/21/1/8/9: 15 (summary row)
  gather ink cell/21/1/8/10: 6 (summary row)
  gather ink cell/21/1/9/0: 47 (summary row)
  gather ink cell/21/1/9/1: 11 (summary row)
  gather ink cell/21/1/9/2: 21 (summary row)
  gather ink cell/21/1/9/3: 22 (summary row)
  gather ink cell/21/1/9/4: 10 (summary row)
  gather ink cell/21/1/9/5: 8 (summary row)
  gather ink cell/21/1/9/6: 3 (summary row)
  gather ink cell/21/1/9/7: 4 (summary row)
  gather ink cell/21/1/9/8: 21 (summary row)
  gather ink cell/21/1/9/9: 13 (summary row)
  gather ink cell/21/1/9/10: 3 (summary row)
  gather ink cell/21/1/10/0: 45 (summary row)
  gather ink cell/21/1/10/1: 17 (summary row)
  gather ink cell/21/1/10/2: 30 (summary row)
  gather ink cell/21/1/10/3: 15 (summary row)
  gather ink cell/21/1/10/4: 9 (summary row)
  gather ink cell/21/1/10/5: 7 (summary row)
  gather ink cell/21/1/10/6: 5 (summary row)
  gather ink cell/21/1/10/7: 3 (summary row)
  gather ink cell/21/1/10/8: 7 (summary row)
  gather ink cell/21/1/10/9: 6 (summary row)
  gather ink cell/21/1/10/10: 5 (summary row)
  gather detections cell/22/0/0/0: 16
  gather detections cell/22/0/0/1: 24
  gather detections cell/22/0/0/2: 14
  gather detections cell/22/0/0/3: 20
  gather detections cell/22/0/0/4: 14
  gather detections cell/22/0/0/5: 12
  gather detections cell/22/0/0/6: 25
  gather detections cell/22/0/0/7: 2
  gather detections cell/22/0/0/8: 2
  gather detections cell/22/0/0/9: 4
  gather detections cell/22/0/0/10: 4
  gather detections cell/22/0/0/11: 5
  gather detections cell/22/0/1/0: 16
  gather detections cell/22/0/1/1: 23
  gather detections cell/22/0/1/2: 17
  gather detections cell/22/0/1/3: 24
  gather detections cell/22/0/1/4: 17
  gather detections cell/22/0/1/5: 16
  gather detections cell/22/0/1/6: 22
  gather detections cell/22/0/1/7: 21
  gather detections cell/22/0/1/8: 11
  gather detections cell/22/0/1/9: 9
  gather detections cell/22/0/1/10: 1
  gather detections cell/22/0/1/11: 7
  gather detections cell/22/0/2/0: 12
  gather detections cell/22/0/2/1: 16
  gather detections cell/22/0/2/2: 26
  gather detections cell/22/0/2/3: 25
  gather detections cell/22/0/2/4: 23
  gather detections cell/22/0/2/5: 19
  gather detections cell/22/0/2/6: 16
  gather detections cell/22/0/2/7: 16
  gather detections cell/22/0/2/8: 7
  gather detections cell/22/0/2/9: 6
  gather detections cell/22/0/2/10: 2
  gather detections cell/22/0/2/11: 5
  gather detections cell/22/0/3/0: 19
  gather detections cell/22/0/3/1: 22
  gather detections cell/22/0/3/2: 22
  gather detections cell/22/0/3/3: 19
  gather detections cell/22/0/3/4: 18
  gather detections cell/22/0/3/5: 9
  gather detections cell/22/0/3/6: 17
  gather detections cell/22/0/3/7: 19
  gather detections cell/22/0/3/8: 17
  gather detections cell/22/0/3/9: 9
  gather detections cell/22/0/3/10: 3
  gather detections cell/22/0/3/11: 3
  gather detections cell/22/0/4/0: 8
  gather detections cell/22/0/4/1: 16
  gather detections cell/22/0/4/2: 12
  gather detections cell/22/0/4/3: 15
  gather detections cell/22/0/4/4: 12
  gather detections cell/22/0/4/5: 11
  gather detections cell/22/0/4/6: 15
  gather detections cell/22/0/4/7: 8
  gather detections cell/22/0/4/8: 7
  gather detections cell/22/0/4/9: 9
  gather detections cell/22/0/4/10: 8
  gather detections cell/22/0/4/11: 5
  gather detections cell/22/0/5/0: 6
  gather detections cell/22/0/5/1: 6
  gather detections cell/22/0/5/2: 6
  gather detections cell/22/0/5/3: 5
  gather detections cell/22/0/5/4: 6
  gather detections cell/22/0/5/5: 7
  gather detections cell/22/0/5/6: 12
  gather detections cell/22/0/5/7: 15
  gather detections cell/22/0/5/8: 16
  gather detections cell/22/0/5/9: 19
  gather detections cell/22/0/5/10: 10
  gather detections cell/22/0/5/11: 6
  gather detections cell/22/0/6/0: 16
  gather detections cell/22/0/6/1: 15
  gather detections cell/22/0/6/2: 9
  gather detections cell/22/0/6/3: 13
  gather detections cell/22/0/6/4: 7
  gather detections cell/22/0/6/5: 12
  gather detections cell/22/0/6/6: 22
  gather detections cell/22/0/6/7: 13
  gather detections cell/22/0/6/8: 14
  gather detections cell/22/0/6/9: 15
  gather detections cell/22/0/6/10: 8
  gather detections cell/22/0/6/11: 6
  gather detections cell/22/0/7/0: 9
  gather detections cell/22/0/7/1: 29
  gather detections cell/22/0/7/2: 18
  gather detections cell/22/0/7/3: 20
  gather detections cell/22/0/7/4: 21
  gather detections cell/22/0/7/5: 20
  gather detections cell/22/0/7/6: 32
  gather detections cell/22/0/7/7: 15
  gather detections cell/22/0/7/8: 15
  gather detections cell/22/0/7/9: 23
  gather detections cell/22/0/7/10: 13
  gather detections cell/22/0/7/11: 10
  gather detections cell/22/0/8/0: 17
  gather detections cell/22/0/8/1: 24
  gather detections cell/22/0/8/2: 21
  gather detections cell/22/0/8/3: 13
  gather detections cell/22/0/8/4: 18
  gather detections cell/22/0/8/5: 16
  gather detections cell/22/0/8/6: 15
  gather detections cell/22/0/8/7: 10
  gather detections cell/22/0/8/8: 14
  gather detections cell/22/0/8/9: 22
  gather detections cell/22/0/8/10: 14
  gather detections cell/22/0/8/11: 17
  gather detections cell/22/0/9/0: 7
  gather detections cell/22/0/9/1: 4
  gather detections cell/22/0/9/2: 13
  gather detections cell/22/0/9/3: 6
  gather detections cell/22/0/9/4: 9
  gather detections cell/22/0/9/5: 4
  gather detections cell/22/0/9/6: 5
  gather detections cell/22/0/9/7: 3
  gather detections cell/22/0/9/8: 9
  gather detections cell/22/0/9/9: 19
  gather detections cell/22/0/9/10: 12
  gather detections cell/22/0/9/11: 10
  gather detections cell/22/0/10/0: 14
  gather detections cell/22/0/10/1: 3
  gather detections cell/22/0/10/2: 4
  gather detections cell/22/0/10/3: 6
  gather detections cell/22/0/10/4: 4
  gather detections cell/22/0/10/5: 6
  gather detections cell/22/0/10/6: 5
  gather detections cell/22/0/10/7: 3
  gather detections cell/22/0/10/8: 6
  gather detections cell/22/0/10/9: 7
  gather detections cell/22/0/10/10: 7
  gather detections cell/22/0/10/11: 10
  gather detections cell/22/1/0/0: 9
  gather detections cell/22/1/0/1: 1
  gather detections cell/22/1/0/3: 2
  gather detections cell/22/1/0/4: 4
  gather detections cell/22/1/0/5: 5
  gather detections cell/22/1/0/6: 2
  gather detections cell/22/1/0/7: 1
  gather detections cell/22/1/0/8: 1
  gather detections cell/22/1/0/9: 1
  gather detections cell/22/1/0/10: 1
  gather detections cell/22/1/0/11: 12
  gather detections cell/22/1/0/12: 7
  gather detections cell/22/1/1/0: 9
  gather detections cell/22/1/1/1: 5
  gather detections cell/22/1/1/2: 8
  gather detections cell/22/1/1/3: 3
  gather detections cell/22/1/1/4: 11
  gather detections cell/22/1/1/5: 8
  gather detections cell/22/1/1/6: 3
  gather detections cell/22/1/1/7: 1
  gather detections cell/22/1/1/8: 1
  gather detections cell/22/1/1/9: 4
  gather detections cell/22/1/1/10: 3
  gather detections cell/22/1/1/11: 7
  gather detections cell/22/1/1/12: 3
  gather detections cell/22/1/2/0: 11
  gather detections cell/22/1/2/1: 9
  gather detections cell/22/1/2/2: 6
  gather detections cell/22/1/2/3: 6
  gather detections cell/22/1/2/4: 10
  gather detections cell/22/1/2/5: 3
  gather detections cell/22/1/2/6: 5
  gather detections cell/22/1/2/7: 4
  gather detections cell/22/1/2/8: 2
  gather detections cell/22/1/2/9: 4
  gather detections cell/22/1/2/10: 5
  gather detections cell/22/1/2/11: 12
  gather detections cell/22/1/2/12: 13
  gather detections cell/22/1/3/0: 34
  gather detections cell/22/1/3/1: 5
  gather detections cell/22/1/3/2: 5
  gather detections cell/22/1/3/3: 4
  gather detections cell/22/1/3/4: 7
  gather detections cell/22/1/3/5: 4
  gather detections cell/22/1/3/6: 17
  gather detections cell/22/1/3/7: 6
  gather detections cell/22/1/3/8: 3
  gather detections cell/22/1/3/9: 3
  gather detections cell/22/1/3/10: 3
  gather detections cell/22/1/3/11: 14
  gather detections cell/22/1/3/12: 7
  gather detections cell/22/1/4/0: 7
  gather detections cell/22/1/4/1: 14
  gather detections cell/22/1/4/2: 10
  gather detections cell/22/1/4/3: 6
  gather detections cell/22/1/4/4: 6
  gather detections cell/22/1/4/5: 12
  gather detections cell/22/1/4/6: 17
  gather detections cell/22/1/4/7: 8
  gather detections cell/22/1/4/8: 3
  gather detections cell/22/1/4/9: 7
  gather detections cell/22/1/4/10: 2
  gather detections cell/22/1/4/11: 16
  gather detections cell/22/1/4/12: 6
  gather detections cell/22/1/5/0: 15
  gather detections cell/22/1/5/1: 10
  gather detections cell/22/1/5/2: 9
  gather detections cell/22/1/5/3: 5
  gather detections cell/22/1/5/4: 8
  gather detections cell/22/1/5/5: 8
  gather detections cell/22/1/5/6: 7
  gather detections cell/22/1/5/7: 4
  gather detections cell/22/1/5/8: 1
  gather detections cell/22/1/5/9: 2
  gather detections cell/22/1/5/10: 2
  gather detections cell/22/1/5/11: 9
  gather detections cell/22/1/5/12: 7
  gather detections cell/22/1/6/0: 14
  gather detections cell/22/1/6/1: 11
  gather detections cell/22/1/6/2: 12
  gather detections cell/22/1/6/3: 12
  gather detections cell/22/1/6/4: 10
  gather detections cell/22/1/6/5: 10
  gather detections cell/22/1/6/6: 6
  gather detections cell/22/1/6/7: 3
  gather detections cell/22/1/6/8: 1
  gather detections cell/22/1/6/9: 13
  gather detections cell/22/1/6/10: 12
  gather detections cell/22/1/6/11: 12
  gather detections cell/22/1/6/12: 11
  gather detections cell/22/1/7/0: 16
  gather detections cell/22/1/7/1: 12
  gather detections cell/22/1/7/2: 11
  gather detections cell/22/1/7/3: 14
  gather detections cell/22/1/7/4: 13
  gather detections cell/22/1/7/5: 12
  gather detections cell/22/1/7/6: 8
  gather detections cell/22/1/7/7: 1
  gather detections cell/22/1/7/8: 2
  gather detections cell/22/1/7/9: 17
  gather detections cell/22/1/7/10: 10
  gather detections cell/22/1/7/11: 18
  gather detections cell/22/1/7/12: 15
  gather detections cell/22/1/8/0: 26
  gather detections cell/22/1/8/1: 14
  gather detections cell/22/1/8/2: 13
  gather detections cell/22/1/8/3: 14
  gather detections cell/22/1/8/4: 13
  gather detections cell/22/1/8/5: 18
  gather detections cell/22/1/8/6: 11
  gather detections cell/22/1/8/7: 6
  gather detections cell/22/1/8/8: 6
  gather detections cell/22/1/8/9: 17
  gather detections cell/22/1/8/10: 12
  gather detections cell/22/1/8/11: 15
  gather detections cell/22/1/8/12: 10
  gather detections cell/22/1/9/0: 39
  gather detections cell/22/1/9/1: 20
  gather detections cell/22/1/9/2: 16
  gather detections cell/22/1/9/3: 18
  gather detections cell/22/1/9/4: 17
  gather detections cell/22/1/9/5: 23
  gather detections cell/22/1/9/6: 12
  gather detections cell/22/1/9/7: 10
  gather detections cell/22/1/9/8: 7
  gather detections cell/22/1/9/9: 22
  gather detections cell/22/1/9/10: 17
  gather detections cell/22/1/9/11: 23
  gather detections cell/22/1/9/12: 24
  gather detections cell/22/1/10/0: 14
  gather detections cell/22/1/10/1: 9
  gather detections cell/22/1/10/2: 13
  gather detections cell/22/1/10/3: 6
  gather detections cell/22/1/10/4: 11
  gather detections cell/22/1/10/5: 13
  gather detections cell/22/1/10/6: 6
  gather detections cell/22/1/10/7: 10
  gather detections cell/22/1/10/8: 7
  gather detections cell/22/1/10/9: 10
  gather detections cell/22/1/10/10: 8
  gather detections cell/22/1/10/11: 11
  gather detections cell/22/1/10/12: 14
  gather ink cell/22/0/0/0: 30 (summary row)
  gather ink cell/22/0/0/1: 25 (summary row)
  gather ink cell/22/0/0/2: 14 (summary row)
  gather ink cell/22/0/0/3: 15 (summary row)
  gather ink cell/22/0/0/4: 17 (summary row)
  gather ink cell/22/0/0/5: 14 (summary row)
  gather ink cell/22/0/0/6: 22 (summary row)
  gather ink cell/22/0/0/7: 2 (summary row)
  gather ink cell/22/0/0/8: 2 (summary row)
  gather ink cell/22/0/0/9: 3 (summary row)
  gather ink cell/22/0/0/10: 5 (summary row)
  gather ink cell/22/0/0/11: 3 (summary row)
  gather ink cell/22/0/1/0: 28 (summary row)
  gather ink cell/22/0/1/1: 25 (summary row)
  gather ink cell/22/0/1/2: 38 (summary row)
  gather ink cell/22/0/1/3: 20 (summary row)
  gather ink cell/22/0/1/4: 17 (summary row)
  gather ink cell/22/0/1/5: 19 (summary row)
  gather ink cell/22/0/1/6: 33 (summary row)
  gather ink cell/22/0/1/7: 17 (summary row)
  gather ink cell/22/0/1/8: 11 (summary row)
  gather ink cell/22/0/1/9: 13 (summary row)
  gather ink cell/22/0/1/10: 13 (summary row)
  gather ink cell/22/0/1/11: 3 (summary row)
  gather ink cell/22/0/2/0: 33 (summary row)
  gather ink cell/22/0/2/1: 26 (summary row)
  gather ink cell/22/0/2/2: 39 (summary row)
  gather ink cell/22/0/2/3: 31 (summary row)
  gather ink cell/22/0/2/4: 26 (summary row)
  gather ink cell/22/0/2/5: 28 (summary row)
  gather ink cell/22/0/2/6: 37 (summary row)
  gather ink cell/22/0/2/7: 24 (summary row)
  gather ink cell/22/0/2/8: 21 (summary row)
  gather ink cell/22/0/2/9: 23 (summary row)
  gather ink cell/22/0/2/10: 17 (summary row)
  gather ink cell/22/0/2/11: 3 (summary row)
  gather ink cell/22/0/3/0: 46 (summary row)
  gather ink cell/22/0/3/1: 24 (summary row)
  gather ink cell/22/0/3/2: 15 (summary row)
  gather ink cell/22/0/3/3: 15 (summary row)
  gather ink cell/22/0/3/4: 24 (summary row)
  gather ink cell/22/0/3/5: 21 (summary row)
  gather ink cell/22/0/3/6: 32 (summary row)
  gather ink cell/22/0/3/7: 22 (summary row)
  gather ink cell/22/0/3/8: 20 (summary row)
  gather ink cell/22/0/3/9: 11 (summary row)
  gather ink cell/22/0/3/10: 7 (summary row)
  gather ink cell/22/0/3/11: 3 (summary row)
  gather ink cell/22/0/4/0: 18 (summary row)
  gather ink cell/22/0/4/1: 10 (summary row)
  gather ink cell/22/0/4/2: 11 (summary row)
  gather ink cell/22/0/4/3: 12 (summary row)
  gather ink cell/22/0/4/4: 11 (summary row)
  gather ink cell/22/0/4/5: 6 (summary row)
  gather ink cell/22/0/4/6: 18 (summary row)
  gather ink cell/22/0/4/7: 8 (summary row)
  gather ink cell/22/0/4/8: 5 (summary row)
  gather ink cell/22/0/4/9: 6 (summary row)
  gather ink cell/22/0/4/10: 6 (summary row)
  gather ink cell/22/0/4/11: 5 (summary row)
  gather ink cell/22/0/5/0: 8 (summary row)
  gather ink cell/22/0/5/1: 4 (summary row)
  gather ink cell/22/0/5/2: 4 (summary row)
  gather ink cell/22/0/5/3: 5 (summary row)
  gather ink cell/22/0/5/4: 5 (summary row)
  gather ink cell/22/0/5/5: 4 (summary row)
  gather ink cell/22/0/5/6: 19 (summary row)
  gather ink cell/22/0/5/7: 12 (summary row)
  gather ink cell/22/0/5/8: 14 (summary row)
  gather ink cell/22/0/5/9: 14 (summary row)
  gather ink cell/22/0/5/10: 12 (summary row)
  gather ink cell/22/0/5/11: 3 (summary row)
  gather ink cell/22/0/6/0: 12 (summary row)
  gather ink cell/22/0/6/1: 19 (summary row)
  gather ink cell/22/0/6/2: 9 (summary row)
  gather ink cell/22/0/6/3: 8 (summary row)
  gather ink cell/22/0/6/4: 9 (summary row)
  gather ink cell/22/0/6/5: 7 (summary row)
  gather ink cell/22/0/6/6: 23 (summary row)
  gather ink cell/22/0/6/7: 8 (summary row)
  gather ink cell/22/0/6/8: 10 (summary row)
  gather ink cell/22/0/6/9: 11 (summary row)
  gather ink cell/22/0/6/10: 7 (summary row)
  gather ink cell/22/0/6/11: 10 (summary row)
  gather ink cell/22/0/7/0: 19 (summary row)
  gather ink cell/22/0/7/1: 35 (summary row)
  gather ink cell/22/0/7/2: 15 (summary row)
  gather ink cell/22/0/7/3: 11 (summary row)
  gather ink cell/22/0/7/4: 17 (summary row)
  gather ink cell/22/0/7/5: 22 (summary row)
  gather ink cell/22/0/7/6: 32 (summary row)
  gather ink cell/22/0/7/7: 9 (summary row)
  gather ink cell/22/0/7/8: 5 (summary row)
  gather ink cell/22/0/7/9: 9 (summary row)
  gather ink cell/22/0/7/10: 9 (summary row)
  gather ink cell/22/0/7/11: 11 (summary row)
  gather ink cell/22/0/8/0: 16 (summary row)
  gather ink cell/22/0/8/1: 24 (summary row)
  gather ink cell/22/0/8/2: 19 (summary row)
  gather ink cell/22/0/8/3: 16 (summary row)
  gather ink cell/22/0/8/4: 20 (summary row)
  gather ink cell/22/0/8/5: 21 (summary row)
  gather ink cell/22/0/8/6: 28 (summary row)
  gather ink cell/22/0/8/7: 14 (summary row)
  gather ink cell/22/0/8/8: 10 (summary row)
  gather ink cell/22/0/8/9: 18 (summary row)
  gather ink cell/22/0/8/10: 14 (summary row)
  gather ink cell/22/0/8/11: 18 (summary row)
  gather ink cell/22/0/9/0: 15 (summary row)
  gather ink cell/22/0/9/1: 4 (summary row)
  gather ink cell/22/0/9/2: 6 (summary row)
  gather ink cell/22/0/9/3: 11 (summary row)
  gather ink cell/22/0/9/4: 5 (summary row)
  gather ink cell/22/0/9/5: 3 (summary row)
  gather ink cell/22/0/9/6: 13 (summary row)
  gather ink cell/22/0/9/7: 2 (summary row)
  gather ink cell/22/0/9/8: 2 (summary row)
  gather ink cell/22/0/9/9: 13 (summary row)
  gather ink cell/22/0/9/10: 17 (summary row)
  gather ink cell/22/0/9/11: 13 (summary row)
  gather ink cell/22/0/10/0: 15 (summary row)
  gather ink cell/22/0/10/1: 3 (summary row)
  gather ink cell/22/0/10/2: 3 (summary row)
  gather ink cell/22/0/10/3: 2 (summary row)
  gather ink cell/22/0/10/4: 3 (summary row)
  gather ink cell/22/0/10/5: 5 (summary row)
  gather ink cell/22/0/10/6: 3 (summary row)
  gather ink cell/22/0/10/7: 2 (summary row)
  gather ink cell/22/0/10/8: 2 (summary row)
  gather ink cell/22/0/10/9: 2 (summary row)
  gather ink cell/22/0/10/10: 5 (summary row)
  gather ink cell/22/0/10/11: 7 (summary row)
  gather ink cell/22/1/0/0: 28 (summary row)
  gather ink cell/22/1/0/1: 4 (summary row)
  gather ink cell/22/1/0/2: 5 (summary row)
  gather ink cell/22/1/0/3: 3 (summary row)
  gather ink cell/22/1/0/4: 7 (summary row)
  gather ink cell/22/1/0/5: 4 (summary row)
  gather ink cell/22/1/0/6: 6 (summary row)
  gather ink cell/22/1/0/7: 6 (summary row)
  gather ink cell/22/1/0/8: 15 (summary row)
  gather ink cell/22/1/0/9: 3 (summary row)
  gather ink cell/22/1/0/10: 4 (summary row)
  gather ink cell/22/1/0/11: 16 (summary row)
  gather ink cell/22/1/0/12: 10 (summary row)
  gather ink cell/22/1/1/0: 36 (summary row)
  gather ink cell/22/1/1/1: 13 (summary row)
  gather ink cell/22/1/1/2: 15 (summary row)
  gather ink cell/22/1/1/3: 3 (summary row)
  gather ink cell/22/1/1/4: 11 (summary row)
  gather ink cell/22/1/1/5: 8 (summary row)
  gather ink cell/22/1/1/6: 6 (summary row)
  gather ink cell/22/1/1/7: 10 (summary row)
  gather ink cell/22/1/1/8: 19 (summary row)
  gather ink cell/22/1/1/9: 2 (summary row)
  gather ink cell/22/1/1/10: 2 (summary row)
  gather ink cell/22/1/1/11: 15 (summary row)
  gather ink cell/22/1/1/12: 4 (summary row)
  gather ink cell/22/1/2/0: 43 (summary row)
  gather ink cell/22/1/2/1: 20 (summary row)
  gather ink cell/22/1/2/2: 17 (summary row)
  gather ink cell/22/1/2/3: 23 (summary row)
  gather ink cell/22/1/2/4: 25 (summary row)
  gather ink cell/22/1/2/5: 23 (summary row)
  gather ink cell/22/1/2/6: 13 (summary row)
  gather ink cell/22/1/2/7: 22 (summary row)
  gather ink cell/22/1/2/8: 14 (summary row)
  gather ink cell/22/1/2/9: 8 (summary row)
  gather ink cell/22/1/2/10: 6 (summary row)
  gather ink cell/22/1/2/11: 33 (summary row)
  gather ink cell/22/1/2/12: 13 (summary row)
  gather ink cell/22/1/3/0: 18 (summary row)
  gather ink cell/22/1/3/1: 18 (summary row)
  gather ink cell/22/1/3/2: 4 (summary row)
  gather ink cell/22/1/3/3: 9 (summary row)
  gather ink cell/22/1/3/4: 11 (summary row)
  gather ink cell/22/1/3/5: 19 (summary row)
  gather ink cell/22/1/3/6: 13 (summary row)
  gather ink cell/22/1/3/7: 12 (summary row)
  gather ink cell/22/1/3/8: 8 (summary row)
  gather ink cell/22/1/3/9: 11 (summary row)
  gather ink cell/22/1/3/10: 10 (summary row)
  gather ink cell/22/1/3/11: 35 (summary row)
  gather ink cell/22/1/3/12: 9 (summary row)
  gather ink cell/22/1/4/0: 9 (summary row)
  gather ink cell/22/1/4/1: 15 (summary row)
  gather ink cell/22/1/4/2: 9 (summary row)
  gather ink cell/22/1/4/3: 8 (summary row)
  gather ink cell/22/1/4/4: 10 (summary row)
  gather ink cell/22/1/4/5: 9 (summary row)
  gather ink cell/22/1/4/6: 13 (summary row)
  gather ink cell/22/1/4/7: 4 (summary row)
  gather ink cell/22/1/4/8: 6 (summary row)
  gather ink cell/22/1/4/9: 7 (summary row)
  gather ink cell/22/1/4/10: 4 (summary row)
  gather ink cell/22/1/4/11: 26 (summary row)
  gather ink cell/22/1/4/12: 5 (summary row)
  gather ink cell/22/1/5/0: 8 (summary row)
  gather ink cell/22/1/5/1: 5 (summary row)
  gather ink cell/22/1/5/2: 4 (summary row)
  gather ink cell/22/1/5/3: 5 (summary row)
  gather ink cell/22/1/5/4: 3 (summary row)
  gather ink cell/22/1/5/5: 7 (summary row)
  gather ink cell/22/1/5/6: 4 (summary row)
  gather ink cell/22/1/5/7: 5 (summary row)
  gather ink cell/22/1/5/8: 4 (summary row)
  gather ink cell/22/1/5/9: 4 (summary row)
  gather ink cell/22/1/5/10: 3 (summary row)
  gather ink cell/22/1/5/11: 11 (summary row)
  gather ink cell/22/1/5/12: 5 (summary row)
  gather ink cell/22/1/6/0: 18 (summary row)
  gather ink cell/22/1/6/1: 7 (summary row)
  gather ink cell/22/1/6/2: 9 (summary row)
  gather ink cell/22/1/6/3: 8 (summary row)
  gather ink cell/22/1/6/4: 16 (summary row)
  gather ink cell/22/1/6/5: 11 (summary row)
  gather ink cell/22/1/6/6: 7 (summary row)
  gather ink cell/22/1/6/7: 3 (summary row)
  gather ink cell/22/1/6/8: 5 (summary row)
  gather ink cell/22/1/6/9: 19 (summary row)
  gather ink cell/22/1/6/10: 10 (summary row)
  gather ink cell/22/1/6/11: 24 (summary row)
  gather ink cell/22/1/6/12: 12 (summary row)
  gather ink cell/22/1/7/0: 13 (summary row)
  gather ink cell/22/1/7/1: 8 (summary row)
  gather ink cell/22/1/7/2: 8 (summary row)
  gather ink cell/22/1/7/3: 8 (summary row)
  gather ink cell/22/1/7/4: 21 (summary row)
  gather ink cell/22/1/7/5: 8 (summary row)
  gather ink cell/22/1/7/6: 11 (summary row)
  gather ink cell/22/1/7/7: 4 (summary row)
  gather ink cell/22/1/7/8: 5 (summary row)
  gather ink cell/22/1/7/9: 22 (summary row)
  gather ink cell/22/1/7/10: 12 (summary row)
  gather ink cell/22/1/7/11: 44 (summary row)
  gather ink cell/22/1/7/12: 8 (summary row)
  gather ink cell/22/1/8/0: 14 (summary row)
  gather ink cell/22/1/8/1: 10 (summary row)
  gather ink cell/22/1/8/2: 15 (summary row)
  gather ink cell/22/1/8/3: 15 (summary row)
  gather ink cell/22/1/8/4: 18 (summary row)
  gather ink cell/22/1/8/5: 20 (summary row)
  gather ink cell/22/1/8/6: 15 (summary row)
  gather ink cell/22/1/8/7: 7 (summary row)
  gather ink cell/22/1/8/8: 19 (summary row)
  gather ink cell/22/1/8/9: 35 (summary row)
  gather ink cell/22/1/8/10: 17 (summary row)
  gather ink cell/22/1/8/11: 45 (summary row)
  gather ink cell/22/1/8/12: 23 (summary row)
  gather ink cell/22/1/9/0: 23 (summary row)
  gather ink cell/22/1/9/1: 27 (summary row)
  gather ink cell/22/1/9/2: 25 (summary row)
  gather ink cell/22/1/9/3: 20 (summary row)
  gather ink cell/22/1/9/4: 17 (summary row)
  gather ink cell/22/1/9/5: 33 (summary row)
  gather ink cell/22/1/9/6: 16 (summary row)
  gather ink cell/22/1/9/7: 10 (summary row)
  gather ink cell/22/1/9/8: 16 (summary row)
  gather ink cell/22/1/9/9: 37 (summary row)
  gather ink cell/22/1/9/10: 11 (summary row)
  gather ink cell/22/1/9/11: 41 (summary row)
  gather ink cell/22/1/9/12: 27 (summary row)
  gather ink cell/22/1/10/0: 19 (summary row)
  gather ink cell/22/1/10/1: 21 (summary row)
  gather ink cell/22/1/10/2: 11 (summary row)
  gather ink cell/22/1/10/3: 10 (summary row)
  gather ink cell/22/1/10/4: 8 (summary row)
  gather ink cell/22/1/10/5: 32 (summary row)
  gather ink cell/22/1/10/6: 18 (summary row)
  gather ink cell/22/1/10/7: 10 (summary row)
  gather ink cell/22/1/10/8: 10 (summary row)
  gather ink cell/22/1/10/9: 21 (summary row)
  gather ink cell/22/1/10/10: 6 (summary row)
  gather ink cell/22/1/10/11: 28 (summary row)
  gather ink cell/22/1/10/12: 16 (summary row)
  gather detections cell/23/0/0/0: 19
  gather detections cell/23/0/0/1: 10
  gather detections cell/23/0/0/2: 17
  gather detections cell/23/0/0/3: 23
  gather detections cell/23/0/0/4: 21
  gather detections cell/23/0/0/5: 23
  gather detections cell/23/0/0/6: 21
  gather detections cell/23/0/0/7: 22
  gather detections cell/23/0/0/8: 12
  gather detections cell/23/0/0/9: 12
  gather detections cell/23/0/1/0: 24
  gather detections cell/23/0/1/1: 5
  gather detections cell/23/0/1/2: 13
  gather detections cell/23/0/1/3: 17
  gather detections cell/23/0/1/4: 19
  gather detections cell/23/0/1/5: 19
  gather detections cell/23/0/1/6: 19
  gather detections cell/23/0/1/7: 14
  gather detections cell/23/0/1/8: 12
  gather detections cell/23/0/1/9: 9
  gather detections cell/23/0/2/0: 26
  gather detections cell/23/0/2/1: 9
  gather detections cell/23/0/2/2: 14
  gather detections cell/23/0/2/3: 18
  gather detections cell/23/0/2/4: 17
  gather detections cell/23/0/2/5: 16
  gather detections cell/23/0/2/6: 13
  gather detections cell/23/0/2/7: 14
  gather detections cell/23/0/2/8: 13
  gather detections cell/23/0/2/9: 10
  gather detections cell/23/0/3/0: 27
  gather detections cell/23/0/3/1: 18
  gather detections cell/23/0/3/2: 17
  gather detections cell/23/0/3/3: 18
  gather detections cell/23/0/3/4: 17
  gather detections cell/23/0/3/5: 26
  gather detections cell/23/0/3/6: 14
  gather detections cell/23/0/3/7: 19
  gather detections cell/23/0/3/8: 24
  gather detections cell/23/0/3/9: 20
  gather detections cell/23/0/4/0: 21
  gather detections cell/23/0/4/1: 11
  gather detections cell/23/0/4/2: 13
  gather detections cell/23/0/4/3: 16
  gather detections cell/23/0/4/4: 16
  gather detections cell/23/0/4/5: 17
  gather detections cell/23/0/4/6: 12
  gather detections cell/23/0/4/7: 11
  gather detections cell/23/0/4/8: 20
  gather detections cell/23/0/4/9: 12
  gather detections cell/23/0/5/0: 19
  gather detections cell/23/0/5/1: 10
  gather detections cell/23/0/5/2: 11
  gather detections cell/23/0/5/3: 14
  gather detections cell/23/0/5/4: 14
  gather detections cell/23/0/5/5: 11
  gather detections cell/23/0/5/6: 15
  gather detections cell/23/0/5/7: 16
  gather detections cell/23/0/5/8: 10
  gather detections cell/23/0/5/9: 10
  gather detections cell/23/0/6/0: 9
  gather detections cell/23/0/6/1: 6
  gather detections cell/23/0/6/2: 5
  gather detections cell/23/0/6/3: 5
  gather detections cell/23/0/6/4: 6
  gather detections cell/23/0/6/5: 4
  gather detections cell/23/0/6/6: 3
  gather detections cell/23/0/6/7: 4
  gather detections cell/23/0/6/8: 6
  gather detections cell/23/0/6/9: 4
  gather detections cell/23/0/7/0: 20
  gather detections cell/23/0/7/1: 11
  gather detections cell/23/0/7/2: 13
  gather detections cell/23/0/7/3: 20
  gather detections cell/23/0/7/4: 22
  gather detections cell/23/0/7/5: 28
  gather detections cell/23/0/7/6: 21
  gather detections cell/23/0/7/7: 26
  gather detections cell/23/0/7/8: 19
  gather detections cell/23/0/7/9: 9
  gather detections cell/23/0/8/0: 26
  gather detections cell/23/0/8/1: 14
  gather detections cell/23/0/8/2: 16
  gather detections cell/23/0/8/3: 21
  gather detections cell/23/0/8/4: 16
  gather detections cell/23/0/8/5: 26
  gather detections cell/23/0/8/6: 16
  gather detections cell/23/0/8/7: 29
  gather detections cell/23/0/8/8: 16
  gather detections cell/23/0/8/9: 8
  gather detections cell/23/0/9/0: 33
  gather detections cell/23/0/9/1: 14
  gather detections cell/23/0/9/2: 20
  gather detections cell/23/0/9/3: 18
  gather detections cell/23/0/9/4: 12
  gather detections cell/23/0/9/5: 25
  gather detections cell/23/0/9/6: 12
  gather detections cell/23/0/9/7: 21
  gather detections cell/23/0/9/8: 22
  gather detections cell/23/0/9/9: 18
  gather detections cell/23/0/10/0: 28
  gather detections cell/23/0/10/1: 8
  gather detections cell/23/0/10/2: 12
  gather detections cell/23/0/10/3: 9
  gather detections cell/23/0/10/4: 9
  gather detections cell/23/0/10/5: 12
  gather detections cell/23/0/10/6: 10
  gather detections cell/23/0/10/7: 11
  gather detections cell/23/0/10/8: 16
  gather detections cell/23/0/10/9: 13
  gather detections cell/23/0/11/0: 24
  gather detections cell/23/0/11/1: 10
  gather detections cell/23/0/11/2: 12
  gather detections cell/23/0/11/3: 8
  gather detections cell/23/0/11/4: 8
  gather detections cell/23/0/11/5: 9
  gather detections cell/23/0/11/6: 11
  gather detections cell/23/0/11/7: 13
  gather detections cell/23/0/11/8: 17
  gather detections cell/23/0/11/9: 16
  gather detections cell/23/1/0/0: 22
  gather detections cell/23/1/0/1: 27
  gather detections cell/23/1/0/2: 24
  gather detections cell/23/1/0/3: 23
  gather detections cell/23/1/0/4: 26
  gather detections cell/23/1/0/5: 17
  gather detections cell/23/1/0/6: 25
  gather detections cell/23/1/0/7: 24
  gather detections cell/23/1/0/8: 17
  gather detections cell/23/1/0/9: 17
  gather detections cell/23/1/1/0: 23
  gather detections cell/23/1/1/1: 13
  gather detections cell/23/1/1/2: 23
  gather detections cell/23/1/1/3: 21
  gather detections cell/23/1/1/4: 25
  gather detections cell/23/1/1/5: 17
  gather detections cell/23/1/1/6: 16
  gather detections cell/23/1/1/7: 16
  gather detections cell/23/1/1/8: 16
  gather detections cell/23/1/1/9: 8
  gather detections cell/23/1/2/0: 13
  gather detections cell/23/1/2/1: 18
  gather detections cell/23/1/2/2: 23
  gather detections cell/23/1/2/3: 24
  gather detections cell/23/1/2/4: 22
  gather detections cell/23/1/2/5: 20
  gather detections cell/23/1/2/6: 18
  gather detections cell/23/1/2/7: 13
  gather detections cell/23/1/2/8: 14
  gather detections cell/23/1/2/9: 7
  gather detections cell/23/1/3/0: 28
  gather detections cell/23/1/3/1: 24
  gather detections cell/23/1/3/2: 20
  gather detections cell/23/1/3/3: 38
  gather detections cell/23/1/3/4: 18
  gather detections cell/23/1/3/5: 38
  gather detections cell/23/1/3/6: 18
  gather detections cell/23/1/3/7: 14
  gather detections cell/23/1/3/8: 35
  gather detections cell/23/1/3/9: 7
  gather detections cell/23/1/4/0: 33
  gather detections cell/23/1/4/1: 24
  gather detections cell/23/1/4/2: 18
  gather detections cell/23/1/4/3: 20
  gather detections cell/23/1/4/4: 21
  gather detections cell/23/1/4/5: 20
  gather detections cell/23/1/4/6: 12
  gather detections cell/23/1/4/7: 16
  gather detections cell/23/1/4/8: 20
  gather detections cell/23/1/4/9: 11
  gather detections cell/23/1/5/0: 13
  gather detections cell/23/1/5/1: 16
  gather detections cell/23/1/5/2: 20
  gather detections cell/23/1/5/3: 10
  gather detections cell/23/1/5/4: 15
  gather detections cell/23/1/5/5: 6
  gather detections cell/23/1/5/6: 9
  gather detections cell/23/1/5/7: 9
  gather detections cell/23/1/5/8: 7
  gather detections cell/23/1/5/9: 11
  gather detections cell/23/1/6/0: 7
  gather detections cell/23/1/6/1: 7
  gather detections cell/23/1/6/2: 5
  gather detections cell/23/1/6/3: 5
  gather detections cell/23/1/6/4: 7
  gather detections cell/23/1/6/5: 4
  gather detections cell/23/1/6/6: 11
  gather detections cell/23/1/6/7: 5
  gather detections cell/23/1/6/8: 9
  gather detections cell/23/1/6/9: 9
  gather detections cell/23/1/7/0: 8
  gather detections cell/23/1/7/1: 5
  gather detections cell/23/1/7/2: 6
  gather detections cell/23/1/7/3: 5
  gather detections cell/23/1/7/4: 7
  gather detections cell/23/1/7/5: 5
  gather detections cell/23/1/7/6: 6
  gather detections cell/23/1/7/7: 19
  gather detections cell/23/1/7/8: 17
  gather detections cell/23/1/7/9: 18
  gather detections cell/23/1/8/0: 19
  gather detections cell/23/1/8/1: 17
  gather detections cell/23/1/8/2: 12
  gather detections cell/23/1/8/3: 18
  gather detections cell/23/1/8/4: 12
  gather detections cell/23/1/8/5: 15
  gather detections cell/23/1/8/6: 30
  gather detections cell/23/1/8/7: 29
  gather detections cell/23/1/8/8: 32
  gather detections cell/23/1/8/9: 19
  gather detections cell/23/1/9/0: 19
  gather detections cell/23/1/9/1: 11
  gather detections cell/23/1/9/2: 14
  gather detections cell/23/1/9/3: 24
  gather detections cell/23/1/9/4: 12
  gather detections cell/23/1/9/5: 22
  gather detections cell/23/1/9/6: 25
  gather detections cell/23/1/9/7: 21
  gather detections cell/23/1/9/8: 17
  gather detections cell/23/1/9/9: 11
  gather detections cell/23/1/10/0: 23
  gather detections cell/23/1/10/1: 25
  gather detections cell/23/1/10/2: 20
  gather detections cell/23/1/10/3: 25
  gather detections cell/23/1/10/4: 17
  gather detections cell/23/1/10/5: 34
  gather detections cell/23/1/10/6: 35
  gather detections cell/23/1/10/7: 20
  gather detections cell/23/1/10/8: 20
  gather detections cell/23/1/10/9: 7
  gather detections cell/23/1/11/0: 19
  gather detections cell/23/1/11/1: 22
  gather detections cell/23/1/11/2: 18
  gather detections cell/23/1/11/3: 22
  gather detections cell/23/1/11/4: 15
  gather detections cell/23/1/11/5: 19
  gather detections cell/23/1/11/6: 21
  gather detections cell/23/1/11/7: 11
  gather detections cell/23/1/11/8: 19
  gather detections cell/23/1/11/9: 7
  gather detections cell/23/1/12/0: 18
  gather detections cell/23/1/12/1: 17
  gather detections cell/23/1/12/2: 15
  gather detections cell/23/1/12/3: 14
  gather detections cell/23/1/12/4: 13
  gather detections cell/23/1/12/5: 12
  gather detections cell/23/1/12/6: 10
  gather detections cell/23/1/12/7: 11
  gather detections cell/23/1/12/8: 20
  gather detections cell/23/1/12/9: 8
  gather ink cell/23/0/0/0: 24 (summary row)
  gather ink cell/23/0/0/1: 9 (summary row)
  gather ink cell/23/0/0/2: 15 (summary row)
  gather ink cell/23/0/0/3: 12 (summary row)
  gather ink cell/23/0/0/4: 14 (summary row)
  gather ink cell/23/0/0/5: 15 (summary row)
  gather ink cell/23/0/0/6: 18 (summary row)
  gather ink cell/23/0/0/7: 25 (summary row)
  gather ink cell/23/0/0/8: 12 (summary row)
  gather ink cell/23/0/0/9: 9 (summary row)
  gather ink cell/23/0/1/0: 18 (summary row)
  gather ink cell/23/0/1/1: 12 (summary row)
  gather ink cell/23/0/1/2: 16 (summary row)
  gather ink cell/23/0/1/3: 10 (summary row)
  gather ink cell/23/0/1/4: 16 (summary row)
  gather ink cell/23/0/1/5: 13 (summary row)
  gather ink cell/23/0/1/6: 30 (summary row)
  gather ink cell/23/0/1/7: 28 (summary row)
  gather ink cell/23/0/1/8: 18 (summary row)
  gather ink cell/23/0/1/9: 8 (summary row)
  gather ink cell/23/0/2/0: 24 (summary row)
  gather ink cell/23/0/2/1: 29 (summary row)
  gather ink cell/23/0/2/2: 31 (summary row)
  gather ink cell/23/0/2/3: 15 (summary row)
  gather ink cell/23/0/2/4: 20 (summary row)
  gather ink cell/23/0/2/5: 26 (summary row)
  gather ink cell/23/0/2/6: 35 (summary row)
  gather ink cell/23/0/2/7: 37 (summary row)
  gather ink cell/23/0/2/8: 16 (summary row)
  gather ink cell/23/0/2/9: 11 (summary row)
  gather ink cell/23/0/3/0: 30 (summary row)
  gather ink cell/23/0/3/1: 19 (summary row)
  gather ink cell/23/0/3/2: 20 (summary row)
  gather ink cell/23/0/3/3: 19 (summary row)
  gather ink cell/23/0/3/4: 28 (summary row)
  gather ink cell/23/0/3/5: 28 (summary row)
  gather ink cell/23/0/3/6: 21 (summary row)
  gather ink cell/23/0/3/7: 32 (summary row)
  gather ink cell/23/0/3/8: 17 (summary row)
  gather ink cell/23/0/3/9: 12 (summary row)
  gather ink cell/23/0/4/0: 33 (summary row)
  gather ink cell/23/0/4/1: 15 (summary row)
  gather ink cell/23/0/4/2: 14 (summary row)
  gather ink cell/23/0/4/3: 17 (summary row)
  gather ink cell/23/0/4/4: 16 (summary row)
  gather ink cell/23/0/4/5: 15 (summary row)
  gather ink cell/23/0/4/6: 13 (summary row)
  gather ink cell/23/0/4/7: 15 (summary row)
  gather ink cell/23/0/4/8: 18 (summary row)
  gather ink cell/23/0/4/9: 17 (summary row)
  gather ink cell/23/0/5/0: 25 (summary row)
  gather ink cell/23/0/5/1: 12 (summary row)
  gather ink cell/23/0/5/2: 12 (summary row)
  gather ink cell/23/0/5/3: 11 (summary row)
  gather ink cell/23/0/5/4: 15 (summary row)
  gather ink cell/23/0/5/5: 13 (summary row)
  gather ink cell/23/0/5/6: 12 (summary row)
  gather ink cell/23/0/5/7: 11 (summary row)
  gather ink cell/23/0/5/8: 11 (summary row)
  gather ink cell/23/0/5/9: 11 (summary row)
  gather ink cell/23/0/6/0: 9 (summary row)
  gather ink cell/23/0/6/1: 4 (summary row)
  gather ink cell/23/0/6/2: 5 (summary row)
  gather ink cell/23/0/6/3: 5 (summary row)
  gather ink cell/23/0/6/4: 5 (summary row)
  gather ink cell/23/0/6/5: 7 (summary row)
  gather ink cell/23/0/6/6: 6 (summary row)
  gather ink cell/23/0/6/7: 5 (summary row)
  gather ink cell/23/0/6/8: 5 (summary row)
  gather ink cell/23/0/6/9: 3 (summary row)
  gather ink cell/23/0/7/0: 23 (summary row)
  gather ink cell/23/0/7/1: 10 (summary row)
  gather ink cell/23/0/7/2: 10 (summary row)
  gather ink cell/23/0/7/3: 10 (summary row)
  gather ink cell/23/0/7/4: 16 (summary row)
  gather ink cell/23/0/7/5: 14 (summary row)
  gather ink cell/23/0/7/6: 10 (summary row)
  gather ink cell/23/0/7/7: 11 (summary row)
  gather ink cell/23/0/7/8: 9 (summary row)
  gather ink cell/23/0/7/9: 8 (summary row)
  gather ink cell/23/0/8/0: 25 (summary row)
  gather ink cell/23/0/8/1: 18 (summary row)
  gather ink cell/23/0/8/2: 11 (summary row)
  gather ink cell/23/0/8/3: 13 (summary row)
  gather ink cell/23/0/8/4: 11 (summary row)
  gather ink cell/23/0/8/5: 13 (summary row)
  gather ink cell/23/0/8/6: 12 (summary row)
  gather ink cell/23/0/8/7: 15 (summary row)
  gather ink cell/23/0/8/8: 11 (summary row)
  gather ink cell/23/0/8/9: 9 (summary row)
  gather ink cell/23/0/9/0: 31 (summary row)
  gather ink cell/23/0/9/1: 23 (summary row)
  gather ink cell/23/0/9/2: 24 (summary row)
  gather ink cell/23/0/9/3: 25 (summary row)
  gather ink cell/23/0/9/4: 18 (summary row)
  gather ink cell/23/0/9/5: 26 (summary row)
  gather ink cell/23/0/9/6: 18 (summary row)
  gather ink cell/23/0/9/7: 29 (summary row)
  gather ink cell/23/0/9/8: 16 (summary row)
  gather ink cell/23/0/9/9: 20 (summary row)
  gather ink cell/23/0/10/0: 33 (summary row)
  gather ink cell/23/0/10/1: 11 (summary row)
  gather ink cell/23/0/10/2: 12 (summary row)
  gather ink cell/23/0/10/3: 7 (summary row)
  gather ink cell/23/0/10/4: 22 (summary row)
  gather ink cell/23/0/10/5: 16 (summary row)
  gather ink cell/23/0/10/6: 8 (summary row)
  gather ink cell/23/0/10/7: 12 (summary row)
  gather ink cell/23/0/10/8: 25 (summary row)
  gather ink cell/23/0/10/9: 20 (summary row)
  gather ink cell/23/0/11/0: 33 (summary row)
  gather ink cell/23/0/11/1: 9 (summary row)
  gather ink cell/23/0/11/2: 10 (summary row)
  gather ink cell/23/0/11/3: 7 (summary row)
  gather ink cell/23/0/11/4: 13 (summary row)
  gather ink cell/23/0/11/5: 10 (summary row)
  gather ink cell/23/0/11/6: 7 (summary row)
  gather ink cell/23/0/11/7: 8 (summary row)
  gather ink cell/23/0/11/8: 18 (summary row)
  gather ink cell/23/0/11/9: 13 (summary row)
  gather ink cell/23/1/0/0: 35 (summary row)
  gather ink cell/23/1/0/1: 18 (summary row)
  gather ink cell/23/1/0/2: 18 (summary row)
  gather ink cell/23/1/0/3: 26 (summary row)
  gather ink cell/23/1/0/4: 16 (summary row)
  gather ink cell/23/1/0/5: 14 (summary row)
  gather ink cell/23/1/0/6: 12 (summary row)
  gather ink cell/23/1/0/7: 11 (summary row)
  gather ink cell/23/1/0/8: 18 (summary row)
  gather ink cell/23/1/0/9: 13 (summary row)
  gather ink cell/23/1/1/0: 26 (summary row)
  gather ink cell/23/1/1/1: 26 (summary row)
  gather ink cell/23/1/1/2: 19 (summary row)
  gather ink cell/23/1/1/3: 22 (summary row)
  gather ink cell/23/1/1/4: 17 (summary row)
  gather ink cell/23/1/1/5: 25 (summary row)
  gather ink cell/23/1/1/6: 13 (summary row)
  gather ink cell/23/1/1/7: 16 (summary row)
  gather ink cell/23/1/1/8: 25 (summary row)
  gather ink cell/23/1/1/9: 12 (summary row)
  gather ink cell/23/1/2/0: 21 (summary row)
  gather ink cell/23/1/2/1: 38 (summary row)
  gather ink cell/23/1/2/2: 16 (summary row)
  gather ink cell/23/1/2/3: 20 (summary row)
  gather ink cell/23/1/2/4: 37 (summary row)
  gather ink cell/23/1/2/5: 39 (summary row)
  gather ink cell/23/1/2/6: 18 (summary row)
  gather ink cell/23/1/2/7: 16 (summary row)
  gather ink cell/23/1/2/8: 29 (summary row)
  gather ink cell/23/1/2/9: 12 (summary row)
  gather ink cell/23/1/3/0: 24 (summary row)
  gather ink cell/23/1/3/1: 25 (summary row)
  gather ink cell/23/1/3/2: 17 (summary row)
  gather ink cell/23/1/3/3: 28 (summary row)
  gather ink cell/23/1/3/4: 29 (summary row)
  gather ink cell/23/1/3/5: 39 (summary row)
  gather ink cell/23/1/3/6: 21 (summary row)
  gather ink cell/23/1/3/7: 19 (summary row)
  gather ink cell/23/1/3/8: 24 (summary row)
  gather ink cell/23/1/3/9: 8 (summary row)
  gather ink cell/23/1/4/0: 34 (summary row)
  gather ink cell/23/1/4/1: 18 (summary row)
  gather ink cell/23/1/4/2: 15 (summary row)
  gather ink cell/23/1/4/3: 13 (summary row)
  gather ink cell/23/1/4/4: 30 (summary row)
  gather ink cell/23/1/4/5: 27 (summary row)
  gather ink cell/23/1/4/6: 38 (summary row)
  gather ink cell/23/1/4/7: 22 (summary row)
  gather ink cell/23/1/4/8: 18 (summary row)
  gather ink cell/23/1/4/9: 10 (summary row)
  gather ink cell/23/1/5/0: 18 (summary row)
  gather ink cell/23/1/5/1: 13 (summary row)
  gather ink cell/23/1/5/2: 15 (summary row)
  gather ink cell/23/1/5/3: 13 (summary row)
  gather ink cell/23/1/5/4: 14 (summary row)
  gather ink cell/23/1/5/5: 11 (summary row)
  gather ink cell/23/1/5/6: 23 (summary row)
  gather ink cell/23/1/5/7: 8 (summary row)
  gather ink cell/23/1/5/8: 11 (summary row)
  gather ink cell/23/1/5/9: 9 (summary row)
  gather ink cell/23/1/6/0: 6 (summary row)
  gather ink cell/23/1/6/1: 3 (summary row)
  gather ink cell/23/1/6/2: 2 (summary row)
  gather ink cell/23/1/6/3: 3 (summary row)
  gather ink cell/23/1/6/4: 4 (summary row)
  gather ink cell/23/1/6/5: 2 (summary row)
  gather ink cell/23/1/6/6: 13 (summary row)
  gather ink cell/23/1/6/7: 5 (summary row)
  gather ink cell/23/1/6/8: 13 (summary row)
  gather ink cell/23/1/6/9: 12 (summary row)
  gather ink cell/23/1/7/0: 5 (summary row)
  gather ink cell/23/1/7/1: 4 (summary row)
  gather ink cell/23/1/7/2: 2 (summary row)
  gather ink cell/23/1/7/3: 3 (summary row)
  gather ink cell/23/1/7/4: 4 (summary row)
  gather ink cell/23/1/7/5: 6 (summary row)
  gather ink cell/23/1/7/6: 11 (summary row)
  gather ink cell/23/1/7/7: 15 (summary row)
  gather ink cell/23/1/7/8: 14 (summary row)
  gather ink cell/23/1/7/9: 15 (summary row)
  gather ink cell/23/1/8/0: 17 (summary row)
  gather ink cell/23/1/8/1: 7 (summary row)
  gather ink cell/23/1/8/2: 9 (summary row)
  gather ink cell/23/1/8/3: 13 (summary row)
  gather ink cell/23/1/8/4: 11 (summary row)
  gather ink cell/23/1/8/5: 13 (summary row)
  gather ink cell/23/1/8/6: 24 (summary row)
  gather ink cell/23/1/8/7: 10 (summary row)
  gather ink cell/23/1/8/8: 11 (summary row)
  gather ink cell/23/1/8/9: 17 (summary row)
  gather ink cell/23/1/9/0: 18 (summary row)
  gather ink cell/23/1/9/1: 6 (summary row)
  gather ink cell/23/1/9/2: 9 (summary row)
  gather ink cell/23/1/9/3: 13 (summary row)
  gather ink cell/23/1/9/4: 10 (summary row)
  gather ink cell/23/1/9/5: 16 (summary row)
  gather ink cell/23/1/9/6: 32 (summary row)
  gather ink cell/23/1/9/7: 12 (summary row)
  gather ink cell/23/1/9/8: 15 (summary row)
  gather ink cell/23/1/9/9: 12 (summary row)
  gather ink cell/23/1/10/0: 24 (summary row)
  gather ink cell/23/1/10/1: 12 (summary row)
  gather ink cell/23/1/10/2: 13 (summary row)
  gather ink cell/23/1/10/3: 21 (summary row)
  gather ink cell/23/1/10/4: 21 (summary row)
  gather ink cell/23/1/10/5: 25 (summary row)
  gather ink cell/23/1/10/6: 45 (summary row)
  gather ink cell/23/1/10/7: 20 (summary row)
  gather ink cell/23/1/10/8: 31 (summary row)
  gather ink cell/23/1/10/9: 7 (summary row)
  gather ink cell/23/1/11/0: 25 (summary row)
  gather ink cell/23/1/11/1: 14 (summary row)
  gather ink cell/23/1/11/2: 21 (summary row)
  gather ink cell/23/1/11/3: 18 (summary row)
  gather ink cell/23/1/11/4: 13 (summary row)
  gather ink cell/23/1/11/5: 19 (summary row)
  gather ink cell/23/1/11/6: 32 (summary row)
  gather ink cell/23/1/11/7: 9 (summary row)
  gather ink cell/23/1/11/8: 19 (summary row)
  gather ink cell/23/1/11/9: 7 (summary row)
  gather ink cell/23/1/12/0: 22 (summary row)
  gather ink cell/23/1/12/1: 15 (summary row)
  gather ink cell/23/1/12/2: 17 (summary row)
  gather ink cell/23/1/12/3: 18 (summary row)
  gather ink cell/23/1/12/4: 19 (summary row)
  gather ink cell/23/1/12/5: 13 (summary row)
  gather ink cell/23/1/12/6: 8 (summary row)
  gather ink cell/23/1/12/7: 10 (summary row)
  gather ink cell/23/1/12/8: 13 (summary row)
  gather ink cell/23/1/12/9: 9 (summary row)
  gather detections cell/24/0/0/0: 19
  gather detections cell/24/0/0/1: 12
  gather detections cell/24/0/0/2: 18
  gather detections cell/24/0/0/3: 20
  gather detections cell/24/0/0/4: 27
  gather detections cell/24/0/0/5: 17
  gather detections cell/24/0/0/6: 6
  gather detections cell/24/0/0/7: 3
  gather detections cell/24/0/0/8: 15
  gather detections cell/24/0/1/0: 19
  gather detections cell/24/0/1/1: 16
  gather detections cell/24/0/1/2: 17
  gather detections cell/24/0/1/3: 14
  gather detections cell/24/0/1/4: 14
  gather detections cell/24/0/1/5: 10
  gather detections cell/24/0/1/6: 4
  gather detections cell/24/0/1/7: 2
  gather detections cell/24/0/1/8: 13
  gather detections cell/24/0/2/0: 17
  gather detections cell/24/0/2/1: 21
  gather detections cell/24/0/2/2: 16
  gather detections cell/24/0/2/3: 7
  gather detections cell/24/0/2/4: 22
  gather detections cell/24/0/2/5: 16
  gather detections cell/24/0/2/6: 5
  gather detections cell/24/0/2/7: 4
  gather detections cell/24/0/2/8: 21
  gather detections cell/24/0/3/0: 29
  gather detections cell/24/0/3/1: 24
  gather detections cell/24/0/3/2: 19
  gather detections cell/24/0/3/3: 6
  gather detections cell/24/0/3/4: 26
  gather detections cell/24/0/3/5: 17
  gather detections cell/24/0/3/6: 4
  gather detections cell/24/0/3/7: 2
  gather detections cell/24/0/3/8: 14
  gather detections cell/24/0/4/0: 28
  gather detections cell/24/0/4/1: 14
  gather detections cell/24/0/4/2: 16
  gather detections cell/24/0/4/3: 10
  gather detections cell/24/0/4/4: 9
  gather detections cell/24/0/4/5: 6
  gather detections cell/24/0/4/6: 2
  gather detections cell/24/0/4/7: 3
  gather detections cell/24/0/4/8: 10
  gather detections cell/24/0/5/0: 10
  gather detections cell/24/0/5/1: 5
  gather detections cell/24/0/5/2: 13
  gather detections cell/24/0/5/3: 15
  gather detections cell/24/0/5/4: 13
  gather detections cell/24/0/5/5: 9
  gather detections cell/24/0/5/6: 17
  gather detections cell/24/0/5/7: 25
  gather detections cell/24/0/5/8: 9
  gather detections cell/24/0/6/0: 6
  gather detections cell/24/0/6/1: 7
  gather detections cell/24/0/6/2: 12
  gather detections cell/24/0/6/3: 6
  gather detections cell/24/0/6/4: 10
  gather detections cell/24/0/6/5: 5
  gather detections cell/24/0/6/6: 7
  gather detections cell/24/0/6/7: 14
  gather detections cell/24/0/6/8: 10
  gather detections cell/24/0/7/0: 1
  gather detections cell/24/0/7/1: 7
  gather detections cell/24/0/7/2: 13
  gather detections cell/24/0/7/3: 14
  gather detections cell/24/0/7/4: 10
  gather detections cell/24/0/7/5: 16
  gather detections cell/24/0/7/6: 11
  gather detections cell/24/0/7/7: 19
  gather detections cell/24/0/7/8: 18
  gather detections cell/24/0/8/0: 22
  gather detections cell/24/0/8/1: 19
  gather detections cell/24/0/8/2: 19
  gather detections cell/24/0/8/3: 20
  gather detections cell/24/0/8/4: 12
  gather detections cell/24/0/8/5: 14
  gather detections cell/24/0/8/6: 16
  gather detections cell/24/0/8/7: 16
  gather detections cell/24/0/8/8: 15
  gather detections cell/24/0/9/0: 31
  gather detections cell/24/0/9/1: 27
  gather detections cell/24/0/9/2: 37
  gather detections cell/24/0/9/3: 17
  gather detections cell/24/0/9/4: 15
  gather detections cell/24/0/9/5: 12
  gather detections cell/24/0/9/6: 22
  gather detections cell/24/0/9/7: 17
  gather detections cell/24/0/9/8: 19
  gather detections cell/24/0/10/0: 25
  gather detections cell/24/0/10/1: 21
  gather detections cell/24/0/10/2: 23
  gather detections cell/24/0/10/3: 15
  gather detections cell/24/0/10/4: 16
  gather detections cell/24/0/10/5: 16
  gather detections cell/24/0/10/6: 27
  gather detections cell/24/0/10/7: 29
  gather detections cell/24/0/10/8: 20
  gather detections cell/24/0/11/0: 26
  gather detections cell/24/0/11/1: 19
  gather detections cell/24/0/11/2: 20
  gather detections cell/24/0/11/3: 18
  gather detections cell/24/0/11/4: 20
  gather detections cell/24/0/11/5: 11
  gather detections cell/24/0/11/6: 24
  gather detections cell/24/0/11/7: 25
  gather detections cell/24/0/11/8: 16
  gather detections cell/24/0/12/0: 24
  gather detections cell/24/0/12/1: 17
  gather detections cell/24/0/12/2: 31
  gather detections cell/24/0/12/3: 5
  gather detections cell/24/0/12/4: 12
  gather detections cell/24/0/12/5: 13
  gather detections cell/24/0/12/6: 16
  gather detections cell/24/0/12/7: 14
  gather detections cell/24/0/12/8: 15
  gather detections cell/24/0/13/0: 26
  gather detections cell/24/0/13/1: 17
  gather detections cell/24/0/13/2: 16
  gather detections cell/24/0/13/3: 13
  gather detections cell/24/0/13/4: 15
  gather detections cell/24/0/13/5: 10
  gather detections cell/24/0/13/6: 17
  gather detections cell/24/0/13/7: 18
  gather detections cell/24/0/13/8: 14
  gather detections cell/24/1/0/0: 22
  gather detections cell/24/1/0/1: 1
  gather detections cell/24/1/0/2: 29
  gather detections cell/24/1/0/3: 25
  gather detections cell/24/1/0/4: 27
  gather detections cell/24/1/0/5: 26
  gather detections cell/24/1/0/6: 27
  gather detections cell/24/1/0/7: 44
  gather detections cell/24/1/0/8: 46
  gather detections cell/24/1/1/0: 15
  gather detections cell/24/1/1/1: 1
  gather detections cell/24/1/1/2: 18
  gather detections cell/24/1/1/3: 18
  gather detections cell/24/1/1/4: 18
  gather detections cell/24/1/1/5: 22
  gather detections cell/24/1/1/6: 20
  gather detections cell/24/1/1/7: 30
  gather detections cell/24/1/1/8: 31
  gather detections cell/24/1/2/0: 29
  gather detections cell/24/1/2/1: 4
  gather detections cell/24/1/2/2: 23
  gather detections cell/24/1/2/3: 24
  gather detections cell/24/1/2/4: 24
  gather detections cell/24/1/2/5: 21
  gather detections cell/24/1/2/6: 24
  gather detections cell/24/1/2/7: 25
  gather detections cell/24/1/2/8: 24
  gather detections cell/24/1/3/0: 20
  gather detections cell/24/1/3/1: 7
  gather detections cell/24/1/3/2: 24
  gather detections cell/24/1/3/3: 19
  gather detections cell/24/1/3/4: 16
  gather detections cell/24/1/3/5: 22
  gather detections cell/24/1/3/6: 17
  gather detections cell/24/1/3/7: 26
  gather detections cell/24/1/3/8: 21
  gather detections cell/24/1/4/0: 17
  gather detections cell/24/1/4/1: 10
  gather detections cell/24/1/4/2: 13
  gather detections cell/24/1/4/3: 13
  gather detections cell/24/1/4/4: 13
  gather detections cell/24/1/4/5: 10
  gather detections cell/24/1/4/6: 10
  gather detections cell/24/1/4/7: 23
  gather detections cell/24/1/4/8: 16
  gather detections cell/24/1/5/0: 12
  gather detections cell/24/1/5/1: 14
  gather detections cell/24/1/5/2: 14
  gather detections cell/24/1/5/3: 19
  gather detections cell/24/1/5/4: 20
  gather detections cell/24/1/5/5: 14
  gather detections cell/24/1/5/6: 21
  gather detections cell/24/1/5/7: 23
  gather detections cell/24/1/5/8: 32
  gather detections cell/24/1/6/0: 16
  gather detections cell/24/1/6/1: 16
  gather detections cell/24/1/6/2: 19
  gather detections cell/24/1/6/3: 15
  gather detections cell/24/1/6/4: 14
  gather detections cell/24/1/6/5: 15
  gather detections cell/24/1/6/6: 15
  gather detections cell/24/1/6/7: 20
  gather detections cell/24/1/6/8: 19
  gather detections cell/24/1/7/0: 20
  gather detections cell/24/1/7/1: 33
  gather detections cell/24/1/7/2: 22
  gather detections cell/24/1/7/3: 18
  gather detections cell/24/1/7/4: 20
  gather detections cell/24/1/7/5: 15
  gather detections cell/24/1/7/6: 16
  gather detections cell/24/1/7/7: 20
  gather detections cell/24/1/7/8: 22
  gather detections cell/24/1/8/0: 18
  gather detections cell/24/1/8/1: 18
  gather detections cell/24/1/8/2: 14
  gather detections cell/24/1/8/3: 16
  gather detections cell/24/1/8/4: 19
  gather detections cell/24/1/8/5: 17
  gather detections cell/24/1/8/6: 11
  gather detections cell/24/1/8/7: 18
  gather detections cell/24/1/8/8: 18
  gather detections cell/24/1/9/0: 21
  gather detections cell/24/1/9/1: 18
  gather detections cell/24/1/9/2: 23
  gather detections cell/24/1/9/3: 24
  gather detections cell/24/1/9/4: 11
  gather detections cell/24/1/9/5: 13
  gather detections cell/24/1/9/6: 8
  gather detections cell/24/1/9/7: 21
  gather detections cell/24/1/9/8: 17
  gather detections cell/24/1/10/0: 24
  gather detections cell/24/1/10/1: 26
  gather detections cell/24/1/10/2: 29
  gather detections cell/24/1/10/3: 25
  gather detections cell/24/1/10/4: 15
  gather detections cell/24/1/10/5: 12
  gather detections cell/24/1/10/6: 11
  gather detections cell/24/1/10/7: 11
  gather detections cell/24/1/10/8: 10
  gather detections cell/24/1/11/0: 18
  gather detections cell/24/1/11/1: 19
  gather detections cell/24/1/11/2: 20
  gather detections cell/24/1/11/3: 19
  gather detections cell/24/1/11/4: 12
  gather detections cell/24/1/11/5: 14
  gather detections cell/24/1/11/6: 14
  gather detections cell/24/1/11/7: 12
  gather detections cell/24/1/11/8: 12
  gather detections cell/24/1/12/0: 24
  gather detections cell/24/1/12/1: 17
  gather detections cell/24/1/12/2: 24
  gather detections cell/24/1/12/3: 16
  gather detections cell/24/1/12/4: 13
  gather detections cell/24/1/12/5: 21
  gather detections cell/24/1/12/6: 16
  gather detections cell/24/1/12/7: 16
  gather detections cell/24/1/12/8: 20
  gather detections cell/24/1/13/0: 14
  gather detections cell/24/1/13/1: 13
  gather detections cell/24/1/13/2: 10
  gather detections cell/24/1/13/3: 14
  gather detections cell/24/1/13/4: 20
  gather detections cell/24/1/13/5: 14
  gather detections cell/24/1/13/6: 17
  gather detections cell/24/1/13/7: 26
  gather detections cell/24/1/13/8: 23
  gather ink cell/24/0/0/0: 25 (summary row)
  gather ink cell/24/0/0/1: 20 (summary row)
  gather ink cell/24/0/0/2: 10 (summary row)
  gather ink cell/24/0/0/3: 12 (summary row)
  gather ink cell/24/0/0/4: 18 (summary row)
  gather ink cell/24/0/0/5: 13 (summary row)
  gather ink cell/24/0/0/6: 3 (summary row)
  gather ink cell/24/0/0/7: 3 (summary row)
  gather ink cell/24/0/0/8: 27 (summary row)
  gather ink cell/24/0/1/0: 43 (summary row)
  gather ink cell/24/0/1/1: 29 (summary row)
  gather ink cell/24/0/1/2: 9 (summary row)
  gather ink cell/24/0/1/3: 10 (summary row)
  gather ink cell/24/0/1/4: 19 (summary row)
  gather ink cell/24/0/1/5: 12 (summary row)
  gather ink cell/24/0/1/6: 3 (summary row)
  gather ink cell/24/0/1/7: 6 (summary row)
  gather ink cell/24/0/1/8: 23 (summary row)
  gather ink cell/24/0/2/0: 36 (summary row)
  gather ink cell/24/0/2/1: 15 (summary row)
  gather ink cell/24/0/2/2: 16 (summary row)
  gather ink cell/24/0/2/3: 10 (summary row)
  gather ink cell/24/0/2/4: 20 (summary row)
  gather ink cell/24/0/2/5: 16 (summary row)
  gather ink cell/24/0/2/6: 18 (summary row)
  gather ink cell/24/0/2/7: 15 (summary row)
  gather ink cell/24/0/2/8: 25 (summary row)
  gather ink cell/24/0/3/0: 37 (summary row)
  gather ink cell/24/0/3/1: 16 (summary row)
  gather ink cell/24/0/3/2: 19 (summary row)
  gather ink cell/24/0/3/3: 6 (summary row)
  gather ink cell/24/0/3/4: 14 (summary row)
  gather ink cell/24/0/3/5: 11 (summary row)
  gather ink cell/24/0/3/6: 3 (summary row)
  gather ink cell/24/0/3/7: 6 (summary row)
  gather ink cell/24/0/3/8: 17 (summary row)
  gather ink cell/24/0/4/0: 39 (summary row)
  gather ink cell/24/0/4/1: 25 (summary row)
  gather ink cell/24/0/4/2: 15 (summary row)
  gather ink cell/24/0/4/3: 16 (summary row)
  gather ink cell/24/0/4/4: 19 (summary row)
  gather ink cell/24/0/4/5: 13 (summary row)
  gather ink cell/24/0/4/6: 10 (summary row)
  gather ink cell/24/0/4/7: 17 (summary row)
  gather ink cell/24/0/4/8: 15 (summary row)
  gather ink cell/24/0/5/0: 18 (summary row)
  gather ink cell/24/0/5/1: 18 (summary row)
  gather ink cell/24/0/5/2: 13 (summary row)
  gather ink cell/24/0/5/3: 20 (summary row)
  gather ink cell/24/0/5/4: 18 (summary row)
  gather ink cell/24/0/5/5: 15 (summary row)
  gather ink cell/24/0/5/6: 21 (summary row)
  gather ink cell/24/0/5/7: 18 (summary row)
  gather ink cell/24/0/5/8: 9 (summary row)
  gather ink cell/24/0/6/0: 13 (summary row)
  gather ink cell/24/0/6/1: 12 (summary row)
  gather ink cell/24/0/6/2: 9 (summary row)
  gather ink cell/24/0/6/3: 7 (summary row)
  gather ink cell/24/0/6/4: 6 (summary row)
  gather ink cell/24/0/6/5: 3 (summary row)
  gather ink cell/24/0/6/6: 5 (summary row)
  gather ink cell/24/0/6/7: 8 (summary row)
  gather ink cell/24/0/6/8: 10 (summary row)
  gather ink cell/24/0/7/0: 6 (summary row)
  gather ink cell/24/0/7/1: 10 (summary row)
  gather ink cell/24/0/7/2: 11 (summary row)
  gather ink cell/24/0/7/3: 12 (summary row)
  gather ink cell/24/0/7/4: 11 (summary row)
  gather ink cell/24/0/7/5: 16 (summary row)
  gather ink cell/24/0/7/6: 17 (summary row)
  gather ink cell/24/0/7/7: 20 (summary row)
  gather ink cell/24/0/7/8: 18 (summary row)
  gather ink cell/24/0/8/0: 21 (summary row)
  gather ink cell/24/0/8/1: 15 (summary row)
  gather ink cell/24/0/8/2: 17 (summary row)
  gather ink cell/24/0/8/3: 19 (summary row)
  gather ink cell/24/0/8/4: 16 (summary row)
  gather ink cell/24/0/8/5: 20 (summary row)
  gather ink cell/24/0/8/6: 23 (summary row)
  gather ink cell/24/0/8/7: 25 (summary row)
  gather ink cell/24/0/8/8: 22 (summary row)
  gather ink cell/24/0/9/0: 26 (summary row)
  gather ink cell/24/0/9/1: 35 (summary row)
  gather ink cell/24/0/9/2: 19 (summary row)
  gather ink cell/24/0/9/3: 14 (summary row)
  gather ink cell/24/0/9/4: 9 (summary row)
  gather ink cell/24/0/9/5: 13 (summary row)
  gather ink cell/24/0/9/6: 21 (summary row)
  gather ink cell/24/0/9/7: 20 (summary row)
  gather ink cell/24/0/9/8: 14 (summary row)
  gather ink cell/24/0/10/0: 29 (summary row)
  gather ink cell/24/0/10/1: 27 (summary row)
  gather ink cell/24/0/10/2: 18 (summary row)
  gather ink cell/24/0/10/3: 13 (summary row)
  gather ink cell/24/0/10/4: 16 (summary row)
  gather ink cell/24/0/10/5: 18 (summary row)
  gather ink cell/24/0/10/6: 32 (summary row)
  gather ink cell/24/0/10/7: 32 (summary row)
  gather ink cell/24/0/10/8: 25 (summary row)
  gather ink cell/24/0/11/0: 27 (summary row)
  gather ink cell/24/0/11/1: 21 (summary row)
  gather ink cell/24/0/11/2: 16 (summary row)
  gather ink cell/24/0/11/3: 13 (summary row)
  gather ink cell/24/0/11/4: 13 (summary row)
  gather ink cell/24/0/11/5: 14 (summary row)
  gather ink cell/24/0/11/6: 25 (summary row)
  gather ink cell/24/0/11/7: 26 (summary row)
  gather ink cell/24/0/11/8: 21 (summary row)
  gather ink cell/24/0/12/0: 44 (summary row)
  gather ink cell/24/0/12/1: 20 (summary row)
  gather ink cell/24/0/12/2: 18 (summary row)
  gather ink cell/24/0/12/3: 21 (summary row)
  gather ink cell/24/0/12/4: 21 (summary row)
  gather ink cell/24/0/12/5: 12 (summary row)
  gather ink cell/24/0/12/6: 14 (summary row)
  gather ink cell/24/0/12/7: 17 (summary row)
  gather ink cell/24/0/12/8: 17 (summary row)
  gather ink cell/24/0/13/0: 32 (summary row)
  gather ink cell/24/0/13/1: 13 (summary row)
  gather ink cell/24/0/13/2: 14 (summary row)
  gather ink cell/24/0/13/3: 24 (summary row)
  gather ink cell/24/0/13/4: 30 (summary row)
  gather ink cell/24/0/13/5: 10 (summary row)
  gather ink cell/24/0/13/6: 13 (summary row)
  gather ink cell/24/0/13/7: 16 (summary row)
  gather ink cell/24/0/13/8: 10 (summary row)
  gather ink cell/24/1/0/0: 25 (summary row)
  gather ink cell/24/1/0/1: 3 (summary row)
  gather ink cell/24/1/0/2: 14 (summary row)
  gather ink cell/24/1/0/3: 14 (summary row)
  gather ink cell/24/1/0/4: 13 (summary row)
  gather ink cell/24/1/0/5: 13 (summary row)
  gather ink cell/24/1/0/6: 14 (summary row)
  gather ink cell/24/1/0/7: 21 (summary row)
  gather ink cell/24/1/0/8: 20 (summary row)
  gather ink cell/24/1/1/0: 52 (summary row)
  gather ink cell/24/1/1/1: 11 (summary row)
  gather ink cell/24/1/1/2: 21 (summary row)
  gather ink cell/24/1/1/3: 15 (summary row)
  gather ink cell/24/1/1/4: 14 (summary row)
  gather ink cell/24/1/1/5: 18 (summary row)
  gather ink cell/24/1/1/6: 12 (summary row)
  gather ink cell/24/1/1/7: 25 (summary row)
  gather ink cell/24/1/1/8: 22 (summary row)
  gather ink cell/24/1/2/0: 25 (summary row)
  gather ink cell/24/1/2/1: 3 (summary row)
  gather ink cell/24/1/2/2: 23 (summary row)
  gather ink cell/24/1/2/3: 17 (summary row)
  gather ink cell/24/1/2/4: 28 (summary row)
  gather ink cell/24/1/2/5: 18 (summary row)
  gather ink cell/24/1/2/6: 17 (summary row)
  gather ink cell/24/1/2/7: 21 (summary row)
  gather ink cell/24/1/2/8: 23 (summary row)
  gather ink cell/24/1/3/0: 29 (summary row)
  gather ink cell/24/1/3/1: 21 (summary row)
  gather ink cell/24/1/3/2: 20 (summary row)
  gather ink cell/24/1/3/3: 19 (summary row)
  gather ink cell/24/1/3/4: 10 (summary row)
  gather ink cell/24/1/3/5: 12 (summary row)
  gather ink cell/24/1/3/6: 15 (summary row)
  gather ink cell/24/1/3/7: 19 (summary row)
  gather ink cell/24/1/3/8: 16 (summary row)
  gather ink cell/24/1/4/0: 24 (summary row)
  gather ink cell/24/1/4/1: 12 (summary row)
  gather ink cell/24/1/4/2: 19 (summary row)
  gather ink cell/24/1/4/3: 20 (summary row)
  gather ink cell/24/1/4/4: 20 (summary row)
  gather ink cell/24/1/4/5: 15 (summary row)
  gather ink cell/24/1/4/6: 12 (summary row)
  gather ink cell/24/1/4/7: 18 (summary row)
  gather ink cell/24/1/4/8: 31 (summary row)
  gather ink cell/24/1/5/0: 18 (summary row)
  gather ink cell/24/1/5/1: 10 (summary row)
  gather ink cell/24/1/5/2: 17 (summary row)
  gather ink cell/24/1/5/3: 16 (summary row)
  gather ink cell/24/1/5/4: 19 (summary row)
  gather ink cell/24/1/5/5: 23 (summary row)
  gather ink cell/24/1/5/6: 22 (summary row)
  gather ink cell/24/1/5/7: 33 (summary row)
  gather ink cell/24/1/5/8: 20 (summary row)
  gather ink cell/24/1/6/0: 17 (summary row)
  gather ink cell/24/1/6/1: 11 (summary row)
  gather ink cell/24/1/6/2: 11 (summary row)
  gather ink cell/24/1/6/3: 15 (summary row)
  gather ink cell/24/1/6/4: 15 (summary row)
  gather ink cell/24/1/6/5: 12 (summary row)
  gather ink cell/24/1/6/6: 19 (summary row)
  gather ink cell/24/1/6/7: 24 (summary row)
  gather ink cell/24/1/6/8: 18 (summary row)
  gather ink cell/24/1/7/0: 16 (summary row)
  gather ink cell/24/1/7/1: 18 (summary row)
  gather ink cell/24/1/7/2: 19 (summary row)
  gather ink cell/24/1/7/3: 9 (summary row)
  gather ink cell/24/1/7/4: 10 (summary row)
  gather ink cell/24/1/7/5: 9 (summary row)
  gather ink cell/24/1/7/6: 17 (summary row)
  gather ink cell/24/1/7/7: 11 (summary row)
  gather ink cell/24/1/7/8: 19 (summary row)
  gather ink cell/24/1/8/0: 22 (summary row)
  gather ink cell/24/1/8/1: 16 (summary row)
  gather ink cell/24/1/8/2: 13 (summary row)
  gather ink cell/24/1/8/3: 13 (summary row)
  gather ink cell/24/1/8/4: 16 (summary row)
  gather ink cell/24/1/8/5: 17 (summary row)
  gather ink cell/24/1/8/6: 18 (summary row)
  gather ink cell/24/1/8/7: 18 (summary row)
  gather ink cell/24/1/8/8: 23 (summary row)
  gather ink cell/24/1/9/0: 25 (summary row)
  gather ink cell/24/1/9/1: 21 (summary row)
  gather ink cell/24/1/9/2: 15 (summary row)
  gather ink cell/24/1/9/3: 22 (summary row)
  gather ink cell/24/1/9/4: 29 (summary row)
  gather ink cell/24/1/9/5: 19 (summary row)
  gather ink cell/24/1/9/6: 13 (summary row)
  gather ink cell/24/1/9/7: 23 (summary row)
  gather ink cell/24/1/9/8: 27 (summary row)
  gather ink cell/24/1/10/0: 33 (summary row)
  gather ink cell/24/1/10/1: 40 (summary row)
  gather ink cell/24/1/10/2: 20 (summary row)
  gather ink cell/24/1/10/3: 16 (summary row)
  gather ink cell/24/1/10/4: 11 (summary row)
  gather ink cell/24/1/10/5: 13 (summary row)
  gather ink cell/24/1/10/6: 15 (summary row)
  gather ink cell/24/1/10/7: 14 (summary row)
  gather ink cell/24/1/10/8: 25 (summary row)
  gather ink cell/24/1/11/0: 28 (summary row)
  gather ink cell/24/1/11/1: 23 (summary row)
  gather ink cell/24/1/11/2: 24 (summary row)
  gather ink cell/24/1/11/3: 20 (summary row)
  gather ink cell/24/1/11/4: 17 (summary row)
  gather ink cell/24/1/11/5: 12 (summary row)
  gather ink cell/24/1/11/6: 28 (summary row)
  gather ink cell/24/1/11/7: 37 (summary row)
  gather ink cell/24/1/11/8: 21 (summary row)
  gather ink cell/24/1/12/0: 41 (summary row)
  gather ink cell/24/1/12/1: 28 (summary row)
  gather ink cell/24/1/12/2: 32 (summary row)
  gather ink cell/24/1/12/3: 32 (summary row)
  gather ink cell/24/1/12/4: 28 (summary row)
  gather ink cell/24/1/12/5: 19 (summary row)
  gather ink cell/24/1/12/6: 28 (summary row)
  gather ink cell/24/1/12/7: 16 (summary row)
  gather ink cell/24/1/12/8: 17 (summary row)
  gather ink cell/24/1/13/0: 20 (summary row)
  gather ink cell/24/1/13/1: 9 (summary row)
  gather ink cell/24/1/13/2: 10 (summary row)
  gather ink cell/24/1/13/3: 14 (summary row)
  gather ink cell/24/1/13/4: 20 (summary row)
  gather ink cell/24/1/13/5: 14 (summary row)
  gather ink cell/24/1/13/6: 15 (summary row)
  gather ink cell/24/1/13/7: 21 (summary row)
  gather ink cell/24/1/13/8: 21 (summary row)
  gather detections cell/25/0/0/0: 52
  gather detections cell/25/0/0/1: 38
  gather detections cell/25/0/0/2: 23
  gather detections cell/25/0/0/3: 3
  gather detections cell/25/0/0/4: 3
  gather detections cell/25/0/0/5: 2
  gather detections cell/25/0/0/6: 1
  gather detections cell/25/0/0/7: 15
  gather detections cell/25/0/0/8: 27
  gather detections cell/25/0/0/9: 22
  gather detections cell/25/0/1/0: 28
  gather detections cell/25/0/1/1: 45
  gather detections cell/25/0/1/2: 30
  gather detections cell/25/0/1/3: 1
  gather detections cell/25/0/1/4: 2
  gather detections cell/25/0/1/5: 2
  gather detections cell/25/0/1/6: 6
  gather detections cell/25/0/1/7: 4
  gather detections cell/25/0/1/8: 7
  gather detections cell/25/0/1/9: 5
  gather detections cell/25/0/2/0: 32
  gather detections cell/25/0/2/1: 38
  gather detections cell/25/0/2/2: 28
  gather detections cell/25/0/2/3: 3
  gather detections cell/25/0/2/4: 4
  gather detections cell/25/0/2/5: 5
  gather detections cell/25/0/2/6: 16
  gather detections cell/25/0/2/7: 17
  gather detections cell/25/0/2/8: 22
  gather detections cell/25/0/2/9: 19
  gather detections cell/25/0/3/0: 40
  gather detections cell/25/0/3/1: 25
  gather detections cell/25/0/3/2: 35
  gather detections cell/25/0/3/3: 24
  gather detections cell/25/0/3/4: 37
  gather detections cell/25/0/3/5: 24
  gather detections cell/25/0/3/6: 19
  gather detections cell/25/0/3/7: 21
  gather detections cell/25/0/3/8: 26
  gather detections cell/25/0/3/9: 21
  gather detections cell/25/0/4/0: 26
  gather detections cell/25/0/4/1: 18
  gather detections cell/25/0/4/2: 21
  gather detections cell/25/0/4/3: 12
  gather detections cell/25/0/4/4: 10
  gather detections cell/25/0/4/5: 7
  gather detections cell/25/0/4/6: 5
  gather detections cell/25/0/4/7: 5
  gather detections cell/25/0/4/8: 10
  gather detections cell/25/0/4/9: 8
  gather detections cell/25/0/5/0: 10
  gather detections cell/25/0/5/1: 18
  gather detections cell/25/0/5/2: 25
  gather detections cell/25/0/5/3: 3
  gather detections cell/25/0/5/4: 7
  gather detections cell/25/0/5/5: 3
  gather detections cell/25/0/5/6: 3
  gather detections cell/25/0/5/7: 5
  gather detections cell/25/0/5/8: 2
  gather detections cell/25/0/5/9: 7
  gather detections cell/25/0/6/0: 16
  gather detections cell/25/0/6/1: 24
  gather detections cell/25/0/6/2: 17
  gather detections cell/25/0/6/3: 2
  gather detections cell/25/0/6/4: 5
  gather detections cell/25/0/6/5: 23
  gather detections cell/25/0/6/6: 19
  gather detections cell/25/0/6/7: 21
  gather detections cell/25/0/6/8: 22
  gather detections cell/25/0/6/9: 19
  gather detections cell/25/0/7/0: 11
  gather detections cell/25/0/7/1: 15
  gather detections cell/25/0/7/2: 18
  gather detections cell/25/0/7/3: 3
  gather detections cell/25/0/7/4: 2
  gather detections cell/25/0/7/5: 3
  gather detections cell/25/0/7/6: 1
  gather detections cell/25/0/7/7: 3
  gather detections cell/25/0/7/8: 4
  gather detections cell/25/0/7/9: 6
  gather detections cell/25/0/8/0: 14
  gather detections cell/25/0/8/1: 18
  gather detections cell/25/0/8/2: 20
  gather detections cell/25/0/8/3: 3
  gather detections cell/25/0/8/4: 1
  gather detections cell/25/0/8/5: 4
  gather detections cell/25/0/8/6: 5
  gather detections cell/25/0/8/7: 8
  gather detections cell/25/0/8/8: 8
  gather detections cell/25/0/8/9: 2
  gather detections cell/25/0/9/0: 20
  gather detections cell/25/0/9/1: 24
  gather detections cell/25/0/9/2: 33
  gather detections cell/25/0/9/3: 15
  gather detections cell/25/0/9/4: 15
  gather detections cell/25/0/9/5: 15
  gather detections cell/25/0/9/6: 18
  gather detections cell/25/0/9/7: 13
  gather detections cell/25/0/9/8: 18
  gather detections cell/25/0/9/9: 9
  gather detections cell/25/0/10/0: 16
  gather detections cell/25/0/10/1: 25
  gather detections cell/25/0/10/2: 22
  gather detections cell/25/0/10/3: 22
  gather detections cell/25/0/10/4: 24
  gather detections cell/25/0/10/5: 11
  gather detections cell/25/0/10/6: 27
  gather detections cell/25/0/10/7: 15
  gather detections cell/25/0/10/8: 21
  gather detections cell/25/0/10/9: 9
  gather detections cell/25/0/11/0: 17
  gather detections cell/25/0/11/1: 26
  gather detections cell/25/0/11/2: 21
  gather detections cell/25/0/11/3: 19
  gather detections cell/25/0/11/4: 24
  gather detections cell/25/0/11/5: 24
  gather detections cell/25/0/11/6: 21
  gather detections cell/25/0/11/7: 21
  gather detections cell/25/0/11/8: 26
  gather detections cell/25/0/11/9: 20
  gather detections cell/25/0/12/0: 24
  gather detections cell/25/0/12/1: 15
  gather detections cell/25/0/12/2: 21
  gather detections cell/25/0/12/3: 22
  gather detections cell/25/0/12/4: 22
  gather detections cell/25/0/12/5: 22
  gather detections cell/25/0/12/6: 23
  gather detections cell/25/0/12/7: 20
  gather detections cell/25/0/12/8: 25
  gather detections cell/25/0/12/9: 19
  gather detections cell/25/0/13/0: 19
  gather detections cell/25/0/13/1: 18
  gather detections cell/25/0/13/2: 22
  gather detections cell/25/0/13/3: 16
  gather detections cell/25/0/13/4: 19
  gather detections cell/25/0/13/5: 22
  gather detections cell/25/0/13/6: 12
  gather detections cell/25/0/13/7: 11
  gather detections cell/25/0/13/8: 16
  gather detections cell/25/0/13/9: 9
  gather detections cell/25/1/0/0: 27
  gather detections cell/25/1/0/1: 27
  gather detections cell/25/1/0/2: 22
  gather detections cell/25/1/0/3: 16
  gather detections cell/25/1/0/4: 18
  gather detections cell/25/1/0/5: 23
  gather detections cell/25/1/0/6: 15
  gather detections cell/25/1/0/7: 23
  gather detections cell/25/1/0/8: 13
  gather detections cell/25/1/0/9: 19
  gather detections cell/25/1/1/0: 11
  gather detections cell/25/1/1/1: 4
  gather detections cell/25/1/1/2: 6
  gather detections cell/25/1/1/3: 7
  gather detections cell/25/1/1/4: 19
  gather detections cell/25/1/1/5: 16
  gather detections cell/25/1/1/6: 19
  gather detections cell/25/1/1/7: 20
  gather detections cell/25/1/1/8: 9
  gather detections cell/25/1/1/9: 5
  gather detections cell/25/1/2/0: 29
  gather detections cell/25/1/2/1: 20
  gather detections cell/25/1/2/2: 20
  gather detections cell/25/1/2/3: 14
  gather detections cell/25/1/2/4: 18
  gather detections cell/25/1/2/5: 12
  gather detections cell/25/1/2/6: 17
  gather detections cell/25/1/2/7: 17
  gather detections cell/25/1/2/8: 18
  gather detections cell/25/1/2/9: 21
  gather detections cell/25/1/3/0: 24
  gather detections cell/25/1/3/1: 19
  gather detections cell/25/1/3/2: 20
  gather detections cell/25/1/3/3: 12
  gather detections cell/25/1/3/4: 9
  gather detections cell/25/1/3/5: 12
  gather detections cell/25/1/3/6: 19
  gather detections cell/25/1/3/7: 14
  gather detections cell/25/1/3/8: 15
  gather detections cell/25/1/3/9: 10
  gather detections cell/25/1/4/0: 15
  gather detections cell/25/1/4/1: 10
  gather detections cell/25/1/4/2: 13
  gather detections cell/25/1/4/3: 7
  gather detections cell/25/1/4/4: 5
  gather detections cell/25/1/4/5: 7
  gather detections cell/25/1/4/6: 8
  gather detections cell/25/1/4/7: 8
  gather detections cell/25/1/4/8: 11
  gather detections cell/25/1/4/9: 9
  gather detections cell/25/1/5/0: 7
  gather detections cell/25/1/5/1: 7
  gather detections cell/25/1/5/2: 7
  gather detections cell/25/1/5/3: 10
  gather detections cell/25/1/5/4: 13
  gather detections cell/25/1/5/5: 20
  gather detections cell/25/1/5/6: 17
  gather detections cell/25/1/5/7: 21
  gather detections cell/25/1/5/8: 14
  gather detections cell/25/1/5/9: 10
  gather detections cell/25/1/6/0: 26
  gather detections cell/25/1/6/1: 15
  gather detections cell/25/1/6/2: 17
  gather detections cell/25/1/6/3: 19
  gather detections cell/25/1/6/4: 16
  gather detections cell/25/1/6/5: 14
  gather detections cell/25/1/6/6: 12
  gather detections cell/25/1/6/7: 13
  gather detections cell/25/1/6/8: 4
  gather detections cell/25/1/6/9: 5
  gather detections cell/25/1/7/0: 15
  gather detections cell/25/1/7/1: 15
  gather detections cell/25/1/7/2: 13
  gather detections cell/25/1/7/3: 15
  gather detections cell/25/1/7/4: 18
  gather detections cell/25/1/7/5: 19
  gather detections cell/25/1/7/6: 21
  gather detections cell/25/1/7/7: 17
  gather detections cell/25/1/7/8: 9
  gather detections cell/25/1/7/9: 9
  gather detections cell/25/1/8/0: 25
  gather detections cell/25/1/8/1: 18
  gather detections cell/25/1/8/2: 15
  gather detections cell/25/1/8/3: 15
  gather detections cell/25/1/8/4: 11
  gather detections cell/25/1/8/5: 15
  gather detections cell/25/1/8/6: 20
  gather detections cell/25/1/8/7: 8
  gather detections cell/25/1/8/8: 11
  gather detections cell/25/1/8/9: 5
  gather detections cell/25/1/9/0: 37
  gather detections cell/25/1/9/1: 22
  gather detections cell/25/1/9/2: 22
  gather detections cell/25/1/9/3: 20
  gather detections cell/25/1/9/4: 15
  gather detections cell/25/1/9/5: 10
  gather detections cell/25/1/9/6: 11
  gather detections cell/25/1/9/7: 11
  gather detections cell/25/1/9/8: 8
  gather detections cell/25/1/9/9: 9
  gather detections cell/25/1/10/0: 36
  gather detections cell/25/1/10/1: 21
  gather detections cell/25/1/10/2: 19
  gather detections cell/25/1/10/3: 18
  gather detections cell/25/1/10/4: 20
  gather detections cell/25/1/10/5: 20
  gather detections cell/25/1/10/6: 26
  gather detections cell/25/1/10/7: 19
  gather detections cell/25/1/10/8: 24
  gather detections cell/25/1/10/9: 15
  gather detections cell/25/1/11/0: 21
  gather detections cell/25/1/11/1: 7
  gather detections cell/25/1/11/2: 9
  gather detections cell/25/1/11/3: 8
  gather detections cell/25/1/11/4: 12
  gather detections cell/25/1/11/5: 9
  gather detections cell/25/1/11/6: 11
  gather detections cell/25/1/11/7: 13
  gather detections cell/25/1/11/8: 11
  gather detections cell/25/1/11/9: 7
  gather ink cell/25/0/0/0: 29 (summary row)
  gather ink cell/25/0/0/1: 25 (summary row)
  gather ink cell/25/0/0/2: 19 (summary row)
  gather ink cell/25/0/0/3: 7 (summary row)
  gather ink cell/25/0/0/4: 4 (summary row)
  gather ink cell/25/0/0/5: 2 (summary row)
  gather ink cell/25/0/0/6: 2 (summary row)
  gather ink cell/25/0/0/7: 23 (summary row)
  gather ink cell/25/0/0/8: 27 (summary row)
  gather ink cell/25/0/0/9: 26 (summary row)
  gather ink cell/25/0/1/0: 27 (summary row)
  gather ink cell/25/0/1/1: 30 (summary row)
  gather ink cell/25/0/1/2: 17 (summary row)
  gather ink cell/25/0/1/3: 3 (summary row)
  gather ink cell/25/0/1/4: 2 (summary row)
  gather ink cell/25/0/1/5: 3 (summary row)
  gather ink cell/25/0/1/6: 7 (summary row)
  gather ink cell/25/0/1/7: 23 (summary row)
  gather ink cell/25/0/1/8: 13 (summary row)
  gather ink cell/25/0/1/9: 12 (summary row)
  gather ink cell/25/0/2/0: 29 (summary row)
  gather ink cell/25/0/2/1: 23 (summary row)
  gather ink cell/25/0/2/2: 29 (summary row)
  gather ink cell/25/0/2/3: 7 (summary row)
  gather ink cell/25/0/2/4: 5 (summary row)
  gather ink cell/25/0/2/5: 8 (summary row)
  gather ink cell/25/0/2/6: 36 (summary row)
  gather ink cell/25/0/2/7: 19 (summary row)
  gather ink cell/25/0/2/8: 29 (summary row)
  gather ink cell/25/0/2/9: 26 (summary row)
  gather ink cell/25/0/3/0: 42 (summary row)
  gather ink cell/25/0/3/1: 23 (summary row)
  gather ink cell/25/0/3/2: 38 (summary row)
  gather ink cell/25/0/3/3: 17 (summary row)
  gather ink cell/25/0/3/4: 29 (summary row)
  gather ink cell/25/0/3/5: 30 (summary row)
  gather ink cell/25/0/3/6: 24 (summary row)
  gather ink cell/25/0/3/7: 14 (summary row)
  gather ink cell/25/0/3/8: 41 (summary row)
  gather ink cell/25/0/3/9: 29 (summary row)
  gather ink cell/25/0/4/0: 32 (summary row)
  gather ink cell/25/0/4/1: 13 (summary row)
  gather ink cell/25/0/4/2: 32 (summary row)
  gather ink cell/25/0/4/3: 15 (summary row)
  gather ink cell/25/0/4/4: 26 (summary row)
  gather ink cell/25/0/4/5: 18 (summary row)
  gather ink cell/25/0/4/6: 4 (summary row)
  gather ink cell/25/0/4/7: 5 (summary row)
  gather ink cell/25/0/4/8: 20 (summary row)
  gather ink cell/25/0/4/9: 14 (summary row)
  gather ink cell/25/0/5/0: 33 (summary row)
  gather ink cell/25/0/5/1: 17 (summary row)
  gather ink cell/25/0/5/2: 31 (summary row)
  gather ink cell/25/0/5/3: 9 (summary row)
  gather ink cell/25/0/5/4: 3 (summary row)
  gather ink cell/25/0/5/5: 4 (summary row)
  gather ink cell/25/0/5/6: 3 (summary row)
  gather ink cell/25/0/5/7: 3 (summary row)
  gather ink cell/25/0/5/8: 4 (summary row)
  gather ink cell/25/0/5/9: 5 (summary row)
  gather ink cell/25/0/6/0: 48 (summary row)
  gather ink cell/25/0/6/1: 33 (summary row)
  gather ink cell/25/0/6/2: 24 (summary row)
  gather ink cell/25/0/6/3: 2 (summary row)
  gather ink cell/25/0/6/4: 3 (summary row)
  gather ink cell/25/0/6/5: 13 (summary row)
  gather ink cell/25/0/6/6: 11 (summary row)
  gather ink cell/25/0/6/7: 15 (summary row)
  gather ink cell/25/0/6/8: 27 (summary row)
  gather ink cell/25/0/6/9: 26 (summary row)
  gather ink cell/25/0/7/0: 43 (summary row)
  gather ink cell/25/0/7/1: 29 (summary row)
  gather ink cell/25/0/7/2: 28 (summary row)
  gather ink cell/25/0/7/3: 7 (summary row)
  gather ink cell/25/0/7/4: 4 (summary row)
  gather ink cell/25/0/7/5: 20 (summary row)
  gather ink cell/25/0/7/6: 14 (summary row)
  gather ink cell/25/0/7/7: 4 (summary row)
  gather ink cell/25/0/7/8: 12 (summary row)
  gather ink cell/25/0/7/9: 13 (summary row)
  gather ink cell/25/0/8/0: 25 (summary row)
  gather ink cell/25/0/8/1: 14 (summary row)
  gather ink cell/25/0/8/2: 20 (summary row)
  gather ink cell/25/0/8/3: 8 (summary row)
  gather ink cell/25/0/8/4: 4 (summary row)
  gather ink cell/25/0/8/5: 2 (summary row)
  gather ink cell/25/0/8/6: 9 (summary row)
  gather ink cell/25/0/8/7: 5 (summary row)
  gather ink cell/25/0/8/8: 5 (summary row)
  gather ink cell/25/0/8/9: 5 (summary row)
  gather ink cell/25/0/9/0: 26 (summary row)
  gather ink cell/25/0/9/1: 15 (summary row)
  gather ink cell/25/0/9/2: 33 (summary row)
  gather ink cell/25/0/9/3: 27 (summary row)
  gather ink cell/25/0/9/4: 20 (summary row)
  gather ink cell/25/0/9/5: 10 (summary row)
  gather ink cell/25/0/9/6: 35 (summary row)
  gather ink cell/25/0/9/7: 11 (summary row)
  gather ink cell/25/0/9/8: 23 (summary row)
  gather ink cell/25/0/9/9: 18 (summary row)
  gather ink cell/25/0/10/0: 32 (summary row)
  gather ink cell/25/0/10/1: 13 (summary row)
  gather ink cell/25/0/10/2: 44 (summary row)
  gather ink cell/25/0/10/3: 32 (summary row)
  gather ink cell/25/0/10/4: 34 (summary row)
  gather ink cell/25/0/10/5: 15 (summary row)
  gather ink cell/25/0/10/6: 47 (summary row)
  gather ink cell/25/0/10/7: 21 (summary row)
  gather ink cell/25/0/10/8: 35 (summary row)
  gather ink cell/25/0/10/9: 29 (summary row)
  gather ink cell/25/0/11/0: 29 (summary row)
  gather ink cell/25/0/11/1: 23 (summary row)
  gather ink cell/25/0/11/2: 18 (summary row)
  gather ink cell/25/0/11/3: 40 (summary row)
  gather ink cell/25/0/11/4: 41 (summary row)
  gather ink cell/25/0/11/5: 31 (summary row)
  gather ink cell/25/0/11/6: 28 (summary row)
  gather ink cell/25/0/11/7: 31 (summary row)
  gather ink cell/25/0/11/8: 41 (summary row)
  gather ink cell/25/0/11/9: 33 (summary row)
  gather ink cell/25/0/12/0: 41 (summary row)
  gather ink cell/25/0/12/1: 29 (summary row)
  gather ink cell/25/0/12/2: 22 (summary row)
  gather ink cell/25/0/12/3: 52 (summary row)
  gather ink cell/25/0/12/4: 47 (summary row)
  gather ink cell/25/0/12/5: 19 (summary row)
  gather ink cell/25/0/12/6: 17 (summary row)
  gather ink cell/25/0/12/7: 16 (summary row)
  gather ink cell/25/0/12/8: 39 (summary row)
  gather ink cell/25/0/12/9: 34 (summary row)
  gather ink cell/25/0/13/0: 41 (summary row)
  gather ink cell/25/0/13/1: 20 (summary row)
  gather ink cell/25/0/13/2: 17 (summary row)
  gather ink cell/25/0/13/3: 26 (summary row)
  gather ink cell/25/0/13/4: 29 (summary row)
  gather ink cell/25/0/13/5: 17 (summary row)
  gather ink cell/25/0/13/6: 15 (summary row)
  gather ink cell/25/0/13/7: 11 (summary row)
  gather ink cell/25/0/13/8: 38 (summary row)
  gather ink cell/25/0/13/9: 28 (summary row)
  gather ink cell/25/1/0/0: 24 (summary row)
  gather ink cell/25/1/0/1: 21 (summary row)
  gather ink cell/25/1/0/2: 18 (summary row)
  gather ink cell/25/1/0/3: 9 (summary row)
  gather ink cell/25/1/0/4: 10 (summary row)
  gather ink cell/25/1/0/5: 9 (summary row)
  gather ink cell/25/1/0/6: 12 (summary row)
  gather ink cell/25/1/0/7: 14 (summary row)
  gather ink cell/25/1/0/8: 17 (summary row)
  gather ink cell/25/1/0/9: 7 (summary row)
  gather ink cell/25/1/1/0: 15 (summary row)
  gather ink cell/25/1/1/1: 20 (summary row)
  gather ink cell/25/1/1/2: 14 (summary row)
  gather ink cell/25/1/1/3: 7 (summary row)
  gather ink cell/25/1/1/4: 11 (summary row)
  gather ink cell/25/1/1/5: 21 (summary row)
  gather ink cell/25/1/1/6: 9 (summary row)
  gather ink cell/25/1/1/7: 15 (summary row)
  gather ink cell/25/1/1/8: 26 (summary row)
  gather ink cell/25/1/1/9: 5 (summary row)
  gather ink cell/25/1/2/0: 24 (summary row)
  gather ink cell/25/1/2/1: 22 (summary row)
  gather ink cell/25/1/2/2: 19 (summary row)
  gather ink cell/25/1/2/3: 9 (summary row)
  gather ink cell/25/1/2/4: 13 (summary row)
  gather ink cell/25/1/2/5: 32 (summary row)
  gather ink cell/25/1/2/6: 11 (summary row)
  gather ink cell/25/1/2/7: 12 (summary row)
  gather ink cell/25/1/2/8: 30 (summary row)
  gather ink cell/25/1/2/9: 12 (summary row)
  gather ink cell/25/1/3/0: 41 (summary row)
  gather ink cell/25/1/3/1: 16 (summary row)
  gather ink cell/25/1/3/2: 15 (summary row)
  gather ink cell/25/1/3/3: 26 (summary row)
  gather ink cell/25/1/3/4: 19 (summary row)
  gather ink cell/25/1/3/5: 16 (summary row)
  gather ink cell/25/1/3/6: 14 (summary row)
  gather ink cell/25/1/3/7: 13 (summary row)
  gather ink cell/25/1/3/8: 16 (summary row)
  gather ink cell/25/1/3/9: 6 (summary row)
  gather ink cell/25/1/4/0: 24 (summary row)
  gather ink cell/25/1/4/1: 7 (summary row)
  gather ink cell/25/1/4/2: 4 (summary row)
  gather ink cell/25/1/4/3: 8 (summary row)
  gather ink cell/25/1/4/4: 12 (summary row)
  gather ink cell/25/1/4/5: 4 (summary row)
  gather ink cell/25/1/4/6: 6 (summary row)
  gather ink cell/25/1/4/7: 2 (summary row)
  gather ink cell/25/1/4/8: 4 (summary row)
  gather ink cell/25/1/4/9: 4 (summary row)
  gather ink cell/25/1/5/0: 17 (summary row)
  gather ink cell/25/1/5/1: 2 (summary row)
  gather ink cell/25/1/5/2: 3 (summary row)
  gather ink cell/25/1/5/3: 9 (summary row)
  gather ink cell/25/1/5/4: 12 (summary row)
  gather ink cell/25/1/5/5: 10 (summary row)
  gather ink cell/25/1/5/6: 11 (summary row)
  gather ink cell/25/1/5/7: 14 (summary row)
  gather ink cell/25/1/5/8: 18 (summary row)
  gather ink cell/25/1/5/9: 17 (summary row)
  gather ink cell/25/1/6/0: 27 (summary row)
  gather ink cell/25/1/6/1: 10 (summary row)
  gather ink cell/25/1/6/2: 16 (summary row)
  gather ink cell/25/1/6/3: 22 (summary row)
  gather ink cell/25/1/6/4: 15 (summary row)
  gather ink cell/25/1/6/5: 10 (summary row)
  gather ink cell/25/1/6/6: 10 (summary row)
  gather ink cell/25/1/6/7: 14 (summary row)
  gather ink cell/25/1/6/8: 11 (summary row)
  gather ink cell/25/1/6/9: 8 (summary row)
  gather ink cell/25/1/7/0: 20 (summary row)
  gather ink cell/25/1/7/1: 11 (summary row)
  gather ink cell/25/1/7/2: 9 (summary row)
  gather ink cell/25/1/7/3: 14 (summary row)
  gather ink cell/25/1/7/4: 9 (summary row)
  gather ink cell/25/1/7/5: 7 (summary row)
  gather ink cell/25/1/7/6: 7 (summary row)
  gather ink cell/25/1/7/7: 6 (summary row)
  gather ink cell/25/1/7/8: 6 (summary row)
  gather ink cell/25/1/7/9: 9 (summary row)
  gather ink cell/25/1/8/0: 26 (summary row)
  gather ink cell/25/1/8/1: 16 (summary row)
  gather ink cell/25/1/8/2: 16 (summary row)
  gather ink cell/25/1/8/3: 14 (summary row)
  gather ink cell/25/1/8/4: 18 (summary row)
  gather ink cell/25/1/8/5: 18 (summary row)
  gather ink cell/25/1/8/6: 10 (summary row)
  gather ink cell/25/1/8/7: 6 (summary row)
  gather ink cell/25/1/8/8: 8 (summary row)
  gather ink cell/25/1/8/9: 6 (summary row)
  gather ink cell/25/1/9/0: 26 (summary row)
  gather ink cell/25/1/9/1: 20 (summary row)
  gather ink cell/25/1/9/2: 30 (summary row)
  gather ink cell/25/1/9/3: 22 (summary row)
  gather ink cell/25/1/9/4: 20 (summary row)
  gather ink cell/25/1/9/5: 10 (summary row)
  gather ink cell/25/1/9/6: 25 (summary row)
  gather ink cell/25/1/9/7: 13 (summary row)
  gather ink cell/25/1/9/8: 8 (summary row)
  gather ink cell/25/1/9/9: 7 (summary row)
  gather ink cell/25/1/10/0: 32 (summary row)
  gather ink cell/25/1/10/1: 20 (summary row)
  gather ink cell/25/1/10/2: 16 (summary row)
  gather ink cell/25/1/10/3: 25 (summary row)
  gather ink cell/25/1/10/4: 24 (summary row)
  gather ink cell/25/1/10/5: 15 (summary row)
  gather ink cell/25/1/10/6: 15 (summary row)
  gather ink cell/25/1/10/7: 29 (summary row)
  gather ink cell/25/1/10/8: 27 (summary row)
  gather ink cell/25/1/10/9: 15 (summary row)
  gather ink cell/25/1/11/0: 24 (summary row)
  gather ink cell/25/1/11/1: 15 (summary row)
  gather ink cell/25/1/11/2: 9 (summary row)
  gather ink cell/25/1/11/3: 11 (summary row)
  gather ink cell/25/1/11/4: 19 (summary row)
  gather ink cell/25/1/11/5: 11 (summary row)
  gather ink cell/25/1/11/6: 10 (summary row)
  gather ink cell/25/1/11/7: 27 (summary row)
  gather ink cell/25/1/11/8: 23 (summary row)
  gather ink cell/25/1/11/9: 8 (summary row)
  gather detections cell/26/0/0/0: 22
  gather detections cell/26/0/0/1: 16
  gather detections cell/26/0/0/2: 12
  gather detections cell/26/0/0/3: 13
  gather detections cell/26/0/0/4: 4
  gather detections cell/26/0/0/5: 19
  gather detections cell/26/0/0/6: 16
  gather detections cell/26/0/0/7: 21
  gather detections cell/26/0/0/8: 8
  gather detections cell/26/0/1/0: 12
  gather detections cell/26/0/1/1: 9
  gather detections cell/26/0/1/2: 5
  gather detections cell/26/0/1/3: 10
  gather detections cell/26/0/1/4: 12
  gather detections cell/26/0/1/5: 17
  gather detections cell/26/0/1/6: 17
  gather detections cell/26/0/1/7: 17
  gather detections cell/26/0/1/8: 12
  gather detections cell/26/0/2/0: 13
  gather detections cell/26/0/2/1: 15
  gather detections cell/26/0/2/2: 11
  gather detections cell/26/0/2/3: 20
  gather detections cell/26/0/2/4: 22
  gather detections cell/26/0/2/5: 14
  gather detections cell/26/0/2/6: 4
  gather detections cell/26/0/2/7: 16
  gather detections cell/26/0/2/8: 21
  gather detections cell/26/0/3/0: 13
  gather detections cell/26/0/3/1: 11
  gather detections cell/26/0/3/2: 6
  gather detections cell/26/0/3/3: 14
  gather detections cell/26/0/3/4: 17
  gather detections cell/26/0/3/5: 18
  gather detections cell/26/0/3/6: 16
  gather detections cell/26/0/3/7: 18
  gather detections cell/26/0/3/8: 22
  gather detections cell/26/0/4/0: 11
  gather detections cell/26/0/4/1: 5
  gather detections cell/26/0/4/2: 8
  gather detections cell/26/0/4/3: 15
  gather detections cell/26/0/4/4: 15
  gather detections cell/26/0/4/5: 16
  gather detections cell/26/0/4/6: 16
  gather detections cell/26/0/4/7: 17
  gather detections cell/26/0/4/8: 18
  gather detections cell/26/0/5/0: 10
  gather detections cell/26/0/5/1: 13
  gather detections cell/26/0/5/2: 16
  gather detections cell/26/0/5/3: 25
  gather detections cell/26/0/5/4: 28
  gather detections cell/26/0/5/5: 32
  gather detections cell/26/0/5/6: 25
  gather detections cell/26/0/5/7: 32
  gather detections cell/26/0/5/8: 28
  gather detections cell/26/0/6/0: 5
  gather detections cell/26/0/6/1: 8
  gather detections cell/26/0/6/2: 2
  gather detections cell/26/0/6/3: 17
  gather detections cell/26/0/6/4: 17
  gather detections cell/26/0/6/5: 20
  gather detections cell/26/0/6/6: 17
  gather detections cell/26/0/6/7: 23
  gather detections cell/26/0/6/8: 17
  gather detections cell/26/0/7/0: 7
  gather detections cell/26/0/7/1: 6
  gather detections cell/26/0/7/2: 10
  gather detections cell/26/0/7/3: 12
  gather detections cell/26/0/7/4: 8
  gather detections cell/26/0/7/5: 19
  gather detections cell/26/0/7/6: 21
  gather detections cell/26/0/7/7: 21
  gather detections cell/26/0/7/8: 10
  gather detections cell/26/0/8/0: 8
  gather detections cell/26/0/8/1: 9
  gather detections cell/26/0/8/2: 14
  gather detections cell/26/0/8/3: 12
  gather detections cell/26/0/8/4: 9
  gather detections cell/26/0/8/5: 14
  gather detections cell/26/0/8/6: 20
  gather detections cell/26/0/8/7: 22
  gather detections cell/26/0/8/8: 13
  gather detections cell/26/0/9/0: 18
  gather detections cell/26/0/9/1: 10
  gather detections cell/26/0/9/2: 9
  gather detections cell/26/0/9/3: 15
  gather detections cell/26/0/9/4: 4
  gather detections cell/26/0/9/5: 9
  gather detections cell/26/0/9/6: 14
  gather detections cell/26/0/9/7: 17
  gather detections cell/26/0/9/8: 8
  gather detections cell/26/0/10/0: 23
  gather detections cell/26/0/10/1: 20
  gather detections cell/26/0/10/2: 6
  gather detections cell/26/0/10/3: 16
  gather detections cell/26/0/10/4: 4
  gather detections cell/26/0/10/5: 12
  gather detections cell/26/0/10/6: 12
  gather detections cell/26/0/10/7: 12
  gather detections cell/26/0/10/8: 4
  gather detections cell/26/0/11/0: 18
  gather detections cell/26/0/11/1: 15
  gather detections cell/26/0/11/2: 6
  gather detections cell/26/0/11/3: 12
  gather detections cell/26/0/11/4: 6
  gather detections cell/26/0/11/5: 15
  gather detections cell/26/0/11/6: 18
  gather detections cell/26/0/11/7: 15
  gather detections cell/26/0/11/8: 11
  gather detections cell/26/0/12/0: 13
  gather detections cell/26/0/12/1: 17
  gather detections cell/26/0/12/2: 7
  gather detections cell/26/0/12/3: 14
  gather detections cell/26/0/12/4: 9
  gather detections cell/26/0/12/5: 17
  gather detections cell/26/0/12/6: 14
  gather detections cell/26/0/12/7: 16
  gather detections cell/26/0/12/8: 9
  gather detections cell/26/1/0/0: 9
  gather detections cell/26/1/0/1: 3
  gather detections cell/26/1/0/2: 4
  gather detections cell/26/1/0/3: 22
  gather detections cell/26/1/0/4: 31
  gather detections cell/26/1/0/5: 31
  gather detections cell/26/1/0/6: 24
  gather detections cell/26/1/0/7: 20
  gather detections cell/26/1/0/8: 11
  gather detections cell/26/1/0/9: 12
  gather detections cell/26/1/0/10: 12
  gather detections cell/26/1/1/0: 19
  gather detections cell/26/1/1/1: 14
  gather detections cell/26/1/1/2: 4
  gather detections cell/26/1/1/3: 22
  gather detections cell/26/1/1/4: 28
  gather detections cell/26/1/1/5: 25
  gather detections cell/26/1/1/6: 19
  gather detections cell/26/1/1/7: 24
  gather detections cell/26/1/1/8: 12
  gather detections cell/26/1/1/9: 13
  gather detections cell/26/1/1/10: 13
  gather detections cell/26/1/2/0: 25
  gather detections cell/26/1/2/1: 8
  gather detections cell/26/1/2/2: 19
  gather detections cell/26/1/2/3: 29
  gather detections cell/26/1/2/4: 27
  gather detections cell/26/1/2/5: 24
  gather detections cell/26/1/2/6: 22
  gather detections cell/26/1/2/7: 19
  gather detections cell/26/1/2/8: 11
  gather detections cell/26/1/2/9: 7
  gather detections cell/26/1/2/10: 10
  gather detections cell/26/1/3/0: 19
  gather detections cell/26/1/3/1: 9
  gather detections cell/26/1/3/2: 23
  gather detections cell/26/1/3/3: 26
  gather detections cell/26/1/3/4: 17
  gather detections cell/26/1/3/5: 17
  gather detections cell/26/1/3/6: 21
  gather detections cell/26/1/3/7: 19
  gather detections cell/26/1/3/8: 9
  gather detections cell/26/1/3/9: 15
  gather detections cell/26/1/3/10: 9
  gather detections cell/26/1/4/0: 17
  gather detections cell/26/1/4/1: 14
  gather detections cell/26/1/4/2: 20
  gather detections cell/26/1/4/3: 12
  gather detections cell/26/1/4/4: 16
  gather detections cell/26/1/4/5: 18
  gather detections cell/26/1/4/6: 8
  gather detections cell/26/1/4/7: 10
  gather detections cell/26/1/4/8: 9
  gather detections cell/26/1/4/9: 10
  gather detections cell/26/1/4/10: 7
  gather detections cell/26/1/5/0: 21
  gather detections cell/26/1/5/1: 21
  gather detections cell/26/1/5/2: 31
  gather detections cell/26/1/5/3: 26
  gather detections cell/26/1/5/4: 26
  gather detections cell/26/1/5/5: 24
  gather detections cell/26/1/5/6: 16
  gather detections cell/26/1/5/7: 22
  gather detections cell/26/1/5/8: 13
  gather detections cell/26/1/5/9: 16
  gather detections cell/26/1/5/10: 9
  gather detections cell/26/1/6/0: 15
  gather detections cell/26/1/6/1: 9
  gather detections cell/26/1/6/2: 10
  gather detections cell/26/1/6/3: 10
  gather detections cell/26/1/6/4: 8
  gather detections cell/26/1/6/5: 9
  gather detections cell/26/1/6/6: 11
  gather detections cell/26/1/6/7: 9
  gather detections cell/26/1/6/8: 8
  gather detections cell/26/1/6/9: 11
  gather detections cell/26/1/6/10: 7
  gather detections cell/26/1/7/0: 25
  gather detections cell/26/1/7/1: 18
  gather detections cell/26/1/7/2: 18
  gather detections cell/26/1/7/3: 23
  gather detections cell/26/1/7/4: 12
  gather detections cell/26/1/7/5: 11
  gather detections cell/26/1/7/6: 13
  gather detections cell/26/1/7/7: 7
  gather detections cell/26/1/7/8: 5
  gather detections cell/26/1/7/9: 3
  gather detections cell/26/1/7/10: 5
  gather detections cell/26/1/8/0: 19
  gather detections cell/26/1/8/1: 24
  gather detections cell/26/1/8/2: 21
  gather detections cell/26/1/8/3: 18
  gather detections cell/26/1/8/4: 21
  gather detections cell/26/1/8/5: 17
  gather detections cell/26/1/8/6: 16
  gather detections cell/26/1/8/7: 9
  gather detections cell/26/1/8/8: 8
  gather detections cell/26/1/8/9: 8
  gather detections cell/26/1/8/10: 4
  gather detections cell/26/1/9/0: 20
  gather detections cell/26/1/9/1: 21
  gather detections cell/26/1/9/2: 25
  gather detections cell/26/1/9/3: 35
  gather detections cell/26/1/9/4: 31
  gather detections cell/26/1/9/5: 24
  gather detections cell/26/1/9/6: 16
  gather detections cell/26/1/9/7: 12
  gather detections cell/26/1/9/8: 8
  gather detections cell/26/1/9/9: 11
  gather detections cell/26/1/9/10: 5
  gather detections cell/26/1/10/0: 15
  gather detections cell/26/1/10/1: 12
  gather detections cell/26/1/10/2: 20
  gather detections cell/26/1/10/3: 25
  gather detections cell/26/1/10/4: 23
  gather detections cell/26/1/10/5: 20
  gather detections cell/26/1/10/6: 16
  gather detections cell/26/1/10/7: 12
  gather detections cell/26/1/10/8: 13
  gather detections cell/26/1/10/9: 12
  gather detections cell/26/1/10/10: 11
  gather detections cell/26/1/11/0: 18
  gather detections cell/26/1/11/1: 10
  gather detections cell/26/1/11/2: 14
  gather detections cell/26/1/11/3: 14
  gather detections cell/26/1/11/4: 14
  gather detections cell/26/1/11/5: 14
  gather detections cell/26/1/11/6: 9
  gather detections cell/26/1/11/7: 9
  gather detections cell/26/1/11/8: 13
  gather detections cell/26/1/11/9: 9
  gather detections cell/26/1/11/10: 12
  gather detections cell/26/1/12/0: 19
  gather detections cell/26/1/12/1: 15
  gather detections cell/26/1/12/2: 23
  gather detections cell/26/1/12/3: 19
  gather detections cell/26/1/12/4: 17
  gather detections cell/26/1/12/5: 15
  gather detections cell/26/1/12/6: 9
  gather detections cell/26/1/12/7: 10
  gather detections cell/26/1/12/8: 3
  gather detections cell/26/1/12/9: 2
  gather detections cell/26/1/12/10: 8
  gather ink cell/26/0/0/0: 27 (summary row)
  gather ink cell/26/0/0/1: 21 (summary row)
  gather ink cell/26/0/0/2: 11 (summary row)
  gather ink cell/26/0/0/3: 29 (summary row)
  gather ink cell/26/0/0/4: 17 (summary row)
  gather ink cell/26/0/0/5: 16 (summary row)
  gather ink cell/26/0/0/6: 15 (summary row)
  gather ink cell/26/0/0/7: 14 (summary row)
  gather ink cell/26/0/0/8: 8 (summary row)
  gather ink cell/26/0/1/0: 21 (summary row)
  gather ink cell/26/0/1/1: 18 (summary row)
  gather ink cell/26/0/1/2: 2 (summary row)
  gather ink cell/26/0/1/3: 24 (summary row)
  gather ink cell/26/0/1/4: 14 (summary row)
  gather ink cell/26/0/1/5: 18 (summary row)
  gather ink cell/26/0/1/6: 9 (summary row)
  gather ink cell/26/0/1/7: 9 (summary row)
  gather ink cell/26/0/1/8: 11 (summary row)
  gather ink cell/26/0/2/0: 18 (summary row)
  gather ink cell/26/0/2/1: 28 (summary row)
  gather ink cell/26/0/2/2: 9 (summary row)
  gather ink cell/26/0/2/3: 26 (summary row)
  gather ink cell/26/0/2/4: 14 (summary row)
  gather ink cell/26/0/2/5: 12 (summary row)
  gather ink cell/26/0/2/6: 2 (summary row)
  gather ink cell/26/0/2/7: 10 (summary row)
  gather ink cell/26/0/2/8: 24 (summary row)
  gather ink cell/26/0/3/0: 26 (summary row)
  gather ink cell/26/0/3/1: 23 (summary row)
  gather ink cell/26/0/3/2: 3 (summary row)
  gather ink cell/26/0/3/3: 16 (summary row)
  gather ink cell/26/0/3/4: 8 (summary row)
  gather ink cell/26/0/3/5: 13 (summary row)
  gather ink cell/26/0/3/6: 8 (summary row)
  gather ink cell/26/0/3/7: 14 (summary row)
  gather ink cell/26/0/3/8: 16 (summary row)
  gather ink cell/26/0/4/0: 21 (summary row)
  gather ink cell/26/0/4/1: 5 (summary row)
  gather ink cell/26/0/4/2: 3 (summary row)
  gather ink cell/26/0/4/3: 14 (summary row)
  gather ink cell/26/0/4/4: 11 (summary row)
  gather ink cell/26/0/4/5: 16 (summary row)
  gather ink cell/26/0/4/6: 13 (summary row)
  gather ink cell/26/0/4/7: 16 (summary row)
  gather ink cell/26/0/4/8: 18 (summary row)
  gather ink cell/26/0/5/0: 19 (summary row)
  gather ink cell/26/0/5/1: 13 (summary row)
  gather ink cell/26/0/5/2: 9 (summary row)
  gather ink cell/26/0/5/3: 8 (summary row)
  gather ink cell/26/0/5/4: 8 (summary row)
  gather ink cell/26/0/5/5: 11 (summary row)
  gather ink cell/26/0/5/6: 8 (summary row)
  gather ink cell/26/0/5/7: 12 (summary row)
  gather ink cell/26/0/5/8: 10 (summary row)
  gather ink cell/26/0/6/0: 13 (summary row)
  gather ink cell/26/0/6/1: 4 (summary row)
  gather ink cell/26/0/6/2: 3 (summary row)
  gather ink cell/26/0/6/3: 7 (summary row)
  gather ink cell/26/0/6/4: 8 (summary row)
  gather ink cell/26/0/6/5: 9 (summary row)
  gather ink cell/26/0/6/6: 9 (summary row)
  gather ink cell/26/0/6/7: 8 (summary row)
  gather ink cell/26/0/6/8: 9 (summary row)
  gather ink cell/26/0/7/0: 11 (summary row)
  gather ink cell/26/0/7/1: 4 (summary row)
  gather ink cell/26/0/7/2: 4 (summary row)
  gather ink cell/26/0/7/3: 6 (summary row)
  gather ink cell/26/0/7/4: 10 (summary row)
  gather ink cell/26/0/7/5: 12 (summary row)
  gather ink cell/26/0/7/6: 12 (summary row)
  gather ink cell/26/0/7/7: 11 (summary row)
  gather ink cell/26/0/7/8: 10 (summary row)
  gather ink cell/26/0/8/0: 18 (summary row)
  gather ink cell/26/0/8/1: 12 (summary row)
  gather ink cell/26/0/8/2: 11 (summary row)
  gather ink cell/26/0/8/3: 13 (summary row)
  gather ink cell/26/0/8/4: 10 (summary row)
  gather ink cell/26/0/8/5: 16 (summary row)
  gather ink cell/26/0/8/6: 14 (summary row)
  gather ink cell/26/0/8/7: 16 (summary row)
  gather ink cell/26/0/8/8: 16 (summary row)
  gather ink cell/26/0/9/0: 22 (summary row)
  gather ink cell/26/0/9/1: 29 (summary row)
  gather ink cell/26/0/9/2: 12 (summary row)
  gather ink cell/26/0/9/3: 13 (summary row)
  gather ink cell/26/0/9/4: 5 (summary row)
  gather ink cell/26/0/9/5: 17 (summary row)
  gather ink cell/26/0/9/6: 12 (summary row)
  gather ink cell/26/0/9/7: 32 (summary row)
  gather ink cell/26/0/9/8: 12 (summary row)
  gather ink cell/26/0/10/0: 23 (summary row)
  gather ink cell/26/0/10/1: 29 (summary row)
  gather ink cell/26/0/10/2: 11 (summary row)
  gather ink cell/26/0/10/3: 24 (summary row)
  gather ink cell/26/0/10/4: 3 (summary row)
  gather ink cell/26/0/10/5: 11 (summary row)
  gather ink cell/26/0/10/6: 11 (summary row)
  gather ink cell/26/0/10/7: 13 (summary row)
  gather ink cell/26/0/10/8: 4 (summary row)
  gather ink cell/26/0/11/0: 28 (summary row)
  gather ink cell/26/0/11/1: 39 (summary row)
  gather ink cell/26/0/11/2: 20 (summary row)
  gather ink cell/26/0/11/3: 30 (summary row)
  gather ink cell/26/0/11/4: 12 (summary row)
  gather ink cell/26/0/11/5: 21 (summary row)
  gather ink cell/26/0/11/6: 12 (summary row)
  gather ink cell/26/0/11/7: 11 (summary row)
  gather ink cell/26/0/11/8: 5 (summary row)
  gather ink cell/26/0/12/0: 25 (summary row)
  gather ink cell/26/0/12/1: 29 (summary row)
  gather ink cell/26/0/12/2: 15 (summary row)
  gather ink cell/26/0/12/3: 29 (summary row)
  gather ink cell/26/0/12/4: 20 (summary row)
  gather ink cell/26/0/12/5: 30 (summary row)
  gather ink cell/26/0/12/6: 12 (summary row)
  gather ink cell/26/0/12/7: 14 (summary row)
  gather ink cell/26/0/12/8: 7 (summary row)
  gather ink cell/26/1/0/0: 27 (summary row)
  gather ink cell/26/1/0/1: 5 (summary row)
  gather ink cell/26/1/0/2: 10 (summary row)
  gather ink cell/26/1/0/3: 12 (summary row)
  gather ink cell/26/1/0/4: 17 (summary row)
  gather ink cell/26/1/0/5: 18 (summary row)
  gather ink cell/26/1/0/6: 16 (summary row)
  gather ink cell/26/1/0/7: 13 (summary row)
  gather ink cell/26/1/0/8: 11 (summary row)
  gather ink cell/26/1/0/9: 20 (summary row)
  gather ink cell/26/1/0/10: 10 (summary row)
  gather ink cell/26/1/1/0: 35 (summary row)
  gather ink cell/26/1/1/1: 15 (summary row)
  gather ink cell/26/1/1/2: 9 (summary row)
  gather ink cell/26/1/1/3: 15 (summary row)
  gather ink cell/26/1/1/4: 24 (summary row)
  gather ink cell/26/1/1/5: 17 (summary row)
  gather ink cell/26/1/1/6: 17 (summary row)
  gather ink cell/26/1/1/7: 16 (summary row)
  gather ink cell/26/1/1/8: 17 (summary row)
  gather ink cell/26/1/1/9: 31 (summary row)
  gather ink cell/26/1/1/10: 14 (summary row)
  gather ink cell/26/1/2/0: 24 (summary row)
  gather ink cell/26/1/2/1: 13 (summary row)
  gather ink cell/26/1/2/2: 30 (summary row)
  gather ink cell/26/1/2/3: 30 (summary row)
  gather ink cell/26/1/2/4: 36 (summary row)
  gather ink cell/26/1/2/5: 28 (summary row)
  gather ink cell/26/1/2/6: 17 (summary row)
  gather ink cell/26/1/2/7: 18 (summary row)
  gather ink cell/26/1/2/8: 14 (summary row)
  gather ink cell/26/1/2/9: 17 (summary row)
  gather ink cell/26/1/2/10: 8 (summary row)
  gather ink cell/26/1/3/0: 27 (summary row)
  gather ink cell/26/1/3/1: 5 (summary row)
  gather ink cell/26/1/3/2: 39 (summary row)
  gather ink cell/26/1/3/3: 30 (summary row)
  gather ink cell/26/1/3/4: 20 (summary row)
  gather ink cell/26/1/3/5: 25 (summary row)
  gather ink cell/26/1/3/6: 21 (summary row)
  gather ink cell/26/1/3/7: 23 (summary row)
  gather ink cell/26/1/3/8: 13 (summary row)
  gather ink cell/26/1/3/9: 9 (summary row)
  gather ink cell/26/1/3/10: 9 (summary row)
  gather ink cell/26/1/4/0: 29 (summary row)
  gather ink cell/26/1/4/1: 20 (summary row)
  gather ink cell/26/1/4/2: 17 (summary row)
  gather ink cell/26/1/4/3: 8 (summary row)
  gather ink cell/26/1/4/4: 8 (summary row)
  gather ink cell/26/1/4/5: 8 (summary row)
  gather ink cell/26/1/4/6: 15 (summary row)
  gather ink cell/26/1/4/7: 13 (summary row)
  gather ink cell/26/1/4/8: 15 (summary row)
  gather ink cell/26/1/4/9: 9 (summary row)
  gather ink cell/26/1/4/10: 10 (summary row)
  gather ink cell/26/1/5/0: 32 (summary row)
  gather ink cell/26/1/5/1: 22 (summary row)
  gather ink cell/26/1/5/2: 12 (summary row)
  gather ink cell/26/1/5/3: 11 (summary row)
  gather ink cell/26/1/5/4: 14 (summary row)
  gather ink cell/26/1/5/5: 12 (summary row)
  gather ink cell/26/1/5/6: 21 (summary row)
  gather ink cell/26/1/5/7: 11 (summary row)
  gather ink cell/26/1/5/8: 20 (summary row)
  gather ink cell/26/1/5/9: 11 (summary row)
  gather ink cell/26/1/5/10: 9 (summary row)
  gather ink cell/26/1/6/0: 19 (summary row)
  gather ink cell/26/1/6/1: 19 (summary row)
  gather ink cell/26/1/6/2: 6 (summary row)
  gather ink cell/26/1/6/3: 6 (summary row)
  gather ink cell/26/1/6/4: 8 (summary row)
  gather ink cell/26/1/6/5: 7 (summary row)
  gather ink cell/26/1/6/6: 8 (summary row)
  gather ink cell/26/1/6/7: 6 (summary row)
  gather ink cell/26/1/6/8: 7 (summary row)
  gather ink cell/26/1/6/9: 8 (summary row)
  gather ink cell/26/1/6/10: 5 (summary row)
  gather ink cell/26/1/7/0: 25 (summary row)
  gather ink cell/26/1/7/1: 17 (summary row)
  gather ink cell/26/1/7/2: 11 (summary row)
  gather ink cell/26/1/7/3: 10 (summary row)
  gather ink cell/26/1/7/4: 7 (summary row)
  gather ink cell/26/1/7/5: 6 (summary row)
  gather ink cell/26/1/7/6: 11 (summary row)
  gather ink cell/26/1/7/7: 5 (summary row)
  gather ink cell/26/1/7/8: 8 (summary row)
  gather ink cell/26/1/7/9: 10 (summary row)
  gather ink cell/26/1/7/10: 15 (summary row)
  gather ink cell/26/1/8/0: 31 (summary row)
  gather ink cell/26/1/8/1: 20 (summary row)
  gather ink cell/26/1/8/2: 8 (summary row)
  gather ink cell/26/1/8/3: 7 (summary row)
  gather ink cell/26/1/8/4: 10 (summary row)
  gather ink cell/26/1/8/5: 10 (summary row)
  gather ink cell/26/1/8/6: 15 (summary row)
  gather ink cell/26/1/8/7: 11 (summary row)
  gather ink cell/26/1/8/8: 7 (summary row)
  gather ink cell/26/1/8/9: 6 (summary row)
  gather ink cell/26/1/8/10: 29 (summary row)
  gather ink cell/26/1/9/0: 34 (summary row)
  gather ink cell/26/1/9/1: 27 (summary row)
  gather ink cell/26/1/9/2: 14 (summary row)
  gather ink cell/26/1/9/3: 18 (summary row)
  gather ink cell/26/1/9/4: 22 (summary row)
  gather ink cell/26/1/9/5: 19 (summary row)
  gather ink cell/26/1/9/6: 23 (summary row)
  gather ink cell/26/1/9/7: 15 (summary row)
  gather ink cell/26/1/9/8: 13 (summary row)
  gather ink cell/26/1/9/9: 16 (summary row)
  gather ink cell/26/1/9/10: 35 (summary row)
  gather ink cell/26/1/10/0: 33 (summary row)
  gather ink cell/26/1/10/1: 32 (summary row)
  gather ink cell/26/1/10/2: 17 (summary row)
  gather ink cell/26/1/10/3: 15 (summary row)
  gather ink cell/26/1/10/4: 30 (summary row)
  gather ink cell/26/1/10/5: 23 (summary row)
  gather ink cell/26/1/10/6: 10 (summary row)
  gather ink cell/26/1/10/7: 10 (summary row)
  gather ink cell/26/1/10/8: 13 (summary row)
  gather ink cell/26/1/10/9: 10 (summary row)
  gather ink cell/26/1/10/10: 30 (summary row)
  gather ink cell/26/1/11/0: 36 (summary row)
  gather ink cell/26/1/11/1: 26 (summary row)
  gather ink cell/26/1/11/2: 8 (summary row)
  gather ink cell/26/1/11/3: 9 (summary row)
  gather ink cell/26/1/11/4: 16 (summary row)
  gather ink cell/26/1/11/5: 12 (summary row)
  gather ink cell/26/1/11/6: 9 (summary row)
  gather ink cell/26/1/11/7: 10 (summary row)
  gather ink cell/26/1/11/8: 12 (summary row)
  gather ink cell/26/1/11/9: 12 (summary row)
  gather ink cell/26/1/11/10: 26 (summary row)
  gather ink cell/26/1/12/0: 36 (summary row)
  gather ink cell/26/1/12/1: 21 (summary row)
  gather ink cell/26/1/12/2: 12 (summary row)
  gather ink cell/26/1/12/3: 13 (summary row)
  gather ink cell/26/1/12/4: 23 (summary row)
  gather ink cell/26/1/12/5: 12 (summary row)
  gather ink cell/26/1/12/6: 11 (summary row)
  gather ink cell/26/1/12/7: 8 (summary row)
  gather ink cell/26/1/12/8: 5 (summary row)
  gather ink cell/26/1/12/9: 5 (summary row)
  gather ink cell/26/1/12/10: 18 (summary row)
ADJUDICATE
  adjudicate system_membership: 53 verdicts so far
  adjudicate staff_group: 744 verdicts so far
  adjudicate measure_partition: 1435 verdicts so far
  adjudicate staff_ordinal: 2126 verdicts so far
  adjudicate system_staff_count: 2179 verdicts so far
  adjudicate instrument: 2870 verdicts so far
  adjudicate slot_index: 3561 verdicts so far
  adjudicate part_partition: 3562 verdicts so far
  adjudicate group_symbol: 3615 verdicts so far
  adjudicate clef: 4306 verdicts so far
  adjudicate key_signature: 4997 verdicts so far
  adjudicate notehead_is_not_a_notehead: 29530 verdicts so far
  adjudicate glyph_owner: 54325 verdicts so far
  adjudicate arc_owner: 69113 verdicts so far
  adjudicate arc_kind: 83901 verdicts so far
  adjudicate articulation_owner: 88031 verdicts so far
  adjudicate fermata_owner: 88044 verdicts so far
  adjudicate ornament_owner: 88067 verdicts so far
  adjudicate stem_direction: 112600 verdicts so far
  adjudicate notehead_is_a_whole_rest: 137133 verdicts so far
  adjudicate tuplet_ratio: 137138 verdicts so far
  adjudicate duration: 169794 verdicts so far
  adjudicate event: 176320 verdicts so far
  adjudicate voices: 183005 verdicts so far
  adjudicate onset_column: 183058 verdicts so far
  adjudicate wedge_anchor: 183334 verdicts so far
  adjudicate meter: 183387 verdicts so far
  adjudicate dynamic: 190072 verdicts so far
  adjudicate direction: 196757 verdicts so far
GROUPS
  groups meter_across_staves: 53 facts, 0 disagree
  groups measure_count_across_staves: 53 facts, 0 disagree
  groups instrument_across_systems: 53 facts, 0 disagree
  groups clef_across_systems: 53 facts, 6 disagree
  groups staff_group_across_systems: 53 facts, 0 disagree
  groups key_signature_across_systems: 53 facts, 39 disagree
EVALUATE
  evaluate name_part: 635 fired so far
  evaluate restate_pitch: 25088 fired so far
  evaluate respell_accidental: 29103 fired so far
  evaluate move_glyph: 41220 fired so far
  evaluate size_measure_rest: 41604 fired so far
  evaluate reconcile_duration: 41716 fired so far
INFER
  infer collapse_slot_index_to_family_block: 0 inferred
wrote benchmarks/acceptance/out/brahms1-breitkopf/brahms1-breitkopf-whole-movement-20260923T163805Z.record.json

── ADJUDICATE ─────────────────────────────────────────
  decided:   {'arc_kind': 14788, 'arc_owner': 14788, 'articulation_owner': 3374, 'clef': 689, 'duration': 28353, 'dynamic': 6483, 'event': 6526, 'fermata_owner': 12, 'glyph_owner': 24431, 'group_symbol': 53, 'instrument': 635, 'key_signature': 484, 'measure_partition': 691, 'meter': 29, 'notehead_is_a_whole_rest': 24533, 'notehead_is_not_a_notehead': 24533, 'onset_column': 53, 'ornament_owner': 10, 'part_partition': 1, 'slot_index': 649, 'staff_group': 691, 'staff_ordinal': 691, 'stem_direction': 15806, 'system_membership': 53, 'system_staff_count': 53, 'voices': 6526, 'wedge_anchor': 273}
  abstained: {'articulation_owner': {'no_notehead': 756}, 'clef': {'margin_below_floor': 2}, 'direction': {'out_of_scope': 6685}, 'duration': {'beams_ambiguous': 4277, 'unreadable_rest': 26}, 'dynamic': {'unspellable': 202}, 'fermata_owner': {'no_carrier': 1}, 'glyph_owner': {'tied': 364}, 'instrument': {'not_in_lexicon': 56}, 'key_signature': {'markers_without_a_run': 121, 'no_evidence': 64, 'run_fits_no_slot_table': 20, 'needs_clef': 2}, 'meter': {'carry_not_corroborated': 17, 'carry_outweighed_by_the_bars': 7}, 'ornament_owner': {'no_notehead': 13}, 'slot_index': {'ambiguous_pairing': 22, 'unnamed_in_short_system': 20}, 'stem_direction': {'no_stem': 8444, 'stems_disagree': 283}, 'tuplet_ratio': {'wrong_member_count': 5}, 'voices': {'nothing_to_split': 159}, 'wedge_anchor': {'no_page_frame': 1, 'no_anchor': 2}}
── GROUPS ─────────────────────────────────────────────
  clef_across_systems: 53 facts, 689 witnesses, 53 uninformative, {'none': 1, 'single': 46, 'unanimous': 0, 'majority': 0, 'split': 6}
  instrument_across_systems: 53 facts, 635 witnesses, 53 uninformative, {'none': 2, 'single': 51, 'unanimous': 0, 'majority': 0, 'split': 0}
  key_signature_across_systems: 53 facts, 484 witnesses, 53 uninformative, {'none': 5, 'single': 9, 'unanimous': 0, 'majority': 0, 'split': 39}
  measure_count_across_staves: 53 facts, 691 witnesses, 0 uninformative, {'none': 0, 'single': 0, 'unanimous': 53, 'majority': 0, 'split': 0}
  meter_across_staves: 53 facts, 65 witnesses, 41 uninformative, {'none': 27, 'single': 14, 'unanimous': 12, 'majority': 0, 'split': 0}
  staff_group_across_systems: 53 facts, 691 witnesses, 6 uninformative, {'none': 1, 'single': 5, 'unanimous': 47, 'majority': 0, 'split': 0}
  ⚠️ checked_nothing (never two independent signals -- corroborated NOTHING, however busy it looks): ['clef_across_systems', 'instrument_across_systems', 'key_signature_across_systems']
  ⚠️ DISAGREEMENTS: 45 (each implicates its WHOLE group, not its dissenter)
── EVALUATE: 41716 fired, 80947 skipped
── INFER: 0 inferred, 0 skipped  ⚠️ every one is LABELLED and supersedes a recorded narrowing
── DECLARED STUBS: 0 decisions, 1 consequences
