spacing,end_window,end,d_centre,d_box,bias,band_h,band_h_sp,beam_w_sp,in_centre,in_box,work,staff,measure
65.5,91.69999999999999,top,206.0,186.0,20.0,40.0,0.6106870229007634,4.076335877862595,False,False,mozart-sym41-mvt1,0,0
65.5,91.69999999999999,bot,53.0,33.0,20.0,40.0,0.6106870229007634,4.076335877862595,True,True,mozart-sym41-mvt1,0,0
65.5,91.69999999999999,top,259.0,239.0,20.0,41.0,0.6259541984732825,4.076335877862595,False,False,mozart-sym41-mvt1,0,0
65.5,91.69999999999999,bot,0.0,0.0,0.0,41.0,0.6259541984732825,4.076335877862595,True,True,mozart-sym41-mvt1,0,0
65.5,91.69999999999999,top,202.0,182.0,20.0,40.0,0.6106870229007634,4.091603053435114,False,False,mozart-sym41-mvt1,0,0
65.5,91.69999999999999,bot,53.0,33.0,20.0,40.0,0.6106870229007634,4.091603053435114,True,True,mozart-sym41-mvt1,0,0
65.5,91.69999999999999,top,255.0,235.0,20.0,41.0,0.6259541984732825,4.076335877862595,False,False,mozart-sym41-mvt1,0,0
65.5,91.69999999999999,bot,0.0,0.0,0.0,41.0,0.6259541984732825,4.076335877862595,True,True,mozart-sym41-mvt1,0,0
65.5,91.69999999999999,top,172.0,152.0,20.0,40.0,0.6106870229007634,4.076335877862595,False,False,mozart-sym41-mvt1,0,0
65.5,91.69999999999999,bot,69.0,49.0,20.0,40.0,0.6106870229007634,4.076335877862595,True,True,mozart-sym41-mvt1,0,0
65.5,91.69999999999999,top,225.0,205.0,20.0,41.0,0.6259541984732825,4.076335877862595,False,False,mozart-sym41-mvt1,0,0
65.5,91.69999999999999,bot,16.0,0.0,16.0,41.0,0.6259541984732825,4.076335877862595,True,True,mozart-sym41-mvt1,0,0
65.5,91.69999999999999,top,169.0,149.0,20.0,40.0,0.6106870229007634,4.091603053435114,False,False,mozart-sym41-mvt1,0,0
65.5,91.69999999999999,bot,69.0,49.0,20.0,40.0,0.6106870229007634,4.091603053435114,True,True,mozart-sym41-mvt1,0,0
65.5,91.69999999999999,top,222.0,202.0,20.0,41.0,0.6259541984732825,4.076335877862595,False,False,mozart-sym41-mvt1,0,0
65.5,91.69999999999999,bot,16.0,0.0,16.0,41.0,0.6259541984732825,4.076335877862595,True,True,mozart-sym41-mvt1,0,0
65.5,91.69999999999999,top,136.0,116.0,20.0,40.0,0.6106870229007634,4.076335877862595,False,False,mozart-sym41-mvt1,0,0
65.5,91.69999999999999,bot,85.0,65.0,20.0,40.0,0.6106870229007634,4.076335877862595,True,True,mozart-sym41-mvt1,0,0
65.5,91.69999999999999,top,189.0,169.0,20.0,41.0,0.6259541984732825,4.076335877862595,False,False,mozart-sym41-mvt1,0,0
65.5,91.69999999999999,bot,32.0,11.0,21.0,41.0,0.6259541984732825,4.076335877862595,True,True,mozart-sym41-mvt1,0,0
65.5,91.69999999999999,top,136.0,116.0,20.0,40.0,0.6106870229007634,4.091603053435114,False,False,mozart-sym41-mvt1,0,0
65.5,91.69999999999999,bot,85.0,65.0,20.0,40.0,0.6106870229007634,4.091603053435114,True,True,mozart-sym41-mvt1,0,0
65.5,91.69999999999999,top,189.0,169.0,20.0,41.0,0.6259541984732825,4.076335877862595,False,False,mozart-sym41-mvt1,0,0
65.5,91.69999999999999,bot,32.0,11.0,21.0,41.0,0.6259541984732825,4.076335877862595,True,True,mozart-sym41-mvt1,0,0
93.5,130.9,top,260.0,233.0,27.0,55.0,0.5882352941176471,3.46524064171123,False,False,mozart-sym41-mvt1,0,4
93.5,130.9,bot,65.0,37.0,28.0,55.0,0.5882352941176471,3.46524064171123,True,True,mozart-sym41-mvt1,0,4
93.5,130.9,top,337.0,310.0,27.0,55.0,0.5882352941176471,3.4973262032085564,False,False,mozart-sym41-mvt1,0,4
93.5,130.9,bot,12.0,0.0,12.0,55.0,0.5882352941176471,3.4973262032085564,True,True,mozart-sym41-mvt1,0,4
93.5,130.9,top,258.0,217.0,41.0,82.0,0.8770053475935828,5.048128342245989,False,False,mozart-sym41-mvt1,0,4
93.5,130.9,bot,62.0,21.0,41.0,82.0,0.8770053475935828,5.048128342245989,True,True,mozart-sym41-mvt1,0,4
93.5,130.9,top,330.0,290.0,40.0,81.0,0.8663101604278075,5.048128342245989,False,False,mozart-sym41-mvt1,0,4
93.5,130.9,bot,10.0,0.0,10.0,81.0,0.8663101604278075,5.048128342245989,True,True,mozart-sym41-mvt1,0,4
93.5,130.9,top,210.0,169.0,41.0,82.0,0.8770053475935828,5.048128342245989,False,False,mozart-sym41-mvt1,0,4
93.5,130.9,bot,110.0,69.0,41.0,82.0,0.8770053475935828,5.048128342245989,True,True,mozart-sym41-mvt1,0,4
93.5,130.9,top,282.0,242.0,40.0,81.0,0.8663101604278075,5.048128342245989,False,False,mozart-sym41-mvt1,0,4
93.5,130.9,bot,38.0,0.0,38.0,81.0,0.8663101604278075,5.048128342245989,True,True,mozart-sym41-mvt1,0,4
93.5,130.9,top,207.0,180.0,27.0,55.0,0.5882352941176471,3.46524064171123,False,False,mozart-sym41-mvt1,0,4
93.5,130.9,bot,101.0,73.0,28.0,55.0,0.5882352941176471,3.46524064171123,True,True,mozart-sym41-mvt1,0,4
93.5,130.9,top,284.0,257.0,27.0,55.0,0.5882352941176471,3.4973262032085564,False,False,mozart-sym41-mvt1,0,4
93.5,130.9,bot,24.0,0.0,24.0,55.0,0.5882352941176471,3.4973262032085564,True,True,mozart-sym41-mvt1,0,4
93.5,130.9,top,167.0,126.0,41.0,82.0,0.8770053475935828,5.048128342245989,False,True,mozart-sym41-mvt1,0,4
93.5,130.9,bot,137.0,96.0,41.0,82.0,0.8770053475935828,5.048128342245989,False,True,mozart-sym41-mvt1,0,4
93.5,130.9,top,239.0,199.0,40.0,81.0,0.8663101604278075,5.048128342245989,False,False,mozart-sym41-mvt1,0,4
93.5,130.9,bot,65.0,24.0,41.0,81.0,0.8663101604278075,5.048128342245989,True,True,mozart-sym41-mvt1,0,4
93.5,130.9,top,160.0,133.0,27.0,55.0,0.5882352941176471,3.46524064171123,False,False,mozart-sym41-mvt1,0,4
93.5,130.9,bot,140.0,112.0,28.0,55.0,0.5882352941176471,3.46524064171123,False,True,mozart-sym41-mvt1,0,4
93.5,130.9,top,237.0,210.0,27.0,55.0,0.5882352941176471,3.4973262032085564,False,False,mozart-sym41-mvt1,0,4
93.5,130.9,bot,63.0,35.0,28.0,55.0,0.5882352941176471,3.4973262032085564,True,True,mozart-sym41-mvt1,0,4
65.25,91.35,top,39.0,17.0,22.0,44.0,0.6743295019157088,4.091954022988506,True,True,mozart-sym41-mvt1,1,0
65.25,91.35,bot,217.0,195.0,22.0,44.0,0.6743295019157088,4.091954022988506,False,False,mozart-sym41-mvt1,1,0
65.25,91.35,top,94.0,71.0,23.0,47.0,0.7203065134099617,4.1226053639846745,False,True,mozart-sym41-mvt1,1,0
65.25,91.35,bot,162.0,138.0,24.0,47.0,0.7203065134099617,4.1226053639846745,False,False,mozart-sym41-mvt1,1,0
65.25,91.35,top,17.0,0.0,17.0,44.0,0.6743295019157088,4.091954022988506,True,True,mozart-sym41-mvt1,1,0
65.25,91.35,bot,254.0,232.0,22.0,44.0,0.6743295019157088,4.091954022988506,False,False,mozart-sym41-mvt1,1,0
65.25,91.35,top,72.0,49.0,23.0,47.0,0.7203065134099617,4.091954022988506,True,True,mozart-sym41-mvt1,1,0
65.25,91.35,bot,199.0,175.0,24.0,47.0,0.7203065134099617,4.091954022988506,False,False,mozart-sym41-mvt1,1,0
65.25,91.35,top,15.0,0.0,15.0,44.0,0.6743295019157088,4.091954022988506,True,True,mozart-sym41-mvt1,1,0
65.25,91.35,bot,250.0,228.0,22.0,44.0,0.6743295019157088,4.091954022988506,False,False,mozart-sym41-mvt1,1,0
65.25,91.35,top,70.0,47.0,23.0,47.0,0.7203065134099617,4.1226053639846745,True,True,mozart-sym41-mvt1,1,0
65.25,91.35,bot,195.0,171.0,24.0,47.0,0.7203065134099617,4.1226053639846745,False,False,mozart-sym41-mvt1,1,0
65.25,91.35,top,6.0,0.0,6.0,44.0,0.6743295019157088,4.091954022988506,True,True,mozart-sym41-mvt1,1,0
65.25,91.35,bot,285.0,263.0,22.0,44.0,0.6743295019157088,4.091954022988506,False,False,mozart-sym41-mvt1,1,0
65.25,91.35,top,49.0,26.0,23.0,47.0,0.7203065134099617,4.091954022988506,True,True,mozart-sym41-mvt1,1,0
65.25,91.35,bot,230.0,206.0,24.0,47.0,0.7203065134099617,4.091954022988506,False,False,mozart-sym41-mvt1,1,0
65.25,91.35,top,7.0,0.0,7.0,44.0,0.6743295019157088,4.091954022988506,True,True,mozart-sym41-mvt1,1,0
65.25,91.35,bot,282.0,260.0,22.0,44.0,0.6743295019157088,4.091954022988506,False,False,mozart-sym41-mvt1,1,0
65.25,91.35,top,48.0,25.0,23.0,47.0,0.7203065134099617,4.1226053639846745,True,True,mozart-sym41-mvt1,1,0
65.25,91.35,bot,227.0,203.0,24.0,47.0,0.7203065134099617,4.1226053639846745,False,False,mozart-sym41-mvt1,1,0
93.25,130.54999999999998,top,260.0,232.0,28.0,56.0,0.6005361930294906,3.474530831099196,False,False,mozart-sym41-mvt1,1,4
93.25,130.54999999999998,bot,62.0,34.0,28.0,56.0,0.6005361930294906,3.474530831099196,True,True,mozart-sym41-mvt1,1,4
93.25,130.54999999999998,top,336.0,309.0,27.0,54.0,0.579088471849866,3.506702412868633,False,False,mozart-sym41-mvt1,1,4
93.25,130.54999999999998,bot,14.0,0.0,14.0,54.0,0.579088471849866,3.506702412868633,True,True,mozart-sym41-mvt1,1,4
93.25,130.54999999999998,top,258.0,218.0,40.0,80.0,0.8579088471849866,5.061662198391421,False,False,mozart-sym41-mvt1,1,4
93.25,130.54999999999998,bot,60.0,20.0,40.0,80.0,0.8579088471849866,5.061662198391421,True,True,mozart-sym41-mvt1,1,4
93.25,130.54999999999998,top,330.0,289.0,41.0,82.0,0.8793565683646113,5.061662198391421,False,False,mozart-sym41-mvt1,1,4
93.25,130.54999999999998,bot,12.0,0.0,12.0,82.0,0.8793565683646113,5.061662198391421,True,True,mozart-sym41-mvt1,1,4
93.25,130.54999999999998,top,210.0,170.0,40.0,80.0,0.8579088471849866,5.061662198391421,False,False,mozart-sym41-mvt1,1,4
93.25,130.54999999999998,bot,110.0,70.0,40.0,80.0,0.8579088471849866,5.061662198391421,True,True,mozart-sym41-mvt1,1,4
93.25,130.54999999999998,top,282.0,241.0,41.0,82.0,0.8793565683646113,5.061662198391421,False,False,mozart-sym41-mvt1,1,4
93.25,130.54999999999998,bot,38.0,0.0,38.0,82.0,0.8793565683646113,5.061662198391421,True,True,mozart-sym41-mvt1,1,4
93.25,130.54999999999998,top,208.0,180.0,28.0,56.0,0.6005361930294906,3.474530831099196,False,False,mozart-sym41-mvt1,1,4
93.25,130.54999999999998,bot,101.0,73.0,28.0,56.0,0.6005361930294906,3.474530831099196,True,True,mozart-sym41-mvt1,1,4
93.25,130.54999999999998,top,284.0,257.0,27.0,54.0,0.579088471849866,3.506702412868633,False,False,mozart-sym41-mvt1,1,4
93.25,130.54999999999998,bot,25.0,0.0,25.0,54.0,0.579088471849866,3.506702412868633,True,True,mozart-sym41-mvt1,1,4
93.25,130.54999999999998,top,169.0,129.0,40.0,80.0,0.8579088471849866,5.061662198391421,False,True,mozart-sym41-mvt1,1,4
93.25,130.54999999999998,bot,135.0,95.0,40.0,80.0,0.8579088471849866,5.061662198391421,False,True,mozart-sym41-mvt1,1,4
93.25,130.54999999999998,top,241.0,200.0,41.0,82.0,0.8793565683646113,5.061662198391421,False,False,mozart-sym41-mvt1,1,4
93.25,130.54999999999998,bot,63.0,22.0,41.0,82.0,0.8793565683646113,5.061662198391421,True,True,mozart-sym41-mvt1,1,4
93.25,130.54999999999998,top,162.0,134.0,28.0,56.0,0.6005361930294906,3.474530831099196,False,False,mozart-sym41-mvt1,1,4
93.25,130.54999999999998,bot,137.0,109.0,28.0,56.0,0.6005361930294906,3.474530831099196,False,True,mozart-sym41-mvt1,1,4
93.25,130.54999999999998,top,238.0,211.0,27.0,54.0,0.579088471849866,3.506702412868633,False,False,mozart-sym41-mvt1,1,4
93.25,130.54999999999998,bot,61.0,34.0,27.0,54.0,0.579088471849866,3.506702412868633,True,True,mozart-sym41-mvt1,1,4
65.25,91.35,top,37.0,15.0,22.0,44.0,0.6743295019157088,4.091954022988506,True,True,mozart-sym41-mvt1,2,0
65.25,91.35,bot,217.0,195.0,22.0,44.0,0.6743295019157088,4.091954022988506,False,False,mozart-sym41-mvt1,2,0
65.25,91.35,top,92.0,69.0,23.0,47.0,0.7203065134099617,4.1226053639846745,False,True,mozart-sym41-mvt1,2,0
65.25,91.35,bot,162.0,138.0,24.0,47.0,0.7203065134099617,4.1226053639846745,False,False,mozart-sym41-mvt1,2,0
65.25,91.35,top,15.0,0.0,15.0,44.0,0.6743295019157088,4.091954022988506,True,True,mozart-sym41-mvt1,2,0
65.25,91.35,bot,250.0,228.0,22.0,44.0,0.6743295019157088,4.091954022988506,False,False,mozart-sym41-mvt1,2,0
65.25,91.35,top,70.0,47.0,23.0,47.0,0.7203065134099617,4.1226053639846745,True,True,mozart-sym41-mvt1,2,0
65.25,91.35,bot,195.0,171.0,24.0,47.0,0.7203065134099617,4.1226053639846745,False,False,mozart-sym41-mvt1,2,0
65.25,91.35,top,15.0,0.0,15.0,43.0,0.6590038314176245,4.091954022988506,True,True,mozart-sym41-mvt1,2,0
65.25,91.35,bot,254.0,232.0,22.0,43.0,0.6590038314176245,4.091954022988506,False,False,mozart-sym41-mvt1,2,0
65.25,91.35,top,70.0,47.0,23.0,47.0,0.7203065134099617,4.091954022988506,True,True,mozart-sym41-mvt1,2,0
65.25,91.35,bot,199.0,175.0,24.0,47.0,0.7203065134099617,4.091954022988506,False,False,mozart-sym41-mvt1,2,0
65.25,91.35,top,7.0,0.0,7.0,44.0,0.6743295019157088,4.091954022988506,True,True,mozart-sym41-mvt1,2,0
65.25,91.35,bot,284.0,262.0,22.0,44.0,0.6743295019157088,4.091954022988506,False,False,mozart-sym41-mvt1,2,0
65.25,91.35,top,48.0,25.0,23.0,47.0,0.7203065134099617,4.1226053639846745,True,True,mozart-sym41-mvt1,2,0
65.25,91.35,bot,229.0,205.0,24.0,47.0,0.7203065134099617,4.1226053639846745,False,False,mozart-sym41-mvt1,2,0
65.25,91.35,top,7.0,0.0,7.0,43.0,0.6590038314176245,4.091954022988506,True,True,mozart-sym41-mvt1,2,0
65.25,91.35,bot,287.0,265.0,22.0,43.0,0.6590038314176245,4.091954022988506,False,False,mozart-sym41-mvt1,2,0
65.25,91.35,top,48.0,25.0,23.0,47.0,0.7203065134099617,4.091954022988506,True,True,mozart-sym41-mvt1,2,0
65.25,91.35,bot,232.0,208.0,24.0,47.0,0.7203065134099617,4.091954022988506,False,False,mozart-sym41-mvt1,2,0
93.25,130.54999999999998,top,261.0,234.0,27.0,54.0,0.579088471849866,3.474530831099196,False,False,mozart-sym41-mvt1,2,4
93.25,130.54999999999998,bot,64.0,37.0,27.0,54.0,0.579088471849866,3.474530831099196,True,True,mozart-sym41-mvt1,2,4
93.25,130.54999999999998,top,338.0,311.0,27.0,54.0,0.579088471849866,3.506702412868633,False,False,mozart-sym41-mvt1,2,4
93.25,130.54999999999998,bot,13.0,0.0,13.0,54.0,0.579088471849866,3.506702412868633,True,True,mozart-sym41-mvt1,2,4
93.25,130.54999999999998,top,259.0,218.0,41.0,82.0,0.8793565683646113,5.061662198391421,False,False,mozart-sym41-mvt1,2,4
93.25,130.54999999999998,bot,62.0,21.0,41.0,82.0,0.8793565683646113,5.061662198391421,True,True,mozart-sym41-mvt1,2,4
93.25,130.54999999999998,top,332.0,291.0,41.0,82.0,0.8793565683646113,5.061662198391421,False,False,mozart-sym41-mvt1,2,4
93.25,130.54999999999998,bot,11.0,0.0,11.0,82.0,0.8793565683646113,5.061662198391421,True,True,mozart-sym41-mvt1,2,4
93.25,130.54999999999998,top,211.0,170.0,41.0,82.0,0.8793565683646113,5.061662198391421,False,False,mozart-sym41-mvt1,2,4
93.25,130.54999999999998,bot,109.0,68.0,41.0,82.0,0.8793565683646113,5.061662198391421,True,True,mozart-sym41-mvt1,2,4
93.25,130.54999999999998,top,284.0,243.0,41.0,82.0,0.8793565683646113,5.061662198391421,False,False,mozart-sym41-mvt1,2,4
93.25,130.54999999999998,bot,36.0,0.0,36.0,82.0,0.8793565683646113,5.061662198391421,True,True,mozart-sym41-mvt1,2,4
93.25,130.54999999999998,top,209.0,182.0,27.0,54.0,0.579088471849866,3.474530831099196,False,False,mozart-sym41-mvt1,2,4
93.25,130.54999999999998,bot,100.0,73.0,27.0,54.0,0.579088471849866,3.474530831099196,True,True,mozart-sym41-mvt1,2,4
93.25,130.54999999999998,top,286.0,259.0,27.0,54.0,0.579088471849866,3.506702412868633,False,False,mozart-sym41-mvt1,2,4
93.25,130.54999999999998,bot,23.0,0.0,23.0,54.0,0.579088471849866,3.506702412868633,True,True,mozart-sym41-mvt1,2,4
93.25,130.54999999999998,top,168.0,127.0,41.0,82.0,0.8793565683646113,5.061662198391421,False,True,mozart-sym41-mvt1,2,4
93.25,130.54999999999998,bot,137.0,96.0,41.0,82.0,0.8793565683646113,5.061662198391421,False,True,mozart-sym41-mvt1,2,4
93.25,130.54999999999998,top,241.0,200.0,41.0,82.0,0.8793565683646113,5.061662198391421,False,False,mozart-sym41-mvt1,2,4
93.25,130.54999999999998,bot,64.0,23.0,41.0,82.0,0.8793565683646113,5.061662198391421,True,True,mozart-sym41-mvt1,2,4
93.25,130.54999999999998,top,161.0,134.0,27.0,54.0,0.579088471849866,3.474530831099196,False,False,mozart-sym41-mvt1,2,4
93.25,130.54999999999998,bot,139.0,112.0,27.0,54.0,0.579088471849866,3.474530831099196,False,True,mozart-sym41-mvt1,2,4
93.25,130.54999999999998,top,238.0,211.0,27.0,54.0,0.579088471849866,3.506702412868633,False,False,mozart-sym41-mvt1,2,4
93.25,130.54999999999998,bot,62.0,35.0,27.0,54.0,0.579088471849866,3.506702412868633,True,True,mozart-sym41-mvt1,2,4
65.75,92.05,top,42.0,20.0,22.0,45.0,0.6844106463878327,4.06083650190114,True,True,mozart-sym41-mvt1,3,0
65.75,92.05,bot,168.0,145.0,23.0,45.0,0.6844106463878327,4.06083650190114,False,False,mozart-sym41-mvt1,3,0
65.75,92.05,top,92.0,66.0,26.0,53.0,0.8060836501901141,4.091254752851711,True,True,mozart-sym41-mvt1,3,0
65.75,92.05,bot,118.0,91.0,27.0,53.0,0.8060836501901141,4.091254752851711,False,True,mozart-sym41-mvt1,3,0
65.75,92.05,top,15.0,0.0,15.0,45.0,0.6844106463878327,4.06083650190114,True,True,mozart-sym41-mvt1,3,0
65.75,92.05,bot,201.0,178.0,23.0,45.0,0.6844106463878327,4.06083650190114,False,False,mozart-sym41-mvt1,3,0
65.75,92.05,top,65.0,39.0,26.0,53.0,0.8060836501901141,4.091254752851711,True,True,mozart-sym41-mvt1,3,0
65.75,92.05,bot,151.0,124.0,27.0,53.0,0.8060836501901141,4.091254752851711,False,False,mozart-sym41-mvt1,3,0
65.75,92.05,top,15.0,0.0,15.0,45.0,0.6844106463878327,4.06083650190114,True,True,mozart-sym41-mvt1,3,0
65.75,92.05,bot,204.0,181.0,23.0,45.0,0.6844106463878327,4.06083650190114,False,False,mozart-sym41-mvt1,3,0
65.75,92.05,top,65.0,39.0,26.0,53.0,0.8060836501901141,4.06083650190114,True,True,mozart-sym41-mvt1,3,0
65.75,92.05,bot,154.0,127.0,27.0,53.0,0.8060836501901141,4.06083650190114,False,False,mozart-sym41-mvt1,3,0
65.75,92.05,top,10.0,0.0,10.0,45.0,0.6844106463878327,4.06083650190114,True,True,mozart-sym41-mvt1,3,0
65.75,92.05,bot,233.0,210.0,23.0,45.0,0.6844106463878327,4.06083650190114,False,False,mozart-sym41-mvt1,3,0
65.75,92.05,top,40.0,14.0,26.0,53.0,0.8060836501901141,4.091254752851711,True,True,mozart-sym41-mvt1,3,0
65.75,92.05,bot,183.0,156.0,27.0,53.0,0.8060836501901141,4.091254752851711,False,False,mozart-sym41-mvt1,3,0
65.75,92.05,top,10.0,0.0,10.0,45.0,0.6844106463878327,4.06083650190114,True,True,mozart-sym41-mvt1,3,0
65.75,92.05,bot,236.0,213.0,23.0,45.0,0.6844106463878327,4.06083650190114,False,False,mozart-sym41-mvt1,3,0
65.75,92.05,top,40.0,14.0,26.0,53.0,0.8060836501901141,4.06083650190114,True,True,mozart-sym41-mvt1,3,0
65.75,92.05,bot,186.0,159.0,27.0,53.0,0.8060836501901141,4.06083650190114,False,False,mozart-sym41-mvt1,3,0
93.5,130.9,top,330.0,303.0,27.0,55.0,0.5882352941176471,3.4973262032085564,False,False,mozart-sym41-mvt1,3,4
93.5,130.9,bot,70.0,42.0,28.0,55.0,0.5882352941176471,3.4973262032085564,True,True,mozart-sym41-mvt1,3,4
93.5,130.9,top,405.0,378.0,27.0,55.0,0.5882352941176471,3.4973262032085564,False,False,mozart-sym41-mvt1,3,4
93.5,130.9,bot,5.0,0.0,5.0,55.0,0.5882352941176471,3.4973262032085564,True,True,mozart-sym41-mvt1,3,4
93.5,130.9,top,334.0,303.0,31.0,63.0,0.6737967914438503,5.048128342245989,False,False,mozart-sym41-mvt1,3,4
93.5,130.9,bot,76.0,44.0,32.0,63.0,0.6737967914438503,5.048128342245989,True,True,mozart-sym41-mvt1,3,4
93.5,130.9,top,410.0,378.0,32.0,65.0,0.6951871657754011,5.048128342245989,False,False,mozart-sym41-mvt1,3,4
93.5,130.9,bot,0.0,0.0,0.0,65.0,0.6951871657754011,5.048128342245989,True,True,mozart-sym41-mvt1,3,4
93.5,130.9,top,287.0,256.0,31.0,63.0,0.6737967914438503,5.048128342245989,False,False,mozart-sym41-mvt1,3,4
93.5,130.9,bot,108.0,76.0,32.0,63.0,0.6737967914438503,5.048128342245989,True,True,mozart-sym41-mvt1,3,4
93.5,130.9,top,363.0,331.0,32.0,65.0,0.6951871657754011,5.048128342245989,False,False,mozart-sym41-mvt1,3,4
93.5,130.9,bot,32.0,0.0,32.0,65.0,0.6951871657754011,5.048128342245989,True,True,mozart-sym41-mvt1,3,4
93.5,130.9,top,278.0,251.0,27.0,55.0,0.5882352941176471,3.4973262032085564,False,False,mozart-sym41-mvt1,3,4
93.5,130.9,bot,101.0,73.0,28.0,55.0,0.5882352941176471,3.4973262032085564,True,True,mozart-sym41-mvt1,3,4
93.5,130.9,top,353.0,326.0,27.0,55.0,0.5882352941176471,3.4973262032085564,False,False,mozart-sym41-mvt1,3,4
93.5,130.9,bot,26.0,0.0,26.0,55.0,0.5882352941176471,3.4973262032085564,True,True,mozart-sym41-mvt1,3,4
93.5,130.9,top,246.0,215.0,31.0,63.0,0.6737967914438503,5.048128342245989,False,False,mozart-sym41-mvt1,3,4
93.5,130.9,bot,124.0,92.0,32.0,63.0,0.6737967914438503,5.048128342245989,True,True,mozart-sym41-mvt1,3,4
93.5,130.9,top,322.0,290.0,32.0,65.0,0.6951871657754011,5.048128342245989,False,False,mozart-sym41-mvt1,3,4
93.5,130.9,bot,48.0,15.0,33.0,65.0,0.6951871657754011,5.048128342245989,True,True,mozart-sym41-mvt1,3,4
93.5,130.9,top,232.0,205.0,27.0,55.0,0.5882352941176471,3.4973262032085564,False,False,mozart-sym41-mvt1,3,4
93.5,130.9,bot,133.0,105.0,28.0,55.0,0.5882352941176471,3.4973262032085564,False,True,mozart-sym41-mvt1,3,4
93.5,130.9,top,307.0,280.0,27.0,55.0,0.5882352941176471,3.4973262032085564,False,False,mozart-sym41-mvt1,3,4
93.5,130.9,bot,58.0,30.0,28.0,55.0,0.5882352941176471,3.4973262032085564,True,True,mozart-sym41-mvt1,3,4
65.25,91.35,top,46.0,20.0,26.0,53.0,0.8122605363984674,4.1226053639846745,True,True,mozart-sym41-mvt1,4,0
65.25,91.35,bot,164.0,137.0,27.0,53.0,0.8122605363984674,4.1226053639846745,False,False,mozart-sym41-mvt1,4,0
65.25,91.35,top,92.0,66.0,26.0,53.0,0.8122605363984674,4.1226053639846745,False,True,mozart-sym41-mvt1,4,0
65.25,91.35,bot,118.0,91.0,27.0,53.0,0.8122605363984674,4.1226053639846745,False,True,mozart-sym41-mvt1,4,0
65.25,91.35,top,19.0,0.0,19.0,53.0,0.8122605363984674,4.1226053639846745,True,True,mozart-sym41-mvt1,4,0
65.25,91.35,bot,198.0,171.0,27.0,53.0,0.8122605363984674,4.1226053639846745,False,False,mozart-sym41-mvt1,4,0
65.25,91.35,top,65.0,39.0,26.0,53.0,0.8122605363984674,4.1226053639846745,True,True,mozart-sym41-mvt1,4,0
65.25,91.35,bot,152.0,125.0,27.0,53.0,0.8122605363984674,4.1226053639846745,False,False,mozart-sym41-mvt1,4,0
65.25,91.35,top,19.0,0.0,19.0,53.0,0.8122605363984674,4.091954022988506,True,True,mozart-sym41-mvt1,4,0
65.25,91.35,bot,201.0,174.0,27.0,53.0,0.8122605363984674,4.091954022988506,False,False,mozart-sym41-mvt1,4,0
65.25,91.35,top,70.0,47.0,23.0,46.0,0.7049808429118773,4.091954022988506,True,True,mozart-sym41-mvt1,4,0
65.25,91.35,bot,150.0,127.0,23.0,46.0,0.7049808429118773,4.091954022988506,False,False,mozart-sym41-mvt1,4,0
65.25,91.35,top,8.0,0.0,8.0,53.0,0.8122605363984674,4.1226053639846745,True,True,mozart-sym41-mvt1,4,0
65.25,91.35,bot,231.0,204.0,27.0,53.0,0.8122605363984674,4.1226053639846745,False,False,mozart-sym41-mvt1,4,0
65.25,91.35,top,38.0,12.0,26.0,53.0,0.8122605363984674,4.1226053639846745,True,True,mozart-sym41-mvt1,4,0
65.25,91.35,bot,185.0,158.0,27.0,53.0,0.8122605363984674,4.1226053639846745,False,False,mozart-sym41-mvt1,4,0
65.25,91.35,top,7.0,0.0,7.0,53.0,0.8122605363984674,4.091954022988506,True,True,mozart-sym41-mvt1,4,0
65.25,91.35,bot,234.0,207.0,27.0,53.0,0.8122605363984674,4.091954022988506,False,False,mozart-sym41-mvt1,4,0
65.25,91.35,top,44.0,21.0,23.0,46.0,0.7049808429118773,4.091954022988506,True,True,mozart-sym41-mvt1,4,0
65.25,91.35,bot,183.0,160.0,23.0,46.0,0.7049808429118773,4.091954022988506,False,False,mozart-sym41-mvt1,4,0
93.25,130.54999999999998,top,327.0,295.0,32.0,64.0,0.6863270777479893,3.506702412868633,False,False,mozart-sym41-mvt1,4,4
93.25,130.54999999999998,bot,73.0,41.0,32.0,64.0,0.6863270777479893,3.506702412868633,True,True,mozart-sym41-mvt1,4,4
93.25,130.54999999999998,top,408.0,381.0,27.0,55.0,0.5898123324396782,3.506702412868633,False,False,mozart-sym41-mvt1,4,4
93.25,130.54999999999998,bot,8.0,0.0,8.0,55.0,0.5898123324396782,3.506702412868633,True,True,mozart-sym41-mvt1,4,4
93.25,130.54999999999998,top,335.0,304.0,31.0,63.0,0.675603217158177,5.061662198391421,False,False,mozart-sym41-mvt1,4,4
93.25,130.54999999999998,bot,78.0,46.0,32.0,63.0,0.675603217158177,5.061662198391421,True,True,mozart-sym41-mvt1,4,4
93.25,130.54999999999998,top,412.0,379.0,33.0,66.0,0.707774798927614,5.061662198391421,False,False,mozart-sym41-mvt1,4,4
93.25,130.54999999999998,bot,1.0,0.0,1.0,66.0,0.707774798927614,5.061662198391421,True,True,mozart-sym41-mvt1,4,4
93.25,130.54999999999998,top,288.0,257.0,31.0,63.0,0.675603217158177,5.061662198391421,False,False,mozart-sym41-mvt1,4,4
93.25,130.54999999999998,bot,107.0,75.0,32.0,63.0,0.675603217158177,5.061662198391421,True,True,mozart-sym41-mvt1,4,4
93.25,130.54999999999998,top,365.0,332.0,33.0,66.0,0.707774798927614,5.061662198391421,False,False,mozart-sym41-mvt1,4,4
93.25,130.54999999999998,bot,30.0,0.0,30.0,66.0,0.707774798927614,5.061662198391421,True,True,mozart-sym41-mvt1,4,4
93.25,130.54999999999998,top,275.0,243.0,32.0,64.0,0.6863270777479893,3.506702412868633,False,False,mozart-sym41-mvt1,4,4
93.25,130.54999999999998,bot,104.0,72.0,32.0,64.0,0.6863270777479893,3.506702412868633,True,True,mozart-sym41-mvt1,4,4
93.25,130.54999999999998,top,356.0,329.0,27.0,55.0,0.5898123324396782,3.506702412868633,False,False,mozart-sym41-mvt1,4,4
93.25,130.54999999999998,bot,23.0,0.0,23.0,55.0,0.5898123324396782,3.506702412868633,True,True,mozart-sym41-mvt1,4,4
93.25,130.54999999999998,top,245.0,214.0,31.0,63.0,0.675603217158177,5.061662198391421,False,False,mozart-sym41-mvt1,4,4
93.25,130.54999999999998,bot,123.0,91.0,32.0,63.0,0.675603217158177,5.061662198391421,True,True,mozart-sym41-mvt1,4,4
93.25,130.54999999999998,top,322.0,289.0,33.0,66.0,0.707774798927614,5.061662198391421,False,False,mozart-sym41-mvt1,4,4
93.25,130.54999999999998,bot,46.0,13.0,33.0,66.0,0.707774798927614,5.061662198391421,True,True,mozart-sym41-mvt1,4,4
93.25,130.54999999999998,top,227.0,195.0,32.0,64.0,0.6863270777479893,3.506702412868633,False,False,mozart-sym41-mvt1,4,4
93.25,130.54999999999998,bot,136.0,104.0,32.0,64.0,0.6863270777479893,3.506702412868633,False,True,mozart-sym41-mvt1,4,4
93.25,130.54999999999998,top,308.0,281.0,27.0,55.0,0.5898123324396782,3.506702412868633,False,False,mozart-sym41-mvt1,4,4
93.25,130.54999999999998,bot,55.0,27.0,28.0,55.0,0.5898123324396782,3.506702412868633,True,True,mozart-sym41-mvt1,4,4
65.25,91.35,top,15.0,0.0,15.0,32.0,0.4904214559386973,4.1226053639846745,True,True,mozart-sym41-mvt1,12,0
65.25,91.35,bot,306.0,290.0,16.0,32.0,0.4904214559386973,4.1226053639846745,False,False,mozart-sym41-mvt1,12,0
65.25,91.35,top,69.0,53.0,16.0,32.0,0.4904214559386973,4.1226053639846745,True,True,mozart-sym41-mvt1,12,0
65.25,91.35,bot,252.0,236.0,16.0,32.0,0.4904214559386973,4.1226053639846745,False,False,mozart-sym41-mvt1,12,0
65.25,91.35,top,15.0,0.0,15.0,32.0,0.4904214559386973,4.1226053639846745,True,True,mozart-sym41-mvt1,12,0
65.25,91.35,bot,273.0,257.0,16.0,32.0,0.4904214559386973,4.1226053639846745,False,False,mozart-sym41-mvt1,12,0
65.25,91.35,top,69.0,53.0,16.0,32.0,0.4904214559386973,4.1226053639846745,True,True,mozart-sym41-mvt1,12,0
65.25,91.35,bot,219.0,203.0,16.0,32.0,0.4904214559386973,4.1226053639846745,False,False,mozart-sym41-mvt1,12,0
65.25,91.35,top,15.0,0.0,15.0,32.0,0.4904214559386973,4.1226053639846745,True,True,mozart-sym41-mvt1,12,0
65.25,91.35,bot,239.0,223.0,16.0,32.0,0.4904214559386973,4.1226053639846745,False,False,mozart-sym41-mvt1,12,0
65.25,91.35,top,69.0,53.0,16.0,32.0,0.4904214559386973,4.1226053639846745,True,True,mozart-sym41-mvt1,12,0
65.25,91.35,bot,185.0,169.0,16.0,32.0,0.4904214559386973,4.1226053639846745,False,False,mozart-sym41-mvt1,12,0
65.25,91.35,top,15.0,0.0,15.0,32.0,0.4904214559386973,4.091954022988506,True,True,mozart-sym41-mvt1,12,0
65.25,91.35,bot,309.0,293.0,16.0,32.0,0.4904214559386973,4.091954022988506,False,False,mozart-sym41-mvt1,12,0
65.25,91.35,top,69.0,53.0,16.0,32.0,0.4904214559386973,4.091954022988506,True,True,mozart-sym41-mvt1,12,0
65.25,91.35,bot,255.0,239.0,16.0,32.0,0.4904214559386973,4.091954022988506,False,False,mozart-sym41-mvt1,12,0
65.25,91.35,top,15.0,0.0,15.0,32.0,0.4904214559386973,4.091954022988506,True,True,mozart-sym41-mvt1,12,0
65.25,91.35,bot,276.0,260.0,16.0,32.0,0.4904214559386973,4.091954022988506,False,False,mozart-sym41-mvt1,12,0
65.25,91.35,top,69.0,53.0,16.0,32.0,0.4904214559386973,4.091954022988506,True,True,mozart-sym41-mvt1,12,0
65.25,91.35,bot,222.0,206.0,16.0,32.0,0.4904214559386973,4.091954022988506,False,False,mozart-sym41-mvt1,12,0
93.25,130.54999999999998,top,62.0,23.0,39.0,79.0,0.8471849865951743,5.040214477211796,True,True,mozart-sym41-mvt1,12,4
93.25,130.54999999999998,bot,283.0,243.0,40.0,79.0,0.8471849865951743,5.040214477211796,False,False,mozart-sym41-mvt1,12,4
93.25,130.54999999999998,top,134.0,93.0,41.0,82.0,0.8793565683646113,5.040214477211796,False,True,mozart-sym41-mvt1,12,4
93.25,130.54999999999998,bot,211.0,170.0,41.0,82.0,0.8793565683646113,5.040214477211796,False,False,mozart-sym41-mvt1,12,4
93.25,130.54999999999998,top,23.0,0.0,23.0,57.0,0.6112600536193029,3.506702412868633,True,True,mozart-sym41-mvt1,12,4
93.25,130.54999999999998,bot,338.0,309.0,29.0,57.0,0.6112600536193029,3.506702412868633,False,False,mozart-sym41-mvt1,12,4
93.25,130.54999999999998,top,100.0,72.0,28.0,57.0,0.6112600536193029,3.506702412868633,True,True,mozart-sym41-mvt1,12,4
93.25,130.54999999999998,bot,261.0,232.0,29.0,57.0,0.6112600536193029,3.506702412868633,False,False,mozart-sym41-mvt1,12,4
93.25,130.54999999999998,top,13.0,0.0,13.0,79.0,0.8471849865951743,5.040214477211796,True,True,mozart-sym41-mvt1,12,4
93.25,130.54999999999998,bot,379.0,339.0,40.0,79.0,0.8471849865951743,5.040214477211796,False,False,mozart-sym41-mvt1,12,4
93.25,130.54999999999998,top,59.0,18.0,41.0,82.0,0.8793565683646113,5.040214477211796,True,True,mozart-sym41-mvt1,12,4
93.25,130.54999999999998,bot,307.0,266.0,41.0,82.0,0.8793565683646113,5.040214477211796,False,False,mozart-sym41-mvt1,12,4
93.25,130.54999999999998,top,15.0,0.0,15.0,57.0,0.6112600536193029,3.506702412868633,True,True,mozart-sym41-mvt1,12,4
93.25,130.54999999999998,bot,385.0,356.0,29.0,57.0,0.6112600536193029,3.506702412868633,False,False,mozart-sym41-mvt1,12,4
93.25,130.54999999999998,top,62.0,34.0,28.0,57.0,0.6112600536193029,3.506702412868633,True,True,mozart-sym41-mvt1,12,4
93.25,130.54999999999998,bot,308.0,279.0,29.0,57.0,0.6112600536193029,3.506702412868633,False,False,mozart-sym41-mvt1,12,4
65.5,91.69999999999999,top,16.0,0.0,16.0,32.0,0.48854961832061067,4.106870229007634,True,True,mozart-sym41-mvt1,13,0
65.5,91.69999999999999,bot,305.0,289.0,16.0,32.0,0.48854961832061067,4.106870229007634,False,False,mozart-sym41-mvt1,13,0
65.5,91.69999999999999,top,70.0,54.0,16.0,32.0,0.48854961832061067,4.106870229007634,True,True,mozart-sym41-mvt1,13,0
65.5,91.69999999999999,bot,251.0,235.0,16.0,32.0,0.48854961832061067,4.106870229007634,False,False,mozart-sym41-mvt1,13,0
65.5,91.69999999999999,top,16.0,0.0,16.0,32.0,0.48854961832061067,4.106870229007634,True,True,mozart-sym41-mvt1,13,0
65.5,91.69999999999999,bot,271.0,255.0,16.0,32.0,0.48854961832061067,4.106870229007634,False,False,mozart-sym41-mvt1,13,0
65.5,91.69999999999999,top,70.0,54.0,16.0,32.0,0.48854961832061067,4.106870229007634,True,True,mozart-sym41-mvt1,13,0
65.5,91.69999999999999,bot,217.0,201.0,16.0,32.0,0.48854961832061067,4.106870229007634,False,False,mozart-sym41-mvt1,13,0
65.5,91.69999999999999,top,16.0,0.0,16.0,32.0,0.48854961832061067,4.106870229007634,True,True,mozart-sym41-mvt1,13,0
65.5,91.69999999999999,bot,240.0,224.0,16.0,32.0,0.48854961832061067,4.106870229007634,False,False,mozart-sym41-mvt1,13,0
65.5,91.69999999999999,top,70.0,54.0,16.0,32.0,0.48854961832061067,4.106870229007634,True,True,mozart-sym41-mvt1,13,0
65.5,91.69999999999999,bot,186.0,170.0,16.0,32.0,0.48854961832061067,4.106870229007634,False,False,mozart-sym41-mvt1,13,0
65.5,91.69999999999999,top,16.0,0.0,16.0,32.0,0.48854961832061067,4.076335877862595,True,True,mozart-sym41-mvt1,13,0
65.5,91.69999999999999,bot,308.0,292.0,16.0,32.0,0.48854961832061067,4.076335877862595,False,False,mozart-sym41-mvt1,13,0
65.5,91.69999999999999,top,70.0,54.0,16.0,32.0,0.48854961832061067,4.076335877862595,True,True,mozart-sym41-mvt1,13,0
65.5,91.69999999999999,bot,254.0,238.0,16.0,32.0,0.48854961832061067,4.076335877862595,False,False,mozart-sym41-mvt1,13,0
65.5,91.69999999999999,top,16.0,0.0,16.0,32.0,0.48854961832061067,4.076335877862595,True,True,mozart-sym41-mvt1,13,0
65.5,91.69999999999999,bot,275.0,259.0,16.0,32.0,0.48854961832061067,4.076335877862595,False,False,mozart-sym41-mvt1,13,0
65.5,91.69999999999999,top,70.0,54.0,16.0,32.0,0.48854961832061067,4.076335877862595,True,True,mozart-sym41-mvt1,13,0
65.5,91.69999999999999,bot,221.0,205.0,16.0,32.0,0.48854961832061067,4.076335877862595,False,False,mozart-sym41-mvt1,13,0
93.5,130.9,top,62.0,21.0,41.0,82.0,0.8770053475935828,5.026737967914438,True,True,mozart-sym41-mvt1,13,4
93.5,130.9,bot,285.0,244.0,41.0,82.0,0.8770053475935828,5.026737967914438,False,False,mozart-sym41-mvt1,13,4
93.5,130.9,top,133.0,94.0,39.0,79.0,0.8449197860962567,5.026737967914438,False,True,mozart-sym41-mvt1,13,4
93.5,130.9,bot,214.0,174.0,40.0,79.0,0.8449197860962567,5.026737967914438,False,False,mozart-sym41-mvt1,13,4
93.5,130.9,top,22.0,0.0,22.0,54.0,0.5775401069518716,3.4973262032085564,True,True,mozart-sym41-mvt1,13,4
93.5,130.9,bot,337.0,310.0,27.0,54.0,0.5775401069518716,3.4973262032085564,False,False,mozart-sym41-mvt1,13,4
93.5,130.9,top,98.0,70.0,28.0,56.0,0.5989304812834224,3.4973262032085564,True,True,mozart-sym41-mvt1,13,4
93.5,130.9,bot,261.0,233.0,28.0,56.0,0.5989304812834224,3.4973262032085564,False,False,mozart-sym41-mvt1,13,4
93.5,130.9,top,13.0,0.0,13.0,82.0,0.8770053475935828,5.026737967914438,True,True,mozart-sym41-mvt1,13,4
93.5,130.9,bot,378.0,337.0,41.0,82.0,0.8770053475935828,5.026737967914438,False,False,mozart-sym41-mvt1,13,4
93.5,130.9,top,58.0,19.0,39.0,79.0,0.8449197860962567,5.026737967914438,True,True,mozart-sym41-mvt1,13,4
93.5,130.9,bot,307.0,267.0,40.0,79.0,0.8449197860962567,5.026737967914438,False,False,mozart-sym41-mvt1,13,4
93.5,130.9,top,15.0,0.0,15.0,54.0,0.5775401069518716,3.4973262032085564,True,True,mozart-sym41-mvt1,13,4
93.5,130.9,bot,385.0,358.0,27.0,54.0,0.5775401069518716,3.4973262032085564,False,False,mozart-sym41-mvt1,13,4
93.5,130.9,top,61.0,33.0,28.0,56.0,0.5989304812834224,3.4973262032085564,True,True,mozart-sym41-mvt1,13,4
93.5,130.9,bot,309.0,281.0,28.0,56.0,0.5989304812834224,3.4973262032085564,False,False,mozart-sym41-mvt1,13,4
65.25,91.35,top,46.0,19.0,27.0,54.0,0.8275862068965517,4.091954022988506,True,True,mozart-sym41-mvt1,14,0
65.25,91.35,bot,198.0,171.0,27.0,54.0,0.8275862068965517,4.091954022988506,False,False,mozart-sym41-mvt1,14,0
65.25,91.35,top,92.0,66.0,26.0,53.0,0.8122605363984674,4.1226053639846745,False,True,mozart-sym41-mvt1,14,0
65.25,91.35,bot,152.0,125.0,27.0,53.0,0.8122605363984674,4.1226053639846745,False,False,mozart-sym41-mvt1,14,0
65.25,91.35,top,19.0,0.0,19.0,54.0,0.8275862068965517,4.091954022988506,True,True,mozart-sym41-mvt1,14,0
65.25,91.35,bot,231.0,204.0,27.0,54.0,0.8275862068965517,4.091954022988506,False,False,mozart-sym41-mvt1,14,0
65.25,91.35,top,65.0,39.0,26.0,53.0,0.8122605363984674,4.1226053639846745,True,True,mozart-sym41-mvt1,14,0
65.25,91.35,bot,185.0,158.0,27.0,53.0,0.8122605363984674,4.1226053639846745,False,False,mozart-sym41-mvt1,14,0
65.25,91.35,top,19.0,0.0,19.0,53.0,0.8122605363984674,4.091954022988506,True,True,mozart-sym41-mvt1,14,0
65.25,91.35,bot,234.0,207.0,27.0,53.0,0.8122605363984674,4.091954022988506,False,False,mozart-sym41-mvt1,14,0
65.25,91.35,top,65.0,39.0,26.0,53.0,0.8122605363984674,4.091954022988506,True,True,mozart-sym41-mvt1,14,0
65.25,91.35,bot,188.0,161.0,27.0,53.0,0.8122605363984674,4.091954022988506,False,False,mozart-sym41-mvt1,14,0
65.25,91.35,top,7.0,0.0,7.0,54.0,0.8275862068965517,4.091954022988506,True,True,mozart-sym41-mvt1,14,0
65.25,91.35,bot,263.0,236.0,27.0,54.0,0.8275862068965517,4.091954022988506,False,False,mozart-sym41-mvt1,14,0
65.25,91.35,top,39.0,13.0,26.0,53.0,0.8122605363984674,4.1226053639846745,True,True,mozart-sym41-mvt1,14,0
65.25,91.35,bot,217.0,190.0,27.0,53.0,0.8122605363984674,4.1226053639846745,False,False,mozart-sym41-mvt1,14,0
65.25,91.35,top,7.0,0.0,7.0,53.0,0.8122605363984674,4.091954022988506,True,True,mozart-sym41-mvt1,14,0
65.25,91.35,bot,266.0,239.0,27.0,53.0,0.8122605363984674,4.091954022988506,False,False,mozart-sym41-mvt1,14,0
65.25,91.35,top,39.0,13.0,26.0,53.0,0.8122605363984674,4.091954022988506,True,True,mozart-sym41-mvt1,14,0
65.25,91.35,bot,220.0,193.0,27.0,53.0,0.8122605363984674,4.091954022988506,False,False,mozart-sym41-mvt1,14,0
100.0,140.0,top,406.0,357.0,49.0,97.0,0.97,1.64,False,False,mozart-sym41-mvt1,14,1
100.0,140.0,bot,762.0,713.0,49.0,97.0,0.97,1.64,False,False,mozart-sym41-mvt1,14,1
93.0,130.2,top,306.0,279.0,27.0,54.0,0.5806451612903226,3.4838709677419355,False,False,mozart-sym41-mvt1,14,4
93.0,130.2,bot,64.0,37.0,27.0,54.0,0.5806451612903226,3.4838709677419355,True,True,mozart-sym41-mvt1,14,4
93.0,130.2,top,383.0,356.0,27.0,55.0,0.5913978494623656,3.5161290322580645,False,False,mozart-sym41-mvt1,14,4
93.0,130.2,bot,13.0,0.0,13.0,55.0,0.5913978494623656,3.5161290322580645,True,True,mozart-sym41-mvt1,14,4
93.0,130.2,top,304.0,264.0,40.0,81.0,0.8709677419354839,5.075268817204301,False,False,mozart-sym41-mvt1,14,4
93.0,130.2,bot,62.0,21.0,41.0,81.0,0.8709677419354839,5.075268817204301,True,True,mozart-sym41-mvt1,14,4
93.0,130.2,top,377.0,336.0,41.0,82.0,0.8817204301075269,5.075268817204301,False,False,mozart-sym41-mvt1,14,4
93.0,130.2,bot,11.0,0.0,11.0,82.0,0.8817204301075269,5.075268817204301,True,True,mozart-sym41-mvt1,14,4
93.0,130.2,top,258.0,218.0,40.0,81.0,0.8709677419354839,5.075268817204301,False,False,mozart-sym41-mvt1,14,4
93.0,130.2,bot,109.0,68.0,41.0,81.0,0.8709677419354839,5.075268817204301,True,True,mozart-sym41-mvt1,14,4
93.0,130.2,top,331.0,290.0,41.0,82.0,0.8817204301075269,5.075268817204301,False,False,mozart-sym41-mvt1,14,4
93.0,130.2,bot,36.0,0.0,36.0,82.0,0.8817204301075269,5.075268817204301,True,True,mozart-sym41-mvt1,14,4
93.0,130.2,top,256.0,229.0,27.0,54.0,0.5806451612903226,3.4838709677419355,False,False,mozart-sym41-mvt1,14,4
93.0,130.2,bot,100.0,73.0,27.0,54.0,0.5806451612903226,3.4838709677419355,True,True,mozart-sym41-mvt1,14,4
93.0,130.2,top,333.0,306.0,27.0,55.0,0.5913978494623656,3.5161290322580645,False,False,mozart-sym41-mvt1,14,4
93.0,130.2,bot,23.0,0.0,23.0,55.0,0.5913978494623656,3.5161290322580645,True,True,mozart-sym41-mvt1,14,4
93.0,130.2,top,215.0,175.0,40.0,81.0,0.8709677419354839,5.075268817204301,False,False,mozart-sym41-mvt1,14,4
93.0,130.2,bot,137.0,96.0,41.0,81.0,0.8709677419354839,5.075268817204301,False,True,mozart-sym41-mvt1,14,4
93.0,130.2,top,288.0,247.0,41.0,82.0,0.8817204301075269,5.075268817204301,False,False,mozart-sym41-mvt1,14,4
93.0,130.2,bot,64.0,23.0,41.0,82.0,0.8817204301075269,5.075268817204301,True,True,mozart-sym41-mvt1,14,4
93.0,130.2,top,209.0,182.0,27.0,54.0,0.5806451612903226,3.4838709677419355,False,False,mozart-sym41-mvt1,14,4
93.0,130.2,bot,139.0,112.0,27.0,54.0,0.5806451612903226,3.4838709677419355,False,True,mozart-sym41-mvt1,14,4
93.0,130.2,top,286.0,259.0,27.0,55.0,0.5913978494623656,3.5161290322580645,False,False,mozart-sym41-mvt1,14,4
93.0,130.2,bot,62.0,34.0,28.0,55.0,0.5913978494623656,3.5161290322580645,True,True,mozart-sym41-mvt1,14,4
65.25,91.35,top,46.0,20.0,26.0,53.0,0.8122605363984674,4.1226053639846745,True,True,mozart-sym41-mvt1,15,0
65.25,91.35,bot,164.0,137.0,27.0,53.0,0.8122605363984674,4.1226053639846745,False,False,mozart-sym41-mvt1,15,0
65.25,91.35,top,92.0,66.0,26.0,53.0,0.8122605363984674,4.1226053639846745,False,True,mozart-sym41-mvt1,15,0
65.25,91.35,bot,118.0,91.0,27.0,53.0,0.8122605363984674,4.1226053639846745,False,True,mozart-sym41-mvt1,15,0
65.25,91.35,top,19.0,0.0,19.0,53.0,0.8122605363984674,4.1226053639846745,True,True,mozart-sym41-mvt1,15,0
65.25,91.35,bot,198.0,171.0,27.0,53.0,0.8122605363984674,4.1226053639846745,False,False,mozart-sym41-mvt1,15,0
65.25,91.35,top,65.0,39.0,26.0,53.0,0.8122605363984674,4.1226053639846745,True,True,mozart-sym41-mvt1,15,0
65.25,91.35,bot,152.0,125.0,27.0,53.0,0.8122605363984674,4.1226053639846745,False,False,mozart-sym41-mvt1,15,0
65.25,91.35,top,19.0,0.0,19.0,53.0,0.8122605363984674,4.091954022988506,True,True,mozart-sym41-mvt1,15,0
65.25,91.35,bot,201.0,174.0,27.0,53.0,0.8122605363984674,4.091954022988506,False,False,mozart-sym41-mvt1,15,0
65.25,91.35,top,65.0,39.0,26.0,53.0,0.8122605363984674,4.091954022988506,True,True,mozart-sym41-mvt1,15,0
65.25,91.35,bot,155.0,128.0,27.0,53.0,0.8122605363984674,4.091954022988506,False,False,mozart-sym41-mvt1,15,0
65.25,91.35,top,7.0,0.0,7.0,53.0,0.8122605363984674,4.1226053639846745,True,True,mozart-sym41-mvt1,15,0
65.25,91.35,bot,231.0,204.0,27.0,53.0,0.8122605363984674,4.1226053639846745,False,False,mozart-sym41-mvt1,15,0
65.25,91.35,top,39.0,13.0,26.0,53.0,0.8122605363984674,4.1226053639846745,True,True,mozart-sym41-mvt1,15,0
65.25,91.35,bot,185.0,158.0,27.0,53.0,0.8122605363984674,4.1226053639846745,False,False,mozart-sym41-mvt1,15,0
65.25,91.35,top,7.0,0.0,7.0,53.0,0.8122605363984674,4.091954022988506,True,True,mozart-sym41-mvt1,15,0
65.25,91.35,bot,234.0,207.0,27.0,53.0,0.8122605363984674,4.091954022988506,False,False,mozart-sym41-mvt1,15,0
65.25,91.35,top,39.0,13.0,26.0,53.0,0.8122605363984674,4.091954022988506,True,True,mozart-sym41-mvt1,15,0
65.25,91.35,bot,188.0,161.0,27.0,53.0,0.8122605363984674,4.091954022988506,False,False,mozart-sym41-mvt1,15,0
93.25,130.54999999999998,top,331.0,304.0,27.0,55.0,0.5898123324396782,3.506702412868633,False,False,mozart-sym41-mvt1,15,4
93.25,130.54999999999998,bot,69.0,41.0,28.0,55.0,0.5898123324396782,3.506702412868633,True,True,mozart-sym41-mvt1,15,4
93.25,130.54999999999998,top,408.0,381.0,27.0,55.0,0.5898123324396782,3.506702412868633,False,False,mozart-sym41-mvt1,15,4
93.25,130.54999999999998,bot,8.0,0.0,8.0,55.0,0.5898123324396782,3.506702412868633,True,True,mozart-sym41-mvt1,15,4
93.25,130.54999999999998,top,335.0,304.0,31.0,63.0,0.675603217158177,5.061662198391421,False,False,mozart-sym41-mvt1,15,4
93.25,130.54999999999998,bot,78.0,46.0,32.0,63.0,0.675603217158177,5.061662198391421,True,True,mozart-sym41-mvt1,15,4
93.25,130.54999999999998,top,412.0,379.0,33.0,66.0,0.707774798927614,5.061662198391421,False,False,mozart-sym41-mvt1,15,4
93.25,130.54999999999998,bot,1.0,0.0,1.0,66.0,0.707774798927614,5.061662198391421,True,True,mozart-sym41-mvt1,15,4
93.25,130.54999999999998,top,288.0,257.0,31.0,63.0,0.675603217158177,5.061662198391421,False,False,mozart-sym41-mvt1,15,4
93.25,130.54999999999998,bot,107.0,75.0,32.0,63.0,0.675603217158177,5.061662198391421,True,True,mozart-sym41-mvt1,15,4
93.25,130.54999999999998,top,365.0,332.0,33.0,66.0,0.707774798927614,5.061662198391421,False,False,mozart-sym41-mvt1,15,4
93.25,130.54999999999998,bot,30.0,0.0,30.0,66.0,0.707774798927614,5.061662198391421,True,True,mozart-sym41-mvt1,15,4
93.25,130.54999999999998,top,279.0,252.0,27.0,55.0,0.5898123324396782,3.506702412868633,False,False,mozart-sym41-mvt1,15,4
93.25,130.54999999999998,bot,100.0,72.0,28.0,55.0,0.5898123324396782,3.506702412868633,True,True,mozart-sym41-mvt1,15,4
93.25,130.54999999999998,top,356.0,329.0,27.0,55.0,0.5898123324396782,3.506702412868633,False,False,mozart-sym41-mvt1,15,4
93.25,130.54999999999998,bot,23.0,0.0,23.0,55.0,0.5898123324396782,3.506702412868633,True,True,mozart-sym41-mvt1,15,4
93.25,130.54999999999998,top,245.0,214.0,31.0,63.0,0.675603217158177,5.061662198391421,False,False,mozart-sym41-mvt1,15,4
93.25,130.54999999999998,bot,123.0,91.0,32.0,63.0,0.675603217158177,5.061662198391421,True,True,mozart-sym41-mvt1,15,4
93.25,130.54999999999998,top,322.0,289.0,33.0,66.0,0.707774798927614,5.061662198391421,False,False,mozart-sym41-mvt1,15,4
93.25,130.54999999999998,bot,46.0,13.0,33.0,66.0,0.707774798927614,5.061662198391421,True,True,mozart-sym41-mvt1,15,4
93.25,130.54999999999998,top,231.0,204.0,27.0,55.0,0.5898123324396782,3.506702412868633,False,False,mozart-sym41-mvt1,15,4
93.25,130.54999999999998,bot,132.0,104.0,28.0,55.0,0.5898123324396782,3.506702412868633,False,True,mozart-sym41-mvt1,15,4
93.25,130.54999999999998,top,308.0,281.0,27.0,55.0,0.5898123324396782,3.506702412868633,False,False,mozart-sym41-mvt1,15,4
93.25,130.54999999999998,bot,55.0,27.0,28.0,55.0,0.5898123324396782,3.506702412868633,True,True,mozart-sym41-mvt1,15,4
65.25,91.35,top,44.0,18.0,26.0,52.0,0.7969348659003831,4.091954022988506,True,True,mozart-sym41-mvt1,16,0
65.25,91.35,bot,164.0,138.0,26.0,52.0,0.7969348659003831,4.091954022988506,False,False,mozart-sym41-mvt1,16,0
65.25,91.35,top,91.0,64.0,27.0,54.0,0.8275862068965517,4.1226053639846745,True,True,mozart-sym41-mvt1,16,0
65.25,91.35,bot,117.0,90.0,27.0,54.0,0.8275862068965517,4.1226053639846745,False,True,mozart-sym41-mvt1,16,0
65.25,91.35,top,19.0,0.0,19.0,52.0,0.7969348659003831,4.091954022988506,True,True,mozart-sym41-mvt1,16,0
65.25,91.35,bot,197.0,171.0,26.0,52.0,0.7969348659003831,4.091954022988506,False,False,mozart-sym41-mvt1,16,0
65.25,91.35,top,66.0,39.0,27.0,54.0,0.8275862068965517,4.1226053639846745,True,True,mozart-sym41-mvt1,16,0
65.25,91.35,bot,150.0,123.0,27.0,54.0,0.8275862068965517,4.1226053639846745,False,False,mozart-sym41-mvt1,16,0
65.25,91.35,top,19.0,0.0,19.0,52.0,0.7969348659003831,4.091954022988506,True,True,mozart-sym41-mvt1,16,0
65.25,91.35,bot,201.0,175.0,26.0,52.0,0.7969348659003831,4.091954022988506,False,False,mozart-sym41-mvt1,16,0
65.25,91.35,top,66.0,39.0,27.0,54.0,0.8275862068965517,4.091954022988506,True,True,mozart-sym41-mvt1,16,0
65.25,91.35,bot,154.0,127.0,27.0,54.0,0.8275862068965517,4.091954022988506,False,False,mozart-sym41-mvt1,16,0
65.25,91.35,top,8.0,0.0,8.0,52.0,0.7969348659003831,4.091954022988506,True,True,mozart-sym41-mvt1,16,0
65.25,91.35,bot,231.0,205.0,26.0,52.0,0.7969348659003831,4.091954022988506,False,False,mozart-sym41-mvt1,16,0
65.25,91.35,top,39.0,12.0,27.0,54.0,0.8275862068965517,4.1226053639846745,True,True,mozart-sym41-mvt1,16,0
65.25,91.35,bot,184.0,157.0,27.0,54.0,0.8275862068965517,4.1226053639846745,False,False,mozart-sym41-mvt1,16,0
65.25,91.35,top,8.0,0.0,8.0,52.0,0.7969348659003831,4.091954022988506,True,True,mozart-sym41-mvt1,16,0
65.25,91.35,bot,234.0,208.0,26.0,52.0,0.7969348659003831,4.091954022988506,False,False,mozart-sym41-mvt1,16,0
65.25,91.35,top,39.0,12.0,27.0,54.0,0.8275862068965517,4.091954022988506,True,True,mozart-sym41-mvt1,16,0
65.25,91.35,bot,187.0,160.0,27.0,54.0,0.8275862068965517,4.091954022988506,False,False,mozart-sym41-mvt1,16,0
93.25,130.54999999999998,top,327.0,295.0,32.0,64.0,0.6863270777479893,3.506702412868633,False,False,mozart-sym41-mvt1,16,4
93.25,130.54999999999998,bot,72.0,40.0,32.0,64.0,0.6863270777479893,3.506702412868633,True,True,mozart-sym41-mvt1,16,4
93.25,130.54999999999998,top,408.0,381.0,27.0,55.0,0.5898123324396782,3.506702412868633,False,False,mozart-sym41-mvt1,16,4
93.25,130.54999999999998,bot,9.0,0.0,9.0,55.0,0.5898123324396782,3.506702412868633,True,True,mozart-sym41-mvt1,16,4
93.25,130.54999999999998,top,335.0,304.0,31.0,63.0,0.675603217158177,5.061662198391421,False,False,mozart-sym41-mvt1,16,4
93.25,130.54999999999998,bot,78.0,46.0,32.0,63.0,0.675603217158177,5.061662198391421,True,True,mozart-sym41-mvt1,16,4
93.25,130.54999999999998,top,412.0,381.0,31.0,63.0,0.675603217158177,5.061662198391421,False,False,mozart-sym41-mvt1,16,4
93.25,130.54999999999998,bot,1.0,0.0,1.0,63.0,0.675603217158177,5.061662198391421,True,True,mozart-sym41-mvt1,16,4
93.25,130.54999999999998,top,288.0,257.0,31.0,63.0,0.675603217158177,5.061662198391421,False,False,mozart-sym41-mvt1,16,4
93.25,130.54999999999998,bot,107.0,75.0,32.0,63.0,0.675603217158177,5.061662198391421,True,True,mozart-sym41-mvt1,16,4
93.25,130.54999999999998,top,365.0,334.0,31.0,63.0,0.675603217158177,5.061662198391421,False,False,mozart-sym41-mvt1,16,4
93.25,130.54999999999998,bot,30.0,0.0,30.0,63.0,0.675603217158177,5.061662198391421,True,True,mozart-sym41-mvt1,16,4
93.25,130.54999999999998,top,275.0,243.0,32.0,64.0,0.6863270777479893,3.506702412868633,False,False,mozart-sym41-mvt1,16,4
93.25,130.54999999999998,bot,104.0,72.0,32.0,64.0,0.6863270777479893,3.506702412868633,True,True,mozart-sym41-mvt1,16,4
93.25,130.54999999999998,top,356.0,329.0,27.0,55.0,0.5898123324396782,3.506702412868633,False,False,mozart-sym41-mvt1,16,4
93.25,130.54999999999998,bot,23.0,0.0,23.0,55.0,0.5898123324396782,3.506702412868633,True,True,mozart-sym41-mvt1,16,4
93.25,130.54999999999998,top,245.0,214.0,31.0,63.0,0.675603217158177,5.061662198391421,False,False,mozart-sym41-mvt1,16,4
93.25,130.54999999999998,bot,123.0,91.0,32.0,63.0,0.675603217158177,5.061662198391421,True,True,mozart-sym41-mvt1,16,4
93.25,130.54999999999998,top,322.0,291.0,31.0,63.0,0.675603217158177,5.061662198391421,False,False,mozart-sym41-mvt1,16,4
93.25,130.54999999999998,bot,46.0,14.0,32.0,63.0,0.675603217158177,5.061662198391421,True,True,mozart-sym41-mvt1,16,4
93.25,130.54999999999998,top,227.0,195.0,32.0,64.0,0.6863270777479893,3.506702412868633,False,False,mozart-sym41-mvt1,16,4
93.25,130.54999999999998,bot,136.0,104.0,32.0,64.0,0.6863270777479893,3.506702412868633,False,True,mozart-sym41-mvt1,16,4
93.25,130.54999999999998,top,308.0,281.0,27.0,55.0,0.5898123324396782,3.506702412868633,False,False,mozart-sym41-mvt1,16,4
93.25,130.54999999999998,bot,55.0,27.0,28.0,55.0,0.5898123324396782,3.506702412868633,True,True,mozart-sym41-mvt1,16,4
78.5,109.89999999999999,top,281.0,268.0,13.0,27.0,0.34394904458598724,1.821656050955414,False,False,mozart-sym40-mvt1,6,0
78.5,109.89999999999999,bot,13.0,0.0,13.0,27.0,0.34394904458598724,1.821656050955414,True,True,mozart-sym40-mvt1,6,0
78.5,109.89999999999999,top,243.0,230.0,13.0,27.0,0.34394904458598724,1.821656050955414,False,False,mozart-sym40-mvt1,6,0
78.5,109.89999999999999,bot,28.0,14.0,14.0,27.0,0.34394904458598724,1.821656050955414,True,True,mozart-sym40-mvt1,6,0
100.0,140.0,top,360.0,343.0,17.0,34.0,0.34,1.82,False,False,mozart-sym40-mvt1,6,1
100.0,140.0,bot,15.0,0.0,15.0,34.0,0.34,1.82,True,True,mozart-sym40-mvt1,6,1
100.0,140.0,top,355.0,338.0,17.0,34.0,0.34,1.83,False,False,mozart-sym40-mvt1,6,1
100.0,140.0,bot,15.0,0.0,15.0,34.0,0.34,1.83,True,True,mozart-sym40-mvt1,6,1
100.0,140.0,top,312.0,295.0,17.0,34.0,0.34,1.83,False,False,mozart-sym40-mvt1,6,1
100.0,140.0,bot,35.0,18.0,17.0,34.0,0.34,1.83,True,True,mozart-sym40-mvt1,6,1
100.0,140.0,top,307.0,290.0,17.0,34.0,0.34,1.82,False,False,mozart-sym40-mvt1,6,1
100.0,140.0,bot,35.0,18.0,17.0,34.0,0.34,1.82,True,True,mozart-sym40-mvt1,6,1
100.0,140.0,top,378.0,358.0,20.0,41.0,0.41,2.13,False,False,mozart-sym40-mvt1,6,2
100.0,140.0,bot,17.0,0.0,17.0,41.0,0.41,2.13,True,True,mozart-sym40-mvt1,6,2
100.0,140.0,top,329.0,309.0,20.0,41.0,0.41,2.13,False,False,mozart-sym40-mvt1,6,2
100.0,140.0,bot,37.0,16.0,21.0,41.0,0.41,2.13,True,True,mozart-sym40-mvt1,6,2
100.0,140.0,top,361.0,343.0,18.0,37.0,0.37,1.82,False,False,mozart-sym40-mvt1,6,3
100.0,140.0,bot,17.0,0.0,17.0,37.0,0.37,1.82,True,True,mozart-sym40-mvt1,6,3
100.0,140.0,top,310.0,292.0,18.0,37.0,0.37,1.82,False,False,mozart-sym40-mvt1,6,3
100.0,140.0,bot,34.0,15.0,19.0,37.0,0.37,1.82,True,True,mozart-sym40-mvt1,6,3
100.0,140.0,top,355.0,338.0,17.0,34.0,0.34,1.81,False,False,mozart-sym40-mvt1,6,3
100.0,140.0,bot,15.0,0.0,15.0,34.0,0.34,1.81,True,True,mozart-sym40-mvt1,6,3
100.0,140.0,top,307.0,290.0,17.0,34.0,0.34,1.81,False,False,mozart-sym40-mvt1,6,3
100.0,140.0,bot,35.0,18.0,17.0,34.0,0.34,1.81,True,True,mozart-sym40-mvt1,6,3
100.0,140.0,top,331.0,314.0,17.0,34.0,0.34,1.83,False,False,mozart-sym40-mvt1,6,4
100.0,140.0,bot,16.0,0.0,16.0,34.0,0.34,1.83,True,True,mozart-sym40-mvt1,6,4
100.0,140.0,top,274.0,257.0,17.0,34.0,0.34,1.83,False,False,mozart-sym40-mvt1,6,4
100.0,140.0,bot,35.0,18.0,17.0,34.0,0.34,1.83,True,True,mozart-sym40-mvt1,6,4
100.0,140.0,top,326.0,309.0,17.0,34.0,0.34,1.83,False,False,mozart-sym40-mvt1,6,5
100.0,140.0,bot,16.0,0.0,16.0,34.0,0.34,1.83,True,True,mozart-sym40-mvt1,6,5
100.0,140.0,top,326.0,309.0,17.0,34.0,0.34,1.81,False,False,mozart-sym40-mvt1,6,5
100.0,140.0,bot,16.0,0.0,16.0,34.0,0.34,1.81,True,True,mozart-sym40-mvt1,6,5
100.0,140.0,top,274.0,257.0,17.0,34.0,0.34,1.83,False,False,mozart-sym40-mvt1,6,5
100.0,140.0,bot,35.0,18.0,17.0,34.0,0.34,1.83,True,True,mozart-sym40-mvt1,6,5
100.0,140.0,top,274.0,257.0,17.0,34.0,0.34,1.81,False,False,mozart-sym40-mvt1,6,5
100.0,140.0,bot,35.0,18.0,17.0,34.0,0.34,1.81,True,True,mozart-sym40-mvt1,6,5
78.5,109.89999999999999,top,23.0,2.0,21.0,43.0,0.5477707006369427,1.6560509554140128,True,True,mozart-sym40-mvt1,7,0
78.5,109.89999999999999,bot,242.0,220.0,22.0,43.0,0.5477707006369427,1.6560509554140128,False,False,mozart-sym40-mvt1,7,0
100.0,140.0,top,33.0,16.0,17.0,34.0,0.34,1.83,True,True,mozart-sym40-mvt1,7,1
100.0,140.0,bot,306.0,289.0,17.0,34.0,0.34,1.83,False,False,mozart-sym40-mvt1,7,1
100.0,140.0,top,30.0,2.0,28.0,57.0,0.57,1.65,True,True,mozart-sym40-mvt1,7,1
100.0,140.0,bot,309.0,280.0,29.0,57.0,0.57,1.65,False,False,mozart-sym40-mvt1,7,1
100.0,140.0,top,16.0,0.0,16.0,34.0,0.34,1.83,True,True,mozart-sym40-mvt1,7,1
100.0,140.0,bot,362.0,345.0,17.0,34.0,0.34,1.83,False,False,mozart-sym40-mvt1,7,1
100.0,140.0,top,29.0,2.0,27.0,54.0,0.54,1.95,True,True,mozart-sym40-mvt1,7,2
100.0,140.0,bot,310.0,283.0,27.0,54.0,0.54,1.95,False,False,mozart-sym40-mvt1,7,2
100.0,140.0,top,34.0,16.0,18.0,37.0,0.37,1.83,True,True,mozart-sym40-mvt1,7,3
100.0,140.0,bot,308.0,289.0,19.0,37.0,0.37,1.83,False,False,mozart-sym40-mvt1,7,3
100.0,140.0,top,14.0,0.0,14.0,37.0,0.37,1.83,True,True,mozart-sym40-mvt1,7,3
100.0,140.0,bot,359.0,340.0,19.0,37.0,0.37,1.83,False,False,mozart-sym40-mvt1,7,3
100.0,140.0,top,30.0,2.0,28.0,57.0,0.57,1.65,True,True,mozart-sym40-mvt1,7,3
100.0,140.0,bot,313.0,284.0,29.0,57.0,0.57,1.65,False,False,mozart-sym40-mvt1,7,3
100.0,140.0,top,32.0,3.0,29.0,58.0,0.58,1.7,True,True,mozart-sym40-mvt1,7,4
100.0,140.0,bot,278.0,249.0,29.0,58.0,0.58,1.7,False,False,mozart-sym40-mvt1,7,4
100.0,140.0,top,34.0,16.0,18.0,37.0,0.37,1.83,True,True,mozart-sym40-mvt1,7,5
100.0,140.0,bot,281.0,262.0,19.0,37.0,0.37,1.83,False,False,mozart-sym40-mvt1,7,5
100.0,140.0,top,29.0,2.0,27.0,54.0,0.54,1.7,True,True,mozart-sym40-mvt1,7,5
100.0,140.0,bot,286.0,259.0,27.0,54.0,0.54,1.7,False,False,mozart-sym40-mvt1,7,5
100.0,140.0,top,14.0,0.0,14.0,37.0,0.37,1.83,True,True,mozart-sym40-mvt1,7,5
100.0,140.0,bot,332.0,313.0,19.0,37.0,0.37,1.83,False,False,mozart-sym40-mvt1,7,5
100.0,140.0,top,328.0,318.0,10.0,20.0,0.2,1.78,False,False,mozart-sym40-mvt1,7,5
100.0,140.0,bot,18.0,8.0,10.0,20.0,0.2,1.78,True,True,mozart-sym40-mvt1,7,5
78.25,109.55,top,77.0,31.0,46.0,93.0,1.1884984025559104,5.4696485623003195,True,True,mozart-sym40-mvt1,8,0
78.25,109.55,bot,189.0,142.0,47.0,93.0,1.1884984025559104,5.4696485623003195,False,False,mozart-sym40-mvt1,8,0
78.25,109.55,top,40.0,0.0,40.0,93.0,1.1884984025559104,5.4696485623003195,True,True,mozart-sym40-mvt1,8,0
78.25,109.55,bot,193.0,146.0,47.0,93.0,1.1884984025559104,5.4696485623003195,False,False,mozart-sym40-mvt1,8,0
78.25,109.55,top,682.0,651.0,31.0,63.0,0.805111821086262,5.444089456869009,False,False,mozart-sym40-mvt1,8,0
78.25,109.55,bot,449.0,418.0,31.0,63.0,0.805111821086262,5.444089456869009,False,False,mozart-sym40-mvt1,8,0
78.25,109.55,top,41.0,0.0,41.0,91.0,1.1629392971246006,5.4696485623003195,True,True,mozart-sym40-mvt1,8,0
78.25,109.55,bot,188.0,142.0,46.0,91.0,1.1629392971246006,5.4696485623003195,False,False,mozart-sym40-mvt1,8,0
78.25,109.55,top,682.0,651.0,31.0,63.0,0.805111821086262,5.456869009584665,False,False,mozart-sym40-mvt1,8,0
78.25,109.55,bot,453.0,422.0,31.0,63.0,0.805111821086262,5.456869009584665,False,False,mozart-sym40-mvt1,8,0
78.25,109.55,top,1.0,0.0,1.0,91.0,1.1629392971246006,5.4696485623003195,True,True,mozart-sym40-mvt1,8,0
78.25,109.55,bot,390.0,344.0,46.0,91.0,1.1629392971246006,5.4696485623003195,False,False,mozart-sym40-mvt1,8,0
78.25,109.55,top,640.0,609.0,31.0,63.0,0.805111821086262,5.456869009584665,False,False,mozart-sym40-mvt1,8,0
78.25,109.55,bot,251.0,220.0,31.0,63.0,0.805111821086262,5.456869009584665,False,False,mozart-sym40-mvt1,8,0
78.25,109.55,top,4.0,0.0,4.0,93.0,1.1884984025559104,5.4696485623003195,True,True,mozart-sym40-mvt1,8,0
78.25,109.55,bot,387.0,340.0,47.0,93.0,1.1884984025559104,5.4696485623003195,False,False,mozart-sym40-mvt1,8,0
78.25,109.55,top,638.0,607.0,31.0,63.0,0.805111821086262,5.444089456869009,False,False,mozart-sym40-mvt1,8,0
78.25,109.55,bot,255.0,224.0,31.0,63.0,0.805111821086262,5.444089456869009,False,False,mozart-sym40-mvt1,8,0
78.25,109.55,top,40.0,0.0,40.0,93.0,1.1884984025559104,5.4696485623003195,True,True,mozart-sym40-mvt1,8,0
78.25,109.55,bot,387.0,340.0,47.0,93.0,1.1884984025559104,5.4696485623003195,False,False,mozart-sym40-mvt1,8,0
78.25,109.55,top,602.0,571.0,31.0,63.0,0.805111821086262,5.444089456869009,False,False,mozart-sym40-mvt1,8,0
78.25,109.55,bot,255.0,224.0,31.0,63.0,0.805111821086262,5.444089456869009,False,False,mozart-sym40-mvt1,8,0
78.25,109.55,top,39.0,0.0,39.0,91.0,1.1629392971246006,5.4696485623003195,True,True,mozart-sym40-mvt1,8,0
78.25,109.55,bot,386.0,340.0,46.0,91.0,1.1629392971246006,5.4696485623003195,False,False,mozart-sym40-mvt1,8,0
78.25,109.55,top,602.0,571.0,31.0,63.0,0.805111821086262,5.456869009584665,False,False,mozart-sym40-mvt1,8,0
78.25,109.55,bot,255.0,224.0,31.0,63.0,0.805111821086262,5.456869009584665,False,False,mozart-sym40-mvt1,8,0
78.25,109.55,top,308.0,277.0,31.0,63.0,0.805111821086262,5.444089456869009,False,False,mozart-sym40-mvt1,8,0
78.25,109.55,bot,142.0,111.0,31.0,63.0,0.805111821086262,5.444089456869009,False,False,mozart-sym40-mvt1,8,0
78.25,109.55,top,334.0,287.0,47.0,93.0,1.1884984025559104,5.4696485623003195,False,False,mozart-sym40-mvt1,8,0
78.25,109.55,bot,500.0,453.0,47.0,93.0,1.1884984025559104,5.4696485623003195,False,False,mozart-sym40-mvt1,8,0
78.25,109.55,top,308.0,277.0,31.0,63.0,0.805111821086262,5.444089456869009,False,False,mozart-sym40-mvt1,8,0
78.25,109.55,bot,142.0,111.0,31.0,63.0,0.805111821086262,5.444089456869009,False,False,mozart-sym40-mvt1,8,0
78.25,109.55,top,308.0,277.0,31.0,63.0,0.805111821086262,5.456869009584665,False,False,mozart-sym40-mvt1,8,0
78.25,109.55,bot,142.0,111.0,31.0,63.0,0.805111821086262,5.456869009584665,False,False,mozart-sym40-mvt1,8,0
78.25,109.55,top,333.0,287.0,46.0,91.0,1.1629392971246006,5.4696485623003195,False,False,mozart-sym40-mvt1,8,0
78.25,109.55,bot,499.0,453.0,46.0,91.0,1.1629392971246006,5.4696485623003195,False,False,mozart-sym40-mvt1,8,0
78.25,109.55,top,308.0,277.0,31.0,63.0,0.805111821086262,5.456869009584665,False,False,mozart-sym40-mvt1,8,0
78.25,109.55,bot,142.0,111.0,31.0,63.0,0.805111821086262,5.456869009584665,False,False,mozart-sym40-mvt1,8,0
78.25,109.55,top,363.0,317.0,46.0,91.0,1.1629392971246006,5.4696485623003195,False,False,mozart-sym40-mvt1,8,0
78.25,109.55,bot,652.0,606.0,46.0,91.0,1.1629392971246006,5.4696485623003195,False,False,mozart-sym40-mvt1,8,0
78.25,109.55,top,278.0,247.0,31.0,63.0,0.805111821086262,5.456869009584665,False,False,mozart-sym40-mvt1,8,0
78.25,109.55,bot,11.0,0.0,11.0,63.0,0.805111821086262,5.456869009584665,True,True,mozart-sym40-mvt1,8,0
78.25,109.55,top,363.0,317.0,46.0,91.0,1.1629392971246006,5.4696485623003195,False,False,mozart-sym40-mvt1,8,0
78.25,109.55,bot,635.0,589.0,46.0,91.0,1.1629392971246006,5.4696485623003195,False,False,mozart-sym40-mvt1,8,0
78.25,109.55,top,278.0,247.0,31.0,63.0,0.805111821086262,5.456869009584665,False,False,mozart-sym40-mvt1,8,0
78.25,109.55,bot,6.0,0.0,6.0,63.0,0.805111821086262,5.456869009584665,True,True,mozart-sym40-mvt1,8,0
78.25,109.55,top,368.0,321.0,47.0,93.0,1.1884984025559104,5.4696485623003195,False,False,mozart-sym40-mvt1,8,0
78.25,109.55,bot,653.0,606.0,47.0,93.0,1.1884984025559104,5.4696485623003195,False,False,mozart-sym40-mvt1,8,0
78.25,109.55,top,274.0,243.0,31.0,63.0,0.805111821086262,5.444089456869009,False,False,mozart-sym40-mvt1,8,0
78.25,109.55,bot,11.0,0.0,11.0,63.0,0.805111821086262,5.444089456869009,True,True,mozart-sym40-mvt1,8,0
78.25,109.55,top,368.0,321.0,47.0,93.0,1.1884984025559104,5.4696485623003195,False,False,mozart-sym40-mvt1,8,0
78.25,109.55,bot,636.0,589.0,47.0,93.0,1.1884984025559104,5.4696485623003195,False,False,mozart-sym40-mvt1,8,0
78.25,109.55,top,274.0,243.0,31.0,63.0,0.805111821086262,5.444089456869009,False,False,mozart-sym40-mvt1,8,0
78.25,109.55,bot,6.0,0.0,6.0,63.0,0.805111821086262,5.444089456869009,True,True,mozart-sym40-mvt1,8,0
78.25,109.55,top,199.0,168.0,31.0,63.0,0.805111821086262,5.456869009584665,False,False,mozart-sym40-mvt1,8,0
78.25,109.55,bot,47.0,15.0,32.0,63.0,0.805111821086262,5.456869009584665,True,True,mozart-sym40-mvt1,8,0
78.25,109.55,top,195.0,164.0,31.0,63.0,0.805111821086262,5.444089456869009,False,False,mozart-sym40-mvt1,8,0
78.25,109.55,bot,47.0,15.0,32.0,63.0,0.805111821086262,5.444089456869009,True,True,mozart-sym40-mvt1,8,0
78.25,109.55,top,447.0,400.0,47.0,93.0,1.1884984025559104,5.4696485623003195,False,False,mozart-sym40-mvt1,8,0
78.25,109.55,bot,672.0,625.0,47.0,93.0,1.1884984025559104,5.4696485623003195,False,False,mozart-sym40-mvt1,8,0
78.25,109.55,top,195.0,164.0,31.0,63.0,0.805111821086262,5.444089456869009,False,False,mozart-sym40-mvt1,8,0
78.25,109.55,bot,30.0,0.0,30.0,63.0,0.805111821086262,5.444089456869009,True,True,mozart-sym40-mvt1,8,0
78.25,109.55,top,446.0,400.0,46.0,91.0,1.1629392971246006,5.4696485623003195,False,False,mozart-sym40-mvt1,8,0
78.25,109.55,bot,671.0,625.0,46.0,91.0,1.1629392971246006,5.4696485623003195,False,False,mozart-sym40-mvt1,8,0
78.25,109.55,top,195.0,164.0,31.0,63.0,0.805111821086262,5.456869009584665,False,False,mozart-sym40-mvt1,8,0
78.25,109.55,bot,30.0,0.0,30.0,63.0,0.805111821086262,5.456869009584665,True,True,mozart-sym40-mvt1,8,0
100.0,140.0,top,98.0,40.0,58.0,117.0,1.17,5.46,True,True,mozart-sym40-mvt1,8,1
100.0,140.0,bot,246.0,187.0,59.0,117.0,1.17,5.46,False,False,mozart-sym40-mvt1,8,1
100.0,140.0,top,52.0,0.0,52.0,117.0,1.17,5.46,True,True,mozart-sym40-mvt1,8,1
100.0,140.0,bot,241.0,182.0,59.0,117.0,1.17,5.46,False,False,mozart-sym40-mvt1,8,1
100.0,140.0,top,871.0,831.0,40.0,80.0,0.8,5.46,False,False,mozart-sym40-mvt1,8,1
100.0,140.0,bot,578.0,538.0,40.0,80.0,0.8,5.46,False,False,mozart-sym40-mvt1,8,1
100.0,140.0,top,51.0,0.0,51.0,119.0,1.19,5.46,True,True,mozart-sym40-mvt1,8,1
100.0,140.0,bot,242.0,182.0,60.0,119.0,1.19,5.46,False,False,mozart-sym40-mvt1,8,1
100.0,140.0,top,871.0,831.0,40.0,80.0,0.8,5.46,False,False,mozart-sym40-mvt1,8,1
100.0,140.0,bot,578.0,538.0,40.0,80.0,0.8,5.46,False,False,mozart-sym40-mvt1,8,1
100.0,140.0,top,2.0,0.0,2.0,117.0,1.17,5.46,True,True,mozart-sym40-mvt1,8,1
100.0,140.0,bot,494.0,435.0,59.0,117.0,1.17,5.46,False,False,mozart-sym40-mvt1,8,1
100.0,140.0,top,817.0,777.0,40.0,80.0,0.8,5.46,False,False,mozart-sym40-mvt1,8,1
100.0,140.0,bot,325.0,285.0,40.0,80.0,0.8,5.46,False,False,mozart-sym40-mvt1,8,1
100.0,140.0,top,3.0,0.0,3.0,119.0,1.19,5.46,True,True,mozart-sym40-mvt1,8,1
100.0,140.0,bot,495.0,435.0,60.0,119.0,1.19,5.46,False,False,mozart-sym40-mvt1,8,1
100.0,140.0,top,817.0,777.0,40.0,80.0,0.8,5.46,False,False,mozart-sym40-mvt1,8,1
100.0,140.0,bot,325.0,285.0,40.0,80.0,0.8,5.46,False,False,mozart-sym40-mvt1,8,1
100.0,140.0,top,50.0,0.0,50.0,117.0,1.17,5.46,True,True,mozart-sym40-mvt1,8,1
100.0,140.0,bot,499.0,440.0,59.0,117.0,1.17,5.46,False,False,mozart-sym40-mvt1,8,1
100.0,140.0,top,769.0,729.0,40.0,80.0,0.8,5.46,False,False,mozart-sym40-mvt1,8,1
100.0,140.0,bot,320.0,280.0,40.0,80.0,0.8,5.46,False,False,mozart-sym40-mvt1,8,1
100.0,140.0,top,51.0,0.0,51.0,119.0,1.19,5.46,True,True,mozart-sym40-mvt1,8,1
100.0,140.0,bot,495.0,435.0,60.0,119.0,1.19,5.46,False,False,mozart-sym40-mvt1,8,1
100.0,140.0,top,769.0,729.0,40.0,80.0,0.8,5.46,False,False,mozart-sym40-mvt1,8,1
100.0,140.0,bot,325.0,285.0,40.0,80.0,0.8,5.46,False,False,mozart-sym40-mvt1,8,1
100.0,140.0,top,393.0,353.0,40.0,80.0,0.8,5.46,False,False,mozart-sym40-mvt1,8,1
100.0,140.0,bot,181.0,141.0,40.0,80.0,0.8,5.46,False,False,mozart-sym40-mvt1,8,1
100.0,140.0,top,426.0,367.0,59.0,117.0,1.17,5.46,False,False,mozart-sym40-mvt1,8,1
100.0,140.0,bot,638.0,579.0,59.0,117.0,1.17,5.46,False,False,mozart-sym40-mvt1,8,1
100.0,140.0,top,393.0,353.0,40.0,80.0,0.8,5.46,False,False,mozart-sym40-mvt1,8,1
100.0,140.0,bot,181.0,141.0,40.0,80.0,0.8,5.46,False,False,mozart-sym40-mvt1,8,1
100.0,140.0,top,393.0,353.0,40.0,80.0,0.8,5.46,False,False,mozart-sym40-mvt1,8,1
100.0,140.0,bot,181.0,141.0,40.0,80.0,0.8,5.46,False,False,mozart-sym40-mvt1,8,1
100.0,140.0,top,427.0,367.0,60.0,119.0,1.19,5.46,False,False,mozart-sym40-mvt1,8,1
100.0,140.0,bot,639.0,579.0,60.0,119.0,1.19,5.46,False,False,mozart-sym40-mvt1,8,1
100.0,140.0,top,393.0,353.0,40.0,80.0,0.8,5.46,False,False,mozart-sym40-mvt1,8,1
100.0,140.0,bot,181.0,141.0,40.0,80.0,0.8,5.46,False,False,mozart-sym40-mvt1,8,1
100.0,140.0,top,465.0,406.0,59.0,117.0,1.17,5.46,False,False,mozart-sym40-mvt1,8,1
100.0,140.0,bot,833.0,774.0,59.0,117.0,1.17,5.46,False,False,mozart-sym40-mvt1,8,1
100.0,140.0,top,354.0,314.0,40.0,80.0,0.8,5.46,False,False,mozart-sym40-mvt1,8,1
100.0,140.0,bot,14.0,0.0,14.0,80.0,0.8,5.46,True,True,mozart-sym40-mvt1,8,1
100.0,140.0,top,466.0,406.0,60.0,119.0,1.19,5.46,False,False,mozart-sym40-mvt1,8,1
100.0,140.0,bot,812.0,752.0,60.0,119.0,1.19,5.46,False,False,mozart-sym40-mvt1,8,1
100.0,140.0,top,354.0,314.0,40.0,80.0,0.8,5.46,False,False,mozart-sym40-mvt1,8,1
100.0,140.0,bot,8.0,0.0,8.0,80.0,0.8,5.46,True,True,mozart-sym40-mvt1,8,1
100.0,140.0,top,470.0,411.0,59.0,117.0,1.17,5.46,False,False,mozart-sym40-mvt1,8,1
100.0,140.0,bot,811.0,752.0,59.0,117.0,1.17,5.46,False,False,mozart-sym40-mvt1,8,1
100.0,140.0,top,349.0,309.0,40.0,80.0,0.8,5.46,False,False,mozart-sym40-mvt1,8,1
100.0,140.0,bot,8.0,0.0,8.0,80.0,0.8,5.46,True,True,mozart-sym40-mvt1,8,1
100.0,140.0,top,471.0,411.0,60.0,119.0,1.19,5.46,False,False,mozart-sym40-mvt1,8,1
100.0,140.0,bot,834.0,774.0,60.0,119.0,1.19,5.46,False,False,mozart-sym40-mvt1,8,1
100.0,140.0,top,349.0,309.0,40.0,80.0,0.8,5.46,False,False,mozart-sym40-mvt1,8,1
100.0,140.0,bot,14.0,0.0,14.0,80.0,0.8,5.46,True,True,mozart-sym40-mvt1,8,1
100.0,140.0,top,254.0,214.0,40.0,80.0,0.8,5.46,False,False,mozart-sym40-mvt1,8,1
100.0,140.0,bot,61.0,21.0,40.0,80.0,0.8,5.46,True,True,mozart-sym40-mvt1,8,1
100.0,140.0,top,566.0,506.0,60.0,119.0,1.19,5.46,False,False,mozart-sym40-mvt1,8,1
100.0,140.0,bot,859.0,799.0,60.0,119.0,1.19,5.46,False,False,mozart-sym40-mvt1,8,1
100.0,140.0,top,254.0,214.0,40.0,80.0,0.8,5.46,False,False,mozart-sym40-mvt1,8,1
100.0,140.0,bot,39.0,0.0,39.0,80.0,0.8,5.46,True,True,mozart-sym40-mvt1,8,1
100.0,140.0,top,249.0,209.0,40.0,80.0,0.8,5.46,False,False,mozart-sym40-mvt1,8,1
100.0,140.0,bot,61.0,21.0,40.0,80.0,0.8,5.46,True,True,mozart-sym40-mvt1,8,1
100.0,140.0,top,570.0,511.0,59.0,117.0,1.17,5.46,False,False,mozart-sym40-mvt1,8,1
100.0,140.0,bot,858.0,799.0,59.0,117.0,1.17,5.46,False,False,mozart-sym40-mvt1,8,1
100.0,140.0,top,249.0,209.0,40.0,80.0,0.8,5.46,False,False,mozart-sym40-mvt1,8,1
100.0,140.0,bot,39.0,0.0,39.0,80.0,0.8,5.46,True,True,mozart-sym40-mvt1,8,1
100.0,140.0,top,98.0,40.0,58.0,117.0,1.17,5.44,True,True,mozart-sym40-mvt1,8,2
100.0,140.0,bot,241.0,182.0,59.0,117.0,1.17,5.44,False,False,mozart-sym40-mvt1,8,2
100.0,140.0,top,52.0,0.0,52.0,117.0,1.17,5.44,True,True,mozart-sym40-mvt1,8,2
100.0,140.0,bot,246.0,187.0,59.0,117.0,1.17,5.44,False,False,mozart-sym40-mvt1,8,2
100.0,140.0,top,846.0,794.0,52.0,105.0,1.05,5.43,False,False,mozart-sym40-mvt1,8,2
100.0,140.0,bot,548.0,496.0,52.0,105.0,1.05,5.43,False,False,mozart-sym40-mvt1,8,2
100.0,140.0,top,48.0,0.0,48.0,122.0,1.22,5.75,True,True,mozart-sym40-mvt1,8,2
100.0,140.0,bot,240.0,179.0,61.0,122.0,1.22,5.75,False,False,mozart-sym40-mvt1,8,2
100.0,140.0,top,840.0,787.0,53.0,107.0,1.07,5.76,False,False,mozart-sym40-mvt1,8,2
100.0,140.0,bot,552.0,499.0,53.0,107.0,1.07,5.76,False,False,mozart-sym40-mvt1,8,2
100.0,140.0,top,4.0,0.0,4.0,117.0,1.17,5.44,True,True,mozart-sym40-mvt1,8,2
100.0,140.0,bot,494.0,435.0,59.0,117.0,1.17,5.44,False,False,mozart-sym40-mvt1,8,2
100.0,140.0,top,790.0,738.0,52.0,105.0,1.05,5.43,False,False,mozart-sym40-mvt1,8,2
100.0,140.0,bot,300.0,248.0,52.0,105.0,1.05,5.43,False,False,mozart-sym40-mvt1,8,2
100.0,140.0,top,6.0,0.0,6.0,122.0,1.22,5.75,True,True,mozart-sym40-mvt1,8,2
100.0,140.0,bot,498.0,437.0,61.0,122.0,1.22,5.75,False,False,mozart-sym40-mvt1,8,2
100.0,140.0,top,786.0,733.0,53.0,107.0,1.07,5.76,False,False,mozart-sym40-mvt1,8,2
100.0,140.0,bot,294.0,241.0,53.0,107.0,1.07,5.76,False,False,mozart-sym40-mvt1,8,2
100.0,140.0,top,50.0,0.0,50.0,117.0,1.17,5.44,True,True,mozart-sym40-mvt1,8,2
100.0,140.0,bot,494.0,435.0,59.0,117.0,1.17,5.44,False,False,mozart-sym40-mvt1,8,2
100.0,140.0,top,744.0,692.0,52.0,105.0,1.05,5.43,False,False,mozart-sym40-mvt1,8,2
100.0,140.0,bot,300.0,248.0,52.0,105.0,1.05,5.43,False,False,mozart-sym40-mvt1,8,2
100.0,140.0,top,49.0,0.0,49.0,122.0,1.22,5.75,True,True,mozart-sym40-mvt1,8,2
100.0,140.0,bot,498.0,437.0,61.0,122.0,1.22,5.75,False,False,mozart-sym40-mvt1,8,2
100.0,140.0,top,743.0,690.0,53.0,107.0,1.07,5.76,False,False,mozart-sym40-mvt1,8,2
100.0,140.0,bot,294.0,241.0,53.0,107.0,1.07,5.76,False,False,mozart-sym40-mvt1,8,2
100.0,140.0,top,362.0,301.0,61.0,122.0,1.22,5.75,False,False,mozart-sym40-mvt1,8,2
100.0,140.0,bot,803.0,742.0,61.0,122.0,1.22,5.75,False,False,mozart-sym40-mvt1,8,2
100.0,140.0,top,430.0,377.0,53.0,107.0,1.07,5.76,False,False,mozart-sym40-mvt1,8,2
100.0,140.0,bot,11.0,0.0,11.0,107.0,1.07,5.76,True,True,mozart-sym40-mvt1,8,2
100.0,140.0,top,362.0,301.0,61.0,122.0,1.22,5.75,False,False,mozart-sym40-mvt1,8,2
100.0,140.0,bot,762.0,701.0,61.0,122.0,1.22,5.75,False,False,mozart-sym40-mvt1,8,2
100.0,140.0,top,430.0,377.0,53.0,107.0,1.07,5.76,False,False,mozart-sym40-mvt1,8,2
100.0,140.0,bot,30.0,0.0,30.0,107.0,1.07,5.76,True,True,mozart-sym40-mvt1,8,2
100.0,140.0,top,368.0,309.0,59.0,117.0,1.17,5.44,False,False,mozart-sym40-mvt1,8,2
100.0,140.0,bot,799.0,740.0,59.0,117.0,1.17,5.44,False,False,mozart-sym40-mvt1,8,2
100.0,140.0,top,426.0,374.0,52.0,105.0,1.05,5.43,False,False,mozart-sym40-mvt1,8,2
100.0,140.0,bot,5.0,0.0,5.0,105.0,1.05,5.43,True,True,mozart-sym40-mvt1,8,2
100.0,140.0,top,368.0,309.0,59.0,117.0,1.17,5.44,False,False,mozart-sym40-mvt1,8,2
100.0,140.0,bot,763.0,704.0,59.0,117.0,1.17,5.44,False,False,mozart-sym40-mvt1,8,2
100.0,140.0,top,426.0,374.0,52.0,105.0,1.05,5.43,False,False,mozart-sym40-mvt1,8,2
100.0,140.0,bot,31.0,0.0,31.0,105.0,1.05,5.43,True,True,mozart-sym40-mvt1,8,2
100.0,140.0,top,368.0,316.0,52.0,105.0,1.05,5.43,False,False,mozart-sym40-mvt1,8,2
100.0,140.0,bot,156.0,104.0,52.0,105.0,1.05,5.43,False,True,mozart-sym40-mvt1,8,2
100.0,140.0,top,426.0,367.0,59.0,117.0,1.17,5.44,False,False,mozart-sym40-mvt1,8,2
100.0,140.0,bot,638.0,579.0,59.0,117.0,1.17,5.44,False,False,mozart-sym40-mvt1,8,2
100.0,140.0,top,368.0,316.0,52.0,105.0,1.05,5.43,False,False,mozart-sym40-mvt1,8,2
100.0,140.0,bot,156.0,104.0,52.0,105.0,1.05,5.43,False,True,mozart-sym40-mvt1,8,2
100.0,140.0,top,367.0,314.0,53.0,107.0,1.07,5.76,False,False,mozart-sym40-mvt1,8,2
100.0,140.0,bot,155.0,102.0,53.0,107.0,1.07,5.76,False,True,mozart-sym40-mvt1,8,2
100.0,140.0,top,425.0,364.0,61.0,122.0,1.22,5.75,False,False,mozart-sym40-mvt1,8,2
100.0,140.0,bot,637.0,576.0,61.0,122.0,1.22,5.75,False,False,mozart-sym40-mvt1,8,2
100.0,140.0,top,367.0,314.0,53.0,107.0,1.07,5.76,False,False,mozart-sym40-mvt1,8,2
100.0,140.0,bot,155.0,102.0,53.0,107.0,1.07,5.76,False,True,mozart-sym40-mvt1,8,2
100.0,140.0,top,565.0,506.0,59.0,117.0,1.17,5.44,False,False,mozart-sym40-mvt1,8,2
100.0,140.0,bot,843.0,784.0,59.0,117.0,1.17,5.44,False,False,mozart-sym40-mvt1,8,2
100.0,140.0,top,229.0,177.0,52.0,105.0,1.05,5.43,False,False,mozart-sym40-mvt1,8,2
100.0,140.0,bot,49.0,0.0,49.0,105.0,1.05,5.43,True,True,mozart-sym40-mvt1,8,2
100.0,140.0,top,223.0,170.0,53.0,107.0,1.07,5.76,False,False,mozart-sym40-mvt1,8,2
100.0,140.0,bot,87.0,33.0,54.0,107.0,1.07,5.76,True,True,mozart-sym40-mvt1,8,2
100.0,140.0,top,569.0,508.0,61.0,122.0,1.22,5.75,False,False,mozart-sym40-mvt1,8,2
100.0,140.0,bot,845.0,784.0,61.0,122.0,1.22,5.75,False,False,mozart-sym40-mvt1,8,2
100.0,140.0,top,223.0,170.0,53.0,107.0,1.07,5.76,False,False,mozart-sym40-mvt1,8,2
100.0,140.0,bot,53.0,0.0,53.0,107.0,1.07,5.76,True,True,mozart-sym40-mvt1,8,2
100.0,140.0,top,52.0,0.0,52.0,117.0,1.17,5.43,True,True,mozart-sym40-mvt1,8,3
100.0,140.0,bot,246.0,187.0,59.0,117.0,1.17,5.43,False,False,mozart-sym40-mvt1,8,3
100.0,140.0,top,871.0,831.0,40.0,80.0,0.8,5.44,False,False,mozart-sym40-mvt1,8,3
100.0,140.0,bot,573.0,533.0,40.0,80.0,0.8,5.44,False,False,mozart-sym40-mvt1,8,3
100.0,140.0,top,4.0,0.0,4.0,117.0,1.17,5.43,True,True,mozart-sym40-mvt1,8,3
100.0,140.0,bot,494.0,435.0,59.0,117.0,1.17,5.43,False,False,mozart-sym40-mvt1,8,3
100.0,140.0,top,815.0,775.0,40.0,80.0,0.8,5.44,False,False,mozart-sym40-mvt1,8,3
100.0,140.0,bot,325.0,285.0,40.0,80.0,0.8,5.44,False,False,mozart-sym40-mvt1,8,3
100.0,140.0,top,50.0,0.0,50.0,117.0,1.17,5.43,True,True,mozart-sym40-mvt1,8,3
100.0,140.0,bot,494.0,435.0,59.0,117.0,1.17,5.43,False,False,mozart-sym40-mvt1,8,3
100.0,140.0,top,769.0,729.0,40.0,80.0,0.8,5.44,False,False,mozart-sym40-mvt1,8,3
100.0,140.0,bot,325.0,285.0,40.0,80.0,0.8,5.44,False,False,mozart-sym40-mvt1,8,3
100.0,140.0,top,58.0,18.0,40.0,81.0,0.81,5.46,True,True,mozart-sym40-mvt1,8,3
100.0,140.0,bot,281.0,240.0,41.0,81.0,0.81,5.46,False,False,mozart-sym40-mvt1,8,3
100.0,140.0,top,36.0,0.0,36.0,81.0,0.81,5.46,True,True,mozart-sym40-mvt1,8,3
100.0,140.0,bot,281.0,240.0,41.0,81.0,0.81,5.46,False,False,mozart-sym40-mvt1,8,3
100.0,140.0,top,744.0,704.0,40.0,80.0,0.8,5.46,False,False,mozart-sym40-mvt1,8,3
100.0,140.0,bot,427.0,387.0,40.0,80.0,0.8,5.46,False,False,mozart-sym40-mvt1,8,3
100.0,140.0,top,12.0,0.0,12.0,81.0,0.81,5.46,True,True,mozart-sym40-mvt1,8,3
100.0,140.0,bot,388.0,347.0,41.0,81.0,0.81,5.46,False,False,mozart-sym40-mvt1,8,3
100.0,140.0,top,720.0,680.0,40.0,80.0,0.8,5.46,False,False,mozart-sym40-mvt1,8,3
100.0,140.0,bot,320.0,280.0,40.0,80.0,0.8,5.46,False,False,mozart-sym40-mvt1,8,3
100.0,140.0,top,10.0,0.0,10.0,81.0,0.81,5.46,True,True,mozart-sym40-mvt1,8,3
100.0,140.0,bot,383.0,342.0,41.0,81.0,0.81,5.46,False,False,mozart-sym40-mvt1,8,3
100.0,140.0,top,698.0,658.0,40.0,80.0,0.8,5.46,False,False,mozart-sym40-mvt1,8,3
100.0,140.0,bot,325.0,285.0,40.0,80.0,0.8,5.46,False,False,mozart-sym40-mvt1,8,3
100.0,140.0,top,213.0,172.0,41.0,81.0,0.81,5.46,False,False,mozart-sym40-mvt1,8,3
100.0,140.0,bot,427.0,386.0,41.0,81.0,0.81,5.46,False,False,mozart-sym40-mvt1,8,3
100.0,140.0,top,495.0,455.0,40.0,80.0,0.8,5.46,False,False,mozart-sym40-mvt1,8,3
100.0,140.0,bot,281.0,241.0,40.0,80.0,0.8,5.46,False,False,mozart-sym40-mvt1,8,3
100.0,140.0,top,213.0,172.0,41.0,81.0,0.81,5.46,False,False,mozart-sym40-mvt1,8,3
100.0,140.0,bot,427.0,386.0,41.0,81.0,0.81,5.46,False,False,mozart-sym40-mvt1,8,3
100.0,140.0,top,393.0,353.0,40.0,80.0,0.8,5.46,False,False,mozart-sym40-mvt1,8,3
100.0,140.0,bot,181.0,141.0,40.0,80.0,0.8,5.46,False,False,mozart-sym40-mvt1,8,3
100.0,140.0,top,315.0,274.0,41.0,81.0,0.81,5.46,False,False,mozart-sym40-mvt1,8,3
100.0,140.0,bot,527.0,486.0,41.0,81.0,0.81,5.46,False,False,mozart-sym40-mvt1,8,3
100.0,140.0,top,393.0,353.0,40.0,80.0,0.8,5.46,False,False,mozart-sym40-mvt1,8,3
100.0,140.0,bot,181.0,141.0,40.0,80.0,0.8,5.46,False,False,mozart-sym40-mvt1,8,3
100.0,140.0,top,393.0,353.0,40.0,80.0,0.8,5.44,False,False,mozart-sym40-mvt1,8,3
100.0,140.0,bot,181.0,141.0,40.0,80.0,0.8,5.44,False,False,mozart-sym40-mvt1,8,3
100.0,140.0,top,426.0,367.0,59.0,117.0,1.17,5.43,False,False,mozart-sym40-mvt1,8,3
100.0,140.0,bot,638.0,579.0,59.0,117.0,1.17,5.43,False,False,mozart-sym40-mvt1,8,3
100.0,140.0,top,393.0,353.0,40.0,80.0,0.8,5.44,False,False,mozart-sym40-mvt1,8,3
100.0,140.0,bot,181.0,141.0,40.0,80.0,0.8,5.44,False,False,mozart-sym40-mvt1,8,3
100.0,140.0,top,354.0,313.0,41.0,81.0,0.81,5.46,False,False,mozart-sym40-mvt1,8,3
100.0,140.0,bot,722.0,681.0,41.0,81.0,0.81,5.46,False,False,mozart-sym40-mvt1,8,3
100.0,140.0,top,354.0,314.0,40.0,80.0,0.8,5.46,False,False,mozart-sym40-mvt1,8,3
100.0,140.0,bot,14.0,0.0,14.0,80.0,0.8,5.46,True,True,mozart-sym40-mvt1,8,3
100.0,140.0,top,354.0,313.0,41.0,81.0,0.81,5.46,False,False,mozart-sym40-mvt1,8,3
100.0,140.0,bot,700.0,659.0,41.0,81.0,0.81,5.46,False,False,mozart-sym40-mvt1,8,3
100.0,140.0,top,354.0,314.0,40.0,80.0,0.8,5.46,False,False,mozart-sym40-mvt1,8,3
100.0,140.0,bot,8.0,0.0,8.0,80.0,0.8,5.46,True,True,mozart-sym40-mvt1,8,3
100.0,140.0,top,470.0,411.0,59.0,117.0,1.17,5.43,False,False,mozart-sym40-mvt1,8,3
100.0,140.0,bot,833.0,774.0,59.0,117.0,1.17,5.43,False,False,mozart-sym40-mvt1,8,3
100.0,140.0,top,349.0,309.0,40.0,80.0,0.8,5.44,False,False,mozart-sym40-mvt1,8,3
100.0,140.0,bot,14.0,0.0,14.0,80.0,0.8,5.44,True,True,mozart-sym40-mvt1,8,3
100.0,140.0,top,470.0,411.0,59.0,117.0,1.17,5.43,False,False,mozart-sym40-mvt1,8,3
100.0,140.0,bot,811.0,752.0,59.0,117.0,1.17,5.43,False,False,mozart-sym40-mvt1,8,3
100.0,140.0,top,349.0,309.0,40.0,80.0,0.8,5.44,False,False,mozart-sym40-mvt1,8,3
100.0,140.0,bot,8.0,0.0,8.0,80.0,0.8,5.44,True,True,mozart-sym40-mvt1,8,3
100.0,140.0,top,565.0,506.0,59.0,117.0,1.17,5.43,False,False,mozart-sym40-mvt1,8,3
100.0,140.0,bot,858.0,799.0,59.0,117.0,1.17,5.43,False,False,mozart-sym40-mvt1,8,3
100.0,140.0,top,254.0,214.0,40.0,80.0,0.8,5.44,False,False,mozart-sym40-mvt1,8,3
100.0,140.0,bot,39.0,0.0,39.0,80.0,0.8,5.44,True,True,mozart-sym40-mvt1,8,3
100.0,140.0,top,459.0,418.0,41.0,81.0,0.81,5.46,False,False,mozart-sym40-mvt1,8,3
100.0,140.0,bot,747.0,706.0,41.0,81.0,0.81,5.46,False,False,mozart-sym40-mvt1,8,3
100.0,140.0,top,249.0,209.0,40.0,80.0,0.8,5.46,False,False,mozart-sym40-mvt1,8,3
100.0,140.0,bot,39.0,0.0,39.0,80.0,0.8,5.46,True,True,mozart-sym40-mvt1,8,3
100.0,140.0,top,249.0,209.0,40.0,80.0,0.8,5.44,False,False,mozart-sym40-mvt1,8,3
100.0,140.0,bot,61.0,21.0,40.0,80.0,0.8,5.44,True,True,mozart-sym40-mvt1,8,3
100.0,140.0,top,73.0,26.0,47.0,95.0,0.95,5.43,True,True,mozart-sym40-mvt1,8,4
100.0,140.0,bot,234.0,186.0,48.0,95.0,0.95,5.43,False,False,mozart-sym40-mvt1,8,4
100.0,140.0,top,41.0,0.0,41.0,95.0,0.95,5.43,True,True,mozart-sym40-mvt1,8,4
100.0,140.0,bot,234.0,186.0,48.0,95.0,0.95,5.43,False,False,mozart-sym40-mvt1,8,4
100.0,140.0,top,861.0,809.0,52.0,104.0,1.04,5.46,False,False,mozart-sym40-mvt1,8,4
100.0,140.0,bot,586.0,534.0,52.0,104.0,1.04,5.46,False,False,mozart-sym40-mvt1,8,4
100.0,140.0,top,41.0,0.0,41.0,95.0,0.95,5.46,True,True,mozart-sym40-mvt1,8,4
100.0,140.0,bot,234.0,186.0,48.0,95.0,0.95,5.46,False,False,mozart-sym40-mvt1,8,4
100.0,140.0,top,861.0,809.0,52.0,104.0,1.04,5.47,False,False,mozart-sym40-mvt1,8,4
100.0,140.0,bot,586.0,534.0,52.0,104.0,1.04,5.47,False,False,mozart-sym40-mvt1,8,4
100.0,140.0,top,5.0,0.0,5.0,95.0,0.95,5.43,True,True,mozart-sym40-mvt1,8,4
100.0,140.0,bot,388.0,340.0,48.0,95.0,0.95,5.43,False,False,mozart-sym40-mvt1,8,4
100.0,140.0,top,825.0,773.0,52.0,104.0,1.04,5.46,False,False,mozart-sym40-mvt1,8,4
100.0,140.0,bot,432.0,380.0,52.0,104.0,1.04,5.46,False,False,mozart-sym40-mvt1,8,4
100.0,140.0,top,5.0,0.0,5.0,95.0,0.95,5.46,True,True,mozart-sym40-mvt1,8,4
100.0,140.0,bot,388.0,340.0,48.0,95.0,0.95,5.46,False,False,mozart-sym40-mvt1,8,4
100.0,140.0,top,825.0,773.0,52.0,104.0,1.04,5.47,False,False,mozart-sym40-mvt1,8,4
100.0,140.0,bot,432.0,380.0,52.0,104.0,1.04,5.47,False,False,mozart-sym40-mvt1,8,4
100.0,140.0,top,27.0,0.0,27.0,95.0,0.95,5.43,True,True,mozart-sym40-mvt1,8,4
100.0,140.0,bot,388.0,340.0,48.0,95.0,0.95,5.43,False,False,mozart-sym40-mvt1,8,4
100.0,140.0,top,793.0,741.0,52.0,104.0,1.04,5.46,False,False,mozart-sym40-mvt1,8,4
100.0,140.0,bot,432.0,380.0,52.0,104.0,1.04,5.46,False,False,mozart-sym40-mvt1,8,4
100.0,140.0,top,27.0,0.0,27.0,95.0,0.95,5.46,True,True,mozart-sym40-mvt1,8,4
100.0,140.0,bot,393.0,345.0,48.0,95.0,0.95,5.46,False,False,mozart-sym40-mvt1,8,4
100.0,140.0,top,793.0,741.0,52.0,104.0,1.04,5.47,False,False,mozart-sym40-mvt1,8,4
100.0,140.0,bot,427.0,375.0,52.0,104.0,1.04,5.47,False,False,mozart-sym40-mvt1,8,4
100.0,140.0,top,359.0,311.0,48.0,95.0,0.95,5.46,False,False,mozart-sym40-mvt1,8,4
100.0,140.0,bot,825.0,777.0,48.0,95.0,0.95,5.46,False,False,mozart-sym40-mvt1,8,4
100.0,140.0,top,461.0,409.0,52.0,104.0,1.04,5.47,False,False,mozart-sym40-mvt1,8,4
100.0,140.0,bot,5.0,0.0,5.0,104.0,1.04,5.47,True,True,mozart-sym40-mvt1,8,4
100.0,140.0,top,364.0,316.0,48.0,95.0,0.95,5.43,False,False,mozart-sym40-mvt1,8,4
100.0,140.0,bot,825.0,777.0,48.0,95.0,0.95,5.43,False,False,mozart-sym40-mvt1,8,4
100.0,140.0,top,456.0,404.0,52.0,104.0,1.04,5.46,False,False,mozart-sym40-mvt1,8,4
100.0,140.0,bot,5.0,0.0,5.0,104.0,1.04,5.46,True,True,mozart-sym40-mvt1,8,4
100.0,140.0,top,364.0,316.0,48.0,95.0,0.95,5.43,False,False,mozart-sym40-mvt1,8,4
100.0,140.0,bot,788.0,740.0,48.0,95.0,0.95,5.43,False,False,mozart-sym40-mvt1,8,4
100.0,140.0,top,456.0,404.0,52.0,104.0,1.04,5.46,False,False,mozart-sym40-mvt1,8,4
100.0,140.0,bot,32.0,0.0,32.0,104.0,1.04,5.46,True,True,mozart-sym40-mvt1,8,4
100.0,140.0,top,364.0,316.0,48.0,95.0,0.95,5.46,False,False,mozart-sym40-mvt1,8,4
100.0,140.0,bot,788.0,740.0,48.0,95.0,0.95,5.46,False,False,mozart-sym40-mvt1,8,4
100.0,140.0,top,456.0,404.0,52.0,104.0,1.04,5.47,False,False,mozart-sym40-mvt1,8,4
100.0,140.0,bot,32.0,0.0,32.0,104.0,1.04,5.47,True,True,mozart-sym40-mvt1,8,4
100.0,140.0,top,561.0,513.0,48.0,95.0,0.95,5.43,False,False,mozart-sym40-mvt1,8,4
100.0,140.0,bot,869.0,821.0,48.0,95.0,0.95,5.43,False,False,mozart-sym40-mvt1,8,4
100.0,140.0,top,259.0,207.0,52.0,104.0,1.04,5.46,False,False,mozart-sym40-mvt1,8,4
100.0,140.0,bot,49.0,0.0,49.0,104.0,1.04,5.46,True,True,mozart-sym40-mvt1,8,4
100.0,140.0,top,254.0,202.0,52.0,104.0,1.04,5.47,False,False,mozart-sym40-mvt1,8,4
100.0,140.0,bot,85.0,33.0,52.0,104.0,1.04,5.47,True,True,mozart-sym40-mvt1,8,4
100.0,140.0,top,566.0,518.0,48.0,95.0,0.95,5.46,False,False,mozart-sym40-mvt1,8,4
100.0,140.0,bot,869.0,821.0,48.0,95.0,0.95,5.46,False,False,mozart-sym40-mvt1,8,4
100.0,140.0,top,254.0,202.0,52.0,104.0,1.04,5.47,False,False,mozart-sym40-mvt1,8,4
100.0,140.0,bot,49.0,0.0,49.0,104.0,1.04,5.47,True,True,mozart-sym40-mvt1,8,4
100.0,140.0,top,73.0,26.0,47.0,95.0,0.95,5.46,True,True,mozart-sym40-mvt1,8,5
100.0,140.0,bot,239.0,191.0,48.0,95.0,0.95,5.46,False,False,mozart-sym40-mvt1,8,5
100.0,140.0,top,41.0,0.0,41.0,95.0,0.95,5.46,True,True,mozart-sym40-mvt1,8,5
100.0,140.0,bot,239.0,191.0,48.0,95.0,0.95,5.46,False,False,mozart-sym40-mvt1,8,5
100.0,140.0,top,861.0,809.0,52.0,104.0,1.04,5.44,False,False,mozart-sym40-mvt1,8,5
100.0,140.0,bot,581.0,529.0,52.0,104.0,1.04,5.44,False,False,mozart-sym40-mvt1,8,5
100.0,140.0,top,41.0,0.0,41.0,95.0,0.95,5.43,True,True,mozart-sym40-mvt1,8,5
100.0,140.0,bot,239.0,191.0,48.0,95.0,0.95,5.43,False,False,mozart-sym40-mvt1,8,5
100.0,140.0,top,862.0,811.0,51.0,102.0,1.02,5.44,False,False,mozart-sym40-mvt1,8,5
100.0,140.0,bot,582.0,531.0,51.0,102.0,1.02,5.44,False,False,mozart-sym40-mvt1,8,5
100.0,140.0,top,5.0,0.0,5.0,95.0,0.95,5.46,True,True,mozart-sym40-mvt1,8,5
100.0,140.0,bot,388.0,340.0,48.0,95.0,0.95,5.46,False,False,mozart-sym40-mvt1,8,5
100.0,140.0,top,825.0,773.0,52.0,104.0,1.04,5.44,False,False,mozart-sym40-mvt1,8,5
100.0,140.0,bot,432.0,380.0,52.0,104.0,1.04,5.44,False,False,mozart-sym40-mvt1,8,5
100.0,140.0,top,5.0,0.0,5.0,95.0,0.95,5.43,True,True,mozart-sym40-mvt1,8,5
100.0,140.0,bot,388.0,340.0,48.0,95.0,0.95,5.43,False,False,mozart-sym40-mvt1,8,5
100.0,140.0,top,826.0,775.0,51.0,102.0,1.02,5.44,False,False,mozart-sym40-mvt1,8,5
100.0,140.0,bot,433.0,382.0,51.0,102.0,1.02,5.44,False,False,mozart-sym40-mvt1,8,5
100.0,140.0,top,27.0,0.0,27.0,95.0,0.95,5.46,True,True,mozart-sym40-mvt1,8,5
100.0,140.0,bot,388.0,340.0,48.0,95.0,0.95,5.46,False,False,mozart-sym40-mvt1,8,5
100.0,140.0,top,793.0,741.0,52.0,104.0,1.04,5.44,False,False,mozart-sym40-mvt1,8,5
100.0,140.0,bot,432.0,380.0,52.0,104.0,1.04,5.44,False,False,mozart-sym40-mvt1,8,5
100.0,140.0,top,27.0,0.0,27.0,95.0,0.95,5.43,True,True,mozart-sym40-mvt1,8,5
100.0,140.0,bot,388.0,340.0,48.0,95.0,0.95,5.43,False,False,mozart-sym40-mvt1,8,5
100.0,140.0,top,794.0,743.0,51.0,102.0,1.02,5.44,False,False,mozart-sym40-mvt1,8,5
100.0,140.0,bot,433.0,382.0,51.0,102.0,1.02,5.44,False,False,mozart-sym40-mvt1,8,5
100.0,140.0,top,364.0,316.0,48.0,95.0,0.95,5.46,False,False,mozart-sym40-mvt1,8,5
100.0,140.0,bot,825.0,777.0,48.0,95.0,0.95,5.46,False,False,mozart-sym40-mvt1,8,5
100.0,140.0,top,456.0,404.0,52.0,104.0,1.04,5.44,False,False,mozart-sym40-mvt1,8,5
100.0,140.0,bot,5.0,0.0,5.0,104.0,1.04,5.44,True,True,mozart-sym40-mvt1,8,5
100.0,140.0,top,364.0,316.0,48.0,95.0,0.95,5.46,False,False,mozart-sym40-mvt1,8,5
100.0,140.0,bot,788.0,740.0,48.0,95.0,0.95,5.46,False,False,mozart-sym40-mvt1,8,5
100.0,140.0,top,456.0,404.0,52.0,104.0,1.04,5.44,False,False,mozart-sym40-mvt1,8,5
100.0,140.0,bot,32.0,0.0,32.0,104.0,1.04,5.44,True,True,mozart-sym40-mvt1,8,5
100.0,140.0,top,364.0,316.0,48.0,95.0,0.95,5.43,False,False,mozart-sym40-mvt1,8,5
100.0,140.0,bot,825.0,777.0,48.0,95.0,0.95,5.43,False,False,mozart-sym40-mvt1,8,5
100.0,140.0,top,457.0,406.0,51.0,102.0,1.02,5.44,False,False,mozart-sym40-mvt1,8,5
100.0,140.0,bot,4.0,0.0,4.0,102.0,1.02,5.44,True,True,mozart-sym40-mvt1,8,5
100.0,140.0,top,364.0,316.0,48.0,95.0,0.95,5.43,False,False,mozart-sym40-mvt1,8,5
100.0,140.0,bot,788.0,740.0,48.0,95.0,0.95,5.43,False,False,mozart-sym40-mvt1,8,5
100.0,140.0,top,457.0,406.0,51.0,102.0,1.02,5.44,False,False,mozart-sym40-mvt1,8,5
100.0,140.0,bot,33.0,0.0,33.0,102.0,1.02,5.44,True,True,mozart-sym40-mvt1,8,5
100.0,140.0,top,561.0,513.0,48.0,95.0,0.95,5.43,False,False,mozart-sym40-mvt1,8,5
100.0,140.0,bot,869.0,821.0,48.0,95.0,0.95,5.43,False,False,mozart-sym40-mvt1,8,5
100.0,140.0,top,260.0,209.0,51.0,102.0,1.02,5.44,False,False,mozart-sym40-mvt1,8,5
100.0,140.0,bot,48.0,0.0,48.0,102.0,1.02,5.44,True,True,mozart-sym40-mvt1,8,5
100.0,140.0,top,254.0,202.0,52.0,104.0,1.04,5.44,False,False,mozart-sym40-mvt1,8,5
100.0,140.0,bot,85.0,33.0,52.0,104.0,1.04,5.44,True,True,mozart-sym40-mvt1,8,5
100.0,140.0,top,566.0,518.0,48.0,95.0,0.95,5.46,False,False,mozart-sym40-mvt1,8,5
100.0,140.0,bot,869.0,821.0,48.0,95.0,0.95,5.46,False,False,mozart-sym40-mvt1,8,5
100.0,140.0,top,254.0,202.0,52.0,104.0,1.04,5.44,False,False,mozart-sym40-mvt1,8,5
100.0,140.0,bot,49.0,0.0,49.0,104.0,1.04,5.44,True,True,mozart-sym40-mvt1,8,5
100.0,140.0,top,255.0,204.0,51.0,102.0,1.02,5.44,False,False,mozart-sym40-mvt1,8,5
100.0,140.0,bot,84.0,33.0,51.0,102.0,1.02,5.44,True,True,mozart-sym40-mvt1,8,5
100.0,140.0,top,320.0,314.0,6.0,12.0,0.12,16.87,False,False,brahms-sym4-mvt1,14,4
100.0,140.0,bot,118.0,112.0,6.0,12.0,0.12,16.87,True,True,brahms-sym4-mvt1,14,4
100.0,140.0,top,423.0,417.0,6.0,12.0,0.12,16.87,False,False,brahms-sym4-mvt1,14,4
100.0,140.0,bot,15.0,9.0,6.0,12.0,0.12,16.87,True,True,brahms-sym4-mvt1,14,4
100.0,140.0,top,163.0,157.0,6.0,12.0,0.12,16.87,False,False,brahms-sym4-mvt1,14,4
100.0,140.0,bot,118.0,112.0,6.0,12.0,0.12,16.87,True,True,brahms-sym4-mvt1,14,4
100.0,140.0,top,266.0,260.0,6.0,12.0,0.12,16.87,False,False,brahms-sym4-mvt1,14,4
100.0,140.0,bot,15.0,9.0,6.0,12.0,0.12,16.87,True,True,brahms-sym4-mvt1,14,4
100.0,140.0,top,668.0,662.0,6.0,12.0,0.12,16.87,False,False,brahms-sym4-mvt1,16,4
100.0,140.0,bot,293.0,287.0,6.0,12.0,0.12,16.87,False,False,brahms-sym4-mvt1,16,4
100.0,140.0,top,512.0,506.0,6.0,12.0,0.12,16.87,False,False,brahms-sym4-mvt1,16,4
100.0,140.0,bot,163.0,157.0,6.0,12.0,0.12,16.87,False,False,brahms-sym4-mvt1,16,4
100.0,140.0,top,246.0,240.0,6.0,12.0,0.12,16.87,False,False,brahms-sym4-mvt1,16,4
100.0,140.0,bot,96.0,90.0,6.0,12.0,0.12,16.87,True,True,brahms-sym4-mvt1,16,4
100.0,140.0,top,188.0,182.0,6.0,12.0,0.12,16.87,False,False,brahms-sym4-mvt1,16,4
100.0,140.0,bot,96.0,90.0,6.0,12.0,0.12,16.87,True,True,brahms-sym4-mvt1,16,4
100.0,140.0,top,127.0,121.0,6.0,12.0,0.12,16.87,True,True,brahms-sym4-mvt1,16,4
100.0,140.0,bot,96.0,90.0,6.0,12.0,0.12,16.87,True,True,brahms-sym4-mvt1,16,4
100.0,140.0,top,413.0,305.0,108.0,216.0,2.16,5.22,False,False,brahms-sym4-mvt1,17,1
100.0,140.0,bot,58.0,0.0,58.0,216.0,2.16,5.22,True,True,brahms-sym4-mvt1,17,1
100.0,140.0,top,558.0,451.0,107.0,215.0,2.15,5.21,False,False,brahms-sym4-mvt1,17,2
100.0,140.0,bot,2.0,0.0,2.0,215.0,2.15,5.21,True,True,brahms-sym4-mvt1,17,2
100.0,140.0,top,454.0,347.0,107.0,214.0,2.14,5.19,False,False,brahms-sym4-mvt1,17,3
100.0,140.0,bot,60.0,0.0,60.0,214.0,2.14,5.19,True,True,brahms-sym4-mvt1,17,3
100.0,140.0,top,759.0,650.0,109.0,218.0,2.18,5.22,False,False,brahms-sym4-mvt1,17,5
100.0,140.0,bot,59.0,0.0,59.0,218.0,2.18,5.22,True,True,brahms-sym4-mvt1,17,5
100.0,140.0,top,611.0,502.0,109.0,218.0,2.18,5.22,False,False,brahms-sym4-mvt1,17,5
100.0,140.0,bot,1.0,0.0,1.0,218.0,2.18,5.22,True,True,brahms-sym4-mvt1,17,5
100.0,140.0,top,506.0,397.0,109.0,218.0,2.18,5.22,False,False,brahms-sym4-mvt1,17,5
100.0,140.0,bot,60.0,0.0,60.0,218.0,2.18,5.22,True,True,brahms-sym4-mvt1,17,5
100.0,140.0,top,408.0,299.0,109.0,218.0,2.18,5.22,False,False,brahms-sym4-mvt1,17,5
100.0,140.0,bot,119.0,10.0,109.0,218.0,2.18,5.22,True,True,brahms-sym4-mvt1,17,5
100.0,140.0,top,151.0,1.0,150.0,301.0,3.01,6.07,False,True,brahms-sym4-mvt1,18,1
100.0,140.0,bot,119.0,0.0,119.0,301.0,3.01,6.07,True,True,brahms-sym4-mvt1,18,1
100.0,140.0,top,63.0,0.0,63.0,301.0,3.01,6.07,True,True,brahms-sym4-mvt1,18,1
100.0,140.0,bot,219.0,68.0,151.0,301.0,3.01,6.07,False,True,brahms-sym4-mvt1,18,1
100.0,140.0,top,24.0,0.0,24.0,301.0,3.01,6.07,True,True,brahms-sym4-mvt1,18,1
100.0,140.0,bot,473.0,322.0,151.0,301.0,3.01,6.07,False,False,brahms-sym4-mvt1,18,1
100.0,140.0,top,110.0,0.0,110.0,301.0,3.01,6.07,True,True,brahms-sym4-mvt1,18,1
100.0,140.0,bot,676.0,525.0,151.0,301.0,3.01,6.07,False,False,brahms-sym4-mvt1,18,1
100.0,140.0,top,11.0,2.0,9.0,19.0,0.19,2.0,True,True,brahms-sym4-mvt1,18,2
100.0,140.0,bot,295.0,285.0,10.0,19.0,0.19,2.0,False,False,brahms-sym4-mvt1,18,2
100.0,140.0,top,258.0,250.0,8.0,17.0,0.17,2.07,False,False,brahms-sym4-mvt1,18,2
100.0,140.0,bot,48.0,39.0,9.0,17.0,0.17,2.07,True,True,brahms-sym4-mvt1,18,2
100.0,140.0,top,144.0,8.0,136.0,273.0,2.73,5.93,False,True,brahms-sym4-mvt1,18,3
100.0,140.0,bot,147.0,10.0,137.0,273.0,2.73,5.93,False,True,brahms-sym4-mvt1,18,3
100.0,140.0,top,61.0,0.0,61.0,273.0,2.73,5.93,True,True,brahms-sym4-mvt1,18,3
100.0,140.0,bot,247.0,110.0,137.0,273.0,2.73,5.93,False,True,brahms-sym4-mvt1,18,3
100.0,140.0,top,22.0,0.0,22.0,273.0,2.73,5.93,True,True,brahms-sym4-mvt1,18,3
100.0,140.0,bot,449.0,312.0,137.0,273.0,2.73,5.93,False,False,brahms-sym4-mvt1,18,3
100.0,140.0,top,302.0,254.0,48.0,96.0,0.96,2.88,False,False,brahms-sym4-mvt1,18,3
100.0,140.0,bot,668.0,620.0,48.0,96.0,0.96,2.88,False,False,brahms-sym4-mvt1,18,3
100.0,140.0,top,105.0,0.0,105.0,273.0,2.73,5.93,True,True,brahms-sym4-mvt1,18,3
100.0,140.0,bot,652.0,515.0,137.0,273.0,2.73,5.93,False,False,brahms-sym4-mvt1,18,3
100.0,140.0,top,149.0,3.0,146.0,292.0,2.92,5.96,False,True,brahms-sym4-mvt1,18,4
100.0,140.0,bot,126.0,0.0,126.0,292.0,2.92,5.96,True,True,brahms-sym4-mvt1,18,4
100.0,140.0,top,64.0,0.0,64.0,292.0,2.92,5.96,True,True,brahms-sym4-mvt1,18,4
100.0,140.0,bot,226.0,80.0,146.0,292.0,2.92,5.96,False,True,brahms-sym4-mvt1,18,4
100.0,140.0,top,24.0,0.0,24.0,292.0,2.92,5.96,True,True,brahms-sym4-mvt1,18,4
100.0,140.0,bot,480.0,334.0,146.0,292.0,2.92,5.96,False,False,brahms-sym4-mvt1,18,4
100.0,140.0,top,112.0,0.0,112.0,292.0,2.92,5.96,True,True,brahms-sym4-mvt1,18,4
100.0,140.0,bot,678.0,532.0,146.0,292.0,2.92,5.96,False,False,brahms-sym4-mvt1,18,4
100.0,140.0,top,136.0,0.0,136.0,276.0,2.76,6.0,True,True,brahms-sym4-mvt1,18,5
100.0,140.0,bot,171.0,33.0,138.0,276.0,2.76,6.0,False,True,brahms-sym4-mvt1,18,5
100.0,140.0,top,58.0,0.0,58.0,276.0,2.76,6.0,True,True,brahms-sym4-mvt1,18,5
100.0,140.0,bot,274.0,136.0,138.0,276.0,2.76,6.0,False,True,brahms-sym4-mvt1,18,5
100.0,140.0,top,252.0,204.0,48.0,95.0,0.95,2.84,False,False,brahms-sym4-mvt1,18,5
100.0,140.0,bot,618.0,570.0,48.0,95.0,0.95,2.84,False,False,brahms-sym4-mvt1,18,5
100.0,140.0,top,23.0,0.0,23.0,276.0,2.76,6.0,True,True,brahms-sym4-mvt1,18,5
100.0,140.0,bot,528.0,390.0,138.0,276.0,2.76,6.0,False,False,brahms-sym4-mvt1,18,5
100.0,140.0,top,101.0,0.0,101.0,276.0,2.76,6.0,True,True,brahms-sym4-mvt1,18,5
100.0,140.0,bot,730.0,592.0,138.0,276.0,2.76,6.0,False,False,brahms-sym4-mvt1,18,5
100.0,140.0,top,296.0,276.0,20.0,41.0,0.41,2.5,False,False,bruckner-sym5-mvt1,20,7
100.0,140.0,bot,10.0,0.0,10.0,41.0,0.41,2.5,True,True,bruckner-sym5-mvt1,20,7
100.0,140.0,top,250.0,230.0,20.0,41.0,0.41,2.5,False,False,bruckner-sym5-mvt1,20,7
100.0,140.0,bot,42.0,21.0,21.0,41.0,0.41,2.5,True,True,bruckner-sym5-mvt1,20,7
100.0,140.0,top,241.0,210.0,31.0,62.0,0.62,2.38,False,False,bruckner-sym5-mvt1,21,7
100.0,140.0,bot,10.0,0.0,10.0,62.0,0.62,2.38,True,True,bruckner-sym5-mvt1,21,7
100.0,140.0,top,241.0,210.0,31.0,62.0,0.62,2.38,False,False,bruckner-sym5-mvt1,21,7
100.0,140.0,bot,42.0,11.0,31.0,62.0,0.62,2.38,True,True,bruckner-sym5-mvt1,21,7
100.0,140.0,top,31.0,3.0,28.0,56.0,0.56,2.33,True,True,bruckner-sym5-mvt1,22,5
100.0,140.0,bot,308.0,280.0,28.0,56.0,0.56,2.33,False,False,bruckner-sym5-mvt1,22,5
89.0,124.6,top,321.0,301.0,20.0,41.0,0.4606741573033708,2.50561797752809,False,False,tchaikovsky-sym4-mvt2,2,0
89.0,124.6,bot,16.0,0.0,16.0,41.0,0.4606741573033708,2.50561797752809,True,True,tchaikovsky-sym4-mvt2,2,0
89.0,124.6,top,271.0,251.0,20.0,41.0,0.4606741573033708,2.50561797752809,False,False,tchaikovsky-sym4-mvt2,2,0
89.0,124.6,bot,31.0,10.0,21.0,41.0,0.4606741573033708,2.50561797752809,True,True,tchaikovsky-sym4-mvt2,2,0
100.0,140.0,top,33.0,11.0,22.0,44.0,0.44,2.56,True,True,tchaikovsky-sym4-mvt2,2,1
100.0,140.0,bot,308.0,286.0,22.0,44.0,0.44,2.56,False,False,tchaikovsky-sym4-mvt2,2,1
100.0,140.0,top,14.0,0.0,14.0,44.0,0.44,2.56,True,True,tchaikovsky-sym4-mvt2,2,1
100.0,140.0,bot,359.0,337.0,22.0,44.0,0.44,2.56,False,False,tchaikovsky-sym4-mvt2,2,1
100.0,140.0,top,319.0,295.0,24.0,48.0,0.48,2.51,False,False,tchaikovsky-sym4-mvt2,2,1
100.0,140.0,bot,25.0,1.0,24.0,48.0,0.48,2.51,True,True,tchaikovsky-sym4-mvt2,2,1
100.0,140.0,top,319.0,295.0,24.0,48.0,0.48,2.51,False,False,tchaikovsky-sym4-mvt2,2,1
100.0,140.0,bot,25.0,1.0,24.0,48.0,0.48,2.51,True,True,tchaikovsky-sym4-mvt2,2,1
100.0,140.0,top,420.0,401.0,19.0,39.0,0.39,2.58,False,False,tchaikovsky-sym4-mvt2,2,2
100.0,140.0,bot,3.0,0.0,3.0,39.0,0.39,2.58,True,True,tchaikovsky-sym4-mvt2,2,2
100.0,140.0,top,326.0,304.0,22.0,44.0,0.44,2.52,False,False,tchaikovsky-sym4-mvt2,2,2
100.0,140.0,bot,16.0,0.0,16.0,44.0,0.44,2.52,True,True,tchaikovsky-sym4-mvt2,2,2
100.0,140.0,top,315.0,296.0,19.0,39.0,0.39,2.58,False,False,tchaikovsky-sym4-mvt2,2,2
100.0,140.0,bot,58.0,38.0,20.0,39.0,0.39,2.58,True,True,tchaikovsky-sym4-mvt2,2,2
100.0,140.0,top,274.0,252.0,22.0,44.0,0.44,2.52,False,False,tchaikovsky-sym4-mvt2,2,2
100.0,140.0,bot,35.0,13.0,22.0,44.0,0.44,2.52,True,True,tchaikovsky-sym4-mvt2,2,2
100.0,140.0,top,34.0,11.0,23.0,46.0,0.46,2.59,True,True,tchaikovsky-sym4-mvt2,2,3
100.0,140.0,bot,307.0,284.0,23.0,46.0,0.46,2.59,False,False,tchaikovsky-sym4-mvt2,2,3
100.0,140.0,top,15.0,0.0,15.0,46.0,0.46,2.59,True,True,tchaikovsky-sym4-mvt2,2,3
100.0,140.0,bot,358.0,335.0,23.0,46.0,0.46,2.59,False,False,tchaikovsky-sym4-mvt2,2,3
100.0,140.0,top,349.0,325.0,24.0,49.0,0.49,2.59,False,False,tchaikovsky-sym4-mvt2,2,3
100.0,140.0,bot,29.0,4.0,25.0,49.0,0.49,2.59,True,True,tchaikovsky-sym4-mvt2,2,3
100.0,140.0,top,349.0,325.0,24.0,49.0,0.49,2.59,False,False,tchaikovsky-sym4-mvt2,2,3
100.0,140.0,bot,29.0,4.0,25.0,49.0,0.49,2.59,True,True,tchaikovsky-sym4-mvt2,2,3
100.0,140.0,top,28.0,1.0,27.0,55.0,0.55,2.81,True,True,tchaikovsky-sym4-mvt2,2,4
100.0,140.0,bot,281.0,253.0,28.0,55.0,0.55,2.81,False,False,tchaikovsky-sym4-mvt2,2,4
100.0,140.0,top,20.0,4.0,16.0,33.0,0.33,2.43,True,True,tchaikovsky-sym4-mvt2,2,4
100.0,140.0,bot,358.0,341.0,17.0,33.0,0.33,2.43,False,False,tchaikovsky-sym4-mvt2,2,4
100.0,140.0,top,365.0,343.0,22.0,44.0,0.44,2.78,False,False,tchaikovsky-sym4-mvt2,2,5
100.0,140.0,bot,4.0,0.0,4.0,44.0,0.44,2.78,True,True,tchaikovsky-sym4-mvt2,2,5
100.0,140.0,top,270.0,248.0,22.0,44.0,0.44,2.78,False,False,tchaikovsky-sym4-mvt2,2,5
100.0,140.0,bot,57.0,35.0,22.0,44.0,0.44,2.78,True,True,tchaikovsky-sym4-mvt2,2,5
100.0,140.0,top,361.0,338.0,23.0,46.0,0.46,2.59,False,False,tchaikovsky-sym4-mvt2,2,5
100.0,140.0,bot,17.0,0.0,17.0,46.0,0.46,2.59,True,True,tchaikovsky-sym4-mvt2,2,5
100.0,140.0,top,310.0,287.0,23.0,46.0,0.46,2.59,False,False,tchaikovsky-sym4-mvt2,2,5
100.0,140.0,bot,34.0,11.0,23.0,46.0,0.46,2.59,True,True,tchaikovsky-sym4-mvt2,2,5
100.0,140.0,top,355.0,333.0,22.0,44.0,0.44,2.56,False,False,tchaikovsky-sym4-mvt2,2,6
100.0,140.0,bot,15.0,0.0,15.0,44.0,0.44,2.56,True,True,tchaikovsky-sym4-mvt2,2,6
100.0,140.0,top,307.0,285.0,22.0,44.0,0.44,2.56,False,False,tchaikovsky-sym4-mvt2,2,6
100.0,140.0,bot,35.0,13.0,22.0,44.0,0.44,2.56,True,True,tchaikovsky-sym4-mvt2,2,6
100.0,140.0,top,356.0,333.0,23.0,46.0,0.46,2.51,False,False,tchaikovsky-sym4-mvt2,2,6
100.0,140.0,bot,17.0,0.0,17.0,46.0,0.46,2.51,True,True,tchaikovsky-sym4-mvt2,2,6
100.0,140.0,top,310.0,287.0,23.0,46.0,0.46,2.51,False,False,tchaikovsky-sym4-mvt2,2,6
100.0,140.0,bot,34.0,11.0,23.0,46.0,0.46,2.51,True,True,tchaikovsky-sym4-mvt2,2,6
100.0,140.0,top,55.0,36.0,19.0,39.0,0.39,2.59,True,True,tchaikovsky-sym4-mvt2,2,7
100.0,140.0,bot,318.0,298.0,20.0,39.0,0.39,2.59,False,False,tchaikovsky-sym4-mvt2,2,7
100.0,140.0,top,55.0,31.0,24.0,49.0,0.49,2.95,True,True,tchaikovsky-sym4-mvt2,2,7
100.0,140.0,bot,267.0,242.0,25.0,49.0,0.49,2.95,False,False,tchaikovsky-sym4-mvt2,2,7
100.0,140.0,top,6.0,0.0,6.0,39.0,0.39,2.59,True,True,tchaikovsky-sym4-mvt2,2,7
100.0,140.0,bot,423.0,403.0,20.0,39.0,0.39,2.59,False,False,tchaikovsky-sym4-mvt2,2,7
100.0,140.0,top,6.0,0.0,6.0,49.0,0.49,2.95,True,True,tchaikovsky-sym4-mvt2,2,7
100.0,140.0,bot,372.0,347.0,25.0,49.0,0.49,2.95,False,False,tchaikovsky-sym4-mvt2,2,7
62.5,87.5,top,207.0,192.0,15.0,31.0,0.496,4.096,False,False,tchaikovsky-sym6-mvt2,15,0
62.5,87.5,bot,17.0,1.0,16.0,31.0,0.496,4.096,True,True,tchaikovsky-sym6-mvt2,15,0
62.5,87.5,top,207.0,192.0,15.0,31.0,0.496,4.096,False,False,tchaikovsky-sym6-mvt2,15,0
62.5,87.5,bot,17.0,1.0,16.0,31.0,0.496,4.096,True,True,tchaikovsky-sym6-mvt2,15,0
62.5,87.5,top,179.0,164.0,15.0,31.0,0.496,4.096,False,False,tchaikovsky-sym6-mvt2,15,0
62.5,87.5,bot,17.0,1.0,16.0,31.0,0.496,4.096,True,True,tchaikovsky-sym6-mvt2,15,0
89.25,124.94999999999999,top,296.0,275.0,21.0,43.0,0.48179271708683474,4.078431372549019,False,False,tchaikovsky-sym6-mvt2,15,2
89.25,124.94999999999999,bot,22.0,0.0,22.0,43.0,0.48179271708683474,4.078431372549019,True,True,tchaikovsky-sym6-mvt2,15,2
89.25,124.94999999999999,top,296.0,275.0,21.0,43.0,0.48179271708683474,4.078431372549019,False,False,tchaikovsky-sym6-mvt2,15,2
89.25,124.94999999999999,bot,22.0,0.0,22.0,43.0,0.48179271708683474,4.078431372549019,True,True,tchaikovsky-sym6-mvt2,15,2
89.25,124.94999999999999,top,254.0,233.0,21.0,43.0,0.48179271708683474,4.078431372549019,False,False,tchaikovsky-sym6-mvt2,15,2
89.25,124.94999999999999,bot,22.0,0.0,22.0,43.0,0.48179271708683474,4.078431372549019,True,True,tchaikovsky-sym6-mvt2,15,2
89.75,125.64999999999999,top,50.0,19.0,31.0,63.0,0.7019498607242339,4.735376044568246,True,True,boulanger-printemps-mvt1,1,2
89.75,125.64999999999999,bot,237.0,205.0,32.0,63.0,0.7019498607242339,4.735376044568246,False,False,boulanger-printemps-mvt1,1,2
89.75,125.64999999999999,top,7.0,0.0,7.0,63.0,0.7019498607242339,4.735376044568246,True,True,boulanger-printemps-mvt1,1,2
89.75,125.64999999999999,bot,328.0,296.0,32.0,63.0,0.7019498607242339,4.735376044568246,False,False,boulanger-printemps-mvt1,1,2
89.5,125.3,top,50.0,19.0,31.0,63.0,0.7039106145251397,4.770949720670391,True,True,boulanger-printemps-mvt1,1,3
89.5,125.3,bot,236.0,204.0,32.0,63.0,0.7039106145251397,4.770949720670391,False,False,boulanger-printemps-mvt1,1,3
89.5,125.3,top,6.0,0.0,6.0,63.0,0.7039106145251397,4.770949720670391,True,True,boulanger-printemps-mvt1,1,3
89.5,125.3,bot,327.0,295.0,32.0,63.0,0.7039106145251397,4.770949720670391,False,False,boulanger-printemps-mvt1,1,3
84.0,117.6,top,54.0,15.0,39.0,78.0,0.9285714285714286,6.476190476190476,True,True,boulanger-printemps-mvt1,1,4
84.0,117.6,bot,257.0,218.0,39.0,78.0,0.9285714285714286,6.476190476190476,False,False,boulanger-printemps-mvt1,1,4
84.0,117.6,top,122.0,82.0,40.0,80.0,0.9523809523809523,6.4523809523809526,False,True,boulanger-printemps-mvt1,1,4
84.0,117.6,bot,189.0,149.0,40.0,80.0,0.9523809523809523,6.4523809523809526,False,False,boulanger-printemps-mvt1,1,4
84.0,117.6,top,643.0,610.0,33.0,67.0,0.7976190476190477,22.238095238095237,False,False,boulanger-printemps-mvt1,1,4
84.0,117.6,bot,332.0,299.0,33.0,67.0,0.7976190476190477,22.238095238095237,False,False,boulanger-printemps-mvt1,1,4
84.0,117.6,top,710.0,677.0,33.0,67.0,0.7976190476190477,22.238095238095237,False,False,boulanger-printemps-mvt1,1,4
84.0,117.6,bot,399.0,366.0,33.0,67.0,0.7976190476190477,22.238095238095237,False,False,boulanger-printemps-mvt1,1,4
84.0,117.6,top,32.0,0.0,32.0,78.0,0.9285714285714286,6.476190476190476,True,True,boulanger-printemps-mvt1,1,4
84.0,117.6,bot,298.0,259.0,39.0,78.0,0.9285714285714286,6.476190476190476,False,False,boulanger-printemps-mvt1,1,4
84.0,117.6,top,100.0,60.0,40.0,80.0,0.9523809523809523,6.4523809523809526,True,True,boulanger-printemps-mvt1,1,4
84.0,117.6,bot,230.0,190.0,40.0,80.0,0.9523809523809523,6.4523809523809526,False,False,boulanger-printemps-mvt1,1,4
84.0,117.6,top,621.0,588.0,33.0,67.0,0.7976190476190477,22.238095238095237,False,False,boulanger-printemps-mvt1,1,4
84.0,117.6,bot,291.0,258.0,33.0,67.0,0.7976190476190477,22.238095238095237,False,False,boulanger-printemps-mvt1,1,4
84.0,117.6,top,688.0,655.0,33.0,67.0,0.7976190476190477,22.238095238095237,False,False,boulanger-printemps-mvt1,1,4
84.0,117.6,bot,358.0,325.0,33.0,67.0,0.7976190476190477,22.238095238095237,False,False,boulanger-printemps-mvt1,1,4
84.0,117.6,top,9.0,0.0,9.0,78.0,0.9285714285714286,6.476190476190476,True,True,boulanger-printemps-mvt1,1,4
84.0,117.6,bot,341.0,302.0,39.0,78.0,0.9285714285714286,6.476190476190476,False,False,boulanger-printemps-mvt1,1,4
84.0,117.6,top,77.0,37.0,40.0,80.0,0.9523809523809523,6.4523809523809526,True,True,boulanger-printemps-mvt1,1,4
84.0,117.6,bot,273.0,233.0,40.0,80.0,0.9523809523809523,6.4523809523809526,False,False,boulanger-printemps-mvt1,1,4
84.0,117.6,top,598.0,565.0,33.0,67.0,0.7976190476190477,22.238095238095237,False,False,boulanger-printemps-mvt1,1,4
84.0,117.6,bot,248.0,215.0,33.0,67.0,0.7976190476190477,22.238095238095237,False,False,boulanger-printemps-mvt1,1,4
84.0,117.6,top,665.0,632.0,33.0,67.0,0.7976190476190477,22.238095238095237,False,False,boulanger-printemps-mvt1,1,4
84.0,117.6,bot,315.0,282.0,33.0,67.0,0.7976190476190477,22.238095238095237,False,False,boulanger-printemps-mvt1,1,4
84.0,117.6,top,13.0,0.0,13.0,78.0,0.9285714285714286,6.476190476190476,True,True,boulanger-printemps-mvt1,1,4
84.0,117.6,bot,384.0,345.0,39.0,78.0,0.9285714285714286,6.476190476190476,False,False,boulanger-printemps-mvt1,1,4
84.0,117.6,top,55.0,15.0,40.0,80.0,0.9523809523809523,6.4523809523809526,True,True,boulanger-printemps-mvt1,1,4
84.0,117.6,bot,316.0,276.0,40.0,80.0,0.9523809523809523,6.4523809523809526,False,False,boulanger-printemps-mvt1,1,4
84.0,117.6,top,576.0,543.0,33.0,67.0,0.7976190476190477,22.238095238095237,False,False,boulanger-printemps-mvt1,1,4
84.0,117.6,bot,205.0,172.0,33.0,67.0,0.7976190476190477,22.238095238095237,False,False,boulanger-printemps-mvt1,1,4
84.0,117.6,top,643.0,610.0,33.0,67.0,0.7976190476190477,22.238095238095237,False,False,boulanger-printemps-mvt1,1,4
84.0,117.6,bot,272.0,239.0,33.0,67.0,0.7976190476190477,22.238095238095237,False,False,boulanger-printemps-mvt1,1,4
84.0,117.6,top,513.0,480.0,33.0,67.0,0.7976190476190477,22.238095238095237,False,False,boulanger-printemps-mvt1,1,4
84.0,117.6,bot,205.0,172.0,33.0,67.0,0.7976190476190477,22.238095238095237,False,False,boulanger-printemps-mvt1,1,4
84.0,117.6,top,580.0,547.0,33.0,67.0,0.7976190476190477,22.238095238095237,False,False,boulanger-printemps-mvt1,1,4
84.0,117.6,bot,272.0,239.0,33.0,67.0,0.7976190476190477,22.238095238095237,False,False,boulanger-printemps-mvt1,1,4
84.0,117.6,top,279.0,263.0,16.0,33.0,0.39285714285714285,2.261904761904762,False,False,boulanger-printemps-mvt1,1,4
84.0,117.6,bot,79.0,62.0,17.0,33.0,0.39285714285714285,2.261904761904762,True,True,boulanger-printemps-mvt1,1,4
84.0,117.6,top,364.0,331.0,33.0,67.0,0.7976190476190477,5.488095238095238,False,False,boulanger-printemps-mvt1,1,4
84.0,117.6,bot,6.0,0.0,6.0,67.0,0.7976190476190477,5.488095238095238,True,True,boulanger-printemps-mvt1,1,4
84.0,117.6,top,484.0,451.0,33.0,67.0,0.7976190476190477,22.238095238095237,False,False,boulanger-printemps-mvt1,1,4
84.0,117.6,bot,126.0,93.0,33.0,67.0,0.7976190476190477,22.238095238095237,False,True,boulanger-printemps-mvt1,1,4
84.0,117.6,top,551.0,518.0,33.0,67.0,0.7976190476190477,22.238095238095237,False,False,boulanger-printemps-mvt1,1,4
84.0,117.6,bot,193.0,160.0,33.0,67.0,0.7976190476190477,22.238095238095237,False,False,boulanger-printemps-mvt1,1,4
84.0,117.6,top,237.0,221.0,16.0,33.0,0.39285714285714285,2.261904761904762,False,False,boulanger-printemps-mvt1,1,4
84.0,117.6,bot,102.0,85.0,17.0,33.0,0.39285714285714285,2.261904761904762,True,True,boulanger-printemps-mvt1,1,4
84.0,117.6,top,322.0,289.0,33.0,67.0,0.7976190476190477,5.488095238095238,False,False,boulanger-printemps-mvt1,1,4
84.0,117.6,bot,17.0,0.0,17.0,67.0,0.7976190476190477,5.488095238095238,True,True,boulanger-printemps-mvt1,1,4
84.0,117.6,top,442.0,409.0,33.0,67.0,0.7976190476190477,22.238095238095237,False,False,boulanger-printemps-mvt1,1,4
84.0,117.6,bot,103.0,70.0,33.0,67.0,0.7976190476190477,22.238095238095237,True,True,boulanger-printemps-mvt1,1,4
84.0,117.6,top,509.0,476.0,33.0,67.0,0.7976190476190477,22.238095238095237,False,False,boulanger-printemps-mvt1,1,4
84.0,117.6,bot,170.0,137.0,33.0,67.0,0.7976190476190477,22.238095238095237,False,False,boulanger-printemps-mvt1,1,4
84.0,117.6,top,275.0,242.0,33.0,67.0,0.7976190476190477,5.488095238095238,False,False,boulanger-printemps-mvt1,1,4
84.0,117.6,bot,51.0,17.0,34.0,67.0,0.7976190476190477,5.488095238095238,True,True,boulanger-printemps-mvt1,1,4
84.0,117.6,top,395.0,362.0,33.0,67.0,0.7976190476190477,22.238095238095237,False,False,boulanger-printemps-mvt1,1,4
84.0,117.6,bot,69.0,36.0,33.0,67.0,0.7976190476190477,22.238095238095237,True,True,boulanger-printemps-mvt1,1,4
84.0,117.6,top,462.0,429.0,33.0,67.0,0.7976190476190477,22.238095238095237,False,False,boulanger-printemps-mvt1,1,4
84.0,117.6,bot,136.0,103.0,33.0,67.0,0.7976190476190477,22.238095238095237,False,True,boulanger-printemps-mvt1,1,4
95.0,133.0,top,393.0,356.0,37.0,74.0,0.7789473684210526,5.4526315789473685,False,False,boulanger-printemps-mvt1,1,5
95.0,133.0,bot,6.0,0.0,6.0,74.0,0.7789473684210526,5.4526315789473685,True,True,boulanger-printemps-mvt1,1,5
95.0,133.0,top,286.0,267.0,19.0,39.0,0.4105263157894737,2.2526315789473683,False,False,boulanger-printemps-mvt1,1,5
95.0,133.0,bot,92.0,72.0,20.0,39.0,0.4105263157894737,2.2526315789473683,True,True,boulanger-printemps-mvt1,1,5
95.0,133.0,top,347.0,310.0,37.0,74.0,0.7789473684210526,5.4526315789473685,False,False,boulanger-printemps-mvt1,1,5
95.0,133.0,bot,31.0,0.0,31.0,74.0,0.7789473684210526,5.4526315789473685,True,True,boulanger-printemps-mvt1,1,5
95.0,133.0,top,237.0,218.0,19.0,39.0,0.4105263157894737,2.2526315789473683,False,False,boulanger-printemps-mvt1,1,5
95.0,133.0,bot,115.0,95.0,20.0,39.0,0.4105263157894737,2.2526315789473683,True,True,boulanger-printemps-mvt1,1,5
95.0,133.0,top,298.0,261.0,37.0,74.0,0.7789473684210526,5.4526315789473685,False,False,boulanger-printemps-mvt1,1,5
95.0,133.0,bot,54.0,17.0,37.0,74.0,0.7789473684210526,5.4526315789473685,True,True,boulanger-printemps-mvt1,1,5
71.75,100.44999999999999,top,47.0,14.0,33.0,66.0,0.9198606271777003,6.2160278745644595,True,True,boulanger-printemps-mvt1,1,6
71.75,100.44999999999999,bot,219.0,186.0,33.0,66.0,0.9198606271777003,6.2160278745644595,False,False,boulanger-printemps-mvt1,1,6
71.75,100.44999999999999,top,19.0,0.0,19.0,66.0,0.9198606271777003,6.2160278745644595,True,True,boulanger-printemps-mvt1,1,6
71.75,100.44999999999999,bot,254.0,221.0,33.0,66.0,0.9198606271777003,6.2160278745644595,False,False,boulanger-printemps-mvt1,1,6
71.75,100.44999999999999,top,91.0,73.0,18.0,36.0,0.5017421602787456,3.3310104529616726,True,True,boulanger-printemps-mvt1,1,6
71.75,100.44999999999999,bot,182.0,164.0,18.0,36.0,0.5017421602787456,3.3310104529616726,False,False,boulanger-printemps-mvt1,1,6
71.75,100.44999999999999,top,10.0,0.0,10.0,66.0,0.9198606271777003,6.2160278745644595,True,True,boulanger-printemps-mvt1,1,6
71.75,100.44999999999999,bot,290.0,257.0,33.0,66.0,0.9198606271777003,6.2160278745644595,False,False,boulanger-printemps-mvt1,1,6
71.75,100.44999999999999,top,62.0,44.0,18.0,36.0,0.5017421602787456,3.3310104529616726,True,True,boulanger-printemps-mvt1,1,6
71.75,100.44999999999999,bot,218.0,200.0,18.0,36.0,0.5017421602787456,3.3310104529616726,False,False,boulanger-printemps-mvt1,1,6
71.5,100.1,top,46.0,13.0,33.0,66.0,0.9230769230769231,6.20979020979021,True,True,boulanger-printemps-mvt1,1,7
71.5,100.1,bot,219.0,186.0,33.0,66.0,0.9230769230769231,6.20979020979021,False,False,boulanger-printemps-mvt1,1,7
71.5,100.1,top,18.0,0.0,18.0,66.0,0.9230769230769231,6.20979020979021,True,True,boulanger-printemps-mvt1,1,7
71.5,100.1,bot,254.0,221.0,33.0,66.0,0.9230769230769231,6.20979020979021,False,False,boulanger-printemps-mvt1,1,7
71.5,100.1,top,90.0,72.0,18.0,36.0,0.5034965034965035,3.3286713286713288,True,True,boulanger-printemps-mvt1,1,7
71.5,100.1,bot,182.0,164.0,18.0,36.0,0.5034965034965035,3.3286713286713288,False,False,boulanger-printemps-mvt1,1,7
71.5,100.1,top,11.0,0.0,11.0,66.0,0.9230769230769231,6.20979020979021,True,True,boulanger-printemps-mvt1,1,7
71.5,100.1,bot,290.0,257.0,33.0,66.0,0.9230769230769231,6.20979020979021,False,False,boulanger-printemps-mvt1,1,7
71.5,100.1,top,61.0,43.0,18.0,36.0,0.5034965034965035,3.3286713286713288,True,True,boulanger-printemps-mvt1,1,7
71.5,100.1,bot,218.0,200.0,18.0,36.0,0.5034965034965035,3.3286713286713288,False,False,boulanger-printemps-mvt1,1,7
89.75,125.64999999999999,top,48.0,17.0,31.0,63.0,0.7019498607242339,4.735376044568246,True,True,boulanger-printemps-mvt1,2,2
89.75,125.64999999999999,bot,237.0,205.0,32.0,63.0,0.7019498607242339,4.735376044568246,False,False,boulanger-printemps-mvt1,2,2
89.75,125.64999999999999,top,7.0,0.0,7.0,63.0,0.7019498607242339,4.735376044568246,True,True,boulanger-printemps-mvt1,2,2
89.75,125.64999999999999,bot,328.0,296.0,32.0,63.0,0.7019498607242339,4.735376044568246,False,False,boulanger-printemps-mvt1,2,2
89.5,125.3,top,48.0,17.0,31.0,63.0,0.7039106145251397,4.770949720670391,True,True,boulanger-printemps-mvt1,2,3
89.5,125.3,bot,236.0,204.0,32.0,63.0,0.7039106145251397,4.770949720670391,False,False,boulanger-printemps-mvt1,2,3
89.5,125.3,top,6.0,0.0,6.0,63.0,0.7039106145251397,4.770949720670391,True,True,boulanger-printemps-mvt1,2,3
89.5,125.3,bot,327.0,295.0,32.0,63.0,0.7039106145251397,4.770949720670391,False,False,boulanger-printemps-mvt1,2,3
84.0,117.6,top,54.0,15.0,39.0,78.0,0.9285714285714286,6.476190476190476,True,True,boulanger-printemps-mvt1,2,4
84.0,117.6,bot,257.0,218.0,39.0,78.0,0.9285714285714286,6.476190476190476,False,False,boulanger-printemps-mvt1,2,4
84.0,117.6,top,122.0,82.0,40.0,80.0,0.9523809523809523,6.4523809523809526,False,True,boulanger-printemps-mvt1,2,4
84.0,117.6,bot,189.0,149.0,40.0,80.0,0.9523809523809523,6.4523809523809526,False,False,boulanger-printemps-mvt1,2,4
84.0,117.6,top,638.0,610.0,28.0,57.0,0.6785714285714286,21.404761904761905,False,False,boulanger-printemps-mvt1,2,4
84.0,117.6,bot,327.0,299.0,28.0,57.0,0.6785714285714286,21.404761904761905,False,False,boulanger-printemps-mvt1,2,4
84.0,117.6,top,695.0,667.0,28.0,57.0,0.6785714285714286,21.404761904761905,False,False,boulanger-printemps-mvt1,2,4
84.0,117.6,bot,384.0,356.0,28.0,57.0,0.6785714285714286,21.404761904761905,False,False,boulanger-printemps-mvt1,2,4
84.0,117.6,top,32.0,0.0,32.0,78.0,0.9285714285714286,6.476190476190476,True,True,boulanger-printemps-mvt1,2,4
84.0,117.6,bot,298.0,259.0,39.0,78.0,0.9285714285714286,6.476190476190476,False,False,boulanger-printemps-mvt1,2,4
84.0,117.6,top,100.0,60.0,40.0,80.0,0.9523809523809523,6.4523809523809526,True,True,boulanger-printemps-mvt1,2,4
84.0,117.6,bot,230.0,190.0,40.0,80.0,0.9523809523809523,6.4523809523809526,False,False,boulanger-printemps-mvt1,2,4
84.0,117.6,top,616.0,588.0,28.0,57.0,0.6785714285714286,21.404761904761905,False,False,boulanger-printemps-mvt1,2,4
84.0,117.6,bot,286.0,258.0,28.0,57.0,0.6785714285714286,21.404761904761905,False,False,boulanger-printemps-mvt1,2,4
84.0,117.6,top,673.0,645.0,28.0,57.0,0.6785714285714286,21.404761904761905,False,False,boulanger-printemps-mvt1,2,4
84.0,117.6,bot,343.0,315.0,28.0,57.0,0.6785714285714286,21.404761904761905,False,False,boulanger-printemps-mvt1,2,4
84.0,117.6,top,9.0,0.0,9.0,78.0,0.9285714285714286,6.476190476190476,True,True,boulanger-printemps-mvt1,2,4
84.0,117.6,bot,341.0,302.0,39.0,78.0,0.9285714285714286,6.476190476190476,False,False,boulanger-printemps-mvt1,2,4
84.0,117.6,top,77.0,37.0,40.0,80.0,0.9523809523809523,6.4523809523809526,True,True,boulanger-printemps-mvt1,2,4
84.0,117.6,bot,273.0,233.0,40.0,80.0,0.9523809523809523,6.4523809523809526,False,False,boulanger-printemps-mvt1,2,4
84.0,117.6,top,593.0,565.0,28.0,57.0,0.6785714285714286,21.404761904761905,False,False,boulanger-printemps-mvt1,2,4
84.0,117.6,bot,243.0,215.0,28.0,57.0,0.6785714285714286,21.404761904761905,False,False,boulanger-printemps-mvt1,2,4
84.0,117.6,top,650.0,622.0,28.0,57.0,0.6785714285714286,21.404761904761905,False,False,boulanger-printemps-mvt1,2,4
84.0,117.6,bot,300.0,272.0,28.0,57.0,0.6785714285714286,21.404761904761905,False,False,boulanger-printemps-mvt1,2,4
84.0,117.6,top,13.0,0.0,13.0,78.0,0.9285714285714286,6.476190476190476,True,True,boulanger-printemps-mvt1,2,4
84.0,117.6,bot,384.0,345.0,39.0,78.0,0.9285714285714286,6.476190476190476,False,False,boulanger-printemps-mvt1,2,4
84.0,117.6,top,55.0,15.0,40.0,80.0,0.9523809523809523,6.4523809523809526,True,True,boulanger-printemps-mvt1,2,4
84.0,117.6,bot,316.0,276.0,40.0,80.0,0.9523809523809523,6.4523809523809526,False,False,boulanger-printemps-mvt1,2,4
84.0,117.6,top,571.0,543.0,28.0,57.0,0.6785714285714286,21.404761904761905,False,False,boulanger-printemps-mvt1,2,4
84.0,117.6,bot,200.0,172.0,28.0,57.0,0.6785714285714286,21.404761904761905,False,False,boulanger-printemps-mvt1,2,4
84.0,117.6,top,628.0,600.0,28.0,57.0,0.6785714285714286,21.404761904761905,False,False,boulanger-printemps-mvt1,2,4
84.0,117.6,bot,257.0,229.0,28.0,57.0,0.6785714285714286,21.404761904761905,False,False,boulanger-printemps-mvt1,2,4
84.0,117.6,top,508.0,480.0,28.0,57.0,0.6785714285714286,21.404761904761905,False,False,boulanger-printemps-mvt1,2,4
84.0,117.6,bot,200.0,172.0,28.0,57.0,0.6785714285714286,21.404761904761905,False,False,boulanger-printemps-mvt1,2,4
84.0,117.6,top,565.0,537.0,28.0,57.0,0.6785714285714286,21.404761904761905,False,False,boulanger-printemps-mvt1,2,4
84.0,117.6,bot,257.0,229.0,28.0,57.0,0.6785714285714286,21.404761904761905,False,False,boulanger-printemps-mvt1,2,4
84.0,117.6,top,279.0,263.0,16.0,33.0,0.39285714285714285,2.261904761904762,False,False,boulanger-printemps-mvt1,2,4
84.0,117.6,bot,79.0,62.0,17.0,33.0,0.39285714285714285,2.261904761904762,True,True,boulanger-printemps-mvt1,2,4
84.0,117.6,top,364.0,331.0,33.0,67.0,0.7976190476190477,5.488095238095238,False,False,boulanger-printemps-mvt1,2,4
84.0,117.6,bot,6.0,0.0,6.0,67.0,0.7976190476190477,5.488095238095238,True,True,boulanger-printemps-mvt1,2,4
84.0,117.6,top,479.0,451.0,28.0,57.0,0.6785714285714286,21.404761904761905,False,False,boulanger-printemps-mvt1,2,4
84.0,117.6,bot,121.0,93.0,28.0,57.0,0.6785714285714286,21.404761904761905,False,True,boulanger-printemps-mvt1,2,4
84.0,117.6,top,536.0,508.0,28.0,57.0,0.6785714285714286,21.404761904761905,False,False,boulanger-printemps-mvt1,2,4
84.0,117.6,bot,178.0,150.0,28.0,57.0,0.6785714285714286,21.404761904761905,False,False,boulanger-printemps-mvt1,2,4
84.0,117.6,top,237.0,221.0,16.0,33.0,0.39285714285714285,2.261904761904762,False,False,boulanger-printemps-mvt1,2,4
84.0,117.6,bot,102.0,85.0,17.0,33.0,0.39285714285714285,2.261904761904762,True,True,boulanger-printemps-mvt1,2,4
84.0,117.6,top,322.0,289.0,33.0,67.0,0.7976190476190477,5.488095238095238,False,False,boulanger-printemps-mvt1,2,4
84.0,117.6,bot,17.0,0.0,17.0,67.0,0.7976190476190477,5.488095238095238,True,True,boulanger-printemps-mvt1,2,4
84.0,117.6,top,437.0,409.0,28.0,57.0,0.6785714285714286,21.404761904761905,False,False,boulanger-printemps-mvt1,2,4
84.0,117.6,bot,98.0,70.0,28.0,57.0,0.6785714285714286,21.404761904761905,True,True,boulanger-printemps-mvt1,2,4
84.0,117.6,top,494.0,466.0,28.0,57.0,0.6785714285714286,21.404761904761905,False,False,boulanger-printemps-mvt1,2,4
84.0,117.6,bot,155.0,127.0,28.0,57.0,0.6785714285714286,21.404761904761905,False,False,boulanger-printemps-mvt1,2,4
84.0,117.6,top,275.0,242.0,33.0,67.0,0.7976190476190477,5.488095238095238,False,False,boulanger-printemps-mvt1,2,4
84.0,117.6,bot,51.0,17.0,34.0,67.0,0.7976190476190477,5.488095238095238,True,True,boulanger-printemps-mvt1,2,4
84.0,117.6,top,390.0,362.0,28.0,57.0,0.6785714285714286,21.404761904761905,False,False,boulanger-printemps-mvt1,2,4
84.0,117.6,bot,64.0,36.0,28.0,57.0,0.6785714285714286,21.404761904761905,True,True,boulanger-printemps-mvt1,2,4
84.0,117.6,top,447.0,419.0,28.0,57.0,0.6785714285714286,21.404761904761905,False,False,boulanger-printemps-mvt1,2,4
84.0,117.6,bot,121.0,93.0,28.0,57.0,0.6785714285714286,21.404761904761905,False,True,boulanger-printemps-mvt1,2,4
95.0,133.0,top,393.0,356.0,37.0,74.0,0.7789473684210526,5.4526315789473685,False,False,boulanger-printemps-mvt1,2,5
95.0,133.0,bot,6.0,0.0,6.0,74.0,0.7789473684210526,5.4526315789473685,True,True,boulanger-printemps-mvt1,2,5
95.0,133.0,top,286.0,267.0,19.0,39.0,0.4105263157894737,2.2526315789473683,False,False,boulanger-printemps-mvt1,2,5
95.0,133.0,bot,92.0,72.0,20.0,39.0,0.4105263157894737,2.2526315789473683,True,True,boulanger-printemps-mvt1,2,5
95.0,133.0,top,347.0,310.0,37.0,74.0,0.7789473684210526,5.4526315789473685,False,False,boulanger-printemps-mvt1,2,5
95.0,133.0,bot,31.0,0.0,31.0,74.0,0.7789473684210526,5.4526315789473685,True,True,boulanger-printemps-mvt1,2,5
95.0,133.0,top,237.0,218.0,19.0,39.0,0.4105263157894737,2.2526315789473683,False,False,boulanger-printemps-mvt1,2,5
95.0,133.0,bot,115.0,95.0,20.0,39.0,0.4105263157894737,2.2526315789473683,True,True,boulanger-printemps-mvt1,2,5
95.0,133.0,top,298.0,261.0,37.0,74.0,0.7789473684210526,5.4526315789473685,False,False,boulanger-printemps-mvt1,2,5
95.0,133.0,bot,54.0,17.0,37.0,74.0,0.7789473684210526,5.4526315789473685,True,True,boulanger-printemps-mvt1,2,5
71.75,100.44999999999999,top,47.0,14.0,33.0,66.0,0.9198606271777003,6.2160278745644595,True,True,boulanger-printemps-mvt1,2,6
71.75,100.44999999999999,bot,219.0,186.0,33.0,66.0,0.9198606271777003,6.2160278745644595,False,False,boulanger-printemps-mvt1,2,6
71.75,100.44999999999999,top,19.0,0.0,19.0,66.0,0.9198606271777003,6.2160278745644595,True,True,boulanger-printemps-mvt1,2,6
71.75,100.44999999999999,bot,254.0,221.0,33.0,66.0,0.9198606271777003,6.2160278745644595,False,False,boulanger-printemps-mvt1,2,6
71.75,100.44999999999999,top,91.0,73.0,18.0,36.0,0.5017421602787456,3.3310104529616726,True,True,boulanger-printemps-mvt1,2,6
71.75,100.44999999999999,bot,182.0,164.0,18.0,36.0,0.5017421602787456,3.3310104529616726,False,False,boulanger-printemps-mvt1,2,6
71.75,100.44999999999999,top,10.0,0.0,10.0,66.0,0.9198606271777003,6.2160278745644595,True,True,boulanger-printemps-mvt1,2,6
71.75,100.44999999999999,bot,290.0,257.0,33.0,66.0,0.9198606271777003,6.2160278745644595,False,False,boulanger-printemps-mvt1,2,6
71.75,100.44999999999999,top,62.0,44.0,18.0,36.0,0.5017421602787456,3.3310104529616726,True,True,boulanger-printemps-mvt1,2,6
71.75,100.44999999999999,bot,218.0,200.0,18.0,36.0,0.5017421602787456,3.3310104529616726,False,False,boulanger-printemps-mvt1,2,6
71.5,100.1,top,46.0,13.0,33.0,66.0,0.9230769230769231,6.20979020979021,True,True,boulanger-printemps-mvt1,2,7
71.5,100.1,bot,219.0,186.0,33.0,66.0,0.9230769230769231,6.20979020979021,False,False,boulanger-printemps-mvt1,2,7
71.5,100.1,top,18.0,0.0,18.0,66.0,0.9230769230769231,6.20979020979021,True,True,boulanger-printemps-mvt1,2,7
71.5,100.1,bot,254.0,221.0,33.0,66.0,0.9230769230769231,6.20979020979021,False,False,boulanger-printemps-mvt1,2,7
71.5,100.1,top,90.0,72.0,18.0,36.0,0.5034965034965035,3.3286713286713288,True,True,boulanger-printemps-mvt1,2,7
71.5,100.1,bot,182.0,164.0,18.0,36.0,0.5034965034965035,3.3286713286713288,False,False,boulanger-printemps-mvt1,2,7
71.5,100.1,top,11.0,0.0,11.0,66.0,0.9230769230769231,6.20979020979021,True,True,boulanger-printemps-mvt1,2,7
71.5,100.1,bot,290.0,257.0,33.0,66.0,0.9230769230769231,6.20979020979021,False,False,boulanger-printemps-mvt1,2,7
71.5,100.1,top,61.0,43.0,18.0,36.0,0.5034965034965035,3.3286713286713288,True,True,boulanger-printemps-mvt1,2,7
71.5,100.1,bot,218.0,200.0,18.0,36.0,0.5034965034965035,3.3286713286713288,False,False,boulanger-printemps-mvt1,2,7
66.25,92.75,top,374.0,348.0,26.0,53.0,0.8,15.486792452830189,False,False,boulanger-printemps-mvt1,30,0
66.25,92.75,bot,10.0,0.0,10.0,53.0,0.8,15.486792452830189,True,True,boulanger-printemps-mvt1,30,0
66.25,92.75,top,371.0,345.0,26.0,53.0,0.8,15.486792452830189,False,False,boulanger-printemps-mvt1,30,0
66.25,92.75,bot,6.0,0.0,6.0,53.0,0.8,15.486792452830189,True,True,boulanger-printemps-mvt1,30,0
66.25,92.75,top,371.0,345.0,26.0,53.0,0.8,15.486792452830189,False,False,boulanger-printemps-mvt1,30,0
66.25,92.75,bot,15.0,0.0,15.0,53.0,0.8,15.486792452830189,True,True,boulanger-printemps-mvt1,30,0
66.25,92.75,top,371.0,345.0,26.0,53.0,0.8,15.486792452830189,False,False,boulanger-printemps-mvt1,30,0
66.25,92.75,bot,22.0,0.0,22.0,53.0,0.8,15.486792452830189,True,True,boulanger-printemps-mvt1,30,0
66.25,92.75,top,340.0,314.0,26.0,53.0,0.8,15.486792452830189,False,False,boulanger-printemps-mvt1,30,0
66.25,92.75,bot,31.0,4.0,27.0,53.0,0.8,15.486792452830189,True,True,boulanger-printemps-mvt1,30,0
66.25,92.75,top,337.0,311.0,26.0,53.0,0.8,15.486792452830189,False,False,boulanger-printemps-mvt1,30,0
66.25,92.75,bot,26.0,0.0,26.0,53.0,0.8,15.486792452830189,True,True,boulanger-printemps-mvt1,30,0
100.0,140.0,top,566.0,527.0,39.0,79.0,0.79,15.49,False,False,boulanger-printemps-mvt1,30,1
100.0,140.0,bot,8.0,0.0,8.0,79.0,0.79,15.49,True,True,boulanger-printemps-mvt1,30,1
100.0,140.0,top,566.0,527.0,39.0,79.0,0.79,15.49,False,False,boulanger-printemps-mvt1,30,1
100.0,140.0,bot,32.0,0.0,32.0,79.0,0.79,15.49,True,True,boulanger-printemps-mvt1,30,1
100.0,140.0,top,561.0,522.0,39.0,79.0,0.79,15.49,False,False,boulanger-printemps-mvt1,30,1
100.0,140.0,bot,15.0,0.0,15.0,79.0,0.79,15.49,True,True,boulanger-printemps-mvt1,30,1
100.0,140.0,top,561.0,522.0,39.0,79.0,0.79,15.49,False,False,boulanger-printemps-mvt1,30,1
100.0,140.0,bot,22.0,0.0,22.0,79.0,0.79,15.49,True,True,boulanger-printemps-mvt1,30,1
100.0,140.0,top,515.0,476.0,39.0,79.0,0.79,15.49,False,False,boulanger-printemps-mvt1,30,1
100.0,140.0,bot,39.0,0.0,39.0,79.0,0.79,15.49,True,True,boulanger-printemps-mvt1,30,1
100.0,140.0,top,510.0,471.0,39.0,79.0,0.79,15.49,False,False,boulanger-printemps-mvt1,30,1
100.0,140.0,bot,46.0,6.0,40.0,79.0,0.79,15.49,True,True,boulanger-printemps-mvt1,30,1
90.0,125.99999999999999,top,510.0,474.0,36.0,72.0,0.8,16.288888888888888,False,False,boulanger-printemps-mvt1,30,2
90.0,125.99999999999999,bot,20.0,0.0,20.0,72.0,0.8,16.288888888888888,True,True,boulanger-printemps-mvt1,30,2
90.0,125.99999999999999,top,506.0,470.0,36.0,72.0,0.8,16.288888888888888,False,False,boulanger-printemps-mvt1,30,2
90.0,125.99999999999999,bot,13.0,0.0,13.0,72.0,0.8,16.288888888888888,True,True,boulanger-printemps-mvt1,30,2
90.0,125.99999999999999,top,506.0,470.0,36.0,72.0,0.8,16.288888888888888,False,False,boulanger-printemps-mvt1,30,2
90.0,125.99999999999999,bot,26.0,0.0,26.0,72.0,0.8,16.288888888888888,True,True,boulanger-printemps-mvt1,30,2
90.0,125.99999999999999,top,503.0,467.0,36.0,72.0,0.8,16.288888888888888,False,False,boulanger-printemps-mvt1,30,2
90.0,125.99999999999999,bot,7.0,0.0,7.0,72.0,0.8,16.288888888888888,True,True,boulanger-printemps-mvt1,30,2
90.0,125.99999999999999,top,460.0,424.0,36.0,72.0,0.8,16.288888888888888,False,False,boulanger-printemps-mvt1,30,2
90.0,125.99999999999999,bot,35.0,0.0,35.0,72.0,0.8,16.288888888888888,True,True,boulanger-printemps-mvt1,30,2
90.0,125.99999999999999,top,460.0,424.0,36.0,72.0,0.8,16.288888888888888,False,False,boulanger-printemps-mvt1,30,2
90.0,125.99999999999999,bot,41.0,5.0,36.0,72.0,0.8,16.288888888888888,True,True,boulanger-printemps-mvt1,30,2
90.0,125.99999999999999,top,509.0,474.0,35.0,71.0,0.7888888888888889,16.288888888888888,False,False,boulanger-printemps-mvt1,30,3
90.0,125.99999999999999,bot,14.0,0.0,14.0,71.0,0.7888888888888889,16.288888888888888,True,True,boulanger-printemps-mvt1,30,3
90.0,125.99999999999999,top,509.0,474.0,35.0,71.0,0.7888888888888889,16.288888888888888,False,False,boulanger-printemps-mvt1,30,3
90.0,125.99999999999999,bot,27.0,0.0,27.0,71.0,0.7888888888888889,16.288888888888888,True,True,boulanger-printemps-mvt1,30,3
90.0,125.99999999999999,top,505.0,470.0,35.0,71.0,0.7888888888888889,16.288888888888888,False,False,boulanger-printemps-mvt1,30,3
90.0,125.99999999999999,bot,7.0,0.0,7.0,71.0,0.7888888888888889,16.288888888888888,True,True,boulanger-printemps-mvt1,30,3
90.0,125.99999999999999,top,505.0,470.0,35.0,71.0,0.7888888888888889,16.288888888888888,False,False,boulanger-printemps-mvt1,30,3
90.0,125.99999999999999,bot,20.0,0.0,20.0,71.0,0.7888888888888889,16.288888888888888,True,True,boulanger-printemps-mvt1,30,3
90.0,125.99999999999999,top,464.0,429.0,35.0,71.0,0.7888888888888889,16.288888888888888,False,False,boulanger-printemps-mvt1,30,3
90.0,125.99999999999999,bot,35.0,0.0,35.0,71.0,0.7888888888888889,16.288888888888888,True,True,boulanger-printemps-mvt1,30,3
90.0,125.99999999999999,top,459.0,424.0,35.0,71.0,0.7888888888888889,16.288888888888888,False,False,boulanger-printemps-mvt1,30,3
90.0,125.99999999999999,bot,42.0,6.0,36.0,71.0,0.7888888888888889,16.288888888888888,True,True,boulanger-printemps-mvt1,30,3
84.75,118.64999999999999,top,493.0,473.0,20.0,41.0,0.4837758112094395,18.06489675516224,False,False,boulanger-printemps-mvt1,30,4
84.75,118.64999999999999,bot,22.0,1.0,21.0,41.0,0.4837758112094395,18.06489675516224,True,True,boulanger-printemps-mvt1,30,4
84.75,118.64999999999999,top,489.0,469.0,20.0,41.0,0.4837758112094395,18.06489675516224,False,False,boulanger-printemps-mvt1,30,4
84.75,118.64999999999999,bot,22.0,1.0,21.0,41.0,0.4837758112094395,18.06489675516224,True,True,boulanger-printemps-mvt1,30,4
84.75,118.64999999999999,top,410.0,390.0,20.0,41.0,0.4837758112094395,18.06489675516224,False,False,boulanger-printemps-mvt1,30,4
84.75,118.64999999999999,bot,22.0,1.0,21.0,41.0,0.4837758112094395,18.06489675516224,True,True,boulanger-printemps-mvt1,30,4
84.75,118.64999999999999,top,406.0,386.0,20.0,41.0,0.4837758112094395,18.06489675516224,False,False,boulanger-printemps-mvt1,30,4
84.75,118.64999999999999,bot,22.0,1.0,21.0,41.0,0.4837758112094395,18.06489675516224,True,True,boulanger-printemps-mvt1,30,4
84.75,118.64999999999999,top,406.0,386.0,20.0,41.0,0.4837758112094395,18.06489675516224,False,False,boulanger-printemps-mvt1,30,4
84.75,118.64999999999999,bot,22.0,1.0,21.0,41.0,0.4837758112094395,18.06489675516224,True,True,boulanger-printemps-mvt1,30,4
84.75,118.64999999999999,top,404.0,384.0,20.0,41.0,0.4837758112094395,18.06489675516224,False,False,boulanger-printemps-mvt1,30,4
84.75,118.64999999999999,bot,22.0,1.0,21.0,41.0,0.4837758112094395,18.06489675516224,True,True,boulanger-printemps-mvt1,30,4
95.75,134.04999999999998,top,537.0,499.0,38.0,76.0,0.793733681462141,16.428198433420366,False,False,boulanger-printemps-mvt1,30,5
95.75,134.04999999999998,bot,6.0,0.0,6.0,76.0,0.793733681462141,16.428198433420366,True,True,boulanger-printemps-mvt1,30,5
95.75,134.04999999999998,top,537.0,499.0,38.0,76.0,0.793733681462141,16.428198433420366,False,False,boulanger-printemps-mvt1,30,5
95.75,134.04999999999998,bot,13.0,0.0,13.0,76.0,0.793733681462141,16.428198433420366,True,True,boulanger-printemps-mvt1,30,5
95.75,134.04999999999998,top,537.0,499.0,38.0,76.0,0.793733681462141,16.428198433420366,False,False,boulanger-printemps-mvt1,30,5
95.75,134.04999999999998,bot,29.0,0.0,29.0,76.0,0.793733681462141,16.428198433420366,True,True,boulanger-printemps-mvt1,30,5
95.75,134.04999999999998,top,535.0,497.0,38.0,76.0,0.793733681462141,16.428198433420366,False,False,boulanger-printemps-mvt1,30,5
95.75,134.04999999999998,bot,22.0,0.0,22.0,76.0,0.793733681462141,16.428198433420366,True,True,boulanger-printemps-mvt1,30,5
95.75,134.04999999999998,top,494.0,456.0,38.0,76.0,0.793733681462141,16.428198433420366,False,False,boulanger-printemps-mvt1,30,5
95.75,134.04999999999998,bot,36.0,0.0,36.0,76.0,0.793733681462141,16.428198433420366,True,True,boulanger-printemps-mvt1,30,5
95.75,134.04999999999998,top,489.0,451.0,38.0,76.0,0.793733681462141,16.428198433420366,False,False,boulanger-printemps-mvt1,30,5
95.75,134.04999999999998,bot,43.0,5.0,38.0,76.0,0.793733681462141,16.428198433420366,True,True,boulanger-printemps-mvt1,30,5
72.25,101.14999999999999,top,408.0,380.0,28.0,57.0,0.7889273356401384,16.110726643598618,False,False,boulanger-printemps-mvt1,30,6
72.25,101.14999999999999,bot,10.0,0.0,10.0,57.0,0.7889273356401384,16.110726643598618,True,True,boulanger-printemps-mvt1,30,6
72.25,101.14999999999999,top,408.0,380.0,28.0,57.0,0.7889273356401384,16.110726643598618,False,False,boulanger-printemps-mvt1,30,6
72.25,101.14999999999999,bot,15.0,0.0,15.0,57.0,0.7889273356401384,16.110726643598618,True,True,boulanger-printemps-mvt1,30,6
72.25,101.14999999999999,top,408.0,380.0,28.0,57.0,0.7889273356401384,16.110726643598618,False,False,boulanger-printemps-mvt1,30,6
72.25,101.14999999999999,bot,20.0,0.0,20.0,57.0,0.7889273356401384,16.110726643598618,True,True,boulanger-printemps-mvt1,30,6
72.25,101.14999999999999,top,404.0,376.0,28.0,57.0,0.7889273356401384,16.110726643598618,False,False,boulanger-printemps-mvt1,30,6
72.25,101.14999999999999,bot,6.0,0.0,6.0,57.0,0.7889273356401384,16.110726643598618,True,True,boulanger-printemps-mvt1,30,6
72.25,101.14999999999999,top,371.0,343.0,28.0,57.0,0.7889273356401384,16.110726643598618,False,False,boulanger-printemps-mvt1,30,6
72.25,101.14999999999999,bot,27.0,0.0,27.0,57.0,0.7889273356401384,16.110726643598618,True,True,boulanger-printemps-mvt1,30,6
72.25,101.14999999999999,top,368.0,340.0,28.0,57.0,0.7889273356401384,16.110726643598618,False,False,boulanger-printemps-mvt1,30,6
72.25,101.14999999999999,bot,32.0,3.0,29.0,57.0,0.7889273356401384,16.110726643598618,True,True,boulanger-printemps-mvt1,30,6
72.0,100.8,top,408.0,380.0,28.0,57.0,0.7916666666666666,16.125,False,False,boulanger-printemps-mvt1,30,7
72.0,100.8,bot,5.0,0.0,5.0,57.0,0.7916666666666666,16.125,True,True,boulanger-printemps-mvt1,30,7
72.0,100.8,top,404.0,376.0,28.0,57.0,0.7916666666666666,16.125,False,False,boulanger-printemps-mvt1,30,7
72.0,100.8,bot,8.0,0.0,8.0,57.0,0.7916666666666666,16.125,True,True,boulanger-printemps-mvt1,30,7
72.0,100.8,top,404.0,376.0,28.0,57.0,0.7916666666666666,16.125,False,False,boulanger-printemps-mvt1,30,7
72.0,100.8,bot,13.0,0.0,13.0,57.0,0.7916666666666666,16.125,True,True,boulanger-printemps-mvt1,30,7
72.0,100.8,top,404.0,376.0,28.0,57.0,0.7916666666666666,16.125,False,False,boulanger-printemps-mvt1,30,7
72.0,100.8,bot,19.0,0.0,19.0,57.0,0.7916666666666666,16.125,True,True,boulanger-printemps-mvt1,30,7
72.0,100.8,top,371.0,343.0,28.0,57.0,0.7916666666666666,16.125,False,False,boulanger-printemps-mvt1,30,7
72.0,100.8,bot,26.0,0.0,26.0,57.0,0.7916666666666666,16.125,True,True,boulanger-printemps-mvt1,30,7
72.0,100.8,top,371.0,343.0,28.0,57.0,0.7916666666666666,16.125,False,False,boulanger-printemps-mvt1,30,7
72.0,100.8,bot,31.0,2.0,29.0,57.0,0.7916666666666666,16.125,True,True,boulanger-printemps-mvt1,30,7
66.25,92.75,top,429.0,405.0,24.0,48.0,0.7245283018867924,15.486792452830189,False,False,boulanger-printemps-mvt1,34,0
66.25,92.75,bot,12.0,0.0,12.0,48.0,0.7245283018867924,15.486792452830189,True,True,boulanger-printemps-mvt1,34,0
66.25,92.75,top,426.0,402.0,24.0,48.0,0.7245283018867924,15.486792452830189,False,False,boulanger-printemps-mvt1,34,0
66.25,92.75,bot,7.0,0.0,7.0,48.0,0.7245283018867924,15.486792452830189,True,True,boulanger-printemps-mvt1,34,0
66.25,92.75,top,426.0,402.0,24.0,48.0,0.7245283018867924,15.486792452830189,False,False,boulanger-printemps-mvt1,34,0
66.25,92.75,bot,15.0,0.0,15.0,48.0,0.7245283018867924,15.486792452830189,True,True,boulanger-printemps-mvt1,34,0
66.25,92.75,top,426.0,402.0,24.0,48.0,0.7245283018867924,15.486792452830189,False,False,boulanger-printemps-mvt1,34,0
66.25,92.75,bot,20.0,0.0,20.0,48.0,0.7245283018867924,15.486792452830189,True,True,boulanger-printemps-mvt1,34,0
66.25,92.75,top,396.0,372.0,24.0,48.0,0.7245283018867924,15.486792452830189,False,False,boulanger-printemps-mvt1,34,0
66.25,92.75,bot,28.0,4.0,24.0,48.0,0.7245283018867924,15.486792452830189,True,True,boulanger-printemps-mvt1,34,0
66.25,92.75,top,393.0,369.0,24.0,48.0,0.7245283018867924,15.486792452830189,False,False,boulanger-printemps-mvt1,34,0
66.25,92.75,bot,23.0,0.0,23.0,48.0,0.7245283018867924,15.486792452830189,True,True,boulanger-printemps-mvt1,34,0
100.0,140.0,top,649.0,613.0,36.0,73.0,0.73,15.49,False,False,boulanger-printemps-mvt1,34,1
100.0,140.0,bot,11.0,0.0,11.0,73.0,0.73,15.49,True,True,boulanger-printemps-mvt1,34,1
100.0,140.0,top,649.0,613.0,36.0,73.0,0.73,15.49,False,False,boulanger-printemps-mvt1,34,1
100.0,140.0,bot,30.0,0.0,30.0,73.0,0.73,15.49,True,True,boulanger-printemps-mvt1,34,1
100.0,140.0,top,644.0,608.0,36.0,73.0,0.73,15.49,False,False,boulanger-printemps-mvt1,34,1
100.0,140.0,bot,18.0,0.0,18.0,73.0,0.73,15.49,True,True,boulanger-printemps-mvt1,34,1
100.0,140.0,top,644.0,608.0,36.0,73.0,0.73,15.49,False,False,boulanger-printemps-mvt1,34,1
100.0,140.0,bot,23.0,0.0,23.0,73.0,0.73,15.49,True,True,boulanger-printemps-mvt1,34,1
100.0,140.0,top,599.0,563.0,36.0,73.0,0.73,15.49,False,False,boulanger-printemps-mvt1,34,1
100.0,140.0,bot,35.0,0.0,35.0,73.0,0.73,15.49,True,True,boulanger-printemps-mvt1,34,1
100.0,140.0,top,594.0,558.0,36.0,73.0,0.73,15.49,False,False,boulanger-printemps-mvt1,34,1
100.0,140.0,bot,42.0,5.0,37.0,73.0,0.73,15.49,True,True,boulanger-printemps-mvt1,34,1
90.0,125.99999999999999,top,585.0,552.0,33.0,67.0,0.7444444444444445,16.288888888888888,False,False,boulanger-printemps-mvt1,34,2
90.0,125.99999999999999,bot,20.0,0.0,20.0,67.0,0.7444444444444445,16.288888888888888,True,True,boulanger-printemps-mvt1,34,2
90.0,125.99999999999999,top,581.0,548.0,33.0,67.0,0.7444444444444445,16.288888888888888,False,False,boulanger-printemps-mvt1,34,2
90.0,125.99999999999999,bot,9.0,0.0,9.0,67.0,0.7444444444444445,16.288888888888888,True,True,boulanger-printemps-mvt1,34,2
90.0,125.99999999999999,top,581.0,548.0,33.0,67.0,0.7444444444444445,16.288888888888888,False,False,boulanger-printemps-mvt1,34,2
90.0,125.99999999999999,bot,14.0,0.0,14.0,67.0,0.7444444444444445,16.288888888888888,True,True,boulanger-printemps-mvt1,34,2
90.0,125.99999999999999,top,581.0,548.0,33.0,67.0,0.7444444444444445,16.288888888888888,False,False,boulanger-printemps-mvt1,34,2
90.0,125.99999999999999,bot,27.0,0.0,27.0,67.0,0.7444444444444445,16.288888888888888,True,True,boulanger-printemps-mvt1,34,2
90.0,125.99999999999999,top,535.0,502.0,33.0,67.0,0.7444444444444445,16.288888888888888,False,False,boulanger-printemps-mvt1,34,2
90.0,125.99999999999999,bot,31.0,0.0,31.0,67.0,0.7444444444444445,16.288888888888888,True,True,boulanger-printemps-mvt1,34,2
90.0,125.99999999999999,top,535.0,502.0,33.0,67.0,0.7444444444444445,16.288888888888888,False,False,boulanger-printemps-mvt1,34,2
90.0,125.99999999999999,bot,38.0,4.0,34.0,67.0,0.7444444444444445,16.288888888888888,True,True,boulanger-printemps-mvt1,34,2
90.0,125.99999999999999,top,586.0,552.0,34.0,68.0,0.7555555555555555,16.288888888888888,False,False,boulanger-printemps-mvt1,34,3
90.0,125.99999999999999,bot,13.0,0.0,13.0,68.0,0.7555555555555555,16.288888888888888,True,True,boulanger-printemps-mvt1,34,3
90.0,125.99999999999999,top,586.0,552.0,34.0,68.0,0.7555555555555555,16.288888888888888,False,False,boulanger-printemps-mvt1,34,3
90.0,125.99999999999999,bot,26.0,0.0,26.0,68.0,0.7555555555555555,16.288888888888888,True,True,boulanger-printemps-mvt1,34,3
90.0,125.99999999999999,top,581.0,547.0,34.0,68.0,0.7555555555555555,16.288888888888888,False,False,boulanger-printemps-mvt1,34,3
90.0,125.99999999999999,bot,9.0,0.0,9.0,68.0,0.7555555555555555,16.288888888888888,True,True,boulanger-printemps-mvt1,34,3
90.0,125.99999999999999,top,581.0,547.0,34.0,68.0,0.7555555555555555,16.288888888888888,False,False,boulanger-printemps-mvt1,34,3
90.0,125.99999999999999,bot,19.0,0.0,19.0,68.0,0.7555555555555555,16.288888888888888,True,True,boulanger-printemps-mvt1,34,3
90.0,125.99999999999999,top,540.0,506.0,34.0,68.0,0.7555555555555555,16.288888888888888,False,False,boulanger-printemps-mvt1,34,3
90.0,125.99999999999999,bot,30.0,0.0,30.0,68.0,0.7555555555555555,16.288888888888888,True,True,boulanger-printemps-mvt1,34,3
90.0,125.99999999999999,top,536.0,502.0,34.0,68.0,0.7555555555555555,16.288888888888888,False,False,boulanger-printemps-mvt1,34,3
90.0,125.99999999999999,bot,37.0,3.0,34.0,68.0,0.7555555555555555,16.288888888888888,True,True,boulanger-printemps-mvt1,34,3
84.75,118.64999999999999,top,520.0,500.0,20.0,41.0,0.4837758112094395,11.693215339233038,False,False,boulanger-printemps-mvt1,34,4
84.75,118.64999999999999,bot,24.0,3.0,21.0,41.0,0.4837758112094395,11.693215339233038,True,True,boulanger-printemps-mvt1,34,4
84.75,118.64999999999999,top,516.0,496.0,20.0,41.0,0.4837758112094395,11.693215339233038,False,False,boulanger-printemps-mvt1,34,4
84.75,118.64999999999999,bot,22.0,1.0,21.0,41.0,0.4837758112094395,11.693215339233038,True,True,boulanger-printemps-mvt1,34,4
84.75,118.64999999999999,top,434.0,414.0,20.0,41.0,0.4837758112094395,11.693215339233038,False,False,boulanger-printemps-mvt1,34,4
84.75,118.64999999999999,bot,24.0,3.0,21.0,41.0,0.4837758112094395,11.693215339233038,True,True,boulanger-printemps-mvt1,34,4
84.75,118.64999999999999,top,434.0,414.0,20.0,41.0,0.4837758112094395,11.693215339233038,False,False,boulanger-printemps-mvt1,34,4
84.75,118.64999999999999,bot,22.0,1.0,21.0,41.0,0.4837758112094395,11.693215339233038,True,True,boulanger-printemps-mvt1,34,4
84.75,118.64999999999999,top,430.0,410.0,20.0,41.0,0.4837758112094395,3.3156342182890857,False,False,boulanger-printemps-mvt1,34,4
84.75,118.64999999999999,bot,24.0,3.0,21.0,41.0,0.4837758112094395,3.3156342182890857,True,True,boulanger-printemps-mvt1,34,4
84.75,118.64999999999999,top,430.0,410.0,20.0,41.0,0.4837758112094395,3.3156342182890857,False,False,boulanger-printemps-mvt1,34,4
84.75,118.64999999999999,bot,24.0,3.0,21.0,41.0,0.4837758112094395,3.3156342182890857,True,True,boulanger-printemps-mvt1,34,4
95.75,134.04999999999998,top,623.0,588.0,35.0,71.0,0.741514360313316,16.449086161879894,False,False,boulanger-printemps-mvt1,34,5
95.75,134.04999999999998,bot,27.0,0.0,27.0,71.0,0.741514360313316,16.449086161879894,True,True,boulanger-printemps-mvt1,34,5
95.75,134.04999999999998,top,618.0,583.0,35.0,71.0,0.741514360313316,16.449086161879894,False,False,boulanger-printemps-mvt1,34,5
95.75,134.04999999999998,bot,8.0,0.0,8.0,71.0,0.741514360313316,16.449086161879894,True,True,boulanger-printemps-mvt1,34,5
95.75,134.04999999999998,top,618.0,583.0,35.0,71.0,0.741514360313316,16.449086161879894,False,False,boulanger-printemps-mvt1,34,5
95.75,134.04999999999998,bot,13.0,0.0,13.0,71.0,0.741514360313316,16.449086161879894,True,True,boulanger-printemps-mvt1,34,5
95.75,134.04999999999998,top,618.0,583.0,35.0,71.0,0.741514360313316,16.449086161879894,False,False,boulanger-printemps-mvt1,34,5
95.75,134.04999999999998,bot,22.0,0.0,22.0,71.0,0.741514360313316,16.449086161879894,True,True,boulanger-printemps-mvt1,34,5
95.75,134.04999999999998,top,574.0,539.0,35.0,71.0,0.741514360313316,16.449086161879894,False,False,boulanger-printemps-mvt1,34,5
95.75,134.04999999999998,bot,31.0,0.0,31.0,71.0,0.741514360313316,16.449086161879894,True,True,boulanger-printemps-mvt1,34,5
95.75,134.04999999999998,top,570.0,535.0,35.0,71.0,0.741514360313316,16.449086161879894,False,False,boulanger-printemps-mvt1,34,5
95.75,134.04999999999998,bot,38.0,2.0,36.0,71.0,0.741514360313316,16.449086161879894,True,True,boulanger-printemps-mvt1,34,5
72.25,101.14999999999999,top,372.0,343.0,29.0,58.0,0.8027681660899654,16.110726643598618,False,False,boulanger-printemps-mvt1,34,6
72.25,101.14999999999999,bot,9.0,0.0,9.0,58.0,0.8027681660899654,16.110726643598618,True,True,boulanger-printemps-mvt1,34,6
72.25,101.14999999999999,top,372.0,343.0,29.0,58.0,0.8027681660899654,16.110726643598618,False,False,boulanger-printemps-mvt1,34,6
72.25,101.14999999999999,bot,14.0,0.0,14.0,58.0,0.8027681660899654,16.110726643598618,True,True,boulanger-printemps-mvt1,34,6
72.25,101.14999999999999,top,372.0,343.0,29.0,58.0,0.8027681660899654,16.110726643598618,False,False,boulanger-printemps-mvt1,34,6
72.25,101.14999999999999,bot,19.0,0.0,19.0,58.0,0.8027681660899654,16.110726643598618,True,True,boulanger-printemps-mvt1,34,6
72.25,101.14999999999999,top,368.0,339.0,29.0,58.0,0.8027681660899654,16.110726643598618,False,False,boulanger-printemps-mvt1,34,6
72.25,101.14999999999999,bot,5.0,0.0,5.0,58.0,0.8027681660899654,16.110726643598618,True,True,boulanger-printemps-mvt1,34,6
72.25,101.14999999999999,top,335.0,306.0,29.0,58.0,0.8027681660899654,16.110726643598618,False,False,boulanger-printemps-mvt1,34,6
72.25,101.14999999999999,bot,28.0,0.0,28.0,58.0,0.8027681660899654,16.110726643598618,True,True,boulanger-printemps-mvt1,34,6
72.25,101.14999999999999,top,332.0,303.0,29.0,58.0,0.8027681660899654,16.110726643598618,False,False,boulanger-printemps-mvt1,34,6
72.25,101.14999999999999,bot,33.0,4.0,29.0,58.0,0.8027681660899654,16.110726643598618,True,True,boulanger-printemps-mvt1,34,6
72.0,100.8,top,371.0,343.0,28.0,57.0,0.7916666666666666,16.125,False,False,boulanger-printemps-mvt1,34,7
72.0,100.8,bot,5.0,0.0,5.0,57.0,0.7916666666666666,16.125,True,True,boulanger-printemps-mvt1,34,7
72.0,100.8,top,368.0,340.0,28.0,57.0,0.7916666666666666,16.125,False,False,boulanger-printemps-mvt1,34,7
72.0,100.8,bot,8.0,0.0,8.0,57.0,0.7916666666666666,16.125,True,True,boulanger-printemps-mvt1,34,7
72.0,100.8,top,368.0,340.0,28.0,57.0,0.7916666666666666,16.125,False,False,boulanger-printemps-mvt1,34,7
72.0,100.8,bot,14.0,0.0,14.0,57.0,0.7916666666666666,16.125,True,True,boulanger-printemps-mvt1,34,7
72.0,100.8,top,368.0,340.0,28.0,57.0,0.7916666666666666,16.125,False,False,boulanger-printemps-mvt1,34,7
72.0,100.8,bot,19.0,0.0,19.0,57.0,0.7916666666666666,16.125,True,True,boulanger-printemps-mvt1,34,7
72.0,100.8,top,335.0,307.0,28.0,57.0,0.7916666666666666,16.125,False,False,boulanger-printemps-mvt1,34,7
72.0,100.8,bot,27.0,0.0,27.0,57.0,0.7916666666666666,16.125,True,True,boulanger-printemps-mvt1,34,7
72.0,100.8,top,335.0,307.0,28.0,57.0,0.7916666666666666,16.125,False,False,boulanger-printemps-mvt1,34,7
72.0,100.8,bot,33.0,4.0,29.0,57.0,0.7916666666666666,16.125,True,True,boulanger-printemps-mvt1,34,7
71.75,100.44999999999999,top,165.0,140.0,25.0,51.0,0.710801393728223,16.069686411149824,False,False,boulanger-printemps-mvt1,35,6
71.75,100.44999999999999,bot,6.0,0.0,6.0,51.0,0.710801393728223,16.069686411149824,True,True,boulanger-printemps-mvt1,35,6
71.75,100.44999999999999,top,165.0,140.0,25.0,51.0,0.710801393728223,16.069686411149824,False,False,boulanger-printemps-mvt1,35,6
71.75,100.44999999999999,bot,9.0,0.0,9.0,51.0,0.710801393728223,16.069686411149824,True,True,boulanger-printemps-mvt1,35,6
71.75,100.44999999999999,top,165.0,140.0,25.0,51.0,0.710801393728223,16.069686411149824,False,False,boulanger-printemps-mvt1,35,6
71.75,100.44999999999999,bot,15.0,0.0,15.0,51.0,0.710801393728223,16.069686411149824,True,True,boulanger-printemps-mvt1,35,6
71.75,100.44999999999999,top,165.0,140.0,25.0,51.0,0.710801393728223,16.069686411149824,False,False,boulanger-printemps-mvt1,35,6
71.75,100.44999999999999,bot,20.0,0.0,20.0,51.0,0.710801393728223,16.069686411149824,True,True,boulanger-printemps-mvt1,35,6
71.75,100.44999999999999,top,165.0,140.0,25.0,51.0,0.710801393728223,16.069686411149824,False,False,boulanger-printemps-mvt1,35,6
71.75,100.44999999999999,bot,29.0,3.0,26.0,51.0,0.710801393728223,16.069686411149824,True,True,boulanger-printemps-mvt1,35,6
71.75,100.44999999999999,top,165.0,140.0,25.0,51.0,0.710801393728223,16.069686411149824,False,False,boulanger-printemps-mvt1,35,6
71.75,100.44999999999999,bot,34.0,8.0,26.0,51.0,0.710801393728223,16.069686411149824,True,True,boulanger-printemps-mvt1,35,6
71.5,100.1,top,165.0,140.0,25.0,51.0,0.7132867132867133,16.111888111888113,False,False,boulanger-printemps-mvt1,35,7
71.5,100.1,bot,6.0,0.0,6.0,51.0,0.7132867132867133,16.111888111888113,True,True,boulanger-printemps-mvt1,35,7
71.5,100.1,top,165.0,140.0,25.0,51.0,0.7132867132867133,16.111888111888113,False,False,boulanger-printemps-mvt1,35,7
71.5,100.1,bot,10.0,0.0,10.0,51.0,0.7132867132867133,16.111888111888113,True,True,boulanger-printemps-mvt1,35,7
71.5,100.1,top,165.0,140.0,25.0,51.0,0.7132867132867133,16.111888111888113,False,False,boulanger-printemps-mvt1,35,7
71.5,100.1,bot,15.0,0.0,15.0,51.0,0.7132867132867133,16.111888111888113,True,True,boulanger-printemps-mvt1,35,7
71.5,100.1,top,165.0,140.0,25.0,51.0,0.7132867132867133,16.111888111888113,False,False,boulanger-printemps-mvt1,35,7
71.5,100.1,bot,20.0,0.0,20.0,51.0,0.7132867132867133,16.111888111888113,True,True,boulanger-printemps-mvt1,35,7
71.5,100.1,top,165.0,140.0,25.0,51.0,0.7132867132867133,16.111888111888113,False,False,boulanger-printemps-mvt1,35,7
71.5,100.1,bot,29.0,3.0,26.0,51.0,0.7132867132867133,16.111888111888113,True,True,boulanger-printemps-mvt1,35,7
71.5,100.1,top,165.0,140.0,25.0,51.0,0.7132867132867133,16.111888111888113,False,False,boulanger-printemps-mvt1,35,7
71.5,100.1,bot,34.0,8.0,26.0,51.0,0.7132867132867133,16.111888111888113,True,True,boulanger-printemps-mvt1,35,7
66.25,92.75,top,340.0,315.0,25.0,51.0,0.769811320754717,15.486792452830189,False,False,boulanger-printemps-mvt1,37,0
66.25,92.75,bot,11.0,0.0,11.0,51.0,0.769811320754717,15.486792452830189,True,True,boulanger-printemps-mvt1,37,0
66.25,92.75,top,337.0,312.0,25.0,51.0,0.769811320754717,15.486792452830189,False,False,boulanger-printemps-mvt1,37,0
66.25,92.75,bot,5.0,0.0,5.0,51.0,0.769811320754717,15.486792452830189,True,True,boulanger-printemps-mvt1,37,0
66.25,92.75,top,337.0,312.0,25.0,51.0,0.769811320754717,15.486792452830189,False,False,boulanger-printemps-mvt1,37,0
66.25,92.75,bot,16.0,0.0,16.0,51.0,0.769811320754717,15.486792452830189,True,True,boulanger-printemps-mvt1,37,0
66.25,92.75,top,337.0,312.0,25.0,51.0,0.769811320754717,15.486792452830189,False,False,boulanger-printemps-mvt1,37,0
66.25,92.75,bot,21.0,0.0,21.0,51.0,0.769811320754717,15.486792452830189,True,True,boulanger-printemps-mvt1,37,0
66.25,92.75,top,308.0,283.0,25.0,51.0,0.769811320754717,15.486792452830189,False,False,boulanger-printemps-mvt1,37,0
66.25,92.75,bot,30.0,4.0,26.0,51.0,0.769811320754717,15.486792452830189,True,True,boulanger-printemps-mvt1,37,0
66.25,92.75,top,305.0,280.0,25.0,51.0,0.769811320754717,15.486792452830189,False,False,boulanger-printemps-mvt1,37,0
66.25,92.75,bot,25.0,0.0,25.0,51.0,0.769811320754717,15.486792452830189,True,True,boulanger-printemps-mvt1,37,0
100.0,140.0,top,515.0,477.0,38.0,77.0,0.77,15.49,False,False,boulanger-printemps-mvt1,37,1
100.0,140.0,bot,6.0,0.0,6.0,77.0,0.77,15.49,True,True,boulanger-printemps-mvt1,37,1
100.0,140.0,top,515.0,477.0,38.0,77.0,0.77,15.49,False,False,boulanger-printemps-mvt1,37,1
100.0,140.0,bot,30.0,0.0,30.0,77.0,0.77,15.49,True,True,boulanger-printemps-mvt1,37,1
100.0,140.0,top,510.0,472.0,38.0,77.0,0.77,15.49,False,False,boulanger-printemps-mvt1,37,1
100.0,140.0,bot,16.0,0.0,16.0,77.0,0.77,15.49,True,True,boulanger-printemps-mvt1,37,1
100.0,140.0,top,510.0,472.0,38.0,77.0,0.77,15.49,False,False,boulanger-printemps-mvt1,37,1
100.0,140.0,bot,23.0,0.0,23.0,77.0,0.77,15.49,True,True,boulanger-printemps-mvt1,37,1
100.0,140.0,top,466.0,428.0,38.0,77.0,0.77,15.49,False,False,boulanger-printemps-mvt1,37,1
100.0,140.0,bot,37.0,0.0,37.0,77.0,0.77,15.49,True,True,boulanger-printemps-mvt1,37,1
100.0,140.0,top,462.0,424.0,38.0,77.0,0.77,15.49,False,False,boulanger-printemps-mvt1,37,1
100.0,140.0,bot,44.0,5.0,39.0,77.0,0.77,15.49,True,True,boulanger-printemps-mvt1,37,1
90.0,125.99999999999999,top,464.0,429.0,35.0,71.0,0.7888888888888889,16.288888888888888,False,False,boulanger-printemps-mvt1,37,2
90.0,125.99999999999999,bot,18.0,0.0,18.0,71.0,0.7888888888888889,16.288888888888888,True,True,boulanger-printemps-mvt1,37,2
90.0,125.99999999999999,top,460.0,425.0,35.0,71.0,0.7888888888888889,16.288888888888888,False,False,boulanger-printemps-mvt1,37,2
90.0,125.99999999999999,bot,5.0,0.0,5.0,71.0,0.7888888888888889,16.288888888888888,True,True,boulanger-printemps-mvt1,37,2
90.0,125.99999999999999,top,460.0,425.0,35.0,71.0,0.7888888888888889,16.288888888888888,False,False,boulanger-printemps-mvt1,37,2
90.0,125.99999999999999,bot,11.0,0.0,11.0,71.0,0.7888888888888889,16.288888888888888,True,True,boulanger-printemps-mvt1,37,2
90.0,125.99999999999999,top,460.0,425.0,35.0,71.0,0.7888888888888889,16.288888888888888,False,False,boulanger-printemps-mvt1,37,2
90.0,125.99999999999999,bot,27.0,0.0,27.0,71.0,0.7888888888888889,16.288888888888888,True,True,boulanger-printemps-mvt1,37,2
90.0,125.99999999999999,top,416.0,381.0,35.0,71.0,0.7888888888888889,16.288888888888888,False,False,boulanger-printemps-mvt1,37,2
90.0,125.99999999999999,bot,33.0,0.0,33.0,71.0,0.7888888888888889,16.288888888888888,True,True,boulanger-printemps-mvt1,37,2
90.0,125.99999999999999,top,416.0,381.0,35.0,71.0,0.7888888888888889,16.288888888888888,False,False,boulanger-printemps-mvt1,37,2
90.0,125.99999999999999,bot,40.0,4.0,36.0,71.0,0.7888888888888889,16.288888888888888,True,True,boulanger-printemps-mvt1,37,2
90.0,125.99999999999999,top,464.0,428.0,36.0,72.0,0.8,16.288888888888888,False,False,boulanger-printemps-mvt1,37,3
90.0,125.99999999999999,bot,26.0,0.0,26.0,72.0,0.8,16.288888888888888,True,True,boulanger-printemps-mvt1,37,3
90.0,125.99999999999999,top,460.0,424.0,36.0,72.0,0.8,16.288888888888888,False,False,boulanger-printemps-mvt1,37,3
90.0,125.99999999999999,bot,4.0,0.0,4.0,72.0,0.8,16.288888888888888,True,True,boulanger-printemps-mvt1,37,3
90.0,125.99999999999999,top,460.0,424.0,36.0,72.0,0.8,16.288888888888888,False,False,boulanger-printemps-mvt1,37,3
90.0,125.99999999999999,bot,11.0,0.0,11.0,72.0,0.8,16.288888888888888,True,True,boulanger-printemps-mvt1,37,3
90.0,125.99999999999999,top,460.0,424.0,36.0,72.0,0.8,16.288888888888888,False,False,boulanger-printemps-mvt1,37,3
90.0,125.99999999999999,bot,17.0,0.0,17.0,72.0,0.8,16.288888888888888,True,True,boulanger-printemps-mvt1,37,3
90.0,125.99999999999999,top,421.0,385.0,36.0,72.0,0.8,16.288888888888888,False,False,boulanger-printemps-mvt1,37,3
90.0,125.99999999999999,bot,32.0,0.0,32.0,72.0,0.8,16.288888888888888,True,True,boulanger-printemps-mvt1,37,3
90.0,125.99999999999999,top,417.0,381.0,36.0,72.0,0.8,16.288888888888888,False,False,boulanger-printemps-mvt1,37,3
90.0,125.99999999999999,bot,39.0,3.0,36.0,72.0,0.8,16.288888888888888,True,True,boulanger-printemps-mvt1,37,3
84.75,118.64999999999999,top,450.0,430.0,20.0,41.0,0.4837758112094395,18.06489675516224,False,False,boulanger-printemps-mvt1,37,4
84.75,118.64999999999999,bot,24.0,3.0,21.0,41.0,0.4837758112094395,18.06489675516224,True,True,boulanger-printemps-mvt1,37,4
84.75,118.64999999999999,top,446.0,426.0,20.0,41.0,0.4837758112094395,18.06489675516224,False,False,boulanger-printemps-mvt1,37,4
84.75,118.64999999999999,bot,22.0,1.0,21.0,41.0,0.4837758112094395,18.06489675516224,True,True,boulanger-printemps-mvt1,37,4
84.75,118.64999999999999,top,365.0,345.0,20.0,41.0,0.4837758112094395,18.06489675516224,False,False,boulanger-printemps-mvt1,37,4
84.75,118.64999999999999,bot,22.0,1.0,21.0,41.0,0.4837758112094395,18.06489675516224,True,True,boulanger-printemps-mvt1,37,4
84.75,118.64999999999999,top,361.0,341.0,20.0,41.0,0.4837758112094395,18.06489675516224,False,False,boulanger-printemps-mvt1,37,4
84.75,118.64999999999999,bot,24.0,3.0,21.0,41.0,0.4837758112094395,18.06489675516224,True,True,boulanger-printemps-mvt1,37,4
84.75,118.64999999999999,top,361.0,341.0,20.0,41.0,0.4837758112094395,18.06489675516224,False,False,boulanger-printemps-mvt1,37,4
84.75,118.64999999999999,bot,22.0,1.0,21.0,41.0,0.4837758112094395,18.06489675516224,True,True,boulanger-printemps-mvt1,37,4
84.75,118.64999999999999,top,361.0,341.0,20.0,41.0,0.4837758112094395,18.06489675516224,False,False,boulanger-printemps-mvt1,37,4
84.75,118.64999999999999,bot,22.0,1.0,21.0,41.0,0.4837758112094395,18.06489675516224,True,True,boulanger-printemps-mvt1,37,4
95.75,134.04999999999998,top,489.0,451.0,38.0,76.0,0.793733681462141,16.449086161879894,False,False,boulanger-printemps-mvt1,37,5
95.75,134.04999999999998,bot,4.0,0.0,4.0,76.0,0.793733681462141,16.449086161879894,True,True,boulanger-printemps-mvt1,37,5
95.75,134.04999999999998,top,489.0,451.0,38.0,76.0,0.793733681462141,16.449086161879894,False,False,boulanger-printemps-mvt1,37,5
95.75,134.04999999999998,bot,11.0,0.0,11.0,76.0,0.793733681462141,16.449086161879894,True,True,boulanger-printemps-mvt1,37,5
95.75,134.04999999999998,top,489.0,451.0,38.0,76.0,0.793733681462141,16.449086161879894,False,False,boulanger-printemps-mvt1,37,5
95.75,134.04999999999998,bot,20.0,0.0,20.0,76.0,0.793733681462141,16.449086161879894,True,True,boulanger-printemps-mvt1,37,5
95.75,134.04999999999998,top,489.0,451.0,38.0,76.0,0.793733681462141,16.449086161879894,False,False,boulanger-printemps-mvt1,37,5
95.75,134.04999999999998,bot,27.0,0.0,27.0,76.0,0.793733681462141,16.449086161879894,True,True,boulanger-printemps-mvt1,37,5
95.75,134.04999999999998,top,443.0,405.0,38.0,76.0,0.793733681462141,16.449086161879894,False,False,boulanger-printemps-mvt1,37,5
95.75,134.04999999999998,bot,34.0,0.0,34.0,76.0,0.793733681462141,16.449086161879894,True,True,boulanger-printemps-mvt1,37,5
95.75,134.04999999999998,top,443.0,405.0,38.0,76.0,0.793733681462141,16.449086161879894,False,False,boulanger-printemps-mvt1,37,5
95.75,134.04999999999998,bot,41.0,3.0,38.0,76.0,0.793733681462141,16.449086161879894,True,True,boulanger-printemps-mvt1,37,5
72.25,101.14999999999999,top,362.0,335.0,27.0,54.0,0.7474048442906575,16.110726643598618,False,False,boulanger-printemps-mvt1,37,6
72.25,101.14999999999999,bot,10.0,0.0,10.0,54.0,0.7474048442906575,16.110726643598618,True,True,boulanger-printemps-mvt1,37,6
72.25,101.14999999999999,top,362.0,335.0,27.0,54.0,0.7474048442906575,16.110726643598618,False,False,boulanger-printemps-mvt1,37,6
72.25,101.14999999999999,bot,16.0,0.0,16.0,54.0,0.7474048442906575,16.110726643598618,True,True,boulanger-printemps-mvt1,37,6
72.25,101.14999999999999,top,358.0,331.0,27.0,54.0,0.7474048442906575,16.110726643598618,False,False,boulanger-printemps-mvt1,37,6
72.25,101.14999999999999,bot,7.0,0.0,7.0,54.0,0.7474048442906575,16.110726643598618,True,True,boulanger-printemps-mvt1,37,6
72.25,101.14999999999999,top,358.0,331.0,27.0,54.0,0.7474048442906575,16.110726643598618,False,False,boulanger-printemps-mvt1,37,6
72.25,101.14999999999999,bot,19.0,0.0,19.0,54.0,0.7474048442906575,16.110726643598618,True,True,boulanger-printemps-mvt1,37,6
72.25,101.14999999999999,top,322.0,295.0,27.0,54.0,0.7474048442906575,16.110726643598618,False,False,boulanger-printemps-mvt1,37,6
72.25,101.14999999999999,bot,26.0,0.0,26.0,54.0,0.7474048442906575,16.110726643598618,True,True,boulanger-printemps-mvt1,37,6
72.25,101.14999999999999,top,322.0,295.0,27.0,54.0,0.7474048442906575,16.110726643598618,False,False,boulanger-printemps-mvt1,37,6
72.25,101.14999999999999,bot,30.0,3.0,27.0,54.0,0.7474048442906575,16.110726643598618,True,True,boulanger-printemps-mvt1,37,6
72.0,100.8,top,361.0,335.0,26.0,53.0,0.7361111111111112,16.125,False,False,boulanger-printemps-mvt1,37,7
72.0,100.8,bot,7.0,0.0,7.0,53.0,0.7361111111111112,16.125,True,True,boulanger-printemps-mvt1,37,7
72.0,100.8,top,357.0,331.0,26.0,53.0,0.7361111111111112,16.125,False,False,boulanger-printemps-mvt1,37,7
72.0,100.8,bot,10.0,0.0,10.0,53.0,0.7361111111111112,16.125,True,True,boulanger-printemps-mvt1,37,7
72.0,100.8,top,357.0,331.0,26.0,53.0,0.7361111111111112,16.125,False,False,boulanger-printemps-mvt1,37,7
72.0,100.8,bot,15.0,0.0,15.0,53.0,0.7361111111111112,16.125,True,True,boulanger-printemps-mvt1,37,7
72.0,100.8,top,357.0,331.0,26.0,53.0,0.7361111111111112,16.125,False,False,boulanger-printemps-mvt1,37,7
72.0,100.8,bot,19.0,0.0,19.0,53.0,0.7361111111111112,16.125,True,True,boulanger-printemps-mvt1,37,7
72.0,100.8,top,324.0,298.0,26.0,53.0,0.7361111111111112,16.125,False,False,boulanger-printemps-mvt1,37,7
72.0,100.8,bot,26.0,0.0,26.0,53.0,0.7361111111111112,16.125,True,True,boulanger-printemps-mvt1,37,7
72.0,100.8,top,324.0,298.0,26.0,53.0,0.7361111111111112,16.125,False,False,boulanger-printemps-mvt1,37,7
72.0,100.8,bot,29.0,2.0,27.0,53.0,0.7361111111111112,16.125,True,True,boulanger-printemps-mvt1,37,7
90.0,125.99999999999999,top,38.0,10.0,28.0,56.0,0.6222222222222222,5.033333333333333,True,True,boulanger-printemps-mvt1,43,2
90.0,125.99999999999999,bot,283.0,255.0,28.0,56.0,0.6222222222222222,5.033333333333333,False,False,boulanger-printemps-mvt1,43,2
90.0,125.99999999999999,top,6.0,0.0,6.0,56.0,0.6222222222222222,5.033333333333333,True,True,boulanger-printemps-mvt1,43,2
90.0,125.99999999999999,bot,327.0,299.0,28.0,56.0,0.6222222222222222,5.033333333333333,False,False,boulanger-printemps-mvt1,43,2
90.0,125.99999999999999,top,37.0,9.0,28.0,57.0,0.6333333333333333,5.011111111111111,True,True,boulanger-printemps-mvt1,43,3
90.0,125.99999999999999,bot,284.0,255.0,29.0,57.0,0.6333333333333333,5.011111111111111,False,False,boulanger-printemps-mvt1,43,3
90.0,125.99999999999999,top,5.0,0.0,5.0,57.0,0.6333333333333333,5.011111111111111,True,True,boulanger-printemps-mvt1,43,3
90.0,125.99999999999999,bot,331.0,302.0,29.0,57.0,0.6333333333333333,5.011111111111111,False,False,boulanger-printemps-mvt1,43,3
84.75,118.64999999999999,top,40.0,25.0,15.0,29.0,0.3421828908554572,7.6342182890855455,True,True,boulanger-printemps-mvt1,43,4
84.75,118.64999999999999,bot,349.0,334.0,15.0,29.0,0.3421828908554572,7.6342182890855455,False,False,boulanger-printemps-mvt1,43,4
84.75,118.64999999999999,top,54.0,15.0,39.0,78.0,0.9203539823008849,6.4188790560471976,True,True,boulanger-printemps-mvt1,43,4
84.75,118.64999999999999,bot,255.0,216.0,39.0,78.0,0.9203539823008849,6.4188790560471976,False,False,boulanger-printemps-mvt1,43,4
84.75,118.64999999999999,top,121.0,82.0,39.0,78.0,0.9203539823008849,6.3952802359882,False,True,boulanger-printemps-mvt1,43,4
84.75,118.64999999999999,bot,188.0,149.0,39.0,78.0,0.9203539823008849,6.3952802359882,False,False,boulanger-printemps-mvt1,43,4
84.75,118.64999999999999,top,62.0,47.0,15.0,29.0,0.3421828908554572,7.6342182890855455,True,True,boulanger-printemps-mvt1,43,4
84.75,118.64999999999999,bot,392.0,377.0,15.0,29.0,0.3421828908554572,7.6342182890855455,False,False,boulanger-printemps-mvt1,43,4
84.75,118.64999999999999,top,32.0,0.0,32.0,78.0,0.9203539823008849,6.4188790560471976,True,True,boulanger-printemps-mvt1,43,4
84.75,118.64999999999999,bot,298.0,259.0,39.0,78.0,0.9203539823008849,6.4188790560471976,False,False,boulanger-printemps-mvt1,43,4
84.75,118.64999999999999,top,99.0,60.0,39.0,78.0,0.9203539823008849,6.3952802359882,True,True,boulanger-printemps-mvt1,43,4
84.75,118.64999999999999,bot,231.0,192.0,39.0,78.0,0.9203539823008849,6.3952802359882,False,False,boulanger-printemps-mvt1,43,4
84.75,118.64999999999999,top,85.0,70.0,15.0,29.0,0.3421828908554572,7.6342182890855455,True,True,boulanger-printemps-mvt1,43,4
84.75,118.64999999999999,bot,435.0,420.0,15.0,29.0,0.3421828908554572,7.6342182890855455,False,False,boulanger-printemps-mvt1,43,4
84.75,118.64999999999999,top,9.0,0.0,9.0,78.0,0.9203539823008849,6.4188790560471976,True,True,boulanger-printemps-mvt1,43,4
84.75,118.64999999999999,bot,341.0,302.0,39.0,78.0,0.9203539823008849,6.4188790560471976,False,False,boulanger-printemps-mvt1,43,4
84.75,118.64999999999999,top,76.0,37.0,39.0,78.0,0.9203539823008849,6.3952802359882,True,True,boulanger-printemps-mvt1,43,4
84.75,118.64999999999999,bot,274.0,235.0,39.0,78.0,0.9203539823008849,6.3952802359882,False,False,boulanger-printemps-mvt1,43,4
84.75,118.64999999999999,top,13.0,0.0,13.0,78.0,0.9203539823008849,6.4188790560471976,True,True,boulanger-printemps-mvt1,43,4
84.75,118.64999999999999,bot,384.0,345.0,39.0,78.0,0.9203539823008849,6.4188790560471976,False,False,boulanger-printemps-mvt1,43,4
84.75,118.64999999999999,top,54.0,15.0,39.0,78.0,0.9203539823008849,6.3952802359882,True,True,boulanger-printemps-mvt1,43,4
84.75,118.64999999999999,bot,317.0,278.0,39.0,78.0,0.9203539823008849,6.3952802359882,False,False,boulanger-printemps-mvt1,43,4
84.75,118.64999999999999,top,277.0,261.0,16.0,33.0,0.3893805309734513,2.24188790560472,False,False,boulanger-printemps-mvt1,43,4
84.75,118.64999999999999,bot,81.0,64.0,17.0,33.0,0.3893805309734513,2.24188790560472,True,True,boulanger-printemps-mvt1,43,4
84.75,118.64999999999999,top,364.0,331.0,33.0,67.0,0.7905604719764012,5.43952802359882,False,False,boulanger-printemps-mvt1,43,4
84.75,118.64999999999999,bot,6.0,0.0,6.0,67.0,0.7905604719764012,5.43952802359882,True,True,boulanger-printemps-mvt1,43,4
84.75,118.64999999999999,top,234.0,218.0,16.0,33.0,0.3893805309734513,2.24188790560472,False,False,boulanger-printemps-mvt1,43,4
84.75,118.64999999999999,bot,104.0,87.0,17.0,33.0,0.3893805309734513,2.24188790560472,True,True,boulanger-printemps-mvt1,43,4
84.75,118.64999999999999,top,321.0,288.0,33.0,67.0,0.7905604719764012,5.43952802359882,False,False,boulanger-printemps-mvt1,43,4
84.75,118.64999999999999,bot,17.0,0.0,17.0,67.0,0.7905604719764012,5.43952802359882,True,True,boulanger-printemps-mvt1,43,4
84.75,118.64999999999999,top,286.0,271.0,15.0,29.0,0.3421828908554572,7.6342182890855455,False,False,boulanger-printemps-mvt1,43,4
84.75,118.64999999999999,bot,614.0,599.0,15.0,29.0,0.3421828908554572,7.6342182890855455,False,False,boulanger-printemps-mvt1,43,4
84.75,118.64999999999999,top,277.0,244.0,33.0,67.0,0.7905604719764012,5.43952802359882,False,False,boulanger-printemps-mvt1,43,4
84.75,118.64999999999999,bot,51.0,17.0,34.0,67.0,0.7905604719764012,5.43952802359882,True,True,boulanger-printemps-mvt1,43,4
95.75,134.04999999999998,top,394.0,359.0,35.0,71.0,0.741514360313316,5.409921671018277,False,False,boulanger-printemps-mvt1,43,5
95.75,134.04999999999998,bot,5.0,0.0,5.0,71.0,0.741514360313316,5.409921671018277,True,True,boulanger-printemps-mvt1,43,5
95.75,134.04999999999998,top,285.0,267.0,18.0,37.0,0.38642297650130547,2.234986945169713,False,False,boulanger-printemps-mvt1,43,5
95.75,134.04999999999998,bot,90.0,71.0,19.0,37.0,0.38642297650130547,2.234986945169713,True,True,boulanger-printemps-mvt1,43,5
95.75,134.04999999999998,top,346.0,311.0,35.0,71.0,0.741514360313316,5.409921671018277,False,False,boulanger-printemps-mvt1,43,5
95.75,134.04999999999998,bot,29.0,0.0,29.0,71.0,0.741514360313316,5.409921671018277,True,True,boulanger-printemps-mvt1,43,5
95.75,134.04999999999998,top,237.0,219.0,18.0,37.0,0.38642297650130547,2.234986945169713,False,False,boulanger-printemps-mvt1,43,5
95.75,134.04999999999998,bot,113.0,94.0,19.0,37.0,0.38642297650130547,2.234986945169713,True,True,boulanger-printemps-mvt1,43,5
95.75,134.04999999999998,top,298.0,263.0,35.0,71.0,0.741514360313316,5.409921671018277,False,False,boulanger-printemps-mvt1,43,5
95.75,134.04999999999998,bot,52.0,16.0,36.0,71.0,0.741514360313316,5.409921671018277,True,True,boulanger-printemps-mvt1,43,5
72.25,101.14999999999999,top,46.0,13.0,33.0,66.0,0.9134948096885813,6.173010380622838,True,True,boulanger-printemps-mvt1,43,6
72.25,101.14999999999999,bot,219.0,186.0,33.0,66.0,0.9134948096885813,6.173010380622838,False,False,boulanger-printemps-mvt1,43,6
72.25,101.14999999999999,top,18.0,0.0,18.0,66.0,0.9134948096885813,6.173010380622838,True,True,boulanger-printemps-mvt1,43,6
72.25,101.14999999999999,bot,255.0,222.0,33.0,66.0,0.9134948096885813,6.173010380622838,False,False,boulanger-printemps-mvt1,43,6
72.25,101.14999999999999,top,89.0,70.0,19.0,39.0,0.5397923875432526,3.3079584775086506,True,True,boulanger-printemps-mvt1,43,6
72.25,101.14999999999999,bot,184.0,164.0,20.0,39.0,0.5397923875432526,3.3079584775086506,False,False,boulanger-printemps-mvt1,43,6
72.25,101.14999999999999,top,12.0,0.0,12.0,66.0,0.9134948096885813,6.173010380622838,True,True,boulanger-printemps-mvt1,43,6
72.25,101.14999999999999,bot,292.0,259.0,33.0,66.0,0.9134948096885813,6.173010380622838,False,False,boulanger-printemps-mvt1,43,6
72.25,101.14999999999999,top,59.0,40.0,19.0,39.0,0.5397923875432526,3.3079584775086506,True,True,boulanger-printemps-mvt1,43,6
72.25,101.14999999999999,bot,221.0,201.0,20.0,39.0,0.5397923875432526,3.3079584775086506,False,False,boulanger-printemps-mvt1,43,6
72.0,100.8,top,46.0,14.0,32.0,65.0,0.9027777777777778,6.166666666666667,True,True,boulanger-printemps-mvt1,43,7
72.0,100.8,bot,217.0,184.0,33.0,65.0,0.9027777777777778,6.166666666666667,False,False,boulanger-printemps-mvt1,43,7
72.0,100.8,top,19.0,0.0,19.0,65.0,0.9027777777777778,6.166666666666667,True,True,boulanger-printemps-mvt1,43,7
72.0,100.8,bot,254.0,221.0,33.0,65.0,0.9027777777777778,6.166666666666667,False,False,boulanger-printemps-mvt1,43,7
72.0,100.8,top,90.0,71.0,19.0,39.0,0.5416666666666666,3.3055555555555554,True,True,boulanger-printemps-mvt1,43,7
72.0,100.8,bot,183.0,163.0,20.0,39.0,0.5416666666666666,3.3055555555555554,False,False,boulanger-printemps-mvt1,43,7
72.0,100.8,top,11.0,0.0,11.0,65.0,0.9027777777777778,6.166666666666667,True,True,boulanger-printemps-mvt1,43,7
72.0,100.8,bot,290.0,257.0,33.0,65.0,0.9027777777777778,6.166666666666667,False,False,boulanger-printemps-mvt1,43,7
72.0,100.8,top,60.0,41.0,19.0,39.0,0.5416666666666666,3.3055555555555554,True,True,boulanger-printemps-mvt1,43,7
72.0,100.8,bot,219.0,199.0,20.0,39.0,0.5416666666666666,3.3055555555555554,False,False,boulanger-printemps-mvt1,43,7
65.25,91.35,top,362.0,346.0,16.0,33.0,0.5057471264367817,3.4022988505747125,False,False,boulanger-printemps-mvt1,44,0
65.25,91.35,bot,18.0,1.0,17.0,33.0,0.5057471264367817,3.4022988505747125,True,True,boulanger-printemps-mvt1,44,0
65.25,91.35,top,358.0,342.0,16.0,33.0,0.5057471264367817,3.4022988505747125,False,False,boulanger-printemps-mvt1,44,0
65.25,91.35,bot,18.0,1.0,17.0,33.0,0.5057471264367817,3.4022988505747125,True,True,boulanger-printemps-mvt1,44,0
65.25,91.35,top,358.0,342.0,16.0,33.0,0.5057471264367817,3.371647509578544,False,False,boulanger-printemps-mvt1,44,0
65.25,91.35,bot,18.0,1.0,17.0,33.0,0.5057471264367817,3.371647509578544,True,True,boulanger-printemps-mvt1,44,0
65.25,91.35,top,358.0,342.0,16.0,33.0,0.5057471264367817,3.371647509578544,False,False,boulanger-printemps-mvt1,44,0
65.25,91.35,bot,18.0,1.0,17.0,33.0,0.5057471264367817,3.371647509578544,True,True,boulanger-printemps-mvt1,44,0
65.25,91.35,top,339.0,323.0,16.0,32.0,0.4904214559386973,3.0804597701149423,False,False,boulanger-printemps-mvt1,44,0
65.25,91.35,bot,17.0,1.0,16.0,32.0,0.4904214559386973,3.0804597701149423,True,True,boulanger-printemps-mvt1,44,0
65.25,91.35,top,337.0,321.0,16.0,32.0,0.4904214559386973,3.0804597701149423,False,False,boulanger-printemps-mvt1,44,0
65.25,91.35,bot,17.0,1.0,16.0,32.0,0.4904214559386973,3.0804597701149423,True,True,boulanger-printemps-mvt1,44,0
65.25,91.35,top,81.0,65.0,16.0,32.0,0.4904214559386973,3.0804597701149423,True,True,boulanger-printemps-mvt1,44,0
65.25,91.35,bot,260.0,244.0,16.0,32.0,0.4904214559386973,3.0804597701149423,False,False,boulanger-printemps-mvt1,44,0
99.0,138.6,top,548.0,523.0,25.0,51.0,0.5151515151515151,3.393939393939394,False,False,boulanger-printemps-mvt1,44,1
99.0,138.6,bot,27.0,1.0,26.0,51.0,0.5151515151515151,3.393939393939394,True,True,boulanger-printemps-mvt1,44,1
99.0,138.6,top,548.0,523.0,25.0,51.0,0.5151515151515151,3.393939393939394,False,False,boulanger-printemps-mvt1,44,1
99.0,138.6,bot,27.0,1.0,26.0,51.0,0.5151515151515151,3.393939393939394,True,True,boulanger-printemps-mvt1,44,1
99.0,138.6,top,543.0,518.0,25.0,51.0,0.5151515151515151,3.393939393939394,False,False,boulanger-printemps-mvt1,44,1
99.0,138.6,bot,27.0,1.0,26.0,51.0,0.5151515151515151,3.393939393939394,True,True,boulanger-printemps-mvt1,44,1
99.0,138.6,top,543.0,518.0,25.0,51.0,0.5151515151515151,3.393939393939394,False,False,boulanger-printemps-mvt1,44,1
99.0,138.6,bot,27.0,1.0,26.0,51.0,0.5151515151515151,3.393939393939394,True,True,boulanger-printemps-mvt1,44,1
99.0,138.6,top,511.0,487.0,24.0,48.0,0.48484848484848486,3.0707070707070705,False,False,boulanger-printemps-mvt1,44,1
99.0,138.6,bot,25.0,1.0,24.0,48.0,0.48484848484848486,3.0707070707070705,True,True,boulanger-printemps-mvt1,44,1
99.0,138.6,top,511.0,487.0,24.0,48.0,0.48484848484848486,3.0707070707070705,False,False,boulanger-printemps-mvt1,44,1
99.0,138.6,bot,25.0,1.0,24.0,48.0,0.48484848484848486,3.0707070707070705,True,True,boulanger-printemps-mvt1,44,1
99.0,138.6,top,122.0,98.0,24.0,48.0,0.48484848484848486,3.0707070707070705,True,True,boulanger-printemps-mvt1,44,1
99.0,138.6,bot,393.0,369.0,24.0,48.0,0.48484848484848486,3.0707070707070705,False,False,boulanger-printemps-mvt1,44,1
89.0,124.6,top,627.0,605.0,22.0,45.0,0.5056179775280899,3.359550561797753,False,False,boulanger-printemps-mvt1,44,2
89.0,124.6,bot,423.0,401.0,22.0,45.0,0.5056179775280899,3.359550561797753,False,False,boulanger-printemps-mvt1,44,2
89.0,124.6,top,492.0,470.0,22.0,45.0,0.5056179775280899,3.393258426966292,False,False,boulanger-printemps-mvt1,44,2
89.0,124.6,bot,24.0,1.0,23.0,45.0,0.5056179775280899,3.393258426966292,True,True,boulanger-printemps-mvt1,44,2
89.0,124.6,top,488.0,466.0,22.0,45.0,0.5056179775280899,3.359550561797753,False,False,boulanger-printemps-mvt1,44,2
89.0,124.6,bot,24.0,1.0,23.0,45.0,0.5056179775280899,3.359550561797753,True,True,boulanger-printemps-mvt1,44,2
89.0,124.6,top,488.0,466.0,22.0,45.0,0.5056179775280899,3.359550561797753,False,False,boulanger-printemps-mvt1,44,2
89.0,124.6,bot,24.0,1.0,23.0,45.0,0.5056179775280899,3.359550561797753,True,True,boulanger-printemps-mvt1,44,2
89.0,124.6,top,488.0,466.0,22.0,45.0,0.5056179775280899,3.393258426966292,False,False,boulanger-printemps-mvt1,44,2
89.0,124.6,bot,24.0,1.0,23.0,45.0,0.5056179775280899,3.393258426966292,True,True,boulanger-printemps-mvt1,44,2
89.0,124.6,top,459.0,438.0,21.0,43.0,0.48314606741573035,3.056179775280899,False,False,boulanger-printemps-mvt1,44,2
89.0,124.6,bot,23.0,1.0,22.0,43.0,0.48314606741573035,3.056179775280899,True,True,boulanger-printemps-mvt1,44,2
89.0,124.6,top,459.0,438.0,21.0,43.0,0.48314606741573035,3.056179775280899,False,False,boulanger-printemps-mvt1,44,2
89.0,124.6,bot,23.0,1.0,22.0,43.0,0.48314606741573035,3.056179775280899,True,True,boulanger-printemps-mvt1,44,2
89.0,124.6,top,110.0,88.0,22.0,43.0,0.48314606741573035,3.056179775280899,True,True,boulanger-printemps-mvt1,44,2
89.0,124.6,bot,354.0,332.0,22.0,43.0,0.48314606741573035,3.056179775280899,False,False,boulanger-printemps-mvt1,44,2
88.75,124.24999999999999,top,492.0,470.0,22.0,45.0,0.5070422535211268,3.369014084507042,False,False,boulanger-printemps-mvt1,44,3
88.75,124.24999999999999,bot,24.0,1.0,23.0,45.0,0.5070422535211268,3.369014084507042,True,True,boulanger-printemps-mvt1,44,3
88.75,124.24999999999999,top,487.0,465.0,22.0,45.0,0.5070422535211268,3.391549295774648,False,False,boulanger-printemps-mvt1,44,3
88.75,124.24999999999999,bot,24.0,1.0,23.0,45.0,0.5070422535211268,3.391549295774648,True,True,boulanger-printemps-mvt1,44,3
88.75,124.24999999999999,top,487.0,465.0,22.0,45.0,0.5070422535211268,3.391549295774648,False,False,boulanger-printemps-mvt1,44,3
88.75,124.24999999999999,bot,24.0,1.0,23.0,45.0,0.5070422535211268,3.391549295774648,True,True,boulanger-printemps-mvt1,44,3
88.75,124.24999999999999,top,487.0,465.0,22.0,45.0,0.5070422535211268,3.369014084507042,False,False,boulanger-printemps-mvt1,44,3
88.75,124.24999999999999,bot,24.0,1.0,23.0,45.0,0.5070422535211268,3.369014084507042,True,True,boulanger-printemps-mvt1,44,3
88.75,124.24999999999999,top,459.0,437.0,22.0,44.0,0.49577464788732395,3.076056338028169,False,False,boulanger-printemps-mvt1,44,3
88.75,124.24999999999999,bot,23.0,1.0,22.0,44.0,0.49577464788732395,3.076056338028169,True,True,boulanger-printemps-mvt1,44,3
88.75,124.24999999999999,top,459.0,437.0,22.0,44.0,0.49577464788732395,3.076056338028169,False,False,boulanger-printemps-mvt1,44,3
88.75,124.24999999999999,bot,23.0,1.0,22.0,44.0,0.49577464788732395,3.076056338028169,True,True,boulanger-printemps-mvt1,44,3
88.75,124.24999999999999,top,109.0,87.0,22.0,44.0,0.49577464788732395,3.076056338028169,True,True,boulanger-printemps-mvt1,44,3
88.75,124.24999999999999,bot,353.0,331.0,22.0,44.0,0.49577464788732395,3.076056338028169,False,False,boulanger-printemps-mvt1,44,3
83.75,117.24999999999999,top,461.0,441.0,20.0,41.0,0.48955223880597015,3.37910447761194,False,False,boulanger-printemps-mvt1,44,4
83.75,117.24999999999999,bot,22.0,1.0,21.0,41.0,0.48955223880597015,3.37910447761194,True,True,boulanger-printemps-mvt1,44,4
83.75,117.24999999999999,top,456.0,436.0,20.0,41.0,0.48955223880597015,3.37910447761194,False,False,boulanger-printemps-mvt1,44,4
83.75,117.24999999999999,bot,22.0,1.0,21.0,41.0,0.48955223880597015,3.37910447761194,True,True,boulanger-printemps-mvt1,44,4
83.75,117.24999999999999,top,462.0,441.0,21.0,43.0,0.5134328358208955,4.370149253731343,False,False,boulanger-printemps-mvt1,44,4
83.75,117.24999999999999,bot,23.0,1.0,22.0,43.0,0.5134328358208955,4.370149253731343,True,True,boulanger-printemps-mvt1,44,4
83.75,117.24999999999999,top,458.0,437.0,21.0,43.0,0.5134328358208955,3.355223880597015,False,False,boulanger-printemps-mvt1,44,4
83.75,117.24999999999999,bot,23.0,1.0,22.0,43.0,0.5134328358208955,3.355223880597015,True,True,boulanger-printemps-mvt1,44,4
83.75,117.24999999999999,top,458.0,437.0,21.0,43.0,0.5134328358208955,3.355223880597015,False,False,boulanger-printemps-mvt1,44,4
83.75,117.24999999999999,bot,23.0,1.0,22.0,43.0,0.5134328358208955,3.355223880597015,True,True,boulanger-printemps-mvt1,44,4
83.75,117.24999999999999,top,458.0,437.0,21.0,43.0,0.5134328358208955,4.370149253731343,False,False,boulanger-printemps-mvt1,44,4
83.75,117.24999999999999,bot,23.0,1.0,22.0,43.0,0.5134328358208955,4.370149253731343,True,True,boulanger-printemps-mvt1,44,4
94.5,132.29999999999998,top,520.0,496.0,24.0,48.0,0.5079365079365079,3.3544973544973544,False,False,boulanger-printemps-mvt1,44,5
94.5,132.29999999999998,bot,24.0,0.0,24.0,48.0,0.5079365079365079,3.3544973544973544,True,True,boulanger-printemps-mvt1,44,5
94.5,132.29999999999998,top,520.0,496.0,24.0,48.0,0.5079365079365079,3.3544973544973544,False,False,boulanger-printemps-mvt1,44,5
94.5,132.29999999999998,bot,24.0,0.0,24.0,48.0,0.5079365079365079,3.3544973544973544,True,True,boulanger-printemps-mvt1,44,5
94.5,132.29999999999998,top,520.0,496.0,24.0,48.0,0.5079365079365079,3.3968253968253967,False,False,boulanger-printemps-mvt1,44,5
94.5,132.29999999999998,bot,24.0,0.0,24.0,48.0,0.5079365079365079,3.3968253968253967,True,True,boulanger-printemps-mvt1,44,5
94.5,132.29999999999998,top,520.0,496.0,24.0,48.0,0.5079365079365079,3.3968253968253967,False,False,boulanger-printemps-mvt1,44,5
94.5,132.29999999999998,bot,24.0,0.0,24.0,48.0,0.5079365079365079,3.3968253968253967,True,True,boulanger-printemps-mvt1,44,5
94.5,132.29999999999998,top,488.0,465.0,23.0,46.0,0.48677248677248675,3.068783068783069,False,False,boulanger-printemps-mvt1,44,5
94.5,132.29999999999998,bot,23.0,0.0,23.0,46.0,0.48677248677248675,3.068783068783069,True,True,boulanger-printemps-mvt1,44,5
94.5,132.29999999999998,top,488.0,465.0,23.0,46.0,0.48677248677248675,3.068783068783069,False,False,boulanger-printemps-mvt1,44,5
94.5,132.29999999999998,bot,23.0,0.0,23.0,46.0,0.48677248677248675,3.068783068783069,True,True,boulanger-printemps-mvt1,44,5
94.5,132.29999999999998,top,115.0,92.0,23.0,46.0,0.48677248677248675,3.068783068783069,True,True,boulanger-printemps-mvt1,44,5
94.5,132.29999999999998,bot,375.0,352.0,23.0,46.0,0.48677248677248675,3.068783068783069,False,False,boulanger-printemps-mvt1,44,5
71.25,99.75,top,35.0,22.0,13.0,26.0,0.3649122807017544,2.863157894736842,True,True,boulanger-printemps-mvt1,44,6
71.25,99.75,bot,228.0,215.0,13.0,26.0,0.3649122807017544,2.863157894736842,False,False,boulanger-printemps-mvt1,44,6
71.25,99.75,top,35.0,22.0,13.0,25.0,0.3508771929824561,2.8912280701754387,True,True,boulanger-printemps-mvt1,44,6
71.25,99.75,bot,228.0,215.0,13.0,25.0,0.3508771929824561,2.8912280701754387,False,False,boulanger-printemps-mvt1,44,6
71.25,99.75,top,35.0,21.0,14.0,27.0,0.37894736842105264,2.863157894736842,True,True,boulanger-printemps-mvt1,44,6
71.25,99.75,bot,214.0,200.0,14.0,27.0,0.37894736842105264,2.863157894736842,False,False,boulanger-printemps-mvt1,44,6
71.0,99.39999999999999,top,32.0,19.0,13.0,25.0,0.352112676056338,2.887323943661972,True,True,boulanger-printemps-mvt1,44,7
71.0,99.39999999999999,bot,225.0,212.0,13.0,25.0,0.352112676056338,2.887323943661972,False,False,boulanger-printemps-mvt1,44,7
71.0,99.39999999999999,top,32.0,19.0,13.0,25.0,0.352112676056338,2.8732394366197185,True,True,boulanger-printemps-mvt1,44,7
71.0,99.39999999999999,bot,225.0,212.0,13.0,25.0,0.352112676056338,2.8732394366197185,False,False,boulanger-printemps-mvt1,44,7
71.0,99.39999999999999,top,32.0,18.0,14.0,27.0,0.38028169014084506,2.8732394366197185,True,True,boulanger-printemps-mvt1,44,7
71.0,99.39999999999999,bot,211.0,197.0,14.0,27.0,0.38028169014084506,2.8732394366197185,False,False,boulanger-printemps-mvt1,44,7
66.0,92.39999999999999,top,17.0,1.0,16.0,32.0,0.48484848484848486,3.0606060606060606,True,True,boulanger-printemps-mvt1,45,0
66.0,92.39999999999999,bot,240.0,224.0,16.0,32.0,0.48484848484848486,3.0606060606060606,False,False,boulanger-printemps-mvt1,45,0
66.0,92.39999999999999,top,17.0,1.0,16.0,32.0,0.48484848484848486,3.0606060606060606,True,True,boulanger-printemps-mvt1,45,0
66.0,92.39999999999999,bot,240.0,224.0,16.0,32.0,0.48484848484848486,3.0606060606060606,False,False,boulanger-printemps-mvt1,45,0
66.0,92.39999999999999,top,243.0,228.0,15.0,31.0,0.4696969696969697,3.3636363636363638,False,False,boulanger-printemps-mvt1,45,0
66.0,92.39999999999999,bot,17.0,1.0,16.0,31.0,0.4696969696969697,3.3636363636363638,True,True,boulanger-printemps-mvt1,45,0
66.0,92.39999999999999,top,240.0,225.0,15.0,31.0,0.4696969696969697,3.3333333333333335,False,False,boulanger-printemps-mvt1,45,0
66.0,92.39999999999999,bot,17.0,1.0,16.0,31.0,0.4696969696969697,3.3333333333333335,True,True,boulanger-printemps-mvt1,45,0
66.0,92.39999999999999,top,240.0,225.0,15.0,31.0,0.4696969696969697,3.3333333333333335,False,False,boulanger-printemps-mvt1,45,0
66.0,92.39999999999999,bot,17.0,1.0,16.0,31.0,0.4696969696969697,3.3333333333333335,True,True,boulanger-printemps-mvt1,45,0
66.0,92.39999999999999,top,238.0,223.0,15.0,31.0,0.4696969696969697,3.3636363636363638,False,False,boulanger-printemps-mvt1,45,0
66.0,92.39999999999999,bot,17.0,1.0,16.0,31.0,0.4696969696969697,3.3636363636363638,True,True,boulanger-printemps-mvt1,45,0
99.75,139.64999999999998,top,25.0,1.0,24.0,48.0,0.48120300751879697,3.0576441102756893,True,True,boulanger-printemps-mvt1,45,1
99.75,139.64999999999998,bot,363.0,339.0,24.0,48.0,0.48120300751879697,3.0576441102756893,False,False,boulanger-printemps-mvt1,45,1
99.75,139.64999999999998,top,25.0,1.0,24.0,48.0,0.48120300751879697,3.0576441102756893,True,True,boulanger-printemps-mvt1,45,1
99.75,139.64999999999998,bot,363.0,339.0,24.0,48.0,0.48120300751879697,3.0576441102756893,False,False,boulanger-printemps-mvt1,45,1
99.75,139.64999999999998,top,368.0,344.0,24.0,49.0,0.49122807017543857,3.3684210526315788,False,False,boulanger-printemps-mvt1,45,1
99.75,139.64999999999998,bot,26.0,1.0,25.0,49.0,0.49122807017543857,3.3684210526315788,True,True,boulanger-printemps-mvt1,45,1
99.75,139.64999999999998,top,368.0,344.0,24.0,49.0,0.49122807017543857,3.3684210526315788,False,False,boulanger-printemps-mvt1,45,1
99.75,139.64999999999998,bot,26.0,1.0,25.0,49.0,0.49122807017543857,3.3684210526315788,True,True,boulanger-printemps-mvt1,45,1
99.75,139.64999999999998,top,363.0,339.0,24.0,49.0,0.49122807017543857,3.3684210526315788,False,False,boulanger-printemps-mvt1,45,1
99.75,139.64999999999998,bot,26.0,1.0,25.0,49.0,0.49122807017543857,3.3684210526315788,True,True,boulanger-printemps-mvt1,45,1
99.75,139.64999999999998,top,363.0,339.0,24.0,49.0,0.49122807017543857,3.3684210526315788,False,False,boulanger-printemps-mvt1,45,1
99.75,139.64999999999998,bot,26.0,1.0,25.0,49.0,0.49122807017543857,3.3684210526315788,True,True,boulanger-printemps-mvt1,45,1
89.75,125.64999999999999,top,23.0,1.0,22.0,44.0,0.49025069637883006,3.0417827298050137,True,True,boulanger-printemps-mvt1,45,2
89.75,125.64999999999999,bot,327.0,305.0,22.0,44.0,0.49025069637883006,3.0417827298050137,False,False,boulanger-printemps-mvt1,45,2
89.75,125.64999999999999,top,23.0,1.0,22.0,44.0,0.49025069637883006,3.0417827298050137,True,True,boulanger-printemps-mvt1,45,2
89.75,125.64999999999999,bot,327.0,305.0,22.0,44.0,0.49025069637883006,3.0417827298050137,False,False,boulanger-printemps-mvt1,45,2
89.75,125.64999999999999,top,331.0,310.0,21.0,43.0,0.479108635097493,3.364902506963788,False,False,boulanger-printemps-mvt1,45,2
89.75,125.64999999999999,bot,23.0,1.0,22.0,43.0,0.479108635097493,3.364902506963788,True,True,boulanger-printemps-mvt1,45,2
89.75,125.64999999999999,top,326.0,305.0,21.0,43.0,0.479108635097493,3.331476323119777,False,False,boulanger-printemps-mvt1,45,2
89.75,125.64999999999999,bot,23.0,1.0,22.0,43.0,0.479108635097493,3.331476323119777,True,True,boulanger-printemps-mvt1,45,2
89.75,125.64999999999999,top,326.0,305.0,21.0,43.0,0.479108635097493,3.364902506963788,False,False,boulanger-printemps-mvt1,45,2
89.75,125.64999999999999,bot,23.0,1.0,22.0,43.0,0.479108635097493,3.364902506963788,True,True,boulanger-printemps-mvt1,45,2
89.75,125.64999999999999,top,324.0,303.0,21.0,43.0,0.479108635097493,3.331476323119777,False,False,boulanger-printemps-mvt1,45,2
89.75,125.64999999999999,bot,23.0,1.0,22.0,43.0,0.479108635097493,3.331476323119777,True,True,boulanger-printemps-mvt1,45,2
89.5,125.3,top,23.0,2.0,21.0,43.0,0.48044692737430167,3.0279329608938546,True,True,boulanger-printemps-mvt1,45,3
89.5,125.3,bot,326.0,304.0,22.0,43.0,0.48044692737430167,3.0279329608938546,False,False,boulanger-printemps-mvt1,45,3
89.5,125.3,top,23.0,2.0,21.0,43.0,0.48044692737430167,3.0279329608938546,True,True,boulanger-printemps-mvt1,45,3
89.5,125.3,bot,326.0,304.0,22.0,43.0,0.48044692737430167,3.0279329608938546,False,False,boulanger-printemps-mvt1,45,3
89.5,125.3,top,330.0,310.0,20.0,41.0,0.4581005586592179,3.441340782122905,False,False,boulanger-printemps-mvt1,45,3
89.5,125.3,bot,23.0,2.0,21.0,41.0,0.4581005586592179,3.441340782122905,True,True,boulanger-printemps-mvt1,45,3
89.5,125.3,top,326.0,306.0,20.0,41.0,0.4581005586592179,3.541899441340782,False,False,boulanger-printemps-mvt1,45,3
89.5,125.3,bot,23.0,2.0,21.0,41.0,0.4581005586592179,3.541899441340782,True,True,boulanger-printemps-mvt1,45,3
89.5,125.3,top,326.0,306.0,20.0,41.0,0.4581005586592179,3.541899441340782,False,False,boulanger-printemps-mvt1,45,3
89.5,125.3,bot,23.0,2.0,21.0,41.0,0.4581005586592179,3.541899441340782,True,True,boulanger-printemps-mvt1,45,3
89.5,125.3,top,326.0,306.0,20.0,41.0,0.4581005586592179,3.441340782122905,False,False,boulanger-printemps-mvt1,45,3
89.5,125.3,bot,23.0,2.0,21.0,41.0,0.4581005586592179,3.441340782122905,True,True,boulanger-printemps-mvt1,45,3
84.0,117.6,top,308.0,288.0,20.0,41.0,0.4880952380952381,3.3452380952380953,False,False,boulanger-printemps-mvt1,45,4
84.0,117.6,bot,22.0,1.0,21.0,41.0,0.4880952380952381,3.3452380952380953,True,True,boulanger-printemps-mvt1,45,4
84.0,117.6,top,304.0,284.0,20.0,41.0,0.4880952380952381,3.3452380952380953,False,False,boulanger-printemps-mvt1,45,4
84.0,117.6,bot,22.0,1.0,21.0,41.0,0.4880952380952381,3.3452380952380953,True,True,boulanger-printemps-mvt1,45,4
84.0,117.6,top,310.0,290.0,20.0,40.0,0.47619047619047616,4.357142857142857,False,False,boulanger-printemps-mvt1,45,4
84.0,117.6,bot,21.0,1.0,20.0,40.0,0.47619047619047616,4.357142857142857,True,True,boulanger-printemps-mvt1,45,4
84.0,117.6,top,305.0,286.0,19.0,38.0,0.4523809523809524,3.3452380952380953,False,False,boulanger-printemps-mvt1,45,4
84.0,117.6,bot,22.0,3.0,19.0,38.0,0.4523809523809524,3.3452380952380953,True,True,boulanger-printemps-mvt1,45,4
84.0,117.6,top,305.0,286.0,19.0,38.0,0.4523809523809524,3.3452380952380953,False,False,boulanger-printemps-mvt1,45,4
84.0,117.6,bot,22.0,3.0,19.0,38.0,0.4523809523809524,3.3452380952380953,True,True,boulanger-printemps-mvt1,45,4
84.0,117.6,top,304.0,284.0,20.0,40.0,0.47619047619047616,4.357142857142857,False,False,boulanger-printemps-mvt1,45,4
84.0,117.6,bot,21.0,1.0,20.0,40.0,0.47619047619047616,4.357142857142857,True,True,boulanger-printemps-mvt1,45,4
95.0,133.0,top,24.0,1.0,23.0,46.0,0.4842105263157895,3.031578947368421,True,True,boulanger-printemps-mvt1,45,5
95.0,133.0,bot,347.0,324.0,23.0,46.0,0.4842105263157895,3.031578947368421,False,False,boulanger-printemps-mvt1,45,5
95.0,133.0,top,24.0,1.0,23.0,46.0,0.4842105263157895,3.031578947368421,True,True,boulanger-printemps-mvt1,45,5
95.0,133.0,bot,347.0,324.0,23.0,46.0,0.4842105263157895,3.031578947368421,False,False,boulanger-printemps-mvt1,45,5
95.0,133.0,top,347.0,324.0,23.0,46.0,0.4842105263157895,3.336842105263158,False,False,boulanger-printemps-mvt1,45,5
95.0,133.0,bot,24.0,1.0,23.0,46.0,0.4842105263157895,3.336842105263158,True,True,boulanger-printemps-mvt1,45,5
95.0,133.0,top,347.0,324.0,23.0,46.0,0.4842105263157895,3.336842105263158,False,False,boulanger-printemps-mvt1,45,5
95.0,133.0,bot,24.0,1.0,23.0,46.0,0.4842105263157895,3.336842105263158,True,True,boulanger-printemps-mvt1,45,5
95.0,133.0,top,347.0,324.0,23.0,46.0,0.4842105263157895,3.3789473684210525,False,False,boulanger-printemps-mvt1,45,5
95.0,133.0,bot,24.0,1.0,23.0,46.0,0.4842105263157895,3.3789473684210525,True,True,boulanger-printemps-mvt1,45,5
95.0,133.0,top,345.0,322.0,23.0,46.0,0.4842105263157895,3.3789473684210525,False,False,boulanger-printemps-mvt1,45,5
95.0,133.0,bot,24.0,1.0,23.0,46.0,0.4842105263157895,3.3789473684210525,True,True,boulanger-printemps-mvt1,45,5
71.75,100.44999999999999,top,39.0,35.0,4.0,9.0,0.1254355400696864,28.54355400696864,True,True,boulanger-printemps-mvt1,45,6
71.75,100.44999999999999,bot,149.0,144.0,5.0,9.0,0.1254355400696864,28.54355400696864,False,False,boulanger-printemps-mvt1,45,6
71.75,100.44999999999999,top,112.0,108.0,4.0,9.0,0.1254355400696864,28.54355400696864,False,False,boulanger-printemps-mvt1,45,6
71.75,100.44999999999999,bot,76.0,71.0,5.0,9.0,0.1254355400696864,28.54355400696864,True,True,boulanger-printemps-mvt1,45,6
71.75,100.44999999999999,top,39.0,35.0,4.0,9.0,0.1254355400696864,28.54355400696864,True,True,boulanger-printemps-mvt1,45,6
71.75,100.44999999999999,bot,149.0,144.0,5.0,9.0,0.1254355400696864,28.54355400696864,False,False,boulanger-printemps-mvt1,45,6
71.75,100.44999999999999,top,112.0,108.0,4.0,9.0,0.1254355400696864,28.54355400696864,False,False,boulanger-printemps-mvt1,45,6
71.75,100.44999999999999,bot,76.0,71.0,5.0,9.0,0.1254355400696864,28.54355400696864,True,True,boulanger-printemps-mvt1,45,6
71.75,100.44999999999999,top,39.0,35.0,4.0,9.0,0.1254355400696864,28.54355400696864,True,True,boulanger-printemps-mvt1,45,6
71.75,100.44999999999999,bot,149.0,144.0,5.0,9.0,0.1254355400696864,28.54355400696864,False,False,boulanger-printemps-mvt1,45,6
71.75,100.44999999999999,top,112.0,108.0,4.0,9.0,0.1254355400696864,28.54355400696864,False,False,boulanger-printemps-mvt1,45,6
71.75,100.44999999999999,bot,76.0,71.0,5.0,9.0,0.1254355400696864,28.54355400696864,True,True,boulanger-printemps-mvt1,45,6
71.75,100.44999999999999,top,39.0,35.0,4.0,9.0,0.1254355400696864,28.54355400696864,True,True,boulanger-printemps-mvt1,45,6
71.75,100.44999999999999,bot,149.0,144.0,5.0,9.0,0.1254355400696864,28.54355400696864,False,False,boulanger-printemps-mvt1,45,6
71.75,100.44999999999999,top,112.0,108.0,4.0,9.0,0.1254355400696864,28.54355400696864,False,False,boulanger-printemps-mvt1,45,6
71.75,100.44999999999999,bot,76.0,71.0,5.0,9.0,0.1254355400696864,28.54355400696864,True,True,boulanger-printemps-mvt1,45,6
71.75,100.44999999999999,top,39.0,35.0,4.0,9.0,0.1254355400696864,28.54355400696864,True,True,boulanger-printemps-mvt1,45,6
71.75,100.44999999999999,bot,163.0,158.0,5.0,9.0,0.1254355400696864,28.54355400696864,False,False,boulanger-printemps-mvt1,45,6
71.75,100.44999999999999,top,112.0,108.0,4.0,9.0,0.1254355400696864,28.54355400696864,False,False,boulanger-printemps-mvt1,45,6
71.75,100.44999999999999,bot,90.0,85.0,5.0,9.0,0.1254355400696864,28.54355400696864,True,True,boulanger-printemps-mvt1,45,6
71.75,100.44999999999999,top,184.0,167.0,17.0,35.0,0.4878048780487805,3.052264808362369,False,False,boulanger-printemps-mvt1,45,6
71.75,100.44999999999999,bot,18.0,0.0,18.0,35.0,0.4878048780487805,3.052264808362369,True,True,boulanger-printemps-mvt1,45,6
71.75,100.44999999999999,top,39.0,35.0,4.0,9.0,0.1254355400696864,28.54355400696864,True,True,boulanger-printemps-mvt1,45,6
71.75,100.44999999999999,bot,163.0,158.0,5.0,9.0,0.1254355400696864,28.54355400696864,False,False,boulanger-printemps-mvt1,45,6
71.75,100.44999999999999,top,112.0,108.0,4.0,9.0,0.1254355400696864,28.54355400696864,False,False,boulanger-printemps-mvt1,45,6
71.75,100.44999999999999,bot,90.0,85.0,5.0,9.0,0.1254355400696864,28.54355400696864,True,True,boulanger-printemps-mvt1,45,6
71.75,100.44999999999999,top,184.0,167.0,17.0,35.0,0.4878048780487805,3.052264808362369,False,False,boulanger-printemps-mvt1,45,6
71.75,100.44999999999999,bot,18.0,0.0,18.0,35.0,0.4878048780487805,3.052264808362369,True,True,boulanger-printemps-mvt1,45,6
71.5,100.1,top,39.0,35.0,4.0,9.0,0.1258741258741259,28.643356643356643,True,True,boulanger-printemps-mvt1,45,7
71.5,100.1,bot,150.0,145.0,5.0,9.0,0.1258741258741259,28.643356643356643,False,False,boulanger-printemps-mvt1,45,7
71.5,100.1,top,112.0,108.0,4.0,9.0,0.1258741258741259,28.643356643356643,False,False,boulanger-printemps-mvt1,45,7
71.5,100.1,bot,77.0,72.0,5.0,9.0,0.1258741258741259,28.643356643356643,True,True,boulanger-printemps-mvt1,45,7
71.5,100.1,top,39.0,35.0,4.0,9.0,0.1258741258741259,28.643356643356643,True,True,boulanger-printemps-mvt1,45,7
71.5,100.1,bot,150.0,145.0,5.0,9.0,0.1258741258741259,28.643356643356643,False,False,boulanger-printemps-mvt1,45,7
71.5,100.1,top,112.0,108.0,4.0,9.0,0.1258741258741259,28.643356643356643,False,False,boulanger-printemps-mvt1,45,7
71.5,100.1,bot,77.0,72.0,5.0,9.0,0.1258741258741259,28.643356643356643,True,True,boulanger-printemps-mvt1,45,7
71.5,100.1,top,39.0,35.0,4.0,9.0,0.1258741258741259,28.643356643356643,True,True,boulanger-printemps-mvt1,45,7
71.5,100.1,bot,150.0,145.0,5.0,9.0,0.1258741258741259,28.643356643356643,False,False,boulanger-printemps-mvt1,45,7
71.5,100.1,top,112.0,108.0,4.0,9.0,0.1258741258741259,28.643356643356643,False,False,boulanger-printemps-mvt1,45,7
71.5,100.1,bot,77.0,72.0,5.0,9.0,0.1258741258741259,28.643356643356643,True,True,boulanger-printemps-mvt1,45,7
71.5,100.1,top,39.0,35.0,4.0,9.0,0.1258741258741259,28.643356643356643,True,True,boulanger-printemps-mvt1,45,7
71.5,100.1,bot,150.0,145.0,5.0,9.0,0.1258741258741259,28.643356643356643,False,False,boulanger-printemps-mvt1,45,7
71.5,100.1,top,112.0,108.0,4.0,9.0,0.1258741258741259,28.643356643356643,False,False,boulanger-printemps-mvt1,45,7
71.5,100.1,bot,77.0,72.0,5.0,9.0,0.1258741258741259,28.643356643356643,True,True,boulanger-printemps-mvt1,45,7
71.5,100.1,top,39.0,35.0,4.0,9.0,0.1258741258741259,28.643356643356643,True,True,boulanger-printemps-mvt1,45,7
71.5,100.1,bot,164.0,159.0,5.0,9.0,0.1258741258741259,28.643356643356643,False,False,boulanger-printemps-mvt1,45,7
71.5,100.1,top,112.0,108.0,4.0,9.0,0.1258741258741259,28.643356643356643,False,False,boulanger-printemps-mvt1,45,7
71.5,100.1,bot,91.0,86.0,5.0,9.0,0.1258741258741259,28.643356643356643,True,True,boulanger-printemps-mvt1,45,7
71.5,100.1,top,184.0,167.0,17.0,35.0,0.48951048951048953,3.0489510489510487,False,False,boulanger-printemps-mvt1,45,7
71.5,100.1,bot,19.0,1.0,18.0,35.0,0.48951048951048953,3.0489510489510487,True,True,boulanger-printemps-mvt1,45,7
71.5,100.1,top,39.0,35.0,4.0,9.0,0.1258741258741259,28.643356643356643,True,True,boulanger-printemps-mvt1,45,7
71.5,100.1,bot,164.0,159.0,5.0,9.0,0.1258741258741259,28.643356643356643,False,False,boulanger-printemps-mvt1,45,7
71.5,100.1,top,112.0,108.0,4.0,9.0,0.1258741258741259,28.643356643356643,False,False,boulanger-printemps-mvt1,45,7
71.5,100.1,bot,91.0,86.0,5.0,9.0,0.1258741258741259,28.643356643356643,True,True,boulanger-printemps-mvt1,45,7
71.5,100.1,top,184.0,167.0,17.0,35.0,0.48951048951048953,3.0489510489510487,False,False,boulanger-printemps-mvt1,45,7
71.5,100.1,bot,19.0,1.0,18.0,35.0,0.48951048951048953,3.0489510489510487,True,True,boulanger-printemps-mvt1,45,7
93.75,131.25,top,22.0,0.0,22.0,46.0,0.49066666666666664,5.1626666666666665,True,True,beethoven-sym5-mvt1,4,0
93.75,131.25,bot,322.0,299.0,23.0,46.0,0.49066666666666664,5.1626666666666665,False,False,beethoven-sym5-mvt1,4,0
93.75,131.25,top,22.0,0.0,22.0,46.0,0.49066666666666664,5.1626666666666665,True,True,beethoven-sym5-mvt1,4,0
93.75,131.25,bot,322.0,299.0,23.0,46.0,0.49066666666666664,5.1626666666666665,False,False,beethoven-sym5-mvt1,4,0
93.75,131.25,top,22.0,0.0,22.0,46.0,0.49066666666666664,5.1626666666666665,True,True,beethoven-sym5-mvt1,4,0
93.75,131.25,bot,322.0,299.0,23.0,46.0,0.49066666666666664,5.1626666666666665,False,False,beethoven-sym5-mvt1,4,0
100.0,140.0,top,25.0,2.0,23.0,46.0,0.46,5.23,True,True,beethoven-sym5-mvt1,4,2
100.0,140.0,bot,313.0,290.0,23.0,46.0,0.46,5.23,False,False,beethoven-sym5-mvt1,4,2
100.0,140.0,top,25.0,2.0,23.0,46.0,0.46,5.23,True,True,beethoven-sym5-mvt1,4,2
100.0,140.0,bot,313.0,290.0,23.0,46.0,0.46,5.23,False,False,beethoven-sym5-mvt1,4,2
100.0,140.0,top,22.0,0.0,22.0,46.0,0.46,5.23,True,True,beethoven-sym5-mvt1,4,2
100.0,140.0,bot,313.0,290.0,23.0,46.0,0.46,5.23,False,False,beethoven-sym5-mvt1,4,2
93.25,130.54999999999998,top,23.0,2.0,21.0,43.0,0.46112600536193027,5.190348525469169,True,True,beethoven-sym5-mvt1,5,0
93.25,130.54999999999998,bot,322.0,300.0,22.0,43.0,0.46112600536193027,5.190348525469169,False,False,beethoven-sym5-mvt1,5,0
93.25,130.54999999999998,top,21.0,0.0,21.0,43.0,0.46112600536193027,5.190348525469169,True,True,beethoven-sym5-mvt1,5,0
93.25,130.54999999999998,bot,322.0,300.0,22.0,43.0,0.46112600536193027,5.190348525469169,False,False,beethoven-sym5-mvt1,5,0
93.25,130.54999999999998,top,21.0,0.0,21.0,43.0,0.46112600536193027,5.190348525469169,True,True,beethoven-sym5-mvt1,5,0
93.25,130.54999999999998,bot,322.0,300.0,22.0,43.0,0.46112600536193027,5.190348525469169,False,False,beethoven-sym5-mvt1,5,0
100.0,140.0,top,23.0,0.0,23.0,49.0,0.49,5.26,True,True,beethoven-sym5-mvt1,5,2
100.0,140.0,bot,317.0,292.0,25.0,49.0,0.49,5.26,False,False,beethoven-sym5-mvt1,5,2
100.0,140.0,top,23.0,0.0,23.0,49.0,0.49,5.26,True,True,beethoven-sym5-mvt1,5,2
100.0,140.0,bot,317.0,292.0,25.0,49.0,0.49,5.26,False,False,beethoven-sym5-mvt1,5,2
100.0,140.0,top,23.0,0.0,23.0,49.0,0.49,5.26,True,True,beethoven-sym5-mvt1,5,2
100.0,140.0,bot,317.0,292.0,25.0,49.0,0.49,5.26,False,False,beethoven-sym5-mvt1,5,2
93.75,131.25,top,21.0,0.0,21.0,45.0,0.48,5.1626666666666665,True,True,beethoven-sym5-mvt1,13,0
93.75,131.25,bot,293.0,270.0,23.0,45.0,0.48,5.1626666666666665,False,False,beethoven-sym5-mvt1,13,0
93.75,131.25,top,21.0,0.0,21.0,45.0,0.48,5.1626666666666665,True,True,beethoven-sym5-mvt1,13,0
93.75,131.25,bot,293.0,270.0,23.0,45.0,0.48,5.1626666666666665,False,False,beethoven-sym5-mvt1,13,0
93.75,131.25,top,21.0,0.0,21.0,45.0,0.48,5.1626666666666665,True,True,beethoven-sym5-mvt1,13,0
93.75,131.25,bot,293.0,270.0,23.0,45.0,0.48,5.1626666666666665,False,False,beethoven-sym5-mvt1,13,0
100.0,140.0,top,24.0,0.0,24.0,50.0,0.5,5.23,True,True,beethoven-sym5-mvt1,13,2
100.0,140.0,bot,344.0,319.0,25.0,50.0,0.5,5.23,False,False,beethoven-sym5-mvt1,13,2
100.0,140.0,top,24.0,0.0,24.0,50.0,0.5,5.23,True,True,beethoven-sym5-mvt1,13,2
100.0,140.0,bot,344.0,319.0,25.0,50.0,0.5,5.23,False,False,beethoven-sym5-mvt1,13,2
100.0,140.0,top,24.0,0.0,24.0,50.0,0.5,5.23,True,True,beethoven-sym5-mvt1,13,2
100.0,140.0,bot,344.0,319.0,25.0,50.0,0.5,5.23,False,False,beethoven-sym5-mvt1,13,2
100.0,140.0,top,342.0,318.0,24.0,48.0,0.48,5.12,False,False,beethoven-sym5-mvt1,13,7
100.0,140.0,bot,25.0,1.0,24.0,48.0,0.48,5.12,True,True,beethoven-sym5-mvt1,13,7
100.0,140.0,top,342.0,318.0,24.0,48.0,0.48,5.12,False,False,beethoven-sym5-mvt1,13,7
100.0,140.0,bot,25.0,1.0,24.0,48.0,0.48,5.12,True,True,beethoven-sym5-mvt1,13,7
100.0,140.0,top,342.0,318.0,24.0,48.0,0.48,5.12,False,False,beethoven-sym5-mvt1,13,7
100.0,140.0,bot,25.0,1.0,24.0,48.0,0.48,5.12,True,True,beethoven-sym5-mvt1,13,7
93.75,131.25,top,22.0,1.0,21.0,43.0,0.45866666666666667,5.1626666666666665,True,True,beethoven-sym5-mvt1,14,0
93.75,131.25,bot,294.0,272.0,22.0,43.0,0.45866666666666667,5.1626666666666665,False,False,beethoven-sym5-mvt1,14,0
93.75,131.25,top,22.0,1.0,21.0,43.0,0.45866666666666667,5.1626666666666665,True,True,beethoven-sym5-mvt1,14,0
93.75,131.25,bot,294.0,272.0,22.0,43.0,0.45866666666666667,5.1626666666666665,False,False,beethoven-sym5-mvt1,14,0
93.75,131.25,top,20.0,0.0,20.0,43.0,0.45866666666666667,5.1626666666666665,True,True,beethoven-sym5-mvt1,14,0
93.75,131.25,bot,294.0,272.0,22.0,43.0,0.45866666666666667,5.1626666666666665,False,False,beethoven-sym5-mvt1,14,0
100.0,140.0,top,23.0,0.0,23.0,48.0,0.48,5.23,True,True,beethoven-sym5-mvt1,14,2
100.0,140.0,bot,345.0,321.0,24.0,48.0,0.48,5.23,False,False,beethoven-sym5-mvt1,14,2
100.0,140.0,top,23.0,0.0,23.0,48.0,0.48,5.23,True,True,beethoven-sym5-mvt1,14,2
100.0,140.0,bot,345.0,321.0,24.0,48.0,0.48,5.23,False,False,beethoven-sym5-mvt1,14,2
100.0,140.0,top,23.0,0.0,23.0,48.0,0.48,5.23,True,True,beethoven-sym5-mvt1,14,2
100.0,140.0,bot,345.0,321.0,24.0,48.0,0.48,5.23,False,False,beethoven-sym5-mvt1,14,2
100.0,140.0,top,25.0,2.0,23.0,46.0,0.46,5.15,True,True,beethoven-sym5-mvt1,14,5
100.0,140.0,bot,313.0,290.0,23.0,46.0,0.46,5.15,False,False,beethoven-sym5-mvt1,14,5
100.0,140.0,top,25.0,2.0,23.0,46.0,0.46,5.15,True,True,beethoven-sym5-mvt1,14,5
100.0,140.0,bot,313.0,290.0,23.0,46.0,0.46,5.15,False,False,beethoven-sym5-mvt1,14,5
100.0,140.0,top,22.0,0.0,22.0,46.0,0.46,5.15,True,True,beethoven-sym5-mvt1,14,5
100.0,140.0,bot,313.0,290.0,23.0,46.0,0.46,5.15,False,False,beethoven-sym5-mvt1,14,5
93.75,131.25,top,21.0,0.0,21.0,45.0,0.48,5.1626666666666665,True,True,beethoven-sym5-mvt1,15,0
93.75,131.25,bot,325.0,302.0,23.0,45.0,0.48,5.1626666666666665,False,False,beethoven-sym5-mvt1,15,0
93.75,131.25,top,21.0,0.0,21.0,45.0,0.48,5.1626666666666665,True,True,beethoven-sym5-mvt1,15,0
93.75,131.25,bot,325.0,302.0,23.0,45.0,0.48,5.1626666666666665,False,False,beethoven-sym5-mvt1,15,0
93.75,131.25,top,21.0,0.0,21.0,45.0,0.48,5.1626666666666665,True,True,beethoven-sym5-mvt1,15,0
93.75,131.25,bot,325.0,302.0,23.0,45.0,0.48,5.1626666666666665,False,False,beethoven-sym5-mvt1,15,0
100.0,140.0,top,23.0,0.0,23.0,48.0,0.48,2.65,True,True,beethoven-sym5-mvt1,15,2
100.0,140.0,bot,314.0,290.0,24.0,48.0,0.48,2.65,False,False,beethoven-sym5-mvt1,15,2
100.0,140.0,top,23.0,0.0,23.0,48.0,0.48,2.65,True,True,beethoven-sym5-mvt1,15,2
100.0,140.0,bot,314.0,290.0,24.0,48.0,0.48,2.65,False,False,beethoven-sym5-mvt1,15,2
100.0,140.0,top,341.0,317.0,24.0,49.0,0.49,5.15,False,False,beethoven-sym5-mvt1,15,6
100.0,140.0,bot,26.0,1.0,25.0,49.0,0.49,5.15,True,True,beethoven-sym5-mvt1,15,6
100.0,140.0,top,341.0,317.0,24.0,49.0,0.49,5.15,False,False,beethoven-sym5-mvt1,15,6
100.0,140.0,bot,26.0,1.0,25.0,49.0,0.49,5.15,True,True,beethoven-sym5-mvt1,15,6
100.0,140.0,top,341.0,317.0,24.0,49.0,0.49,5.15,False,False,beethoven-sym5-mvt1,15,6
100.0,140.0,bot,26.0,1.0,25.0,49.0,0.49,5.15,True,True,beethoven-sym5-mvt1,15,6
93.75,131.25,top,21.0,0.0,21.0,45.0,0.48,5.1626666666666665,True,True,beethoven-sym5-mvt1,16,0
93.75,131.25,bot,295.0,272.0,23.0,45.0,0.48,5.1626666666666665,False,False,beethoven-sym5-mvt1,16,0
93.75,131.25,top,21.0,0.0,21.0,45.0,0.48,5.1626666666666665,True,True,beethoven-sym5-mvt1,16,0
93.75,131.25,bot,295.0,272.0,23.0,45.0,0.48,5.1626666666666665,False,False,beethoven-sym5-mvt1,16,0
93.75,131.25,top,21.0,0.0,21.0,45.0,0.48,5.1626666666666665,True,True,beethoven-sym5-mvt1,16,0
93.75,131.25,bot,295.0,272.0,23.0,45.0,0.48,5.1626666666666665,False,False,beethoven-sym5-mvt1,16,0
100.0,140.0,top,23.0,0.0,23.0,48.0,0.48,2.65,True,True,beethoven-sym5-mvt1,16,2
100.0,140.0,bot,343.0,319.0,24.0,48.0,0.48,2.65,False,False,beethoven-sym5-mvt1,16,2
100.0,140.0,top,23.0,0.0,23.0,48.0,0.48,2.65,True,True,beethoven-sym5-mvt1,16,2
100.0,140.0,bot,343.0,319.0,24.0,48.0,0.48,2.65,False,False,beethoven-sym5-mvt1,16,2
93.75,131.25,top,327.0,304.0,23.0,46.0,0.49066666666666664,5.152,False,False,beethoven-sym5-mvt1,17,0
93.75,131.25,bot,24.0,1.0,23.0,46.0,0.49066666666666664,5.152,True,True,beethoven-sym5-mvt1,17,0
93.75,131.25,top,327.0,304.0,23.0,46.0,0.49066666666666664,5.152,False,False,beethoven-sym5-mvt1,17,0
93.75,131.25,bot,24.0,1.0,23.0,46.0,0.49066666666666664,5.152,True,True,beethoven-sym5-mvt1,17,0
93.75,131.25,top,327.0,304.0,23.0,46.0,0.49066666666666664,5.152,False,False,beethoven-sym5-mvt1,17,0
93.75,131.25,bot,24.0,1.0,23.0,46.0,0.49066666666666664,5.152,True,True,beethoven-sym5-mvt1,17,0
100.0,140.0,top,317.0,293.0,24.0,48.0,0.48,2.65,False,False,beethoven-sym5-mvt1,17,2
100.0,140.0,bot,25.0,1.0,24.0,48.0,0.48,2.65,True,True,beethoven-sym5-mvt1,17,2
100.0,140.0,top,317.0,293.0,24.0,48.0,0.48,2.65,False,False,beethoven-sym5-mvt1,17,2
100.0,140.0,bot,25.0,1.0,24.0,48.0,0.48,2.65,True,True,beethoven-sym5-mvt1,17,2
100.0,140.0,top,563.0,539.0,24.0,48.0,0.48,5.35,False,False,brahms-sym1-mvt1,0,3
100.0,140.0,bot,28.0,4.0,24.0,48.0,0.48,5.35,True,True,brahms-sym1-mvt1,0,3
100.0,140.0,top,517.0,493.0,24.0,48.0,0.48,5.35,False,False,brahms-sym1-mvt1,0,3
100.0,140.0,bot,25.0,1.0,24.0,48.0,0.48,5.35,True,True,brahms-sym1-mvt1,0,3
100.0,140.0,top,462.0,438.0,24.0,48.0,0.48,5.35,False,False,brahms-sym1-mvt1,0,3
100.0,140.0,bot,28.0,4.0,24.0,48.0,0.48,5.35,True,True,brahms-sym1-mvt1,0,3
100.0,140.0,top,563.0,539.0,24.0,48.0,0.48,5.35,False,False,brahms-sym1-mvt1,0,4
100.0,140.0,bot,28.0,4.0,24.0,48.0,0.48,5.35,True,True,brahms-sym1-mvt1,0,4
100.0,140.0,top,513.0,489.0,24.0,48.0,0.48,5.35,False,False,brahms-sym1-mvt1,0,4
100.0,140.0,bot,25.0,1.0,24.0,48.0,0.48,5.35,True,True,brahms-sym1-mvt1,0,4
100.0,140.0,top,462.0,438.0,24.0,48.0,0.48,5.35,False,False,brahms-sym1-mvt1,0,4
100.0,140.0,bot,28.0,4.0,24.0,48.0,0.48,5.35,True,True,brahms-sym1-mvt1,0,4
100.0,140.0,top,378.0,350.0,28.0,56.0,0.56,5.35,False,False,brahms-sym1-mvt1,0,5
100.0,140.0,bot,17.0,0.0,17.0,56.0,0.56,5.35,True,True,brahms-sym1-mvt1,0,5
100.0,140.0,top,323.0,295.0,28.0,56.0,0.56,5.35,False,False,brahms-sym1-mvt1,0,5
100.0,140.0,bot,26.0,0.0,26.0,56.0,0.56,5.35,True,True,brahms-sym1-mvt1,0,5
100.0,140.0,top,276.0,248.0,28.0,56.0,0.56,5.35,False,False,brahms-sym1-mvt1,0,5
100.0,140.0,bot,34.0,6.0,28.0,56.0,0.56,5.35,True,True,brahms-sym1-mvt1,0,5
100.0,140.0,top,462.0,438.0,24.0,48.0,0.48,5.32,False,False,brahms-sym1-mvt1,1,3
100.0,140.0,bot,25.0,1.0,24.0,48.0,0.48,5.32,True,True,brahms-sym1-mvt1,1,3
100.0,140.0,top,416.0,392.0,24.0,48.0,0.48,5.32,False,False,brahms-sym1-mvt1,1,3
100.0,140.0,bot,25.0,1.0,24.0,48.0,0.48,5.32,True,True,brahms-sym1-mvt1,1,3
100.0,140.0,top,363.0,339.0,24.0,48.0,0.48,5.32,False,False,brahms-sym1-mvt1,1,3
100.0,140.0,bot,25.0,1.0,24.0,48.0,0.48,5.32,True,True,brahms-sym1-mvt1,1,3
100.0,140.0,top,462.0,438.0,24.0,48.0,0.48,5.33,False,False,brahms-sym1-mvt1,1,4
100.0,140.0,bot,25.0,1.0,24.0,48.0,0.48,5.33,True,True,brahms-sym1-mvt1,1,4
100.0,140.0,top,411.0,387.0,24.0,48.0,0.48,5.33,False,False,brahms-sym1-mvt1,1,4
100.0,140.0,bot,25.0,1.0,24.0,48.0,0.48,5.33,True,True,brahms-sym1-mvt1,1,4
100.0,140.0,top,363.0,339.0,24.0,48.0,0.48,5.33,False,False,brahms-sym1-mvt1,1,4
100.0,140.0,bot,25.0,1.0,24.0,48.0,0.48,5.33,True,True,brahms-sym1-mvt1,1,4
100.0,140.0,top,415.0,378.0,37.0,74.0,0.74,5.32,False,False,brahms-sym1-mvt1,1,5
100.0,140.0,bot,3.0,0.0,3.0,74.0,0.74,5.32,True,True,brahms-sym1-mvt1,1,5
100.0,140.0,top,359.0,322.0,37.0,74.0,0.74,5.32,False,False,brahms-sym1-mvt1,1,5
100.0,140.0,bot,29.0,0.0,29.0,74.0,0.74,5.32,True,True,brahms-sym1-mvt1,1,5
100.0,140.0,top,316.0,279.0,37.0,74.0,0.74,5.32,False,False,brahms-sym1-mvt1,1,5
100.0,140.0,bot,58.0,21.0,37.0,74.0,0.74,5.32,True,True,brahms-sym1-mvt1,1,5
100.0,140.0,top,363.0,326.0,37.0,75.0,0.75,5.38,False,False,brahms-sym1-mvt1,2,3
100.0,140.0,bot,5.0,0.0,5.0,75.0,0.75,5.38,True,True,brahms-sym1-mvt1,2,3
100.0,140.0,top,317.0,280.0,37.0,75.0,0.75,5.38,False,False,brahms-sym1-mvt1,2,3
100.0,140.0,bot,27.0,0.0,27.0,75.0,0.75,5.38,True,True,brahms-sym1-mvt1,2,3
100.0,140.0,top,261.0,224.0,37.0,75.0,0.75,5.38,False,False,brahms-sym1-mvt1,2,3
100.0,140.0,bot,58.0,20.0,38.0,75.0,0.75,5.38,True,True,brahms-sym1-mvt1,2,3
100.0,140.0,top,363.0,326.0,37.0,75.0,0.75,5.35,False,False,brahms-sym1-mvt1,2,4
100.0,140.0,bot,5.0,0.0,5.0,75.0,0.75,5.35,True,True,brahms-sym1-mvt1,2,4
100.0,140.0,top,312.0,275.0,37.0,75.0,0.75,5.35,False,False,brahms-sym1-mvt1,2,4
100.0,140.0,bot,27.0,0.0,27.0,75.0,0.75,5.35,True,True,brahms-sym1-mvt1,2,4
100.0,140.0,top,261.0,224.0,37.0,75.0,0.75,5.35,False,False,brahms-sym1-mvt1,2,4
100.0,140.0,bot,58.0,20.0,38.0,75.0,0.75,5.35,True,True,brahms-sym1-mvt1,2,4
100.0,140.0,top,377.0,348.0,29.0,58.0,0.58,5.35,False,False,brahms-sym1-mvt1,2,5
100.0,140.0,bot,15.0,0.0,15.0,58.0,0.58,5.35,True,True,brahms-sym1-mvt1,2,5
100.0,140.0,top,322.0,293.0,29.0,58.0,0.58,5.35,False,False,brahms-sym1-mvt1,2,5
100.0,140.0,bot,25.0,0.0,25.0,58.0,0.58,5.35,True,True,brahms-sym1-mvt1,2,5
100.0,140.0,top,278.0,249.0,29.0,58.0,0.58,5.35,False,False,brahms-sym1-mvt1,2,5
100.0,140.0,bot,35.0,6.0,29.0,58.0,0.58,5.35,True,True,brahms-sym1-mvt1,2,5
100.0,140.0,top,363.0,326.0,37.0,75.0,0.75,5.38,False,False,brahms-sym1-mvt1,3,3
100.0,140.0,bot,4.0,0.0,4.0,75.0,0.75,5.38,True,True,brahms-sym1-mvt1,3,3
100.0,140.0,top,317.0,280.0,37.0,75.0,0.75,5.38,False,False,brahms-sym1-mvt1,3,3
100.0,140.0,bot,27.0,0.0,27.0,75.0,0.75,5.38,True,True,brahms-sym1-mvt1,3,3
100.0,140.0,top,264.0,227.0,37.0,75.0,0.75,5.38,False,False,brahms-sym1-mvt1,3,3
100.0,140.0,bot,56.0,18.0,38.0,75.0,0.75,5.38,True,True,brahms-sym1-mvt1,3,3
100.0,140.0,top,363.0,326.0,37.0,75.0,0.75,5.35,False,False,brahms-sym1-mvt1,3,4
100.0,140.0,bot,4.0,0.0,4.0,75.0,0.75,5.35,True,True,brahms-sym1-mvt1,3,4
100.0,140.0,top,312.0,275.0,37.0,75.0,0.75,5.35,False,False,brahms-sym1-mvt1,3,4
100.0,140.0,bot,27.0,0.0,27.0,75.0,0.75,5.35,True,True,brahms-sym1-mvt1,3,4
100.0,140.0,top,264.0,227.0,37.0,75.0,0.75,5.35,False,False,brahms-sym1-mvt1,3,4
100.0,140.0,bot,56.0,18.0,38.0,75.0,0.75,5.35,True,True,brahms-sym1-mvt1,3,4
100.0,140.0,top,416.0,379.0,37.0,75.0,0.75,5.35,False,False,brahms-sym1-mvt1,3,5
100.0,140.0,bot,4.0,0.0,4.0,75.0,0.75,5.35,True,True,brahms-sym1-mvt1,3,5
100.0,140.0,top,363.0,326.0,37.0,75.0,0.75,5.35,False,False,brahms-sym1-mvt1,3,5
100.0,140.0,bot,27.0,0.0,27.0,75.0,0.75,5.35,True,True,brahms-sym1-mvt1,3,5
100.0,140.0,top,317.0,280.0,37.0,75.0,0.75,5.35,False,False,brahms-sym1-mvt1,3,5
100.0,140.0,bot,59.0,21.0,38.0,75.0,0.75,5.35,True,True,brahms-sym1-mvt1,3,5
100.0,140.0,top,55.0,18.0,37.0,75.0,0.75,5.32,True,True,brahms-sym1-mvt1,4,3
100.0,140.0,bot,263.0,225.0,38.0,75.0,0.75,5.32,False,False,brahms-sym1-mvt1,4,3
100.0,140.0,top,22.0,0.0,22.0,75.0,0.75,5.32,True,True,brahms-sym1-mvt1,4,3
100.0,140.0,bot,313.0,275.0,38.0,75.0,0.75,5.32,False,False,brahms-sym1-mvt1,4,3
100.0,140.0,top,7.0,0.0,7.0,75.0,0.75,5.32,True,True,brahms-sym1-mvt1,4,3
100.0,140.0,bot,364.0,326.0,38.0,75.0,0.75,5.32,False,False,brahms-sym1-mvt1,4,3
100.0,140.0,top,55.0,18.0,37.0,75.0,0.75,5.33,True,True,brahms-sym1-mvt1,4,4
100.0,140.0,bot,268.0,230.0,38.0,75.0,0.75,5.33,False,False,brahms-sym1-mvt1,4,4
100.0,140.0,top,22.0,0.0,22.0,75.0,0.75,5.33,True,True,brahms-sym1-mvt1,4,4
100.0,140.0,bot,313.0,275.0,38.0,75.0,0.75,5.33,False,False,brahms-sym1-mvt1,4,4
100.0,140.0,top,7.0,0.0,7.0,75.0,0.75,5.33,True,True,brahms-sym1-mvt1,4,4
100.0,140.0,bot,369.0,331.0,38.0,75.0,0.75,5.33,False,False,brahms-sym1-mvt1,4,4
100.0,140.0,top,316.0,279.0,37.0,75.0,0.75,5.32,False,False,brahms-sym1-mvt1,4,5
100.0,140.0,bot,5.0,0.0,5.0,75.0,0.75,5.32,True,True,brahms-sym1-mvt1,4,5
100.0,140.0,top,260.0,223.0,37.0,75.0,0.75,5.32,False,False,brahms-sym1-mvt1,4,5
100.0,140.0,bot,27.0,0.0,27.0,75.0,0.75,5.32,True,True,brahms-sym1-mvt1,4,5
100.0,140.0,top,217.0,180.0,37.0,75.0,0.75,5.32,False,False,brahms-sym1-mvt1,4,5
100.0,140.0,bot,56.0,18.0,38.0,75.0,0.75,5.32,True,True,brahms-sym1-mvt1,4,5
100.0,140.0,top,53.0,16.0,37.0,74.0,0.74,5.32,True,True,brahms-sym1-mvt1,5,3
100.0,140.0,bot,265.0,228.0,37.0,74.0,0.74,5.32,False,False,brahms-sym1-mvt1,5,3
100.0,140.0,top,7.0,0.0,7.0,74.0,0.74,5.32,True,True,brahms-sym1-mvt1,5,3
100.0,140.0,bot,364.0,327.0,37.0,74.0,0.74,5.32,False,False,brahms-sym1-mvt1,5,3
100.0,140.0,top,53.0,16.0,37.0,74.0,0.74,5.33,True,True,brahms-sym1-mvt1,5,4
100.0,140.0,bot,270.0,233.0,37.0,74.0,0.74,5.33,False,False,brahms-sym1-mvt1,5,4
100.0,140.0,top,7.0,0.0,7.0,74.0,0.74,5.33,True,True,brahms-sym1-mvt1,5,4
100.0,140.0,bot,369.0,332.0,37.0,74.0,0.74,5.33,False,False,brahms-sym1-mvt1,5,4
100.0,140.0,top,53.0,16.0,37.0,74.0,0.74,5.32,True,True,brahms-sym1-mvt1,5,5
100.0,140.0,bot,313.0,276.0,37.0,74.0,0.74,5.32,False,False,brahms-sym1-mvt1,5,5
100.0,140.0,top,7.0,0.0,7.0,74.0,0.74,5.32,True,True,brahms-sym1-mvt1,5,5
100.0,140.0,bot,414.0,377.0,37.0,74.0,0.74,5.32,False,False,brahms-sym1-mvt1,5,5
100.0,140.0,top,361.0,324.0,37.0,75.0,0.75,5.34,False,False,brahms-sym1-mvt1,6,3
100.0,140.0,bot,5.0,0.0,5.0,75.0,0.75,5.34,True,True,brahms-sym1-mvt1,6,3
100.0,140.0,top,316.0,279.0,37.0,75.0,0.75,5.34,False,False,brahms-sym1-mvt1,6,3
100.0,140.0,bot,27.0,0.0,27.0,75.0,0.75,5.34,True,True,brahms-sym1-mvt1,6,3
100.0,140.0,top,260.0,223.0,37.0,75.0,0.75,5.34,False,False,brahms-sym1-mvt1,6,3
100.0,140.0,bot,56.0,18.0,38.0,75.0,0.75,5.34,True,True,brahms-sym1-mvt1,6,3
100.0,140.0,top,361.0,324.0,37.0,75.0,0.75,5.33,False,False,brahms-sym1-mvt1,6,4
100.0,140.0,bot,5.0,0.0,5.0,75.0,0.75,5.33,True,True,brahms-sym1-mvt1,6,4
100.0,140.0,top,311.0,274.0,37.0,75.0,0.75,5.33,False,False,brahms-sym1-mvt1,6,4
100.0,140.0,bot,27.0,0.0,27.0,75.0,0.75,5.33,True,True,brahms-sym1-mvt1,6,4
100.0,140.0,top,260.0,223.0,37.0,75.0,0.75,5.33,False,False,brahms-sym1-mvt1,6,4
100.0,140.0,bot,56.0,18.0,38.0,75.0,0.75,5.33,True,True,brahms-sym1-mvt1,6,4
100.0,140.0,top,415.0,378.0,37.0,74.0,0.74,5.32,False,False,brahms-sym1-mvt1,6,5
100.0,140.0,bot,5.0,0.0,5.0,74.0,0.74,5.32,True,True,brahms-sym1-mvt1,6,5
100.0,140.0,top,359.0,322.0,37.0,74.0,0.74,5.32,False,False,brahms-sym1-mvt1,6,5
100.0,140.0,bot,29.0,0.0,29.0,74.0,0.74,5.32,True,True,brahms-sym1-mvt1,6,5
100.0,140.0,top,316.0,279.0,37.0,74.0,0.74,5.32,False,False,brahms-sym1-mvt1,6,5
100.0,140.0,bot,58.0,21.0,37.0,74.0,0.74,5.32,True,True,brahms-sym1-mvt1,6,5
100.0,140.0,top,53.0,16.0,37.0,74.0,0.74,5.32,True,True,brahms-sym1-mvt1,7,3
100.0,140.0,bot,265.0,228.0,37.0,74.0,0.74,5.32,False,False,brahms-sym1-mvt1,7,3
100.0,140.0,top,22.0,0.0,22.0,74.0,0.74,5.32,True,True,brahms-sym1-mvt1,7,3
100.0,140.0,bot,313.0,276.0,37.0,74.0,0.74,5.32,False,False,brahms-sym1-mvt1,7,3
100.0,140.0,top,7.0,0.0,7.0,74.0,0.74,5.32,True,True,brahms-sym1-mvt1,7,3
100.0,140.0,bot,364.0,327.0,37.0,74.0,0.74,5.32,False,False,brahms-sym1-mvt1,7,3
100.0,140.0,top,53.0,16.0,37.0,74.0,0.74,5.33,True,True,brahms-sym1-mvt1,7,4
100.0,140.0,bot,270.0,233.0,37.0,74.0,0.74,5.33,False,False,brahms-sym1-mvt1,7,4
100.0,140.0,top,22.0,0.0,22.0,74.0,0.74,5.33,True,True,brahms-sym1-mvt1,7,4
100.0,140.0,bot,313.0,276.0,37.0,74.0,0.74,5.33,False,False,brahms-sym1-mvt1,7,4
100.0,140.0,top,7.0,0.0,7.0,74.0,0.74,5.33,True,True,brahms-sym1-mvt1,7,4
100.0,140.0,bot,369.0,332.0,37.0,74.0,0.74,5.33,False,False,brahms-sym1-mvt1,7,4
100.0,140.0,top,417.0,380.0,37.0,75.0,0.75,5.32,False,False,brahms-sym1-mvt1,7,5
100.0,140.0,bot,5.0,0.0,5.0,75.0,0.75,5.32,True,True,brahms-sym1-mvt1,7,5
100.0,140.0,top,361.0,324.0,37.0,75.0,0.75,5.32,False,False,brahms-sym1-mvt1,7,5
100.0,140.0,bot,27.0,0.0,27.0,75.0,0.75,5.32,True,True,brahms-sym1-mvt1,7,5
100.0,140.0,top,316.0,279.0,37.0,75.0,0.75,5.32,False,False,brahms-sym1-mvt1,7,5
100.0,140.0,bot,56.0,18.0,38.0,75.0,0.75,5.32,True,True,brahms-sym1-mvt1,7,5
77.0,107.8,top,18.0,0.0,18.0,37.0,0.4805194805194805,5.064935064935065,True,True,brahms-sym1-mvt1,8,0
77.0,107.8,bot,323.0,304.0,19.0,37.0,0.4805194805194805,5.064935064935065,False,False,brahms-sym1-mvt1,8,0
77.0,107.8,top,18.0,0.0,18.0,37.0,0.4805194805194805,5.064935064935065,True,True,brahms-sym1-mvt1,8,0
77.0,107.8,bot,319.0,300.0,19.0,37.0,0.4805194805194805,5.064935064935065,False,False,brahms-sym1-mvt1,8,0
77.0,107.8,top,18.0,0.0,18.0,37.0,0.4805194805194805,5.064935064935065,True,True,brahms-sym1-mvt1,8,0
77.0,107.8,bot,323.0,304.0,19.0,37.0,0.4805194805194805,5.064935064935065,False,False,brahms-sym1-mvt1,8,0
77.0,107.8,top,18.0,0.0,18.0,37.0,0.4805194805194805,5.0519480519480515,True,True,brahms-sym1-mvt1,8,0
77.0,107.8,bot,319.0,300.0,19.0,37.0,0.4805194805194805,5.0519480519480515,False,False,brahms-sym1-mvt1,8,0
77.0,107.8,top,18.0,0.0,18.0,37.0,0.4805194805194805,5.0519480519480515,True,True,brahms-sym1-mvt1,8,0
77.0,107.8,bot,319.0,300.0,19.0,37.0,0.4805194805194805,5.0519480519480515,False,False,brahms-sym1-mvt1,8,0
77.0,107.8,top,18.0,0.0,18.0,37.0,0.4805194805194805,5.0519480519480515,True,True,brahms-sym1-mvt1,8,0
77.0,107.8,bot,319.0,300.0,19.0,37.0,0.4805194805194805,5.0519480519480515,False,False,brahms-sym1-mvt1,8,0
100.0,140.0,top,23.0,0.0,23.0,49.0,0.49,5.06,True,True,brahms-sym1-mvt1,8,1
100.0,140.0,bot,416.0,391.0,25.0,49.0,0.49,5.06,False,False,brahms-sym1-mvt1,8,1
100.0,140.0,top,23.0,0.0,23.0,49.0,0.49,5.06,True,True,brahms-sym1-mvt1,8,1
100.0,140.0,bot,421.0,396.0,25.0,49.0,0.49,5.06,False,False,brahms-sym1-mvt1,8,1
100.0,140.0,top,23.0,0.0,23.0,49.0,0.49,5.06,True,True,brahms-sym1-mvt1,8,1
100.0,140.0,bot,416.0,391.0,25.0,49.0,0.49,5.06,False,False,brahms-sym1-mvt1,8,1
100.0,140.0,top,23.0,0.0,23.0,49.0,0.49,5.74,True,True,brahms-sym1-mvt1,8,1
100.0,140.0,bot,421.0,396.0,25.0,49.0,0.49,5.74,False,False,brahms-sym1-mvt1,8,1
100.0,140.0,top,23.0,0.0,23.0,49.0,0.49,5.74,True,True,brahms-sym1-mvt1,8,1
100.0,140.0,bot,416.0,391.0,25.0,49.0,0.49,5.74,False,False,brahms-sym1-mvt1,8,1
100.0,140.0,top,23.0,0.0,23.0,49.0,0.49,5.74,True,True,brahms-sym1-mvt1,8,1
100.0,140.0,bot,416.0,391.0,25.0,49.0,0.49,5.74,False,False,brahms-sym1-mvt1,8,1
100.0,140.0,top,23.0,0.0,23.0,49.0,0.49,5.06,True,True,brahms-sym1-mvt1,8,2
100.0,140.0,bot,421.0,396.0,25.0,49.0,0.49,5.06,False,False,brahms-sym1-mvt1,8,2
100.0,140.0,top,23.0,0.0,23.0,49.0,0.49,5.06,True,True,brahms-sym1-mvt1,8,2
100.0,140.0,bot,416.0,391.0,25.0,49.0,0.49,5.06,False,False,brahms-sym1-mvt1,8,2
100.0,140.0,top,23.0,0.0,23.0,49.0,0.49,5.06,True,True,brahms-sym1-mvt1,8,2
100.0,140.0,bot,421.0,396.0,25.0,49.0,0.49,5.06,False,False,brahms-sym1-mvt1,8,2
100.0,140.0,top,23.0,0.0,23.0,49.0,0.49,5.07,True,True,brahms-sym1-mvt1,8,2
100.0,140.0,bot,416.0,391.0,25.0,49.0,0.49,5.07,False,False,brahms-sym1-mvt1,8,2
100.0,140.0,top,23.0,0.0,23.0,49.0,0.49,5.07,True,True,brahms-sym1-mvt1,8,2
100.0,140.0,bot,421.0,396.0,25.0,49.0,0.49,5.07,False,False,brahms-sym1-mvt1,8,2
100.0,140.0,top,23.0,0.0,23.0,49.0,0.49,5.07,True,True,brahms-sym1-mvt1,8,2
100.0,140.0,bot,416.0,391.0,25.0,49.0,0.49,5.07,False,False,brahms-sym1-mvt1,8,2
100.0,140.0,top,23.0,0.0,23.0,49.0,0.49,5.07,True,True,brahms-sym1-mvt1,8,3
100.0,140.0,bot,416.0,391.0,25.0,49.0,0.49,5.07,False,False,brahms-sym1-mvt1,8,3
100.0,140.0,top,23.0,0.0,23.0,49.0,0.49,5.07,True,True,brahms-sym1-mvt1,8,3
100.0,140.0,bot,416.0,391.0,25.0,49.0,0.49,5.07,False,False,brahms-sym1-mvt1,8,3
100.0,140.0,top,23.0,0.0,23.0,49.0,0.49,5.07,True,True,brahms-sym1-mvt1,8,3
100.0,140.0,bot,416.0,391.0,25.0,49.0,0.49,5.07,False,False,brahms-sym1-mvt1,8,3
100.0,140.0,top,23.0,0.0,23.0,49.0,0.49,5.35,True,True,brahms-sym1-mvt1,8,3
100.0,140.0,bot,416.0,391.0,25.0,49.0,0.49,5.35,False,False,brahms-sym1-mvt1,8,3
100.0,140.0,top,23.0,0.0,23.0,49.0,0.49,5.35,True,True,brahms-sym1-mvt1,8,3
100.0,140.0,bot,416.0,391.0,25.0,49.0,0.49,5.35,False,False,brahms-sym1-mvt1,8,3
100.0,140.0,top,23.0,0.0,23.0,49.0,0.49,5.35,True,True,brahms-sym1-mvt1,8,3
100.0,140.0,bot,416.0,391.0,25.0,49.0,0.49,5.35,False,False,brahms-sym1-mvt1,8,3
100.0,140.0,top,23.0,0.0,23.0,49.0,0.49,5.42,True,True,brahms-sym1-mvt1,8,4
100.0,140.0,bot,421.0,396.0,25.0,49.0,0.49,5.42,False,False,brahms-sym1-mvt1,8,4
100.0,140.0,top,23.0,0.0,23.0,49.0,0.49,5.42,True,True,brahms-sym1-mvt1,8,4
100.0,140.0,bot,416.0,391.0,25.0,49.0,0.49,5.42,False,False,brahms-sym1-mvt1,8,4
100.0,140.0,top,23.0,0.0,23.0,49.0,0.49,5.42,True,True,brahms-sym1-mvt1,8,4
100.0,140.0,bot,416.0,391.0,25.0,49.0,0.49,5.42,False,False,brahms-sym1-mvt1,8,4
100.0,140.0,top,23.0,0.0,23.0,49.0,0.49,5.36,True,True,brahms-sym1-mvt1,8,4
100.0,140.0,bot,421.0,396.0,25.0,49.0,0.49,5.36,False,False,brahms-sym1-mvt1,8,4
100.0,140.0,top,23.0,0.0,23.0,49.0,0.49,5.36,True,True,brahms-sym1-mvt1,8,4
100.0,140.0,bot,416.0,391.0,25.0,49.0,0.49,5.36,False,False,brahms-sym1-mvt1,8,4
100.0,140.0,top,23.0,0.0,23.0,49.0,0.49,5.36,True,True,brahms-sym1-mvt1,8,4
100.0,140.0,bot,421.0,396.0,25.0,49.0,0.49,5.36,False,False,brahms-sym1-mvt1,8,4
100.0,140.0,top,23.0,0.0,23.0,49.0,0.49,5.65,True,True,brahms-sym1-mvt1,8,5
100.0,140.0,bot,421.0,396.0,25.0,49.0,0.49,5.65,False,False,brahms-sym1-mvt1,8,5
100.0,140.0,top,23.0,0.0,23.0,49.0,0.49,5.65,True,True,brahms-sym1-mvt1,8,5
100.0,140.0,bot,421.0,396.0,25.0,49.0,0.49,5.65,False,False,brahms-sym1-mvt1,8,5
100.0,140.0,top,23.0,0.0,23.0,49.0,0.49,5.65,True,True,brahms-sym1-mvt1,8,5
100.0,140.0,bot,416.0,391.0,25.0,49.0,0.49,5.65,False,False,brahms-sym1-mvt1,8,5
100.0,140.0,top,23.0,0.0,23.0,49.0,0.49,5.35,True,True,brahms-sym1-mvt1,8,5
100.0,140.0,bot,416.0,391.0,25.0,49.0,0.49,5.35,False,False,brahms-sym1-mvt1,8,5
100.0,140.0,top,23.0,0.0,23.0,49.0,0.49,5.35,True,True,brahms-sym1-mvt1,8,5
100.0,140.0,bot,421.0,396.0,25.0,49.0,0.49,5.35,False,False,brahms-sym1-mvt1,8,5
100.0,140.0,top,23.0,0.0,23.0,49.0,0.49,5.35,True,True,brahms-sym1-mvt1,8,5
100.0,140.0,bot,416.0,391.0,25.0,49.0,0.49,5.35,False,False,brahms-sym1-mvt1,8,5
89.0,124.6,top,20.0,0.0,20.0,43.0,0.48314606741573035,8.02247191011236,True,True,brahms-sym1-mvt1,8,6
89.0,124.6,bot,371.0,349.0,22.0,43.0,0.48314606741573035,8.02247191011236,False,False,brahms-sym1-mvt1,8,6
89.0,124.6,top,20.0,0.0,20.0,43.0,0.48314606741573035,8.02247191011236,True,True,brahms-sym1-mvt1,8,6
89.0,124.6,bot,375.0,353.0,22.0,43.0,0.48314606741573035,8.02247191011236,False,False,brahms-sym1-mvt1,8,6
89.0,124.6,top,20.0,0.0,20.0,43.0,0.48314606741573035,8.02247191011236,True,True,brahms-sym1-mvt1,8,6
89.0,124.6,bot,371.0,349.0,22.0,43.0,0.48314606741573035,8.02247191011236,False,False,brahms-sym1-mvt1,8,6
89.0,124.6,top,20.0,0.0,20.0,43.0,0.48314606741573035,8.02247191011236,True,True,brahms-sym1-mvt1,8,6
89.0,124.6,bot,371.0,349.0,22.0,43.0,0.48314606741573035,8.02247191011236,False,False,brahms-sym1-mvt1,8,6
89.0,124.6,top,20.0,0.0,20.0,43.0,0.48314606741573035,8.02247191011236,True,True,brahms-sym1-mvt1,8,6
89.0,124.6,bot,375.0,353.0,22.0,43.0,0.48314606741573035,8.02247191011236,False,False,brahms-sym1-mvt1,8,6
89.0,124.6,top,20.0,0.0,20.0,43.0,0.48314606741573035,8.02247191011236,True,True,brahms-sym1-mvt1,8,6
89.0,124.6,bot,371.0,349.0,22.0,43.0,0.48314606741573035,8.02247191011236,False,False,brahms-sym1-mvt1,8,6
77.5,108.5,top,17.0,0.0,17.0,37.0,0.4774193548387097,5.032258064516129,True,True,brahms-sym1-mvt1,15,0
77.5,108.5,bot,271.0,252.0,19.0,37.0,0.4774193548387097,5.032258064516129,False,False,brahms-sym1-mvt1,15,0
77.5,108.5,top,17.0,0.0,17.0,37.0,0.4774193548387097,5.032258064516129,True,True,brahms-sym1-mvt1,15,0
77.5,108.5,bot,267.0,248.0,19.0,37.0,0.4774193548387097,5.032258064516129,False,False,brahms-sym1-mvt1,15,0
77.5,108.5,top,17.0,0.0,17.0,37.0,0.4774193548387097,5.032258064516129,True,True,brahms-sym1-mvt1,15,0
77.5,108.5,bot,271.0,252.0,19.0,37.0,0.4774193548387097,5.032258064516129,False,False,brahms-sym1-mvt1,15,0
77.5,108.5,top,17.0,0.0,17.0,37.0,0.4774193548387097,5.019354838709678,True,True,brahms-sym1-mvt1,15,0
77.5,108.5,bot,267.0,248.0,19.0,37.0,0.4774193548387097,5.019354838709678,False,False,brahms-sym1-mvt1,15,0
77.5,108.5,top,17.0,0.0,17.0,37.0,0.4774193548387097,5.019354838709678,True,True,brahms-sym1-mvt1,15,0
77.5,108.5,bot,267.0,248.0,19.0,37.0,0.4774193548387097,5.019354838709678,False,False,brahms-sym1-mvt1,15,0
77.5,108.5,top,17.0,0.0,17.0,37.0,0.4774193548387097,5.019354838709678,True,True,brahms-sym1-mvt1,15,0
77.5,108.5,bot,267.0,248.0,19.0,37.0,0.4774193548387097,5.019354838709678,False,False,brahms-sym1-mvt1,15,0
100.0,140.0,top,23.0,0.0,23.0,48.0,0.48,5.04,True,True,brahms-sym1-mvt1,15,1
100.0,140.0,bot,346.0,322.0,24.0,48.0,0.48,5.04,False,False,brahms-sym1-mvt1,15,1
100.0,140.0,top,23.0,0.0,23.0,48.0,0.48,5.04,True,True,brahms-sym1-mvt1,15,1
100.0,140.0,bot,350.0,326.0,24.0,48.0,0.48,5.04,False,False,brahms-sym1-mvt1,15,1
100.0,140.0,top,23.0,0.0,23.0,48.0,0.48,5.04,True,True,brahms-sym1-mvt1,15,1
100.0,140.0,bot,346.0,322.0,24.0,48.0,0.48,5.04,False,False,brahms-sym1-mvt1,15,1
100.0,140.0,top,23.0,0.0,23.0,48.0,0.48,5.71,True,True,brahms-sym1-mvt1,15,1
100.0,140.0,bot,350.0,326.0,24.0,48.0,0.48,5.71,False,False,brahms-sym1-mvt1,15,1
100.0,140.0,top,23.0,0.0,23.0,48.0,0.48,5.71,True,True,brahms-sym1-mvt1,15,1
100.0,140.0,bot,346.0,322.0,24.0,48.0,0.48,5.71,False,False,brahms-sym1-mvt1,15,1
100.0,140.0,top,23.0,0.0,23.0,48.0,0.48,5.71,True,True,brahms-sym1-mvt1,15,1
100.0,140.0,bot,346.0,322.0,24.0,48.0,0.48,5.71,False,False,brahms-sym1-mvt1,15,1
100.0,140.0,top,23.0,0.0,23.0,48.0,0.48,5.03,True,True,brahms-sym1-mvt1,15,2
100.0,140.0,bot,350.0,326.0,24.0,48.0,0.48,5.03,False,False,brahms-sym1-mvt1,15,2
100.0,140.0,top,23.0,0.0,23.0,48.0,0.48,5.03,True,True,brahms-sym1-mvt1,15,2
100.0,140.0,bot,346.0,322.0,24.0,48.0,0.48,5.03,False,False,brahms-sym1-mvt1,15,2
100.0,140.0,top,23.0,0.0,23.0,48.0,0.48,5.03,True,True,brahms-sym1-mvt1,15,2
100.0,140.0,bot,350.0,326.0,24.0,48.0,0.48,5.03,False,False,brahms-sym1-mvt1,15,2
100.0,140.0,top,23.0,0.0,23.0,48.0,0.48,5.03,True,True,brahms-sym1-mvt1,15,2
100.0,140.0,bot,346.0,322.0,24.0,48.0,0.48,5.03,False,False,brahms-sym1-mvt1,15,2
100.0,140.0,top,23.0,0.0,23.0,48.0,0.48,5.03,True,True,brahms-sym1-mvt1,15,2
100.0,140.0,bot,350.0,326.0,24.0,48.0,0.48,5.03,False,False,brahms-sym1-mvt1,15,2
100.0,140.0,top,23.0,0.0,23.0,48.0,0.48,5.03,True,True,brahms-sym1-mvt1,15,2
100.0,140.0,bot,346.0,322.0,24.0,48.0,0.48,5.03,False,False,brahms-sym1-mvt1,15,2
100.0,140.0,top,794.0,770.0,24.0,48.0,0.48,5.03,False,False,brahms-sym1-mvt1,15,2
100.0,140.0,bot,1079.0,1055.0,24.0,48.0,0.48,5.03,False,False,brahms-sym1-mvt1,15,2
100.0,140.0,top,23.0,0.0,23.0,48.0,0.48,5.03,True,True,brahms-sym1-mvt1,15,3
100.0,140.0,bot,346.0,322.0,24.0,48.0,0.48,5.03,False,False,brahms-sym1-mvt1,15,3
100.0,140.0,top,23.0,0.0,23.0,48.0,0.48,5.03,True,True,brahms-sym1-mvt1,15,3
100.0,140.0,bot,346.0,322.0,24.0,48.0,0.48,5.03,False,False,brahms-sym1-mvt1,15,3
100.0,140.0,top,23.0,0.0,23.0,48.0,0.48,5.03,True,True,brahms-sym1-mvt1,15,3
100.0,140.0,bot,346.0,322.0,24.0,48.0,0.48,5.03,False,False,brahms-sym1-mvt1,15,3
100.0,140.0,top,23.0,0.0,23.0,48.0,0.48,5.32,True,True,brahms-sym1-mvt1,15,3
100.0,140.0,bot,346.0,322.0,24.0,48.0,0.48,5.32,False,False,brahms-sym1-mvt1,15,3
100.0,140.0,top,23.0,0.0,23.0,48.0,0.48,5.32,True,True,brahms-sym1-mvt1,15,3
100.0,140.0,bot,346.0,322.0,24.0,48.0,0.48,5.32,False,False,brahms-sym1-mvt1,15,3
100.0,140.0,top,23.0,0.0,23.0,48.0,0.48,5.32,True,True,brahms-sym1-mvt1,15,3
100.0,140.0,bot,346.0,322.0,24.0,48.0,0.48,5.32,False,False,brahms-sym1-mvt1,15,3
100.0,140.0,top,620.0,596.0,24.0,48.0,0.48,5.32,False,False,brahms-sym1-mvt1,15,3
100.0,140.0,bot,871.0,847.0,24.0,48.0,0.48,5.32,False,False,brahms-sym1-mvt1,15,3
100.0,140.0,top,738.0,714.0,24.0,48.0,0.48,5.03,False,False,brahms-sym1-mvt1,15,3
100.0,140.0,bot,1079.0,1055.0,24.0,48.0,0.48,5.03,False,False,brahms-sym1-mvt1,15,3
100.0,140.0,top,794.0,770.0,24.0,48.0,0.48,5.32,False,False,brahms-sym1-mvt1,15,3
100.0,140.0,bot,1079.0,1055.0,24.0,48.0,0.48,5.32,False,False,brahms-sym1-mvt1,15,3
100.0,140.0,top,23.0,0.0,23.0,48.0,0.48,5.4,True,True,brahms-sym1-mvt1,15,4
100.0,140.0,bot,350.0,326.0,24.0,48.0,0.48,5.4,False,False,brahms-sym1-mvt1,15,4
100.0,140.0,top,23.0,0.0,23.0,48.0,0.48,5.4,True,True,brahms-sym1-mvt1,15,4
100.0,140.0,bot,346.0,322.0,24.0,48.0,0.48,5.4,False,False,brahms-sym1-mvt1,15,4
100.0,140.0,top,23.0,0.0,23.0,48.0,0.48,5.4,True,True,brahms-sym1-mvt1,15,4
100.0,140.0,bot,346.0,322.0,24.0,48.0,0.48,5.4,False,False,brahms-sym1-mvt1,15,4
100.0,140.0,top,23.0,0.0,23.0,48.0,0.48,5.33,True,True,brahms-sym1-mvt1,15,4
100.0,140.0,bot,350.0,326.0,24.0,48.0,0.48,5.33,False,False,brahms-sym1-mvt1,15,4
100.0,140.0,top,23.0,0.0,23.0,48.0,0.48,5.33,True,True,brahms-sym1-mvt1,15,4
100.0,140.0,bot,346.0,322.0,24.0,48.0,0.48,5.33,False,False,brahms-sym1-mvt1,15,4
100.0,140.0,top,23.0,0.0,23.0,48.0,0.48,5.33,True,True,brahms-sym1-mvt1,15,4
100.0,140.0,bot,350.0,326.0,24.0,48.0,0.48,5.33,False,False,brahms-sym1-mvt1,15,4
100.0,140.0,top,842.0,818.0,24.0,48.0,0.48,5.4,False,False,brahms-sym1-mvt1,15,4
100.0,140.0,bot,1079.0,1055.0,24.0,48.0,0.48,5.4,False,False,brahms-sym1-mvt1,15,4
100.0,140.0,top,23.0,0.0,23.0,48.0,0.48,5.61,True,True,brahms-sym1-mvt1,15,5
100.0,140.0,bot,350.0,326.0,24.0,48.0,0.48,5.61,False,False,brahms-sym1-mvt1,15,5
100.0,140.0,top,23.0,0.0,23.0,48.0,0.48,5.61,True,True,brahms-sym1-mvt1,15,5
100.0,140.0,bot,350.0,326.0,24.0,48.0,0.48,5.61,False,False,brahms-sym1-mvt1,15,5
100.0,140.0,top,23.0,0.0,23.0,48.0,0.48,5.61,True,True,brahms-sym1-mvt1,15,5
100.0,140.0,bot,346.0,322.0,24.0,48.0,0.48,5.61,False,False,brahms-sym1-mvt1,15,5
100.0,140.0,top,23.0,0.0,23.0,48.0,0.48,5.32,True,True,brahms-sym1-mvt1,15,5
100.0,140.0,bot,346.0,322.0,24.0,48.0,0.48,5.32,False,False,brahms-sym1-mvt1,15,5
100.0,140.0,top,23.0,0.0,23.0,48.0,0.48,5.32,True,True,brahms-sym1-mvt1,15,5
100.0,140.0,bot,350.0,326.0,24.0,48.0,0.48,5.32,False,False,brahms-sym1-mvt1,15,5
100.0,140.0,top,23.0,0.0,23.0,48.0,0.48,5.32,True,True,brahms-sym1-mvt1,15,5
100.0,140.0,bot,346.0,322.0,24.0,48.0,0.48,5.32,False,False,brahms-sym1-mvt1,15,5
89.5,125.3,top,21.0,0.0,21.0,43.0,0.48044692737430167,7.977653631284916,True,True,brahms-sym1-mvt1,15,6
89.5,125.3,bot,309.0,287.0,22.0,43.0,0.48044692737430167,7.977653631284916,False,False,brahms-sym1-mvt1,15,6
89.5,125.3,top,21.0,0.0,21.0,43.0,0.48044692737430167,7.977653631284916,True,True,brahms-sym1-mvt1,15,6
89.5,125.3,bot,313.0,291.0,22.0,43.0,0.48044692737430167,7.977653631284916,False,False,brahms-sym1-mvt1,15,6
89.5,125.3,top,21.0,0.0,21.0,43.0,0.48044692737430167,7.977653631284916,True,True,brahms-sym1-mvt1,15,6
89.5,125.3,bot,309.0,287.0,22.0,43.0,0.48044692737430167,7.977653631284916,False,False,brahms-sym1-mvt1,15,6
89.5,125.3,top,21.0,0.0,21.0,43.0,0.48044692737430167,7.977653631284916,True,True,brahms-sym1-mvt1,15,6
89.5,125.3,bot,309.0,287.0,22.0,43.0,0.48044692737430167,7.977653631284916,False,False,brahms-sym1-mvt1,15,6
89.5,125.3,top,21.0,0.0,21.0,43.0,0.48044692737430167,7.977653631284916,True,True,brahms-sym1-mvt1,15,6
89.5,125.3,bot,313.0,291.0,22.0,43.0,0.48044692737430167,7.977653631284916,False,False,brahms-sym1-mvt1,15,6
89.5,125.3,top,21.0,0.0,21.0,43.0,0.48044692737430167,7.977653631284916,True,True,brahms-sym1-mvt1,15,6
89.5,125.3,bot,309.0,287.0,22.0,43.0,0.48044692737430167,7.977653631284916,False,False,brahms-sym1-mvt1,15,6
100.0,140.0,top,545.0,521.0,24.0,49.0,0.49,4.12,False,False,brahms-sym1-mvt1,16,1
100.0,140.0,bot,110.0,85.0,25.0,49.0,0.49,4.12,True,True,brahms-sym1-mvt1,16,1
100.0,140.0,top,626.0,602.0,24.0,49.0,0.49,7.8,False,False,brahms-sym1-mvt1,16,1
100.0,140.0,bot,29.0,4.0,25.0,49.0,0.49,7.8,True,True,brahms-sym1-mvt1,16,1
100.0,140.0,top,489.0,465.0,24.0,49.0,0.49,4.12,False,False,brahms-sym1-mvt1,16,1
100.0,140.0,bot,107.0,82.0,25.0,49.0,0.49,4.12,True,True,brahms-sym1-mvt1,16,1
100.0,140.0,top,570.0,546.0,24.0,49.0,0.49,7.8,False,False,brahms-sym1-mvt1,16,1
100.0,140.0,bot,26.0,1.0,25.0,49.0,0.49,7.8,True,True,brahms-sym1-mvt1,16,1
100.0,140.0,top,437.0,413.0,24.0,49.0,0.49,4.12,False,False,brahms-sym1-mvt1,16,1
100.0,140.0,bot,107.0,82.0,25.0,49.0,0.49,4.12,True,True,brahms-sym1-mvt1,16,1
100.0,140.0,top,518.0,494.0,24.0,49.0,0.49,7.8,False,False,brahms-sym1-mvt1,16,1
100.0,140.0,bot,26.0,1.0,25.0,49.0,0.49,7.8,True,True,brahms-sym1-mvt1,16,1
100.0,140.0,top,467.0,443.0,24.0,49.0,0.49,7.8,False,False,brahms-sym1-mvt1,16,1
100.0,140.0,bot,29.0,4.0,25.0,49.0,0.49,7.8,True,True,brahms-sym1-mvt1,16,1
100.0,140.0,top,670.0,646.0,24.0,49.0,0.49,7.66,False,False,brahms-sym1-mvt1,16,4
100.0,140.0,bot,29.0,4.0,25.0,49.0,0.49,7.66,True,True,brahms-sym1-mvt1,16,4
100.0,140.0,top,540.0,516.0,24.0,49.0,0.49,3.98,False,False,brahms-sym1-mvt1,16,4
100.0,140.0,bot,107.0,82.0,25.0,49.0,0.49,3.98,True,True,brahms-sym1-mvt1,16,4
100.0,140.0,top,621.0,597.0,24.0,49.0,0.49,7.66,False,False,brahms-sym1-mvt1,16,4
100.0,140.0,bot,26.0,1.0,25.0,49.0,0.49,7.66,True,True,brahms-sym1-mvt1,16,4
100.0,140.0,top,391.0,367.0,24.0,49.0,0.49,3.98,False,False,brahms-sym1-mvt1,16,4
100.0,140.0,bot,110.0,85.0,25.0,49.0,0.49,3.98,True,True,brahms-sym1-mvt1,16,4
100.0,140.0,top,472.0,448.0,24.0,49.0,0.49,7.66,False,False,brahms-sym1-mvt1,16,4
100.0,140.0,bot,29.0,4.0,25.0,49.0,0.49,7.66,True,True,brahms-sym1-mvt1,16,4
100.0,140.0,top,182.0,158.0,24.0,49.0,0.49,3.98,False,False,brahms-sym1-mvt1,16,4
100.0,140.0,bot,107.0,82.0,25.0,49.0,0.49,3.98,True,True,brahms-sym1-mvt1,16,4
100.0,140.0,top,263.0,239.0,24.0,49.0,0.49,7.66,False,False,brahms-sym1-mvt1,16,4
100.0,140.0,bot,26.0,1.0,25.0,49.0,0.49,7.66,True,True,brahms-sym1-mvt1,16,4
100.0,140.0,top,654.0,630.0,24.0,49.0,0.49,7.9,False,False,brahms-sym1-mvt1,16,5
100.0,140.0,bot,26.0,1.0,25.0,49.0,0.49,7.9,True,True,brahms-sym1-mvt1,16,5
100.0,140.0,top,525.0,502.0,23.0,46.0,0.46,3.98,False,False,brahms-sym1-mvt1,16,5
100.0,140.0,bot,108.0,85.0,23.0,46.0,0.46,3.98,True,True,brahms-sym1-mvt1,16,5
100.0,140.0,top,607.0,583.0,24.0,49.0,0.49,7.9,False,False,brahms-sym1-mvt1,16,5
100.0,140.0,bot,26.0,1.0,25.0,49.0,0.49,7.9,True,True,brahms-sym1-mvt1,16,5
100.0,140.0,top,420.0,397.0,23.0,46.0,0.46,3.98,False,False,brahms-sym1-mvt1,16,5
100.0,140.0,bot,108.0,85.0,23.0,46.0,0.46,3.98,True,True,brahms-sym1-mvt1,16,5
100.0,140.0,top,502.0,478.0,24.0,49.0,0.49,7.9,False,False,brahms-sym1-mvt1,16,5
100.0,140.0,bot,26.0,1.0,25.0,49.0,0.49,7.9,True,True,brahms-sym1-mvt1,16,5
100.0,140.0,top,165.0,142.0,23.0,46.0,0.46,3.98,False,False,brahms-sym1-mvt1,16,5
100.0,140.0,bot,108.0,85.0,23.0,46.0,0.46,3.98,True,True,brahms-sym1-mvt1,16,5
100.0,140.0,top,247.0,223.0,24.0,49.0,0.49,7.9,False,False,brahms-sym1-mvt1,16,5
100.0,140.0,bot,26.0,1.0,25.0,49.0,0.49,7.9,True,True,brahms-sym1-mvt1,16,5
87.75,122.85,top,501.0,480.0,21.0,43.0,0.49002849002849,5.948717948717949,False,False,brahms-sym1-mvt1,16,6
87.75,122.85,bot,96.0,74.0,22.0,43.0,0.49002849002849,5.948717948717949,True,True,brahms-sym1-mvt1,16,6
87.75,122.85,top,574.0,553.0,21.0,43.0,0.49002849002849,8.136752136752136,False,False,brahms-sym1-mvt1,16,6
87.75,122.85,bot,23.0,1.0,22.0,43.0,0.49002849002849,8.136752136752136,True,True,brahms-sym1-mvt1,16,6
87.75,122.85,top,462.0,441.0,21.0,43.0,0.49002849002849,5.948717948717949,False,False,brahms-sym1-mvt1,16,6
87.75,122.85,bot,96.0,74.0,22.0,43.0,0.49002849002849,5.948717948717949,True,True,brahms-sym1-mvt1,16,6
87.75,122.85,top,535.0,514.0,21.0,43.0,0.49002849002849,8.136752136752136,False,False,brahms-sym1-mvt1,16,6
87.75,122.85,bot,23.0,1.0,22.0,43.0,0.49002849002849,8.136752136752136,True,True,brahms-sym1-mvt1,16,6
87.75,122.85,top,531.0,510.0,21.0,43.0,0.49002849002849,8.136752136752136,False,False,brahms-sym1-mvt1,16,6
87.75,122.85,bot,23.0,1.0,22.0,43.0,0.49002849002849,8.136752136752136,True,True,brahms-sym1-mvt1,16,6
87.75,122.85,top,458.0,437.0,21.0,43.0,0.49002849002849,5.948717948717949,False,False,brahms-sym1-mvt1,16,6
87.75,122.85,bot,96.0,74.0,22.0,43.0,0.49002849002849,5.948717948717949,True,True,brahms-sym1-mvt1,16,6
87.75,122.85,top,531.0,510.0,21.0,43.0,0.49002849002849,8.136752136752136,False,False,brahms-sym1-mvt1,16,6
87.75,122.85,bot,23.0,1.0,22.0,43.0,0.49002849002849,8.136752136752136,True,True,brahms-sym1-mvt1,16,6
87.75,122.85,top,417.0,396.0,21.0,43.0,0.49002849002849,5.948717948717949,False,False,brahms-sym1-mvt1,16,6
87.75,122.85,bot,96.0,74.0,22.0,43.0,0.49002849002849,5.948717948717949,True,True,brahms-sym1-mvt1,16,6
87.75,122.85,top,490.0,469.0,21.0,43.0,0.49002849002849,8.136752136752136,False,False,brahms-sym1-mvt1,16,6
87.75,122.85,bot,23.0,1.0,22.0,43.0,0.49002849002849,8.136752136752136,True,True,brahms-sym1-mvt1,16,6
87.75,122.85,top,486.0,465.0,21.0,43.0,0.49002849002849,8.136752136752136,False,False,brahms-sym1-mvt1,16,6
87.75,122.85,bot,23.0,1.0,22.0,43.0,0.49002849002849,8.136752136752136,True,True,brahms-sym1-mvt1,16,6
87.75,122.85,top,367.0,346.0,21.0,43.0,0.49002849002849,5.948717948717949,False,False,brahms-sym1-mvt1,16,6
87.75,122.85,bot,96.0,74.0,22.0,43.0,0.49002849002849,5.948717948717949,True,True,brahms-sym1-mvt1,16,6
87.75,122.85,top,440.0,419.0,21.0,43.0,0.49002849002849,8.136752136752136,False,False,brahms-sym1-mvt1,16,6
87.75,122.85,bot,23.0,1.0,22.0,43.0,0.49002849002849,8.136752136752136,True,True,brahms-sym1-mvt1,16,6
87.75,122.85,top,322.0,301.0,21.0,43.0,0.49002849002849,5.948717948717949,False,False,brahms-sym1-mvt1,16,6
87.75,122.85,bot,96.0,74.0,22.0,43.0,0.49002849002849,5.948717948717949,True,True,brahms-sym1-mvt1,16,6
87.75,122.85,top,395.0,374.0,21.0,43.0,0.49002849002849,8.136752136752136,False,False,brahms-sym1-mvt1,16,6
87.75,122.85,bot,23.0,1.0,22.0,43.0,0.49002849002849,8.136752136752136,True,True,brahms-sym1-mvt1,16,6
87.75,122.85,top,188.0,167.0,21.0,43.0,0.49002849002849,5.948717948717949,False,False,brahms-sym1-mvt1,16,6
87.75,122.85,bot,96.0,74.0,22.0,43.0,0.49002849002849,5.948717948717949,True,True,brahms-sym1-mvt1,16,6
87.75,122.85,top,261.0,240.0,21.0,43.0,0.49002849002849,8.136752136752136,False,False,brahms-sym1-mvt1,16,6
87.75,122.85,bot,23.0,1.0,22.0,43.0,0.49002849002849,8.136752136752136,True,True,brahms-sym1-mvt1,16,6
87.75,122.85,top,188.0,167.0,21.0,43.0,0.49002849002849,5.948717948717949,False,False,brahms-sym1-mvt1,16,6
87.75,122.85,bot,96.0,74.0,22.0,43.0,0.49002849002849,5.948717948717949,True,True,brahms-sym1-mvt1,16,6
87.75,122.85,top,261.0,240.0,21.0,43.0,0.49002849002849,8.136752136752136,False,False,brahms-sym1-mvt1,16,6
87.75,122.85,bot,23.0,1.0,22.0,43.0,0.49002849002849,8.136752136752136,True,True,brahms-sym1-mvt1,16,6
100.0,140.0,top,311.0,281.0,30.0,61.0,0.61,4.05,False,False,brahms-sym1-mvt1,17,1
100.0,140.0,bot,82.0,51.0,31.0,61.0,0.61,4.05,True,True,brahms-sym1-mvt1,17,1
100.0,140.0,top,416.0,361.0,55.0,111.0,1.11,7.66,False,False,brahms-sym1-mvt1,17,1
100.0,140.0,bot,23.0,0.0,23.0,111.0,1.11,7.66,True,True,brahms-sym1-mvt1,17,1
100.0,140.0,top,258.0,228.0,30.0,61.0,0.61,4.05,False,False,brahms-sym1-mvt1,17,1
100.0,140.0,bot,106.0,75.0,31.0,61.0,0.61,4.05,True,True,brahms-sym1-mvt1,17,1
100.0,140.0,top,363.0,308.0,55.0,111.0,1.11,7.66,False,False,brahms-sym1-mvt1,17,1
100.0,140.0,bot,1.0,0.0,1.0,111.0,1.11,7.66,True,True,brahms-sym1-mvt1,17,1
100.0,140.0,top,207.0,177.0,30.0,61.0,0.61,4.05,False,False,brahms-sym1-mvt1,17,1
100.0,140.0,bot,133.0,102.0,31.0,61.0,0.61,4.05,True,True,brahms-sym1-mvt1,17,1
100.0,140.0,top,312.0,257.0,55.0,111.0,1.11,7.66,False,False,brahms-sym1-mvt1,17,1
100.0,140.0,bot,28.0,0.0,28.0,111.0,1.11,7.66,True,True,brahms-sym1-mvt1,17,1
100.0,140.0,top,261.0,206.0,55.0,111.0,1.11,7.66,False,False,brahms-sym1-mvt1,17,1
100.0,140.0,bot,76.0,20.0,56.0,111.0,1.11,7.66,True,True,brahms-sym1-mvt1,17,1
100.0,140.0,top,651.0,591.0,60.0,121.0,1.21,7.52,False,False,brahms-sym1-mvt1,17,4
100.0,140.0,bot,32.0,0.0,32.0,121.0,1.21,7.52,True,True,brahms-sym1-mvt1,17,4
100.0,140.0,top,548.0,517.0,31.0,63.0,0.63,3.9,False,False,brahms-sym1-mvt1,17,4
100.0,140.0,bot,79.0,47.0,32.0,63.0,0.63,3.9,True,True,brahms-sym1-mvt1,17,4
100.0,140.0,top,601.0,541.0,60.0,121.0,1.21,7.52,False,False,brahms-sym1-mvt1,17,4
100.0,140.0,bot,26.0,0.0,26.0,121.0,1.21,7.52,True,True,brahms-sym1-mvt1,17,4
100.0,140.0,top,403.0,372.0,31.0,63.0,0.63,3.9,False,False,brahms-sym1-mvt1,17,4
100.0,140.0,bot,139.0,107.0,32.0,63.0,0.63,3.9,True,True,brahms-sym1-mvt1,17,4
100.0,140.0,top,456.0,396.0,60.0,121.0,1.21,7.52,False,False,brahms-sym1-mvt1,17,4
100.0,140.0,bot,86.0,25.0,61.0,121.0,1.21,7.52,True,True,brahms-sym1-mvt1,17,4
100.0,140.0,top,203.0,172.0,31.0,63.0,0.63,3.9,False,False,brahms-sym1-mvt1,17,4
100.0,140.0,bot,103.0,71.0,32.0,63.0,0.63,3.9,True,True,brahms-sym1-mvt1,17,4
100.0,140.0,top,256.0,196.0,60.0,121.0,1.21,7.52,False,False,brahms-sym1-mvt1,17,4
100.0,140.0,bot,50.0,0.0,50.0,121.0,1.21,7.52,True,True,brahms-sym1-mvt1,17,4
100.0,140.0,top,644.0,590.0,54.0,108.0,1.08,7.75,False,False,brahms-sym1-mvt1,17,5
100.0,140.0,bot,24.0,0.0,24.0,108.0,1.08,7.75,True,True,brahms-sym1-mvt1,17,5
100.0,140.0,top,542.0,512.0,30.0,61.0,0.61,3.9,False,False,brahms-sym1-mvt1,17,5
100.0,140.0,bot,82.0,51.0,31.0,61.0,0.61,3.9,True,True,brahms-sym1-mvt1,17,5
100.0,140.0,top,598.0,544.0,54.0,108.0,1.08,7.75,False,False,brahms-sym1-mvt1,17,5
100.0,140.0,bot,26.0,0.0,26.0,108.0,1.08,7.75,True,True,brahms-sym1-mvt1,17,5
100.0,140.0,top,436.0,406.0,30.0,61.0,0.61,3.9,False,False,brahms-sym1-mvt1,17,5
100.0,140.0,bot,131.0,100.0,31.0,61.0,0.61,3.9,True,True,brahms-sym1-mvt1,17,5
100.0,140.0,top,492.0,438.0,54.0,108.0,1.08,7.75,False,False,brahms-sym1-mvt1,17,5
100.0,140.0,bot,75.0,21.0,54.0,108.0,1.08,7.75,True,True,brahms-sym1-mvt1,17,5
100.0,140.0,top,185.0,155.0,30.0,61.0,0.61,3.9,False,False,brahms-sym1-mvt1,17,5
100.0,140.0,bot,104.0,73.0,31.0,61.0,0.61,3.9,True,True,brahms-sym1-mvt1,17,5
100.0,140.0,top,241.0,187.0,54.0,108.0,1.08,7.75,False,False,brahms-sym1-mvt1,17,5
100.0,140.0,bot,48.0,0.0,48.0,108.0,1.08,7.75,True,True,brahms-sym1-mvt1,17,5
89.75,125.64999999999999,top,36.0,6.0,30.0,60.0,0.6685236768802229,7.955431754874652,True,True,brahms-sym1-mvt1,17,6
89.75,125.64999999999999,bot,221.0,191.0,30.0,60.0,0.6685236768802229,7.955431754874652,False,False,brahms-sym1-mvt1,17,6
89.75,125.64999999999999,top,104.0,77.0,27.0,54.0,0.6016713091922006,5.838440111420613,True,True,brahms-sym1-mvt1,17,6
89.75,125.64999999999999,bot,153.0,126.0,27.0,54.0,0.6016713091922006,5.838440111420613,False,False,brahms-sym1-mvt1,17,6
89.75,125.64999999999999,top,36.0,6.0,30.0,60.0,0.6685236768802229,7.955431754874652,True,True,brahms-sym1-mvt1,17,6
89.75,125.64999999999999,bot,266.0,236.0,30.0,60.0,0.6685236768802229,7.955431754874652,False,False,brahms-sym1-mvt1,17,6
89.75,125.64999999999999,top,104.0,77.0,27.0,54.0,0.6016713091922006,5.838440111420613,True,True,brahms-sym1-mvt1,17,6
89.75,125.64999999999999,bot,198.0,171.0,27.0,54.0,0.6016713091922006,5.838440111420613,False,False,brahms-sym1-mvt1,17,6
89.75,125.64999999999999,top,679.0,663.0,16.0,33.0,0.36768802228412256,11.899721448467966,False,False,brahms-sym1-mvt1,17,6
89.75,125.64999999999999,bot,377.0,361.0,16.0,33.0,0.36768802228412256,11.899721448467966,False,False,brahms-sym1-mvt1,17,6
89.75,125.64999999999999,top,29.0,0.0,29.0,60.0,0.6685236768802229,7.955431754874652,True,True,brahms-sym1-mvt1,17,6
89.75,125.64999999999999,bot,266.0,236.0,30.0,60.0,0.6685236768802229,7.955431754874652,False,False,brahms-sym1-mvt1,17,6
89.75,125.64999999999999,top,97.0,70.0,27.0,54.0,0.6016713091922006,5.838440111420613,True,True,brahms-sym1-mvt1,17,6
89.75,125.64999999999999,bot,198.0,171.0,27.0,54.0,0.6016713091922006,5.838440111420613,False,False,brahms-sym1-mvt1,17,6
89.75,125.64999999999999,top,29.0,0.0,29.0,60.0,0.6685236768802229,7.955431754874652,True,True,brahms-sym1-mvt1,17,6
89.75,125.64999999999999,bot,309.0,279.0,30.0,60.0,0.6685236768802229,7.955431754874652,False,False,brahms-sym1-mvt1,17,6
89.75,125.64999999999999,top,97.0,70.0,27.0,54.0,0.6016713091922006,5.838440111420613,True,True,brahms-sym1-mvt1,17,6
89.75,125.64999999999999,bot,241.0,214.0,27.0,54.0,0.6016713091922006,5.838440111420613,False,False,brahms-sym1-mvt1,17,6
89.75,125.64999999999999,top,672.0,656.0,16.0,33.0,0.36768802228412256,11.899721448467966,False,False,brahms-sym1-mvt1,17,6
89.75,125.64999999999999,bot,334.0,318.0,16.0,33.0,0.36768802228412256,11.899721448467966,False,False,brahms-sym1-mvt1,17,6
89.75,125.64999999999999,top,23.0,0.0,23.0,60.0,0.6685236768802229,7.955431754874652,True,True,brahms-sym1-mvt1,17,6
89.75,125.64999999999999,bot,538.0,508.0,30.0,60.0,0.6685236768802229,7.955431754874652,False,False,brahms-sym1-mvt1,17,6
89.75,125.64999999999999,top,91.0,64.0,27.0,54.0,0.6016713091922006,5.838440111420613,True,True,brahms-sym1-mvt1,17,6
89.75,125.64999999999999,bot,470.0,443.0,27.0,54.0,0.6016713091922006,5.838440111420613,False,False,brahms-sym1-mvt1,17,6
89.75,125.64999999999999,top,666.0,650.0,16.0,33.0,0.36768802228412256,11.899721448467966,False,False,brahms-sym1-mvt1,17,6
89.75,125.64999999999999,bot,105.0,89.0,16.0,33.0,0.36768802228412256,11.899721448467966,True,True,brahms-sym1-mvt1,17,6
89.75,125.64999999999999,top,23.0,0.0,23.0,60.0,0.6685236768802229,7.955431754874652,True,True,brahms-sym1-mvt1,17,6
89.75,125.64999999999999,bot,538.0,508.0,30.0,60.0,0.6685236768802229,7.955431754874652,False,False,brahms-sym1-mvt1,17,6
89.75,125.64999999999999,top,91.0,64.0,27.0,54.0,0.6016713091922006,5.838440111420613,True,True,brahms-sym1-mvt1,17,6
89.75,125.64999999999999,bot,470.0,443.0,27.0,54.0,0.6016713091922006,5.838440111420613,False,False,brahms-sym1-mvt1,17,6
89.75,125.64999999999999,top,666.0,650.0,16.0,33.0,0.36768802228412256,11.899721448467966,False,False,brahms-sym1-mvt1,17,6
89.75,125.64999999999999,bot,105.0,89.0,16.0,33.0,0.36768802228412256,11.899721448467966,True,True,brahms-sym1-mvt1,17,6
89.75,125.64999999999999,top,14.0,0.0,14.0,60.0,0.6685236768802229,7.955431754874652,True,True,brahms-sym1-mvt1,17,6
89.75,125.64999999999999,bot,355.0,325.0,30.0,60.0,0.6685236768802229,7.955431754874652,False,False,brahms-sym1-mvt1,17,6
89.75,125.64999999999999,top,82.0,55.0,27.0,54.0,0.6016713091922006,5.838440111420613,True,True,brahms-sym1-mvt1,17,6
89.75,125.64999999999999,bot,287.0,260.0,27.0,54.0,0.6016713091922006,5.838440111420613,False,False,brahms-sym1-mvt1,17,6
89.75,125.64999999999999,top,657.0,641.0,16.0,33.0,0.36768802228412256,11.899721448467966,False,False,brahms-sym1-mvt1,17,6
89.75,125.64999999999999,bot,288.0,272.0,16.0,33.0,0.36768802228412256,11.899721448467966,False,False,brahms-sym1-mvt1,17,6
89.75,125.64999999999999,top,14.0,0.0,14.0,60.0,0.6685236768802229,7.955431754874652,True,True,brahms-sym1-mvt1,17,6
89.75,125.64999999999999,bot,400.0,370.0,30.0,60.0,0.6685236768802229,7.955431754874652,False,False,brahms-sym1-mvt1,17,6
89.75,125.64999999999999,top,82.0,55.0,27.0,54.0,0.6016713091922006,5.838440111420613,True,True,brahms-sym1-mvt1,17,6
89.75,125.64999999999999,bot,332.0,305.0,27.0,54.0,0.6016713091922006,5.838440111420613,False,False,brahms-sym1-mvt1,17,6
89.75,125.64999999999999,top,8.0,0.0,8.0,60.0,0.6685236768802229,7.955431754874652,True,True,brahms-sym1-mvt1,17,6
89.75,125.64999999999999,bot,266.0,236.0,30.0,60.0,0.6685236768802229,7.955431754874652,False,False,brahms-sym1-mvt1,17,6
89.75,125.64999999999999,top,651.0,635.0,16.0,33.0,0.36768802228412256,11.899721448467966,False,False,brahms-sym1-mvt1,17,6
89.75,125.64999999999999,bot,377.0,361.0,16.0,33.0,0.36768802228412256,11.899721448467966,False,False,brahms-sym1-mvt1,17,6
89.75,125.64999999999999,top,8.0,0.0,8.0,60.0,0.6685236768802229,7.955431754874652,True,True,brahms-sym1-mvt1,17,6
89.75,125.64999999999999,bot,309.0,279.0,30.0,60.0,0.6685236768802229,7.955431754874652,False,False,brahms-sym1-mvt1,17,6
100.0,140.0,top,357.0,327.0,30.0,60.0,0.6,4.05,False,False,brahms-sym1-mvt1,19,1
100.0,140.0,bot,86.0,56.0,30.0,60.0,0.6,4.05,True,True,brahms-sym1-mvt1,19,1
100.0,140.0,top,456.0,408.0,48.0,97.0,0.97,7.68,False,False,brahms-sym1-mvt1,19,1
100.0,140.0,bot,13.0,0.0,13.0,97.0,0.97,7.68,True,True,brahms-sym1-mvt1,19,1
100.0,140.0,top,302.0,272.0,30.0,60.0,0.6,4.05,False,False,brahms-sym1-mvt1,19,1
100.0,140.0,bot,105.0,75.0,30.0,60.0,0.6,4.05,True,True,brahms-sym1-mvt1,19,1
100.0,140.0,top,401.0,353.0,48.0,97.0,0.97,7.68,False,False,brahms-sym1-mvt1,19,1
100.0,140.0,bot,6.0,0.0,6.0,97.0,0.97,7.68,True,True,brahms-sym1-mvt1,19,1
100.0,140.0,top,251.0,221.0,30.0,60.0,0.6,4.05,False,False,brahms-sym1-mvt1,19,1
100.0,140.0,bot,127.0,97.0,30.0,60.0,0.6,4.05,True,True,brahms-sym1-mvt1,19,1
100.0,140.0,top,350.0,302.0,48.0,97.0,0.97,7.68,False,False,brahms-sym1-mvt1,19,1
100.0,140.0,bot,28.0,0.0,28.0,97.0,0.97,7.68,True,True,brahms-sym1-mvt1,19,1
100.0,140.0,top,302.0,254.0,48.0,97.0,0.97,7.68,False,False,brahms-sym1-mvt1,19,1
100.0,140.0,bot,67.0,18.0,49.0,97.0,0.97,7.68,True,True,brahms-sym1-mvt1,19,1
100.0,140.0,top,702.0,642.0,60.0,121.0,1.21,7.52,False,False,brahms-sym1-mvt1,19,4
100.0,140.0,bot,32.0,0.0,32.0,121.0,1.21,7.52,True,True,brahms-sym1-mvt1,19,4
100.0,140.0,top,598.0,567.0,31.0,63.0,0.63,3.9,False,False,brahms-sym1-mvt1,19,4
100.0,140.0,bot,79.0,47.0,32.0,63.0,0.63,3.9,True,True,brahms-sym1-mvt1,19,4
100.0,140.0,top,651.0,591.0,60.0,121.0,1.21,7.52,False,False,brahms-sym1-mvt1,19,4
100.0,140.0,bot,26.0,0.0,26.0,121.0,1.21,7.52,True,True,brahms-sym1-mvt1,19,4
100.0,140.0,top,454.0,423.0,31.0,63.0,0.63,3.9,False,False,brahms-sym1-mvt1,19,4
100.0,140.0,bot,139.0,107.0,32.0,63.0,0.63,3.9,True,True,brahms-sym1-mvt1,19,4
100.0,140.0,top,507.0,447.0,60.0,121.0,1.21,7.52,False,False,brahms-sym1-mvt1,19,4
100.0,140.0,bot,86.0,25.0,61.0,121.0,1.21,7.52,True,True,brahms-sym1-mvt1,19,4
100.0,140.0,top,254.0,223.0,31.0,63.0,0.63,3.9,False,False,brahms-sym1-mvt1,19,4
100.0,140.0,bot,105.0,73.0,32.0,63.0,0.63,3.9,True,True,brahms-sym1-mvt1,19,4
100.0,140.0,top,307.0,247.0,60.0,121.0,1.21,7.52,False,False,brahms-sym1-mvt1,19,4
100.0,140.0,bot,52.0,0.0,52.0,121.0,1.21,7.52,True,True,brahms-sym1-mvt1,19,4
100.0,140.0,top,515.0,491.0,24.0,48.0,0.48,3.9,False,False,brahms-sym1-mvt1,19,5
100.0,140.0,bot,107.0,83.0,24.0,48.0,0.48,3.9,True,True,brahms-sym1-mvt1,19,5
100.0,140.0,top,597.0,573.0,24.0,48.0,0.48,7.75,False,False,brahms-sym1-mvt1,19,5
100.0,140.0,bot,25.0,1.0,24.0,48.0,0.48,7.75,True,True,brahms-sym1-mvt1,19,5
100.0,140.0,top,411.0,387.0,24.0,48.0,0.48,3.9,False,False,brahms-sym1-mvt1,19,5
100.0,140.0,bot,107.0,83.0,24.0,48.0,0.48,3.9,True,True,brahms-sym1-mvt1,19,5
100.0,140.0,top,493.0,469.0,24.0,48.0,0.48,7.75,False,False,brahms-sym1-mvt1,19,5
100.0,140.0,bot,25.0,1.0,24.0,48.0,0.48,7.75,True,True,brahms-sym1-mvt1,19,5
100.0,140.0,top,443.0,419.0,24.0,48.0,0.48,7.75,False,False,brahms-sym1-mvt1,19,5
100.0,140.0,bot,25.0,1.0,24.0,48.0,0.48,7.75,True,True,brahms-sym1-mvt1,19,5
100.0,140.0,top,161.0,137.0,24.0,48.0,0.48,3.9,False,True,brahms-sym1-mvt1,19,5
100.0,140.0,bot,107.0,83.0,24.0,48.0,0.48,3.9,True,True,brahms-sym1-mvt1,19,5
100.0,140.0,top,243.0,219.0,24.0,48.0,0.48,7.75,False,False,brahms-sym1-mvt1,19,5
100.0,140.0,bot,25.0,1.0,24.0,48.0,0.48,7.75,True,True,brahms-sym1-mvt1,19,5
89.5,125.3,top,504.0,483.0,21.0,43.0,0.48044692737430167,5.832402234636872,False,False,brahms-sym1-mvt1,19,6
89.5,125.3,bot,96.0,74.0,22.0,43.0,0.48044692737430167,5.832402234636872,True,True,brahms-sym1-mvt1,19,6
89.5,125.3,top,575.0,554.0,21.0,43.0,0.48044692737430167,7.977653631284916,False,False,brahms-sym1-mvt1,19,6
89.5,125.3,bot,25.0,3.0,22.0,43.0,0.48044692737430167,7.977653631284916,True,True,brahms-sym1-mvt1,19,6
89.5,125.3,top,463.0,442.0,21.0,43.0,0.48044692737430167,5.832402234636872,False,False,brahms-sym1-mvt1,19,6
89.5,125.3,bot,93.0,71.0,22.0,43.0,0.48044692737430167,5.832402234636872,True,True,brahms-sym1-mvt1,19,6
89.5,125.3,top,534.0,513.0,21.0,43.0,0.48044692737430167,7.977653631284916,False,False,brahms-sym1-mvt1,19,6
89.5,125.3,bot,22.0,0.0,22.0,43.0,0.48044692737430167,7.977653631284916,True,True,brahms-sym1-mvt1,19,6
89.5,125.3,top,530.0,509.0,21.0,43.0,0.48044692737430167,7.977653631284916,False,False,brahms-sym1-mvt1,19,6
89.5,125.3,bot,25.0,3.0,22.0,43.0,0.48044692737430167,7.977653631284916,True,True,brahms-sym1-mvt1,19,6
89.5,125.3,top,11.0,2.0,9.0,18.0,0.2011173184357542,1.9776536312849162,True,True,brahms-sym1-mvt1,19,6
89.5,125.3,bot,544.0,535.0,9.0,18.0,0.2011173184357542,1.9776536312849162,False,False,brahms-sym1-mvt1,19,6
89.5,125.3,top,459.0,438.0,21.0,43.0,0.48044692737430167,5.832402234636872,False,False,brahms-sym1-mvt1,19,6
89.5,125.3,bot,96.0,74.0,22.0,43.0,0.48044692737430167,5.832402234636872,True,True,brahms-sym1-mvt1,19,6
89.5,125.3,top,530.0,509.0,21.0,43.0,0.48044692737430167,7.977653631284916,False,False,brahms-sym1-mvt1,19,6
89.5,125.3,bot,25.0,3.0,22.0,43.0,0.48044692737430167,7.977653631284916,True,True,brahms-sym1-mvt1,19,6
89.5,125.3,top,418.0,397.0,21.0,43.0,0.48044692737430167,5.832402234636872,False,False,brahms-sym1-mvt1,19,6
89.5,125.3,bot,93.0,71.0,22.0,43.0,0.48044692737430167,5.832402234636872,True,True,brahms-sym1-mvt1,19,6
89.5,125.3,top,489.0,468.0,21.0,43.0,0.48044692737430167,7.977653631284916,False,False,brahms-sym1-mvt1,19,6
89.5,125.3,bot,22.0,0.0,22.0,43.0,0.48044692737430167,7.977653631284916,True,True,brahms-sym1-mvt1,19,6
89.5,125.3,top,484.0,463.0,21.0,43.0,0.48044692737430167,7.977653631284916,False,False,brahms-sym1-mvt1,19,6
89.5,125.3,bot,25.0,3.0,22.0,43.0,0.48044692737430167,7.977653631284916,True,True,brahms-sym1-mvt1,19,6
89.5,125.3,top,368.0,347.0,21.0,43.0,0.48044692737430167,5.832402234636872,False,False,brahms-sym1-mvt1,19,6
89.5,125.3,bot,93.0,71.0,22.0,43.0,0.48044692737430167,5.832402234636872,True,True,brahms-sym1-mvt1,19,6
89.5,125.3,top,439.0,418.0,21.0,43.0,0.48044692737430167,7.977653631284916,False,False,brahms-sym1-mvt1,19,6
89.5,125.3,bot,22.0,0.0,22.0,43.0,0.48044692737430167,7.977653631284916,True,True,brahms-sym1-mvt1,19,6
89.5,125.3,top,325.0,304.0,21.0,43.0,0.48044692737430167,5.832402234636872,False,False,brahms-sym1-mvt1,19,6
89.5,125.3,bot,93.0,71.0,22.0,43.0,0.48044692737430167,5.832402234636872,True,True,brahms-sym1-mvt1,19,6
89.5,125.3,top,396.0,375.0,21.0,43.0,0.48044692737430167,7.977653631284916,False,False,brahms-sym1-mvt1,19,6
89.5,125.3,bot,22.0,0.0,22.0,43.0,0.48044692737430167,7.977653631284916,True,True,brahms-sym1-mvt1,19,6
89.5,125.3,top,146.0,125.0,21.0,43.0,0.48044692737430167,5.832402234636872,False,True,brahms-sym1-mvt1,19,6
89.5,125.3,bot,93.0,71.0,22.0,43.0,0.48044692737430167,5.832402234636872,True,True,brahms-sym1-mvt1,19,6
89.5,125.3,top,217.0,196.0,21.0,43.0,0.48044692737430167,7.977653631284916,False,False,brahms-sym1-mvt1,19,6
89.5,125.3,bot,22.0,0.0,22.0,43.0,0.48044692737430167,7.977653631284916,True,True,brahms-sym1-mvt1,19,6
89.5,125.3,top,146.0,125.0,21.0,43.0,0.48044692737430167,5.832402234636872,False,True,brahms-sym1-mvt1,19,6
89.5,125.3,bot,93.0,71.0,22.0,43.0,0.48044692737430167,5.832402234636872,True,True,brahms-sym1-mvt1,19,6
89.5,125.3,top,217.0,196.0,21.0,43.0,0.48044692737430167,7.977653631284916,False,False,brahms-sym1-mvt1,19,6
89.5,125.3,bot,22.0,0.0,22.0,43.0,0.48044692737430167,7.977653631284916,True,True,brahms-sym1-mvt1,19,6
76.0,106.39999999999999,top,19.0,1.0,18.0,37.0,0.4868421052631579,5.131578947368421,True,True,brahms-sym1-mvt1,20,0
76.0,106.39999999999999,bot,270.0,251.0,19.0,37.0,0.4868421052631579,5.131578947368421,False,False,brahms-sym1-mvt1,20,0
76.0,106.39999999999999,top,19.0,1.0,18.0,37.0,0.4868421052631579,5.131578947368421,True,True,brahms-sym1-mvt1,20,0
76.0,106.39999999999999,bot,270.0,251.0,19.0,37.0,0.4868421052631579,5.131578947368421,False,False,brahms-sym1-mvt1,20,0
76.0,106.39999999999999,top,19.0,1.0,18.0,37.0,0.4868421052631579,5.118421052631579,True,True,brahms-sym1-mvt1,20,0
76.0,106.39999999999999,bot,266.0,247.0,19.0,37.0,0.4868421052631579,5.118421052631579,False,False,brahms-sym1-mvt1,20,0
76.0,106.39999999999999,top,19.0,1.0,18.0,37.0,0.4868421052631579,5.118421052631579,True,True,brahms-sym1-mvt1,20,0
76.0,106.39999999999999,bot,266.0,247.0,19.0,37.0,0.4868421052631579,5.118421052631579,False,False,brahms-sym1-mvt1,20,0
76.0,106.39999999999999,top,17.0,0.0,17.0,37.0,0.4868421052631579,5.131578947368421,True,True,brahms-sym1-mvt1,20,0
76.0,106.39999999999999,bot,266.0,247.0,19.0,37.0,0.4868421052631579,5.131578947368421,False,False,brahms-sym1-mvt1,20,0
76.0,106.39999999999999,top,17.0,0.0,17.0,37.0,0.4868421052631579,5.118421052631579,True,True,brahms-sym1-mvt1,20,0
76.0,106.39999999999999,bot,266.0,247.0,19.0,37.0,0.4868421052631579,5.118421052631579,False,False,brahms-sym1-mvt1,20,0
100.0,140.0,top,26.0,2.0,24.0,49.0,0.49,5.13,True,True,brahms-sym1-mvt1,20,1
100.0,140.0,bot,350.0,325.0,25.0,49.0,0.49,5.13,False,False,brahms-sym1-mvt1,20,1
100.0,140.0,top,26.0,2.0,24.0,49.0,0.49,5.13,True,True,brahms-sym1-mvt1,20,1
100.0,140.0,bot,350.0,325.0,25.0,49.0,0.49,5.13,False,False,brahms-sym1-mvt1,20,1
100.0,140.0,top,26.0,2.0,24.0,49.0,0.49,5.81,True,True,brahms-sym1-mvt1,20,1
100.0,140.0,bot,355.0,330.0,25.0,49.0,0.49,5.81,False,False,brahms-sym1-mvt1,20,1
100.0,140.0,top,26.0,2.0,24.0,49.0,0.49,5.81,True,True,brahms-sym1-mvt1,20,1
100.0,140.0,bot,350.0,325.0,25.0,49.0,0.49,5.81,False,False,brahms-sym1-mvt1,20,1
100.0,140.0,top,23.0,0.0,23.0,49.0,0.49,5.13,True,True,brahms-sym1-mvt1,20,1
100.0,140.0,bot,355.0,330.0,25.0,49.0,0.49,5.13,False,False,brahms-sym1-mvt1,20,1
100.0,140.0,top,23.0,0.0,23.0,49.0,0.49,5.81,True,True,brahms-sym1-mvt1,20,1
100.0,140.0,bot,350.0,325.0,25.0,49.0,0.49,5.81,False,False,brahms-sym1-mvt1,20,1
100.0,140.0,top,26.0,2.0,24.0,49.0,0.49,5.13,True,True,brahms-sym1-mvt1,20,2
100.0,140.0,bot,355.0,330.0,25.0,49.0,0.49,5.13,False,False,brahms-sym1-mvt1,20,2
100.0,140.0,top,26.0,2.0,24.0,49.0,0.49,5.13,True,True,brahms-sym1-mvt1,20,2
100.0,140.0,bot,355.0,330.0,25.0,49.0,0.49,5.13,False,False,brahms-sym1-mvt1,20,2
100.0,140.0,top,26.0,2.0,24.0,49.0,0.49,5.13,True,True,brahms-sym1-mvt1,20,2
100.0,140.0,bot,350.0,325.0,25.0,49.0,0.49,5.13,False,False,brahms-sym1-mvt1,20,2
100.0,140.0,top,26.0,2.0,24.0,49.0,0.49,5.13,True,True,brahms-sym1-mvt1,20,2
100.0,140.0,bot,350.0,325.0,25.0,49.0,0.49,5.13,False,False,brahms-sym1-mvt1,20,2
100.0,140.0,top,23.0,0.0,23.0,49.0,0.49,5.13,True,True,brahms-sym1-mvt1,20,2
100.0,140.0,bot,350.0,325.0,25.0,49.0,0.49,5.13,False,False,brahms-sym1-mvt1,20,2
100.0,140.0,top,23.0,0.0,23.0,49.0,0.49,5.13,True,True,brahms-sym1-mvt1,20,2
100.0,140.0,bot,355.0,330.0,25.0,49.0,0.49,5.13,False,False,brahms-sym1-mvt1,20,2
100.0,140.0,top,26.0,2.0,24.0,49.0,0.49,5.13,True,True,brahms-sym1-mvt1,20,3
100.0,140.0,bot,350.0,325.0,25.0,49.0,0.49,5.13,False,False,brahms-sym1-mvt1,20,3
100.0,140.0,top,26.0,2.0,24.0,49.0,0.49,5.13,True,True,brahms-sym1-mvt1,20,3
100.0,140.0,bot,350.0,325.0,25.0,49.0,0.49,5.13,False,False,brahms-sym1-mvt1,20,3
100.0,140.0,top,26.0,2.0,24.0,49.0,0.49,5.42,True,True,brahms-sym1-mvt1,20,3
100.0,140.0,bot,350.0,325.0,25.0,49.0,0.49,5.42,False,False,brahms-sym1-mvt1,20,3
100.0,140.0,top,26.0,2.0,24.0,49.0,0.49,5.42,True,True,brahms-sym1-mvt1,20,3
100.0,140.0,bot,350.0,325.0,25.0,49.0,0.49,5.42,False,False,brahms-sym1-mvt1,20,3
100.0,140.0,top,23.0,0.0,23.0,49.0,0.49,5.13,True,True,brahms-sym1-mvt1,20,3
100.0,140.0,bot,350.0,325.0,25.0,49.0,0.49,5.13,False,False,brahms-sym1-mvt1,20,3
100.0,140.0,top,23.0,0.0,23.0,49.0,0.49,5.42,True,True,brahms-sym1-mvt1,20,3
100.0,140.0,bot,350.0,325.0,25.0,49.0,0.49,5.42,False,False,brahms-sym1-mvt1,20,3
100.0,140.0,top,26.0,2.0,24.0,49.0,0.49,5.49,True,True,brahms-sym1-mvt1,20,4
100.0,140.0,bot,355.0,330.0,25.0,49.0,0.49,5.49,False,False,brahms-sym1-mvt1,20,4
100.0,140.0,top,26.0,2.0,24.0,49.0,0.49,5.49,True,True,brahms-sym1-mvt1,20,4
100.0,140.0,bot,350.0,325.0,25.0,49.0,0.49,5.49,False,False,brahms-sym1-mvt1,20,4
100.0,140.0,top,26.0,2.0,24.0,49.0,0.49,5.42,True,True,brahms-sym1-mvt1,20,4
100.0,140.0,bot,355.0,330.0,25.0,49.0,0.49,5.42,False,False,brahms-sym1-mvt1,20,4
100.0,140.0,top,26.0,2.0,24.0,49.0,0.49,5.42,True,True,brahms-sym1-mvt1,20,4
100.0,140.0,bot,355.0,330.0,25.0,49.0,0.49,5.42,False,False,brahms-sym1-mvt1,20,4
100.0,140.0,top,23.0,0.0,23.0,49.0,0.49,5.49,True,True,brahms-sym1-mvt1,20,4
100.0,140.0,bot,350.0,325.0,25.0,49.0,0.49,5.49,False,False,brahms-sym1-mvt1,20,4
100.0,140.0,top,23.0,0.0,23.0,49.0,0.49,5.42,True,True,brahms-sym1-mvt1,20,4
100.0,140.0,bot,350.0,325.0,25.0,49.0,0.49,5.42,False,False,brahms-sym1-mvt1,20,4
100.0,140.0,top,26.0,2.0,24.0,49.0,0.49,5.72,True,True,brahms-sym1-mvt1,20,5
100.0,140.0,bot,355.0,330.0,25.0,49.0,0.49,5.72,False,False,brahms-sym1-mvt1,20,5
100.0,140.0,top,26.0,2.0,24.0,49.0,0.49,5.72,True,True,brahms-sym1-mvt1,20,5
100.0,140.0,bot,350.0,325.0,25.0,49.0,0.49,5.72,False,False,brahms-sym1-mvt1,20,5
100.0,140.0,top,26.0,2.0,24.0,49.0,0.49,5.43,True,True,brahms-sym1-mvt1,20,5
100.0,140.0,bot,350.0,325.0,25.0,49.0,0.49,5.43,False,False,brahms-sym1-mvt1,20,5
100.0,140.0,top,26.0,2.0,24.0,49.0,0.49,5.43,True,True,brahms-sym1-mvt1,20,5
100.0,140.0,bot,350.0,325.0,25.0,49.0,0.49,5.43,False,False,brahms-sym1-mvt1,20,5
100.0,140.0,top,23.0,0.0,23.0,49.0,0.49,5.72,True,True,brahms-sym1-mvt1,20,5
100.0,140.0,bot,355.0,330.0,25.0,49.0,0.49,5.72,False,False,brahms-sym1-mvt1,20,5
100.0,140.0,top,23.0,0.0,23.0,49.0,0.49,5.43,True,True,brahms-sym1-mvt1,20,5
100.0,140.0,bot,355.0,330.0,25.0,49.0,0.49,5.43,False,False,brahms-sym1-mvt1,20,5
88.0,123.19999999999999,top,24.0,2.0,22.0,44.0,0.5,8.113636363636363,True,True,brahms-sym1-mvt1,20,6
88.0,123.19999999999999,bot,306.0,284.0,22.0,44.0,0.5,8.113636363636363,False,False,brahms-sym1-mvt1,20,6
88.0,123.19999999999999,top,24.0,2.0,22.0,44.0,0.5,8.113636363636363,True,True,brahms-sym1-mvt1,20,6
88.0,123.19999999999999,bot,306.0,284.0,22.0,44.0,0.5,8.113636363636363,False,False,brahms-sym1-mvt1,20,6
88.0,123.19999999999999,top,24.0,2.0,22.0,44.0,0.5,8.113636363636363,True,True,brahms-sym1-mvt1,20,6
88.0,123.19999999999999,bot,306.0,284.0,22.0,44.0,0.5,8.113636363636363,False,False,brahms-sym1-mvt1,20,6
88.0,123.19999999999999,top,24.0,2.0,22.0,44.0,0.5,8.113636363636363,True,True,brahms-sym1-mvt1,20,6
88.0,123.19999999999999,bot,306.0,284.0,22.0,44.0,0.5,8.113636363636363,False,False,brahms-sym1-mvt1,20,6
88.0,123.19999999999999,top,22.0,0.0,22.0,44.0,0.5,8.113636363636363,True,True,brahms-sym1-mvt1,20,6
88.0,123.19999999999999,bot,311.0,289.0,22.0,44.0,0.5,8.113636363636363,False,False,brahms-sym1-mvt1,20,6
88.0,123.19999999999999,top,22.0,0.0,22.0,44.0,0.5,8.113636363636363,True,True,brahms-sym1-mvt1,20,6
88.0,123.19999999999999,bot,311.0,289.0,22.0,44.0,0.5,8.113636363636363,False,False,brahms-sym1-mvt1,20,6
62.25,87.14999999999999,top,15.0,0.0,15.0,32.0,0.5140562248995983,4.899598393574297,True,True,mahler-sym5-mvt1,17,0
62.25,87.14999999999999,bot,216.0,200.0,16.0,32.0,0.5140562248995983,4.899598393574297,False,False,mahler-sym5-mvt1,17,0
62.25,87.14999999999999,top,15.0,0.0,15.0,32.0,0.5140562248995983,4.899598393574297,True,True,mahler-sym5-mvt1,17,0
62.25,87.14999999999999,bot,219.0,203.0,16.0,32.0,0.5140562248995983,4.899598393574297,False,False,mahler-sym5-mvt1,17,0
62.25,87.14999999999999,top,15.0,0.0,15.0,32.0,0.5140562248995983,4.899598393574297,True,True,mahler-sym5-mvt1,17,0
62.25,87.14999999999999,bot,216.0,200.0,16.0,32.0,0.5140562248995983,4.899598393574297,False,False,mahler-sym5-mvt1,17,0
100.0,140.0,top,24.0,0.0,24.0,51.0,0.51,4.92,True,True,mahler-sym5-mvt1,17,1
100.0,140.0,bot,347.0,321.0,26.0,51.0,0.51,4.92,False,False,mahler-sym5-mvt1,17,1
100.0,140.0,top,24.0,0.0,24.0,51.0,0.51,4.92,True,True,mahler-sym5-mvt1,17,1
100.0,140.0,bot,347.0,321.0,26.0,51.0,0.51,4.92,False,False,mahler-sym5-mvt1,17,1
100.0,140.0,top,24.0,0.0,24.0,51.0,0.51,4.92,True,True,mahler-sym5-mvt1,17,1
100.0,140.0,bot,347.0,321.0,26.0,51.0,0.51,4.92,False,False,mahler-sym5-mvt1,17,1
100.0,140.0,top,24.0,0.0,24.0,51.0,0.51,4.92,True,True,mahler-sym5-mvt1,17,3
100.0,140.0,bot,347.0,321.0,26.0,51.0,0.51,4.92,False,False,mahler-sym5-mvt1,17,3
100.0,140.0,top,24.0,0.0,24.0,51.0,0.51,4.92,True,True,mahler-sym5-mvt1,17,3
100.0,140.0,bot,347.0,321.0,26.0,51.0,0.51,4.92,False,False,mahler-sym5-mvt1,17,3
100.0,140.0,top,24.0,0.0,24.0,51.0,0.51,4.92,True,True,mahler-sym5-mvt1,17,3
100.0,140.0,bot,347.0,321.0,26.0,51.0,0.51,4.92,False,False,mahler-sym5-mvt1,17,3
100.0,140.0,top,24.0,0.0,24.0,51.0,0.51,4.92,True,True,mahler-sym5-mvt1,17,4
100.0,140.0,bot,352.0,326.0,26.0,51.0,0.51,4.92,False,False,mahler-sym5-mvt1,17,4
100.0,140.0,top,24.0,0.0,24.0,51.0,0.51,4.92,True,True,mahler-sym5-mvt1,17,4
100.0,140.0,bot,347.0,321.0,26.0,51.0,0.51,4.92,False,False,mahler-sym5-mvt1,17,4
100.0,140.0,top,24.0,0.0,24.0,51.0,0.51,4.92,True,True,mahler-sym5-mvt1,17,4
100.0,140.0,bot,352.0,326.0,26.0,51.0,0.51,4.92,False,False,mahler-sym5-mvt1,17,4
100.0,140.0,top,88.0,28.0,60.0,121.0,1.21,6.01,True,True,mahler-sym5-mvt1,17,5
100.0,140.0,bot,225.0,164.0,61.0,121.0,1.21,6.01,False,False,mahler-sym5-mvt1,17,5
100.0,140.0,top,31.0,0.0,31.0,121.0,1.21,6.01,True,True,mahler-sym5-mvt1,17,5
100.0,140.0,bot,421.0,360.0,61.0,121.0,1.21,6.01,False,False,mahler-sym5-mvt1,17,5
