key,tip,stroke_at_tip,dots,ink_why,final_stage,final_decider,final_outcome,final_level
glyph/0/0/0/1/3,no_stem,,1,{},EVALUATE,reconcile_duration,decided,0
glyph/0/0/0/1/4,clean,False,0,{},ADJUDICATE,adjudicate_duration,narrowed,
glyph/0/0/0/1/7,clean,False,0,{},ADJUDICATE,adjudicate_duration,narrowed,
glyph/0/0/0/2/2,clean,True,1,"{""too_thin"": 2}",ADJUDICATE,adjudicate_duration,narrowed,
glyph/0/0/0/2/3,clean,True,1,"{""too_thin"": 2}",ADJUDICATE,adjudicate_duration,narrowed,
glyph/0/0/0/2/4,clean,True,1,"{""too_thin"": 2}",ADJUDICATE,adjudicate_duration,narrowed,
glyph/0/0/0/2/5,clean,True,1,"{""too_thin"": 2}",ADJUDICATE,adjudicate_duration,narrowed,
glyph/0/0/0/3/2,no_stem,,1,"{""too_thin"": 1}",ADJUDICATE,adjudicate_duration,narrowed,
glyph/0/0/0/3/3,clean,True,0,"{""too_thin"": 1}",ADJUDICATE,adjudicate_duration,narrowed,
glyph/0/0/0/3/4,no_stem,,0,"{""too_thin"": 1}",ADJUDICATE,adjudicate_duration,narrowed,
glyph/0/0/0/3/5,no_stem,,0,"{""too_thin"": 1}",ADJUDICATE,adjudicate_duration,narrowed,
glyph/0/0/0/3/6,no_stem,,0,"{""too_thin"": 1}",ADJUDICATE,adjudicate_duration,narrowed,
glyph/0/0/0/3/9,clean,True,0,"{""too_thin"": 1}",ADJUDICATE,adjudicate_duration,narrowed,
glyph/0/0/0/3/10,no_stem,,1,"{""too_thin"": 1}",ADJUDICATE,adjudicate_duration,narrowed,
glyph/0/0/0/3/11,no_stem,,0,"{""too_thin"": 1}",ADJUDICATE,adjudicate_duration,narrowed,
glyph/0/0/0/4/1,no_stem,,0,"{""too_thin"": 1}",ADJUDICATE,adjudicate_duration,narrowed,
glyph/0/0/0/4/2,no_stem,,0,"{""too_thin"": 1}",ADJUDICATE,adjudicate_duration,narrowed,
glyph/0/0/0/4/4,no_stem,,1,"{""too_thin"": 1}",ADJUDICATE,adjudicate_duration,narrowed,
glyph/0/0/0/4/6,clean,True,0,"{""too_thin"": 1}",ADJUDICATE,adjudicate_duration,narrowed,
glyph/0/0/0/4/8,clean,True,0,"{""too_thin"": 1}",ADJUDICATE,adjudicate_duration,narrowed,
glyph/0/0/0/4/9,no_stem,,0,"{""too_thin"": 1}",ADJUDICATE,adjudicate_duration,narrowed,
glyph/0/0/0/4/10,no_stem,,0,"{""too_thin"": 1}",ADJUDICATE,adjudicate_duration,narrowed,
glyph/0/0/0/4/11,no_stem,,0,"{""too_thin"": 1}",ADJUDICATE,adjudicate_duration,narrowed,
glyph/0/0/0/4/15,no_stem,,1,"{""too_thin"": 1}",ADJUDICATE,adjudicate_duration,narrowed,
glyph/0/0/0/6/6,no_stem,,0,{},ADJUDICATE,adjudicate_duration,narrowed,
glyph/0/0/0/6/7,no_stem,,0,{},ADJUDICATE,adjudicate_duration,narrowed,
glyph/0/0/1/1/2,no_stem,,0,"{""too_thin"": 2}",ADJUDICATE,adjudicate_duration,narrowed,
glyph/0/0/1/1/4,clean,True,0,"{""too_thin"": 1}",ADJUDICATE,adjudicate_duration,narrowed,
glyph/0/0/1/1/5,no_stem,,1,"{""too_thin"": 2}",ADJUDICATE,adjudicate_duration,narrowed,
glyph/0/0/1/1/6,no_stem,,1,"{""too_thin"": 2}",ADJUDICATE,adjudicate_duration,narrowed,
glyph/0/0/1/1/8,clean,True,0,"{""too_thin"": 1}",ADJUDICATE,adjudicate_duration,narrowed,
glyph/0/0/1/1/13,no_stem,,0,"{""too_thin"": 2}",ADJUDICATE,adjudicate_duration,narrowed,
glyph/0/0/1/5/1,no_stem,,1,"{""too_thin"": 1}",ADJUDICATE,adjudicate_duration,narrowed,
glyph/0/0/1/5/2,no_stem,,0,"{""too_thin"": 1}",ADJUDICATE,adjudicate_duration,narrowed,
glyph/0/0/1/5/3,no_stem,,0,"{""too_thin"": 1}",ADJUDICATE,adjudicate_duration,narrowed,
glyph/0/0/1/5/4,no_stem,,0,"{""too_thin"": 1}",ADJUDICATE,adjudicate_duration,narrowed,
glyph/0/0/1/5/5,no_stem,,0,"{""too_thin"": 1}",ADJUDICATE,adjudicate_duration,narrowed,
glyph/0/0/1/5/6,no_stem,,1,"{""too_thin"": 1}",ADJUDICATE,adjudicate_duration,narrowed,
glyph/0/0/1/5/8,no_stem,,0,"{""too_thin"": 1}",ADJUDICATE,adjudicate_duration,narrowed,
glyph/0/0/1/5/9,no_stem,,0,"{""too_thin"": 1}",ADJUDICATE,adjudicate_duration,narrowed,
glyph/0/0/2/0/4,clean,False,1,{},ADJUDICATE,adjudicate_duration,narrowed,
glyph/0/0/2/0/5,clean,False,1,{},ADJUDICATE,adjudicate_duration,narrowed,
glyph/0/0/2/0/6,clean,False,1,{},ADJUDICATE,adjudicate_duration,narrowed,
glyph/0/0/2/0/14,clean,False,1,{},ADJUDICATE,adjudicate_duration,narrowed,
glyph/0/0/2/1/4,no_stem,,1,"{""too_thin"": 1}",ADJUDICATE,adjudicate_duration,narrowed,
glyph/0/0/2/1/5,no_stem,,0,"{""too_thin"": 1}",ADJUDICATE,adjudicate_duration,narrowed,
glyph/0/0/2/1/11,no_stem,,0,"{""too_thin"": 1}",ADJUDICATE,adjudicate_duration,narrowed,
glyph/0/0/2/1/12,no_stem,,1,"{""too_thin"": 1}",ADJUDICATE,adjudicate_duration,narrowed,
glyph/0/0/2/4/3,clean,False,1,"{""through_heads"": 1}",EVALUATE,share_stem_value,decided,0
glyph/0/0/3/0/6,clean,False,1,{},ADJUDICATE,adjudicate_duration,narrowed,
glyph/0/0/3/0/10,clean,False,1,{},ADJUDICATE,adjudicate_duration,narrowed,
glyph/0/0/3/1/2,clean,False,0,{},ADJUDICATE,adjudicate_duration,narrowed,
glyph/0/0/3/1/3,clean,False,0,{},ADJUDICATE,adjudicate_duration,narrowed,
glyph/0/0/4/1/6,clean,False,0,"{""too_thin"": 1}",ADJUDICATE,adjudicate_duration,narrowed,
glyph/0/0/4/2/4,occupied,False,0,"{""too_thin"": 1}",EVALUATE,share_stem_value,decided,0
glyph/0/0/6/0/7,clean,True,1,{},ADJUDICATE,adjudicate_duration,narrowed,
glyph/0/0/6/0/12,clean,True,1,{},ADJUDICATE,adjudicate_duration,narrowed,
glyph/0/0/6/1/4,no_stem,,0,"{""too_thin"": 1}",ADJUDICATE,adjudicate_duration,narrowed,
glyph/0/0/6/1/5,no_stem,,0,"{""too_thin"": 1}",ADJUDICATE,adjudicate_duration,narrowed,
glyph/0/0/6/2/2,clean,True,1,"{""too_thin"": 1}",ADJUDICATE,adjudicate_duration,narrowed,
glyph/0/0/6/2/3,no_stem,,1,"{""too_thin"": 1}",ADJUDICATE,adjudicate_duration,narrowed,
glyph/0/0/6/2/5,no_stem,,1,"{""too_thin"": 1}",ADJUDICATE,adjudicate_duration,narrowed,
glyph/0/0/6/2/12,clean,True,1,"{""too_thin"": 1}",ADJUDICATE,adjudicate_duration,narrowed,
glyph/0/0/8/1/3,occupied,False,0,{},EVALUATE,share_stem_value,decided,0
glyph/0/0/9/2/1,clean,True,0,"{""too_thin"": 3}",ADJUDICATE,adjudicate_duration,narrowed,
glyph/0/0/9/2/2,no_stem,,0,"{""too_thin"": 3}",ADJUDICATE,adjudicate_duration,narrowed,
glyph/0/0/9/2/4,clean,True,0,"{""too_thin"": 3}",ADJUDICATE,adjudicate_duration,narrowed,
glyph/0/0/9/3/1,clean,True,0,"{""too_thin"": 4}",ADJUDICATE,adjudicate_duration,narrowed,
glyph/0/0/9/3/3,occupied,True,0,"{""too_thin"": 4}",ADJUDICATE,adjudicate_duration,narrowed,
glyph/0/0/10/0/7,clean,False,0,{},ADJUDICATE,adjudicate_duration,narrowed,
glyph/0/0/10/0/11,clean,False,1,{},ADJUDICATE,adjudicate_duration,narrowed,
glyph/0/0/10/2/2,clean,True,0,"{""too_thin"": 2}",ADJUDICATE,adjudicate_duration,narrowed,
glyph/0/0/10/2/3,clean,True,0,"{""too_thin"": 2}",ADJUDICATE,adjudicate_duration,narrowed,
glyph/0/0/10/3/1,clean,True,0,"{""too_thin"": 2}",ADJUDICATE,adjudicate_duration,narrowed,
glyph/0/0/10/3/3,clean,True,0,"{""too_thin"": 2}",ADJUDICATE,adjudicate_duration,narrowed,
glyph/0/0/10/3/4,clean,True,0,"{""too_thin"": 2}",ADJUDICATE,adjudicate_duration,narrowed,
glyph/0/0/11/0/4,clean,True,0,{},ADJUDICATE,adjudicate_duration,narrowed,
glyph/0/0/11/0/5,clean,False,1,{},ADJUDICATE,adjudicate_duration,narrowed,
glyph/0/0/11/0/9,clean,True,0,{},ADJUDICATE,adjudicate_duration,narrowed,
glyph/0/0/11/0/10,occupied,False,2,{},ADJUDICATE,adjudicate_duration,narrowed,
glyph/0/0/11/1/6,clean,True,0,"{""too_thin"": 1}",ADJUDICATE,adjudicate_duration,narrowed,
glyph/0/0/11/1/10,clean,True,1,"{""too_thin"": 1}",ADJUDICATE,adjudicate_duration,narrowed,
glyph/0/0/11/2/2,clean,True,0,{},ADJUDICATE,adjudicate_duration,narrowed,
glyph/0/0/11/2/3,occupied,True,1,{},ADJUDICATE,adjudicate_duration,narrowed,
glyph/0/0/11/2/7,clean,True,1,{},ADJUDICATE,adjudicate_duration,narrowed,
glyph/0/0/11/6/4,occupied,False,0,"{""too_thin"": 1}",ADJUDICATE,adjudicate_duration,narrowed,
glyph/0/0/12/2/1,clean,True,0,"{""too_thin"": 1}",ADJUDICATE,adjudicate_duration,narrowed,
glyph/0/0/12/2/4,no_stem,,0,"{""too_thin"": 1}",ADJUDICATE,adjudicate_duration,narrowed,
glyph/0/0/12/2/5,clean,True,0,"{""too_thin"": 1}",ADJUDICATE,adjudicate_duration,narrowed,
glyph/0/0/12/3/1,occupied,False,0,{},ADJUDICATE,adjudicate_duration,narrowed,
glyph/0/0/12/3/2,clean,False,0,{},ADJUDICATE,adjudicate_duration,narrowed,
glyph/1/0/0/4/15,clean,True,0,"{""through_heads"": 2}",EVALUATE,reconcile_chord_duration,decided,0
glyph/1/0/0/6/2,clean,False,0,{},ADJUDICATE,adjudicate_duration,narrowed,
glyph/1/0/0/6/5,clean,False,0,{},ADJUDICATE,adjudicate_duration,narrowed,
glyph/1/0/1/5/3,occupied,False,0,{},ADJUDICATE,adjudicate_duration,narrowed,
glyph/1/0/1/5/6,occupied,False,0,{},ADJUDICATE,adjudicate_duration,narrowed,
glyph/1/0/2/0/6,occupied,True,0,"{""too_thin"": 2}",ADJUDICATE,adjudicate_duration,narrowed,
glyph/1/0/2/0/14,no_stem,,0,"{""too_thin"": 2}",ADJUDICATE,adjudicate_duration,narrowed,
glyph/1/0/2/0/15,no_stem,,0,"{""too_thin"": 2}",ADJUDICATE,adjudicate_duration,narrowed,
glyph/1/0/2/0/22,no_stem,,0,"{""too_thin"": 2}",ADJUDICATE,adjudicate_duration,narrowed,
glyph/1/0/2/0/24,no_stem,,0,"{""too_thin"": 2}",ADJUDICATE,adjudicate_duration,narrowed,
glyph/1/0/2/0/25,occupied,True,0,"{""too_thin"": 2}",ADJUDICATE,adjudicate_duration,narrowed,
glyph/1/0/2/1/11,occupied,False,0,{},ADJUDICATE,adjudicate_duration,narrowed,
glyph/1/0/2/1/15,occupied,False,0,{},ADJUDICATE,adjudicate_duration,narrowed,
glyph/1/0/2/1/16,occupied,False,0,{},ADJUDICATE,adjudicate_duration,narrowed,
glyph/1/0/2/1/21,occupied,False,0,{},ADJUDICATE,adjudicate_duration,narrowed,
glyph/1/0/2/6/3,clean,False,0,{},ADJUDICATE,adjudicate_duration,narrowed,
glyph/1/0/2/6/8,clean,False,1,{},EVALUATE,reconcile_duration,decided,0
glyph/1/0/3/0/3,occupied,True,0,"{""too_thin"": 2}",ADJUDICATE,adjudicate_duration,narrowed,
glyph/1/0/3/0/10,no_stem,,0,"{""too_thin"": 2}",ADJUDICATE,adjudicate_duration,narrowed,
glyph/1/0/3/0/15,no_stem,,0,"{""too_thin"": 2}",ADJUDICATE,adjudicate_duration,narrowed,
glyph/1/0/3/0/18,no_stem,,0,"{""too_thin"": 2}",ADJUDICATE,adjudicate_duration,narrowed,
glyph/1/0/3/0/29,occupied,True,0,"{""too_thin"": 2}",ADJUDICATE,adjudicate_duration,narrowed,
glyph/1/0/3/0/37,no_stem,,0,"{""too_thin"": 2}",ADJUDICATE,adjudicate_duration,narrowed,
glyph/1/0/3/1/3,clean,False,0,{},ADJUDICATE,adjudicate_duration,narrowed,
glyph/1/0/3/1/4,clean,False,0,{},ADJUDICATE,adjudicate_duration,narrowed,
glyph/1/0/3/1/6,clean,False,0,{},ADJUDICATE,adjudicate_duration,narrowed,
glyph/1/0/3/1/10,clean,False,0,{},ADJUDICATE,adjudicate_duration,narrowed,
glyph/1/0/3/3/7,occupied,False,0,"{""too_thin"": 9}",ADJUDICATE,adjudicate_duration,narrowed,
glyph/1/0/3/3/9,no_stem,,0,"{""too_thin"": 11}",ADJUDICATE,adjudicate_duration,narrowed,
glyph/1/0/3/3/11,clean,False,0,"{""too_thin"": 9}",ADJUDICATE,adjudicate_duration,narrowed,
glyph/1/0/3/3/17,no_stem,,0,"{""too_thin"": 11}",ADJUDICATE,adjudicate_duration,narrowed,
glyph/1/0/3/4/19,occupied,True,0,"{""through_heads"": 1}",ADJUDICATE,adjudicate_duration,narrowed,
glyph/1/0/3/6/0,clean,False,0,{},ADJUDICATE,adjudicate_duration,narrowed,
glyph/1/0/3/6/3,clean,False,0,{},ADJUDICATE,adjudicate_duration,narrowed,
glyph/1/0/5/0/1,clean,False,0,"{""too_thin"": 3}",ADJUDICATE,adjudicate_duration,narrowed,
glyph/1/0/5/0/7,clean,False,0,"{""too_thin"": 3}",ADJUDICATE,adjudicate_duration,narrowed,
glyph/1/0/7/0/13,occupied,True,0,"{""too_thin"": 1}",ADJUDICATE,adjudicate_duration,narrowed,
glyph/1/0/9/0/8,clean,True,1,"{""too_thin"": 2}",ADJUDICATE,adjudicate_duration,narrowed,
glyph/1/0/9/0/13,occupied,True,1,"{""too_thin"": 2}",ADJUDICATE,adjudicate_duration,narrowed,
glyph/1/0/9/0/28,no_stem,,0,"{""too_thin"": 2}",ADJUDICATE,adjudicate_duration,narrowed,
glyph/1/0/9/3/3,clean,True,0,"{""too_thin"": 7}",ADJUDICATE,adjudicate_duration,narrowed,
glyph/1/0/9/3/11,clean,True,0,"{""too_thin"": 7}",ADJUDICATE,adjudicate_duration,narrowed,
glyph/1/0/10/3/1,clean,True,0,"{""one_stem"": 1, ""too_thin"": 3}",ADJUDICATE,adjudicate_duration,narrowed,
glyph/1/0/10/3/3,no_stem,,0,"{""one_stem"": 1, ""too_thin"": 7}",ADJUDICATE,adjudicate_duration,narrowed,
glyph/1/0/10/3/4,hook_seen,False,0,"{""one_stem"": 1, ""too_thin"": 3}",ADJUDICATE,adjudicate_duration,narrowed,
glyph/1/0/10/3/13,clean,False,0,"{""one_stem"": 1, ""too_thin"": 3}",ADJUDICATE,adjudicate_duration,narrowed,
glyph/1/0/11/0/4,occupied,True,0,"{""too_thin"": 2}",ADJUDICATE,adjudicate_duration,narrowed,
glyph/1/0/11/0/9,no_stem,,0,"{""no_stem_at_ends"": 1, ""too_thin"": 3}",ADJUDICATE,adjudicate_duration,narrowed,
glyph/1/0/11/0/10,clean,True,0,"{""no_stem_at_ends"": 1, ""too_thin"": 1}",ADJUDICATE,adjudicate_duration,narrowed,
glyph/1/0/11/0/13,clean,True,0,"{""no_stem_at_ends"": 1, ""too_thin"": 1}",ADJUDICATE,adjudicate_duration,narrowed,
glyph/1/0/11/0/17,no_stem,,0,"{""no_stem_at_ends"": 1, ""too_thin"": 3}",ADJUDICATE,adjudicate_duration,narrowed,
glyph/1/0/11/0/19,occupied,True,0,"{""no_stem_at_ends"": 1, ""too_thin"": 1}",ADJUDICATE,adjudicate_duration,narrowed,
glyph/1/0/11/3/4,occupied,True,0,"{""too_thin"": 5}",ADJUDICATE,adjudicate_duration,narrowed,
glyph/1/0/11/3/5,clean,False,0,"{""too_thin"": 5}",ADJUDICATE,adjudicate_duration,narrowed,
glyph/1/0/12/0/7,clean,False,1,"{""too_thin"": 2}",ADJUDICATE,adjudicate_duration,narrowed,
glyph/1/0/12/0/15,occupied,False,1,"{""too_thin"": 2}",ADJUDICATE,adjudicate_duration,narrowed,
glyph/1/0/12/0/18,no_stem,,0,"{""too_thin"": 2}",ADJUDICATE,adjudicate_duration,narrowed,
glyph/1/1/3/0/7,clean,False,0,"{""too_thin"": 8}",ADJUDICATE,adjudicate_duration,narrowed,
glyph/1/1/9/0/15,clean,False,0,"{""no_stem_at_ends"": 1, ""too_thin"": 2}",ADJUDICATE,adjudicate_duration,narrowed,
glyph/1/1/9/2/7,hook_seen,False,0,"{""too_thin"": 1}",EVALUATE,reconcile_duration,decided,1
glyph/1/1/10/0/0,clean,False,0,"{""too_thin"": 5}",ADJUDICATE,adjudicate_duration,narrowed,
glyph/1/1/10/0/8,hook_seen,False,0,"{""too_thin"": 5}",ADJUDICATE,adjudicate_duration,narrowed,
glyph/1/1/10/6/0,clean,False,1,{},ADJUDICATE,adjudicate_duration,narrowed,
glyph/1/1/10/6/9,clean,False,0,{},ADJUDICATE,adjudicate_duration,narrowed,
glyph/2/0/0/2/1,clean,True,0,{},ADJUDICATE,adjudicate_duration,narrowed,
glyph/2/0/0/2/2,no_stem,,1,{},ADJUDICATE,adjudicate_duration,narrowed,
glyph/2/0/0/2/13,clean,True,1,{},ADJUDICATE,adjudicate_duration,narrowed,
glyph/2/0/0/3/3,no_stem,,0,{},ADJUDICATE,adjudicate_duration,narrowed,
glyph/2/0/0/3/6,no_stem,,0,{},ADJUDICATE,adjudicate_duration,narrowed,
glyph/2/0/0/3/7,no_stem,,1,{},ADJUDICATE,adjudicate_duration,narrowed,
glyph/2/0/0/3/8,no_stem,,1,"{""not_straight"": 1}",ADJUDICATE,adjudicate_duration,narrowed,
glyph/2/0/0/3/10,no_stem,,0,"{""not_straight"": 1}",ADJUDICATE,adjudicate_duration,narrowed,
glyph/2/0/0/3/14,no_stem,,0,"{""not_straight"": 1}",ADJUDICATE,adjudicate_duration,narrowed,
glyph/2/0/0/4/2,no_stem,,0,"{""too_thin"": 1}",ADJUDICATE,adjudicate_duration,narrowed,
glyph/2/0/0/4/3,no_stem,,0,"{""too_thin"": 1}",ADJUDICATE,adjudicate_duration,narrowed,
glyph/2/0/0/4/4,no_stem,,0,"{""too_thin"": 1}",ADJUDICATE,adjudicate_duration,narrowed,
glyph/2/0/0/4/9,no_stem,,0,"{""too_thin"": 1}",ADJUDICATE,adjudicate_duration,narrowed,
glyph/2/0/0/4/12,no_stem,,0,"{""too_thin"": 1}",ADJUDICATE,adjudicate_duration,narrowed,
glyph/2/0/0/4/13,no_stem,,0,"{""too_thin"": 1}",ADJUDICATE,adjudicate_duration,narrowed,
glyph/2/0/1/3/0,no_stem,,0,"{""not_straight"": 1}",ADJUDICATE,adjudicate_duration,narrowed,
glyph/2/0/1/3/4,no_stem,,1,"{""not_straight"": 1}",ADJUDICATE,adjudicate_duration,narrowed,
glyph/2/0/1/3/7,no_stem,,0,"{""not_straight"": 1}",ADJUDICATE,adjudicate_duration,narrowed,
glyph/2/0/1/3/9,no_stem,,0,"{""not_straight"": 1}",ADJUDICATE,adjudicate_duration,narrowed,
glyph/2/0/1/3/11,no_stem,,0,"{""not_straight"": 1}",ADJUDICATE,adjudicate_duration,narrowed,
glyph/2/0/1/3/14,no_stem,,1,"{""not_straight"": 1}",ADJUDICATE,adjudicate_duration,narrowed,
glyph/2/0/1/5/8,no_stem,,1,"{""too_thin"": 1}",ADJUDICATE,adjudicate_duration,narrowed,
glyph/2/0/1/5/9,no_stem,,1,"{""too_thin"": 1}",ADJUDICATE,adjudicate_duration,narrowed,
glyph/2/0/2/3/6,no_stem,,1,{},ADJUDICATE,adjudicate_duration,narrowed,
glyph/2/0/2/3/8,no_stem,,0,{},ADJUDICATE,adjudicate_duration,narrowed,
glyph/2/0/2/5/3,no_stem,,1,"{""too_thin"": 5}",ADJUDICATE,adjudicate_duration,narrowed,
glyph/2/0/2/5/21,no_stem,,1,"{""too_thin"": 5}",ADJUDICATE,adjudicate_duration,narrowed,
glyph/2/0/3/3/7,no_stem,,0,"{""too_thin"": 1}",ADJUDICATE,adjudicate_duration,narrowed,
glyph/2/0/3/3/8,no_stem,,0,{},ADJUDICATE,adjudicate_duration,narrowed,
glyph/2/0/3/3/10,no_stem,,1,{},ADJUDICATE,adjudicate_duration,narrowed,
glyph/2/0/3/4/1,no_stem,,0,"{""too_thin"": 1}",ADJUDICATE,adjudicate_duration,narrowed,
glyph/2/0/3/4/2,no_stem,,0,"{""too_thin"": 1}",ADJUDICATE,adjudicate_duration,narrowed,
glyph/2/0/3/4/4,no_stem,,0,"{""too_thin"": 1}",ADJUDICATE,adjudicate_duration,narrowed,
glyph/2/0/3/4/8,no_stem,,0,"{""too_thin"": 1}",ADJUDICATE,adjudicate_duration,narrowed,
glyph/2/0/3/4/13,no_stem,,0,"{""too_thin"": 1}",ADJUDICATE,adjudicate_duration,narrowed,
glyph/2/0/3/4/16,no_stem,,0,"{""too_thin"": 1}",ADJUDICATE,adjudicate_duration,narrowed,
glyph/2/0/6/3/0,clean,False,0,{},ADJUDICATE,adjudicate_duration,narrowed,
glyph/2/0/6/3/10,clean,False,0,{},ADJUDICATE,adjudicate_duration,narrowed,
glyph/2/0/7/3/0,occupied,False,0,"{""too_thin"": 1}",ADJUDICATE,adjudicate_duration,narrowed,
glyph/2/0/7/3/4,occupied,False,0,"{""too_thin"": 1}",ADJUDICATE,adjudicate_duration,narrowed,
glyph/2/0/8/1/12,occupied,False,0,{},EVALUATE,share_stem_value,decided,0
glyph/2/0/9/2/4,no_stem,,0,"{""too_thin"": 1}",ADJUDICATE,adjudicate_duration,narrowed,
glyph/2/0/9/4/1,clean,False,0,"{""too_thin"": 3}",ADJUDICATE,adjudicate_duration,narrowed,
glyph/2/0/9/4/5,clean,False,0,"{""too_thin"": 3}",ADJUDICATE,adjudicate_duration,narrowed,
glyph/2/0/9/4/6,no_stem,,0,"{""too_thin"": 3}",ADJUDICATE,adjudicate_duration,narrowed,
glyph/2/0/9/5/3,clean,False,0,"{""too_thin"": 2}",ADJUDICATE,adjudicate_duration,narrowed,
glyph/2/0/9/5/4,clean,False,0,"{""too_thin"": 2}",ADJUDICATE,adjudicate_duration,narrowed,
glyph/2/0/10/2/0,clean,False,0,{},ADJUDICATE,adjudicate_duration,narrowed,
glyph/2/0/10/2/1,clean,False,1,{},ADJUDICATE,adjudicate_duration,narrowed,
glyph/2/0/10/5/6,clean,True,0,"{""too_thin"": 2}",ADJUDICATE,adjudicate_duration,narrowed,
glyph/2/0/10/5/9,occupied,True,0,"{""too_thin"": 2}",ADJUDICATE,adjudicate_duration,narrowed,
glyph/2/0/11/2/0,occupied,True,1,{},ADJUDICATE,adjudicate_duration,narrowed,
glyph/2/0/11/2/5,occupied,False,1,{},ADJUDICATE,adjudicate_duration,narrowed,
glyph/2/0/11/3/5,clean,True,0,"{""too_thin"": 2}",ADJUDICATE,adjudicate_duration,narrowed,
glyph/2/0/11/3/7,clean,True,0,"{""too_thin"": 2}",ADJUDICATE,adjudicate_duration,narrowed,
glyph/2/0/11/3/11,no_stem,,0,"{""too_thin"": 2}",ADJUDICATE,adjudicate_duration,narrowed,
glyph/2/0/11/3/13,no_stem,,0,"{""too_thin"": 2}",ADJUDICATE,adjudicate_duration,narrowed,
glyph/2/0/11/5/4,no_stem,,0,"{""too_thin"": 2}",ADJUDICATE,adjudicate_duration,narrowed,
glyph/2/0/11/5/6,clean,False,0,"{""too_thin"": 2}",ADJUDICATE,adjudicate_duration,narrowed,
glyph/2/0/11/5/9,no_stem,,0,"{""too_thin"": 2}",ADJUDICATE,adjudicate_duration,narrowed,
glyph/2/0/11/5/10,occupied,True,0,"{""too_thin"": 1}",ADJUDICATE,adjudicate_duration,narrowed,
glyph/2/0/11/5/12,no_stem,,0,"{""too_thin"": 2}",ADJUDICATE,adjudicate_duration,narrowed,
glyph/2/0/11/5/13,no_stem,,1,"{""too_thin"": 2}",ADJUDICATE,adjudicate_duration,narrowed,
glyph/2/0/11/5/14,no_stem,,0,"{""too_thin"": 2}",ADJUDICATE,adjudicate_duration,narrowed,
glyph/2/0/12/2/0,clean,False,0,{},ADJUDICATE,adjudicate_duration,narrowed,
glyph/2/0/12/2/1,clean,False,1,{},ADJUDICATE,adjudicate_duration,narrowed,
glyph/2/0/12/4/2,clean,False,0,"{""too_thin"": 1}",ADJUDICATE,adjudicate_duration,narrowed,
glyph/2/0/12/5/3,clean,False,0,"{""too_thin"": 1}",ADJUDICATE,adjudicate_duration,narrowed,
glyph/2/0/12/5/4,no_stem,,0,"{""too_thin"": 1}",ADJUDICATE,adjudicate_duration,narrowed,
glyph/2/1/0/0/9,no_stem,,0,{},EVALUATE,reconcile_duration,decided,1
glyph/2/1/2/3/0,clean,False,1,{},ADJUDICATE,adjudicate_duration,narrowed,
glyph/2/1/2/3/9,clean,False,1,{},ADJUDICATE,adjudicate_duration,narrowed,
glyph/2/1/2/4/0,no_stem,,1,"{""too_thin"": 5}",ADJUDICATE,adjudicate_duration,narrowed,
glyph/2/1/2/4/3,no_stem,,1,"{""too_thin"": 5}",ADJUDICATE,adjudicate_duration,narrowed,
glyph/2/1/2/4/6,no_stem,,1,"{""too_thin"": 5}",ADJUDICATE,adjudicate_duration,narrowed,
glyph/2/1/2/4/8,no_stem,,1,"{""too_thin"": 5}",ADJUDICATE,adjudicate_duration,narrowed,
glyph/2/1/2/5/0,no_stem,,1,"{""one_stem"": 1, ""too_thin"": 1}",ADJUDICATE,adjudicate_duration,narrowed,
glyph/2/1/2/5/1,no_stem,,0,"{""one_stem"": 1, ""too_thin"": 1}",ADJUDICATE,adjudicate_duration,narrowed,
glyph/2/1/2/5/2,no_stem,,0,"{""one_stem"": 1, ""too_thin"": 1}",ADJUDICATE,adjudicate_duration,narrowed,
glyph/2/1/2/5/9,no_stem,,1,"{""one_stem"": 1, ""too_thin"": 1}",ADJUDICATE,adjudicate_duration,narrowed,
glyph/2/1/3/2/2,occupied,True,1,"{""too_thin"": 1}",ADJUDICATE,adjudicate_duration,narrowed,
glyph/2/1/3/2/3,occupied,True,1,"{""too_thin"": 1}",ADJUDICATE,adjudicate_duration,narrowed,
glyph/2/1/5/2/1,occupied,True,1,"{""too_thin"": 1}",ADJUDICATE,adjudicate_duration,narrowed,
glyph/2/1/5/2/4,clean,True,0,"{""too_thin"": 1}",ADJUDICATE,adjudicate_duration,narrowed,
glyph/2/1/5/3/0,clean,False,0,"{""too_thin"": 1}",ADJUDICATE,adjudicate_duration,narrowed,
glyph/2/1/9/8/0,no_stem,,0,"{""too_thin"": 1}",ADJUDICATE,adjudicate_duration,narrowed,
glyph/2/1/11/5/8,clean,True,1,{},EVALUATE,reconcile_duration,decided,0
glyph/3/0/0/0/5,no_stem,,1,{},ADJUDICATE,adjudicate_duration,narrowed,
glyph/3/0/0/1/2,no_stem,,1,{},ADJUDICATE,adjudicate_duration,narrowed,
glyph/3/0/0/1/7,no_stem,,1,{},ADJUDICATE,adjudicate_duration,narrowed,
glyph/3/0/1/0/4,no_stem,,1,{},ADJUDICATE,adjudicate_duration,narrowed,
glyph/3/0/1/1/1,no_stem,,1,"{""too_thin"": 2}",ADJUDICATE,adjudicate_duration,narrowed,
glyph/3/0/1/1/2,no_stem,,1,"{""too_thin"": 2}",ADJUDICATE,adjudicate_duration,narrowed,
glyph/3/0/1/1/3,no_stem,,1,"{""too_thin"": 2}",ADJUDICATE,adjudicate_duration,narrowed,
glyph/3/0/1/1/8,no_stem,,1,"{""too_thin"": 2}",ADJUDICATE,adjudicate_duration,narrowed,
glyph/3/0/1/2/2,no_stem,,0,{},ADJUDICATE,adjudicate_duration,narrowed,
glyph/3/0/1/2/8,no_stem,,1,{},ADJUDICATE,adjudicate_duration,narrowed,
glyph/3/0/1/8/8,no_stem,,1,"{""too_thin"": 1}",EVALUATE,reconcile_duration,decided,0
glyph/3/0/1/8/16,no_stem,,0,"{""too_thin"": 1}",ADJUDICATE,adjudicate_duration,narrowed,
glyph/3/0/1/9/6,no_stem,,1,"{""too_thin"": 1}",ADJUDICATE,adjudicate_duration,narrowed,
glyph/3/0/1/9/10,no_stem,,1,"{""too_thin"": 1}",ADJUDICATE,adjudicate_duration,narrowed,
glyph/3/0/2/0/8,no_stem,,1,"{""too_thin"": 1}",ADJUDICATE,adjudicate_duration,narrowed,
glyph/3/0/2/0/9,no_stem,,1,"{""too_thin"": 1}",ADJUDICATE,adjudicate_duration,narrowed,
glyph/3/0/2/1/2,occupied,True,1,"{""too_thin"": 1}",ADJUDICATE,adjudicate_duration,narrowed,
glyph/3/0/2/1/3,no_stem,,1,"{""too_thin"": 1}",ADJUDICATE,adjudicate_duration,narrowed,
glyph/3/0/2/1/4,no_stem,,1,"{""too_thin"": 1}",ADJUDICATE,adjudicate_duration,narrowed,
glyph/3/0/2/1/17,occupied,True,1,"{""too_thin"": 1}",ADJUDICATE,adjudicate_duration,narrowed,
glyph/3/0/3/0/6,no_stem,,1,{},ADJUDICATE,adjudicate_duration,narrowed,
glyph/3/0/3/0/17,no_stem,,1,"{""too_thin"": 1}",ADJUDICATE,adjudicate_duration,narrowed,
glyph/3/0/3/1/3,no_stem,,1,{},ADJUDICATE,adjudicate_duration,narrowed,
glyph/3/0/3/1/6,no_stem,,1,{},ADJUDICATE,adjudicate_duration,narrowed,
glyph/3/0/3/4/3,clean,False,1,{},EVALUATE,reconcile_duration,decided,0
glyph/3/0/3/9/2,clean,False,1,"{""too_thin"": 1}",ADJUDICATE,adjudicate_duration,narrowed,
glyph/3/0/3/9/6,clean,False,1,"{""too_thin"": 1}",ADJUDICATE,adjudicate_duration,narrowed,
glyph/3/0/5/9/1,no_stem,,0,"{""too_thin"": 1}",ADJUDICATE,adjudicate_duration,narrowed,
glyph/3/0/5/9/2,clean,True,0,"{""too_thin"": 1}",ADJUDICATE,adjudicate_duration,narrowed,
glyph/3/0/5/9/3,no_stem,,0,"{""too_thin"": 1}",ADJUDICATE,adjudicate_duration,narrowed,
glyph/3/0/5/9/4,clean,True,0,"{""too_thin"": 1}",ADJUDICATE,adjudicate_duration,narrowed,
glyph/3/0/5/9/6,no_stem,,0,"{""too_thin"": 1}",ADJUDICATE,adjudicate_duration,narrowed,
glyph/3/0/5/9/7,no_stem,,0,"{""too_thin"": 1}",ADJUDICATE,adjudicate_duration,narrowed,
glyph/3/0/5/9/12,no_stem,,0,"{""too_thin"": 1}",ADJUDICATE,adjudicate_duration,narrowed,
glyph/3/0/9/4/2,occupied,True,0,{},ADJUDICATE,adjudicate_duration,narrowed,
glyph/3/0/9/5/0,clean,False,1,"{""too_thin"": 2}",ADJUDICATE,adjudicate_duration,narrowed,
glyph/3/0/9/5/2,clean,False,0,"{""too_thin"": 2}",ADJUDICATE,adjudicate_duration,narrowed,
glyph/3/0/9/5/4,no_stem,,0,"{""too_thin"": 2}",ADJUDICATE,adjudicate_duration,narrowed,
glyph/3/0/9/6/0,clean,False,0,"{""too_thin"": 2}",EVALUATE,reconcile_duration,decided,0
glyph/3/0/9/9/0,clean,False,0,"{""too_thin"": 1}",ADJUDICATE,adjudicate_duration,narrowed,
glyph/3/0/9/9/8,no_stem,,0,"{""too_thin"": 1}",ADJUDICATE,adjudicate_duration,narrowed,
glyph/3/0/9/9/9,clean,False,1,"{""too_thin"": 1}",EVALUATE,reconcile_duration,decided,0
glyph/3/0/10/5/3,no_stem,,0,"{""too_thin"": 1}",ADJUDICATE,adjudicate_duration,narrowed,
glyph/3/0/10/5/6,no_stem,,0,"{""too_thin"": 1}",ADJUDICATE,adjudicate_duration,narrowed,
glyph/3/0/10/5/7,no_stem,,0,"{""too_thin"": 1}",ADJUDICATE,adjudicate_duration,narrowed,
glyph/3/0/10/5/9,no_stem,,0,"{""too_thin"": 1}",ADJUDICATE,adjudicate_duration,narrowed,
glyph/3/0/10/5/10,no_stem,,0,"{""too_thin"": 1}",ADJUDICATE,adjudicate_duration,narrowed,
glyph/3/0/10/5/13,no_stem,,0,"{""too_thin"": 1}",ADJUDICATE,adjudicate_duration,narrowed,
glyph/3/0/10/6/2,clean,False,0,"{""too_thin"": 1}",EVALUATE,share_stem_value,decided,0
glyph/3/0/11/9/3,no_stem,,0,"{""too_thin"": 2}",ADJUDICATE,adjudicate_duration,narrowed,
glyph/3/0/11/9/4,no_stem,,0,"{""too_thin"": 2}",ADJUDICATE,adjudicate_duration,narrowed,
glyph/3/0/11/9/6,no_stem,,0,"{""too_thin"": 2}",ADJUDICATE,adjudicate_duration,narrowed,
glyph/3/0/11/9/9,no_stem,,0,"{""too_thin"": 2}",ADJUDICATE,adjudicate_duration,narrowed,
glyph/3/0/11/9/10,no_stem,,0,"{""too_thin"": 2}",ADJUDICATE,adjudicate_duration,narrowed,
glyph/3/0/11/9/11,no_stem,,0,"{""too_thin"": 2}",ADJUDICATE,adjudicate_duration,narrowed,
glyph/3/0/12/5/2,no_stem,,1,{},EVALUATE,reconcile_duration,decided,0
glyph/3/0/12/7/3,no_stem,,0,"{""too_thin"": 1}",ADJUDICATE,adjudicate_duration,narrowed,
glyph/3/0/12/9/0,clean,False,1,"{""too_thin"": 2}",ADJUDICATE,adjudicate_duration,narrowed,
glyph/3/0/12/9/1,clean,False,1,"{""too_thin"": 2}",ADJUDICATE,adjudicate_duration,narrowed,
glyph/3/0/13/9/0,no_stem,,1,"{""too_thin"": 4}",ADJUDICATE,adjudicate_duration,narrowed,
glyph/3/0/13/9/1,clean,True,1,"{""too_thin"": 2}",ADJUDICATE,adjudicate_duration,narrowed,
glyph/3/1/0/1/3,occupied,False,1,"{""too_thin"": 1}",ADJUDICATE,adjudicate_duration,narrowed,
glyph/3/1/0/1/13,occupied,False,1,"{""too_thin"": 1}",ADJUDICATE,adjudicate_duration,narrowed,
glyph/3/1/0/5/4,no_stem,,1,"{""too_thin"": 2}",ADJUDICATE,adjudicate_duration,narrowed,
glyph/3/1/0/5/8,no_stem,,1,"{""too_thin"": 2}",ADJUDICATE,adjudicate_duration,narrowed,
glyph/3/1/0/6/5,clean,True,1,"{""too_thin"": 4}",ADJUDICATE,adjudicate_duration,narrowed,
glyph/3/1/0/6/6,no_stem,,0,"{""too_thin"": 4}",ADJUDICATE,adjudicate_duration,narrowed,
glyph/3/1/0/6/8,clean,True,1,"{""too_thin"": 4}",ADJUDICATE,adjudicate_duration,narrowed,
glyph/3/1/0/6/12,no_stem,,0,"{""too_thin"": 4}",ADJUDICATE,adjudicate_duration,narrowed,
glyph/3/1/0/7/3,no_stem,,0,{},ADJUDICATE,adjudicate_duration,narrowed,
glyph/3/1/0/7/5,clean,False,0,{},ADJUDICATE,adjudicate_duration,narrowed,
glyph/3/1/0/7/6,clean,False,1,{},ADJUDICATE,adjudicate_duration,narrowed,
glyph/3/1/1/2/0,clean,False,1,{},ADJUDICATE,adjudicate_duration,narrowed,
glyph/3/1/1/2/1,occupied,False,1,{},ADJUDICATE,adjudicate_duration,narrowed,
glyph/3/1/1/2/4,occupied,False,1,{},ADJUDICATE,adjudicate_duration,narrowed,
glyph/3/1/1/2/8,clean,False,1,{},ADJUDICATE,adjudicate_duration,narrowed,
glyph/3/1/1/5/3,no_stem,,1,"{""too_thin"": 1}",ADJUDICATE,adjudicate_duration,narrowed,
glyph/3/1/1/5/6,no_stem,,1,"{""too_thin"": 1}",ADJUDICATE,adjudicate_duration,narrowed,
glyph/3/1/1/6/3,no_stem,,1,"{""too_thin"": 1}",ADJUDICATE,adjudicate_duration,narrowed,
glyph/3/1/1/6/5,no_stem,,1,"{""too_thin"": 1}",ADJUDICATE,adjudicate_duration,narrowed,
glyph/3/1/1/7/1,clean,False,0,{},ADJUDICATE,adjudicate_duration,narrowed,
glyph/3/1/1/7/10,clean,False,1,{},ADJUDICATE,adjudicate_duration,narrowed,
glyph/3/1/1/8/2,no_stem,,0,"{""too_thin"": 1}",ADJUDICATE,adjudicate_duration,narrowed,
glyph/3/1/1/8/3,occupied,False,0,"{""too_thin"": 1}",ADJUDICATE,adjudicate_duration,narrowed,
glyph/3/1/1/8/5,no_stem,,0,"{""too_thin"": 1}",ADJUDICATE,adjudicate_duration,narrowed,
glyph/3/1/1/8/12,occupied,False,0,"{""too_thin"": 1}",ADJUDICATE,adjudicate_duration,narrowed,
glyph/3/1/1/8/14,no_stem,,0,"{""too_thin"": 1}",ADJUDICATE,adjudicate_duration,narrowed,
glyph/3/1/1/8/15,no_stem,,0,"{""too_thin"": 1}",ADJUDICATE,adjudicate_duration,narrowed,
glyph/3/1/2/7/1,clean,False,1,{},ADJUDICATE,adjudicate_duration,narrowed,
glyph/3/1/2/7/2,occupied,False,0,{},ADJUDICATE,adjudicate_duration,narrowed,
glyph/3/1/2/7/6,clean,False,1,{},ADJUDICATE,adjudicate_duration,narrowed,
glyph/3/1/2/7/7,occupied,False,0,{},ADJUDICATE,adjudicate_duration,narrowed,
glyph/3/1/2/8/3,clean,False,0,"{""too_thin"": 1}",ADJUDICATE,adjudicate_duration,narrowed,
glyph/3/1/2/8/5,clean,False,0,"{""too_thin"": 1}",ADJUDICATE,adjudicate_duration,narrowed,
glyph/3/1/3/0/1,no_stem,,1,{},ADJUDICATE,adjudicate_duration,narrowed,
glyph/3/1/3/0/9,clean,True,1,"{""not_straight"": 1}",ADJUDICATE,adjudicate_duration,narrowed,
glyph/3/1/3/0/14,clean,True,1,"{""not_straight"": 1}",ADJUDICATE,adjudicate_duration,narrowed,
glyph/3/1/3/1/0,occupied,False,1,{},ADJUDICATE,adjudicate_duration,narrowed,
glyph/3/1/3/1/3,clean,True,0,"{""not_straight"": 1}",ADJUDICATE,adjudicate_duration,narrowed,
glyph/3/1/3/1/8,occupied,False,1,{},ADJUDICATE,adjudicate_duration,narrowed,
glyph/3/1/3/1/11,clean,True,0,"{""not_straight"": 1}",ADJUDICATE,adjudicate_duration,narrowed,
glyph/3/1/3/2/3,clean,True,1,"{""not_straight"": 1}",ADJUDICATE,adjudicate_duration,narrowed,
glyph/3/1/3/2/6,clean,True,1,"{""not_straight"": 1}",ADJUDICATE,adjudicate_duration,narrowed,
glyph/3/1/3/2/8,clean,True,0,"{""not_straight"": 1}",ADJUDICATE,adjudicate_duration,narrowed,
glyph/3/1/3/2/10,occupied,False,1,{},ADJUDICATE,adjudicate_duration,narrowed,
glyph/3/1/3/2/13,occupied,False,1,{},ADJUDICATE,adjudicate_duration,narrowed,
glyph/3/1/3/2/20,clean,True,0,"{""not_straight"": 1}",ADJUDICATE,adjudicate_duration,narrowed,
glyph/3/1/3/7/0,clean,False,1,{},ADJUDICATE,adjudicate_duration,narrowed,
glyph/3/1/3/7/3,clean,False,1,{},ADJUDICATE,adjudicate_duration,narrowed,
glyph/3/1/3/7/4,occupied,False,1,{},ADJUDICATE,adjudicate_duration,narrowed,
glyph/3/1/3/7/9,occupied,False,1,{},ADJUDICATE,adjudicate_duration,narrowed,
glyph/3/1/4/0/5,clean,True,1,"{""not_straight"": 1}",ADJUDICATE,adjudicate_duration,narrowed,
glyph/3/1/4/0/11,occupied,True,0,"{""not_straight"": 1}",ADJUDICATE,adjudicate_duration,narrowed,
glyph/3/1/4/0/15,clean,True,0,"{""not_straight"": 1}",ADJUDICATE,adjudicate_duration,narrowed,
glyph/3/1/4/0/17,no_stem,,0,"{""not_straight"": 1}",ADJUDICATE,adjudicate_duration,narrowed,
glyph/3/1/4/1/3,clean,False,1,{},ADJUDICATE,adjudicate_duration,narrowed,
glyph/3/1/4/2/4,clean,False,1,"{""too_thin"": 1}",ADJUDICATE,adjudicate_duration,narrowed,
glyph/3/1/5/0/7,no_stem,,1,{},ADJUDICATE,adjudicate_duration,narrowed,
glyph/3/1/5/1/1,clean,True,1,{},ADJUDICATE,adjudicate_duration,narrowed,
glyph/3/1/5/1/4,clean,False,1,{},ADJUDICATE,adjudicate_duration,narrowed,
glyph/3/1/5/1/8,clean,True,1,{},ADJUDICATE,adjudicate_duration,narrowed,
glyph/3/1/5/1/9,clean,False,1,{},ADJUDICATE,adjudicate_duration,narrowed,
glyph/3/1/5/2/1,clean,False,1,{},ADJUDICATE,adjudicate_duration,narrowed,
glyph/3/1/5/2/2,no_stem,,0,{},ADJUDICATE,adjudicate_duration,narrowed,
glyph/3/1/5/2/4,clean,False,1,{},ADJUDICATE,adjudicate_duration,narrowed,
glyph/3/1/9/2/0,clean,False,1,"{""too_thin"": 1}",ADJUDICATE,adjudicate_duration,narrowed,
glyph/3/1/9/2/4,clean,False,1,"{""too_thin"": 1}",ADJUDICATE,adjudicate_duration,narrowed,
glyph/3/1/9/3/2,no_stem,,1,{},ADJUDICATE,adjudicate_duration,narrowed,
glyph/3/1/9/4/2,clean,True,1,"{""one_stem"": 1, ""too_thin"": 2}",ADJUDICATE,adjudicate_duration,narrowed,
glyph/3/1/9/5/1,clean,False,0,"{""too_thin"": 1}",ADJUDICATE,adjudicate_duration,narrowed,
glyph/3/1/9/5/7,occupied,True,1,"{""too_thin"": 1}",ADJUDICATE,adjudicate_duration,narrowed,
glyph/3/1/9/6/1,clean,False,0,{},ADJUDICATE,adjudicate_duration,narrowed,
glyph/3/1/9/6/3,clean,False,1,{},ADJUDICATE,adjudicate_duration,narrowed,
glyph/3/1/9/8/1,clean,False,0,{},ADJUDICATE,adjudicate_duration,narrowed,
glyph/3/1/9/8/2,clean,False,0,{},ADJUDICATE,adjudicate_duration,narrowed,
glyph/3/1/9/8/8,clean,False,0,{},ADJUDICATE,adjudicate_duration,narrowed,
glyph/3/1/9/9/3,clean,False,1,{},ADJUDICATE,adjudicate_duration,narrowed,
glyph/3/1/9/10/4,no_stem,,0,"{""too_thin"": 2}",ADJUDICATE,adjudicate_duration,narrowed,
glyph/3/1/10/5/1,clean,False,1,{},ADJUDICATE,adjudicate_duration,narrowed,
glyph/3/1/10/5/2,clean,False,0,{},ADJUDICATE,adjudicate_duration,narrowed,
glyph/3/1/10/6/2,clean,False,1,{},ADJUDICATE,adjudicate_duration,narrowed,
glyph/3/1/10/6/4,occupied,False,0,{},ADJUDICATE,adjudicate_duration,narrowed,
glyph/3/1/10/7/1,clean,False,1,"{""too_thin"": 1}",ADJUDICATE,adjudicate_duration,narrowed,
glyph/3/1/10/10/4,no_stem,,0,"{""too_thin"": 1}",ADJUDICATE,adjudicate_duration,narrowed,
glyph/3/1/11/4/3,occupied,False,0,"{""no_stem_at_ends"": 1}",ADJUDICATE,adjudicate_duration,narrowed,
glyph/3/1/11/4/7,no_stem,,1,"{""no_stem_at_ends"": 2, ""too_thin"": 1}",ADJUDICATE,adjudicate_duration,narrowed,
glyph/3/1/11/6/3,clean,False,1,{},ADJUDICATE,adjudicate_duration,narrowed,
glyph/3/1/11/9/2,clean,False,1,{},ADJUDICATE,adjudicate_duration,narrowed,
glyph/3/1/11/10/0,no_stem,,0,"{""too_thin"": 1}",ADJUDICATE,adjudicate_duration,narrowed,
glyph/3/1/12/4/1,clean,False,1,"{""too_thin"": 1}",ADJUDICATE,adjudicate_duration,narrowed,
glyph/3/1/12/4/2,no_stem,,0,"{""too_thin"": 2}",ADJUDICATE,adjudicate_duration,narrowed,
glyph/3/1/12/10/2,no_stem,,0,"{""too_thin"": 1}",ADJUDICATE,adjudicate_duration,narrowed,
glyph/3/1/13/1/1,occupied,True,0,"{""not_straight"": 1}",ADJUDICATE,adjudicate_duration,narrowed,
glyph/3/1/13/5/2,no_stem,,1,"{""too_thin"": 2}",ADJUDICATE,adjudicate_duration,narrowed,
glyph/3/1/13/6/2,clean,False,1,{},ADJUDICATE,adjudicate_duration,narrowed,
glyph/3/1/13/6/3,no_stem,,1,{},ADJUDICATE,adjudicate_duration,narrowed,
glyph/3/1/13/9/3,hook_seen,False,0,{},ADJUDICATE,adjudicate_duration,narrowed,
glyph/4/0/0/2/5,clean,False,0,"{""too_thin"": 1}",ADJUDICATE,adjudicate_duration,narrowed,
glyph/4/0/0/2/9,clean,False,0,"{""too_thin"": 1}",ADJUDICATE,adjudicate_duration,narrowed,
glyph/4/0/0/6/0,no_stem,,1,"{""too_thin"": 1}",ADJUDICATE,adjudicate_duration,narrowed,
glyph/4/0/0/6/9,no_stem,,1,"{""too_thin"": 1}",ADJUDICATE,adjudicate_duration,narrowed,
glyph/4/0/0/6/10,no_stem,,1,"{""too_thin"": 1}",ADJUDICATE,adjudicate_duration,narrowed,
glyph/4/0/5/4/4,clean,False,1,{},EVALUATE,reconcile_duration,decided,0
glyph/4/0/5/8/1,clean,False,1,{},ADJUDICATE,adjudicate_duration,narrowed,
glyph/4/0/5/8/2,clean,False,1,{},ADJUDICATE,adjudicate_duration,narrowed,
glyph/4/0/5/8/4,clean,False,1,{},ADJUDICATE,adjudicate_duration,narrowed,
glyph/4/0/5/9/0,clean,False,1,{},ADJUDICATE,adjudicate_duration,narrowed,
glyph/4/0/5/9/1,clean,False,1,{},ADJUDICATE,adjudicate_duration,narrowed,
glyph/4/0/6/7/5,clean,False,1,{},EVALUATE,reconcile_duration,decided,0
glyph/4/0/6/8/0,clean,False,1,"{""too_thin"": 1}",EVALUATE,reconcile_duration,decided,0
glyph/4/0/9/5/5,clean,False,0,{},ADJUDICATE,adjudicate_duration,narrowed,
glyph/4/0/9/7/2,clean,False,1,{},ADJUDICATE,adjudicate_duration,narrowed,
glyph/4/0/9/7/7,clean,False,0,{},ADJUDICATE,adjudicate_duration,narrowed,
glyph/4/0/9/10/1,clean,True,0,"{""not_straight"": 1}",ADJUDICATE,adjudicate_duration,narrowed,
glyph/4/0/9/10/2,no_stem,,0,"{""not_straight"": 1, ""too_thin"": 1}",ADJUDICATE,adjudicate_duration,narrowed,
glyph/4/0/9/10/4,occupied,True,1,"{""not_straight"": 1}",ADJUDICATE,adjudicate_duration,narrowed,
glyph/4/0/9/10/8,occupied,True,1,"{""not_straight"": 1}",ADJUDICATE,adjudicate_duration,narrowed,
glyph/4/0/9/10/9,occupied,True,0,"{""not_straight"": 1}",ADJUDICATE,adjudicate_duration,narrowed,
glyph/4/0/10/10/10,clean,False,0,{},EVALUATE,share_stem_value,decided,0
glyph/4/0/11/2/2,clean,False,1,{},ADJUDICATE,adjudicate_duration,narrowed,
glyph/4/0/11/2/8,clean,False,1,{},ADJUDICATE,adjudicate_duration,narrowed,
glyph/4/0/11/3/5,clean,False,1,{},ADJUDICATE,adjudicate_duration,narrowed,
glyph/4/0/11/4/0,clean,False,2,"{""too_thin"": 2}",ADJUDICATE,adjudicate_duration,narrowed,
glyph/4/0/11/4/7,no_stem,,1,"{""one_stem"": 1, ""too_thin"": 2}",ADJUDICATE,adjudicate_duration,narrowed,
glyph/4/0/11/5/0,clean,False,0,{},EVALUATE,reconcile_chord_duration,decided,0
glyph/4/0/11/5/6,clean,False,0,{},EVALUATE,reconcile_duration,decided,1
glyph/4/0/11/6/2,clean,False,0,{},ADJUDICATE,adjudicate_duration,narrowed,
glyph/4/0/11/6/12,occupied,False,0,{},ADJUDICATE,adjudicate_duration,narrowed,
glyph/4/0/11/7/0,clean,False,0,{},ADJUDICATE,adjudicate_duration,narrowed,
glyph/4/0/12/2/5,clean,False,1,{},ADJUDICATE,adjudicate_duration,narrowed,
glyph/4/0/12/2/9,clean,False,0,{},ADJUDICATE,adjudicate_duration,narrowed,
glyph/4/0/12/3/2,clean,False,0,"{""too_thin"": 3}",ADJUDICATE,adjudicate_duration,narrowed,
glyph/4/0/12/3/9,clean,True,1,"{""too_thin"": 3}",ADJUDICATE,adjudicate_duration,narrowed,
glyph/4/0/12/4/8,clean,False,0,"{""too_thin"": 1}",ADJUDICATE,adjudicate_duration,narrowed,
glyph/4/0/12/9/0,clean,False,0,{},ADJUDICATE,adjudicate_duration,narrowed,
glyph/4/0/13/1/2,clean,False,1,"{""too_thin"": 2}",ADJUDICATE,adjudicate_duration,narrowed,
glyph/4/0/13/1/5,clean,True,0,"{""too_thin"": 2}",ADJUDICATE,adjudicate_duration,narrowed,
glyph/4/0/13/2/3,clean,False,0,"{""too_thin"": 1}",ADJUDICATE,adjudicate_duration,narrowed,
glyph/4/0/13/2/4,clean,False,1,"{""too_thin"": 1}",ADJUDICATE,adjudicate_duration,narrowed,
glyph/4/0/13/3/2,clean,False,0,"{""too_thin"": 1}",ADJUDICATE,adjudicate_duration,narrowed,
glyph/4/0/13/3/3,clean,False,1,"{""too_thin"": 1}",ADJUDICATE,adjudicate_duration,narrowed,
glyph/4/1/0/3/8,no_stem,,0,"{""too_thin"": 3}",ADJUDICATE,adjudicate_duration,narrowed,
glyph/4/1/0/5/4,clean,False,0,"{""too_thin"": 1}",ADJUDICATE,adjudicate_duration,narrowed,
glyph/4/1/0/5/10,clean,False,0,"{""too_thin"": 1}",ADJUDICATE,adjudicate_duration,narrowed,
glyph/4/1/0/8/2,clean,False,1,{},ADJUDICATE,adjudicate_duration,narrowed,
glyph/4/1/0/8/6,no_stem,,0,{},ADJUDICATE,adjudicate_duration,narrowed,
glyph/4/1/0/8/19,occupied,False,0,{},ADJUDICATE,adjudicate_duration,narrowed,
glyph/4/1/0/8/23,clean,False,0,{},ADJUDICATE,adjudicate_duration,narrowed,
glyph/4/1/1/3/2,clean,True,0,"{""too_thin"": 3}",ADJUDICATE,adjudicate_duration,narrowed,
glyph/4/1/1/5/2,no_stem,,0,{},ADJUDICATE,adjudicate_duration,narrowed,
glyph/4/1/2/3/7,no_stem,,0,"{""too_thin"": 1}",ADJUDICATE,adjudicate_duration,narrowed,
glyph/4/1/2/3/13,no_stem,,0,"{""too_thin"": 1}",ADJUDICATE,adjudicate_duration,narrowed,
glyph/4/1/2/5/2,clean,False,0,"{""too_thin"": 1}",ADJUDICATE,adjudicate_duration,narrowed,
glyph/4/1/2/5/12,clean,False,0,"{""too_thin"": 1}",ADJUDICATE,adjudicate_duration,narrowed,
glyph/4/1/2/8/1,occupied,False,1,{},ADJUDICATE,adjudicate_duration,narrowed,
glyph/4/1/2/8/9,occupied,False,1,{},ADJUDICATE,adjudicate_duration,narrowed,
glyph/4/1/3/1/1,clean,False,1,{},ADJUDICATE,adjudicate_duration,narrowed,
glyph/4/1/3/1/2,clean,False,0,{},ADJUDICATE,adjudicate_duration,narrowed,
glyph/4/1/3/1/3,clean,False,0,{},ADJUDICATE,adjudicate_duration,narrowed,
glyph/4/1/3/1/5,clean,False,1,{},ADJUDICATE,adjudicate_duration,narrowed,
glyph/4/1/3/1/10,clean,False,0,{},ADJUDICATE,adjudicate_duration,narrowed,
glyph/4/1/3/1/14,clean,False,0,{},ADJUDICATE,adjudicate_duration,narrowed,
glyph/4/1/3/3/1,no_stem,,0,{},ADJUDICATE,adjudicate_duration,narrowed,
glyph/4/1/3/3/2,occupied,False,0,{},ADJUDICATE,adjudicate_duration,narrowed,
glyph/4/1/3/3/3,occupied,True,0,{},ADJUDICATE,adjudicate_duration,narrowed,
glyph/4/1/3/3/4,clean,True,0,{},ADJUDICATE,adjudicate_duration,narrowed,
glyph/4/1/3/3/7,occupied,False,0,{},ADJUDICATE,adjudicate_duration,narrowed,
glyph/4/1/3/3/10,clean,True,0,{},ADJUDICATE,adjudicate_duration,narrowed,
glyph/4/1/3/3/13,occupied,True,0,{},ADJUDICATE,adjudicate_duration,narrowed,
glyph/4/1/3/8/0,clean,True,1,"{""too_thin"": 3}",ADJUDICATE,adjudicate_duration,narrowed,
glyph/4/1/3/8/3,no_stem,,0,"{""too_thin"": 3}",ADJUDICATE,adjudicate_duration,narrowed,
glyph/4/1/3/8/7,clean,True,1,"{""too_thin"": 3}",ADJUDICATE,adjudicate_duration,narrowed,
glyph/4/1/3/8/9,no_stem,,0,"{""too_thin"": 3}",ADJUDICATE,adjudicate_duration,narrowed,
glyph/4/1/10/8/2,clean,False,0,"{""too_thin"": 1}",ADJUDICATE,adjudicate_duration,narrowed,
glyph/4/1/11/4/1,no_stem,,0,{},ADJUDICATE,adjudicate_duration,narrowed,
glyph/4/1/11/8/3,no_stem,,0,{},ADJUDICATE,adjudicate_duration,narrowed,
glyph/4/1/11/8/10,clean,False,1,{},ADJUDICATE,adjudicate_duration,narrowed,
glyph/4/1/12/0/4,clean,False,1,{},ADJUDICATE,adjudicate_duration,narrowed,
glyph/4/1/12/0/10,hook_seen,False,0,{},ADJUDICATE,adjudicate_duration,narrowed,
glyph/4/1/12/2/0,clean,True,0,"{""too_thin"": 1}",ADJUDICATE,adjudicate_duration,narrowed,
glyph/4/1/12/3/0,clean,True,1,"{""too_thin"": 3}",ADJUDICATE,adjudicate_duration,narrowed,
glyph/4/1/12/6/0,clean,False,1,{},ADJUDICATE,adjudicate_duration,narrowed,
glyph/4/1/12/6/1,clean,False,0,{},ADJUDICATE,adjudicate_duration,narrowed,
glyph/4/1/13/1/1,clean,True,1,"{""too_thin"": 2}",ADJUDICATE,adjudicate_duration,narrowed,
glyph/4/1/13/1/4,clean,True,1,"{""too_thin"": 2}",ADJUDICATE,adjudicate_duration,narrowed,
glyph/4/1/13/2/2,clean,True,1,"{""no_stem_at_ends"": 2, ""too_thin"": 1}",ADJUDICATE,adjudicate_duration,narrowed,
glyph/4/1/13/3/0,clean,True,1,"{""too_thin"": 2}",ADJUDICATE,adjudicate_duration,narrowed,
glyph/4/1/13/3/2,clean,True,1,"{""too_thin"": 1}",ADJUDICATE,adjudicate_duration,narrowed,
glyph/4/1/13/4/3,clean,True,1,"{""not_straight"": 1}",ADJUDICATE,adjudicate_duration,narrowed,
glyph/4/1/13/8/1,hook_seen,True,0,"{""too_thin"": 6}",ADJUDICATE,adjudicate_duration,narrowed,
glyph/4/1/13/8/10,clean,True,0,"{""too_thin"": 6}",ADJUDICATE,adjudicate_duration,narrowed,
glyph/5/0/0/1/7,clean,False,1,{},ADJUDICATE,adjudicate_duration,narrowed,
glyph/5/0/0/1/9,clean,False,1,{},ADJUDICATE,adjudicate_duration,narrowed,
glyph/5/0/0/1/15,no_stem,,0,{},ADJUDICATE,adjudicate_duration,narrowed,
glyph/5/0/0/3/3,no_stem,,0,"{""through_heads"": 1}",EVALUATE,reconcile_duration,decided,0
glyph/5/0/1/0/2,clean,True,0,"{""too_thin"": 1}",ADJUDICATE,adjudicate_duration,narrowed,
glyph/5/0/1/0/4,clean,True,1,"{""too_thin"": 1}",ADJUDICATE,adjudicate_duration,narrowed,
glyph/5/0/1/1/6,clean,True,0,"{""too_thin"": 1}",EVALUATE,reconcile_duration,decided,0
glyph/5/0/1/2/0,clean,True,1,"{""too_thin"": 4}",ADJUDICATE,adjudicate_duration,narrowed,
glyph/5/0/1/2/1,clean,True,1,"{""too_thin"": 4}",ADJUDICATE,adjudicate_duration,narrowed,
glyph/5/0/1/3/1,clean,False,0,"{""too_thin"": 3}",ADJUDICATE,adjudicate_duration,narrowed,
glyph/5/0/1/4/4,no_stem,,0,"{""too_thin"": 2}",ADJUDICATE,adjudicate_duration,narrowed,
glyph/5/0/2/0/5,occupied,True,1,"{""too_thin"": 1}",ADJUDICATE,adjudicate_duration,narrowed,
glyph/5/0/2/0/7,occupied,True,1,"{""too_thin"": 1}",ADJUDICATE,adjudicate_duration,narrowed,
glyph/5/0/2/0/10,occupied,True,1,"{""too_thin"": 1}",ADJUDICATE,adjudicate_duration,narrowed,
glyph/5/0/2/0/14,occupied,True,1,"{""too_thin"": 1}",ADJUDICATE,adjudicate_duration,narrowed,
glyph/5/0/2/1/2,occupied,True,0,"{""too_thin"": 2}",ADJUDICATE,adjudicate_duration,narrowed,
glyph/5/0/2/1/9,occupied,True,0,"{""too_thin"": 2}",ADJUDICATE,adjudicate_duration,narrowed,
glyph/5/0/2/2/0,clean,True,1,"{""too_thin"": 1}",ADJUDICATE,adjudicate_duration,narrowed,
glyph/5/0/2/2/1,occupied,True,1,"{""too_thin"": 1}",ADJUDICATE,adjudicate_duration,narrowed,
glyph/5/0/2/2/4,occupied,True,1,"{""too_thin"": 1}",ADJUDICATE,adjudicate_duration,narrowed,
glyph/5/0/2/2/9,clean,True,1,"{""too_thin"": 1}",ADJUDICATE,adjudicate_duration,narrowed,
glyph/5/0/2/3/1,occupied,True,0,"{""too_thin"": 1}",ADJUDICATE,adjudicate_duration,narrowed,
glyph/5/0/2/3/2,clean,False,0,"{""too_thin"": 1}",ADJUDICATE,adjudicate_duration,narrowed,
glyph/5/0/2/3/8,clean,False,0,"{""too_thin"": 1}",ADJUDICATE,adjudicate_duration,narrowed,
glyph/5/0/2/3/9,occupied,True,0,"{""too_thin"": 1}",ADJUDICATE,adjudicate_duration,narrowed,
glyph/5/0/2/4/1,no_stem,,0,{},ADJUDICATE,adjudicate_duration,narrowed,
glyph/5/0/2/4/4,clean,True,0,"{""too_thin"": 1}",ADJUDICATE,adjudicate_duration,narrowed,
glyph/5/0/2/4/6,no_stem,,0,"{""too_thin"": 1}",ADJUDICATE,adjudicate_duration,narrowed,
glyph/5/0/2/4/13,clean,True,0,"{""too_thin"": 1}",ADJUDICATE,adjudicate_duration,narrowed,
glyph/5/0/3/1/4,no_stem,,0,"{""too_thin"": 1}",ADJUDICATE,adjudicate_duration,narrowed,
glyph/5/0/3/2/0,clean,False,1,"{""too_thin"": 1}",ADJUDICATE,adjudicate_duration,narrowed,
glyph/5/0/3/2/1,clean,False,1,"{""too_thin"": 1}",ADJUDICATE,adjudicate_duration,narrowed,
glyph/5/0/3/2/3,no_stem,,1,"{""too_thin"": 2}",ADJUDICATE,adjudicate_duration,narrowed,
glyph/5/0/3/3/3,clean,False,0,{},ADJUDICATE,adjudicate_duration,narrowed,
glyph/5/0/3/3/4,no_stem,,0,{},ADJUDICATE,adjudicate_duration,narrowed,
glyph/5/0/3/3/5,clean,False,0,{},ADJUDICATE,adjudicate_duration,narrowed,
glyph/5/0/3/4/4,no_stem,,0,{},ADJUDICATE,adjudicate_duration,narrowed,
glyph/5/0/3/4/5,no_stem,,0,"{""too_thin"": 2}",ADJUDICATE,adjudicate_duration,narrowed,
glyph/5/0/3/4/6,clean,True,0,"{""too_thin"": 2}",ADJUDICATE,adjudicate_duration,narrowed,
glyph/5/0/3/4/11,clean,True,0,"{""too_thin"": 2}",ADJUDICATE,adjudicate_duration,narrowed,
glyph/5/0/5/5/1,clean,False,1,{},ADJUDICATE,adjudicate_duration,narrowed,
glyph/5/0/5/5/11,clean,False,1,{},ADJUDICATE,adjudicate_duration,narrowed,
glyph/5/0/5/6/5,clean,True,1,"{""too_thin"": 1}",ADJUDICATE,adjudicate_duration,narrowed,
glyph/5/0/5/6/10,clean,True,1,"{""too_thin"": 1}",ADJUDICATE,adjudicate_duration,narrowed,
glyph/5/0/5/7/2,clean,False,0,"{""too_thin"": 1}",ADJUDICATE,adjudicate_duration,narrowed,
glyph/5/0/5/7/7,clean,False,0,"{""too_thin"": 1}",ADJUDICATE,adjudicate_duration,narrowed,
glyph/5/0/7/1/0,occupied,False,0,"{""too_thin"": 1}",ADJUDICATE,adjudicate_duration,narrowed,
glyph/5/0/7/1/5,occupied,False,0,"{""too_thin"": 1}",ADJUDICATE,adjudicate_duration,narrowed,
glyph/5/0/7/5/1,clean,False,1,"{""too_thin"": 1}",EVALUATE,reconcile_duration,decided,0
glyph/5/0/7/5/17,clean,False,0,"{""too_thin"": 1}",ADJUDICATE,adjudicate_duration,narrowed,
glyph/5/0/7/6/0,clean,False,1,"{""too_thin"": 1}",ADJUDICATE,adjudicate_duration,narrowed,
glyph/5/0/7/6/17,clean,False,1,"{""too_thin"": 1}",ADJUDICATE,adjudicate_duration,narrowed,
glyph/5/0/7/6/22,no_stem,,0,"{""too_thin"": 1}",ADJUDICATE,adjudicate_duration,narrowed,
glyph/5/0/7/7/3,clean,False,0,{},ADJUDICATE,adjudicate_duration,narrowed,
glyph/5/0/7/7/8,clean,False,0,{},ADJUDICATE,adjudicate_duration,narrowed,
glyph/5/0/9/4/2,clean,False,0,"{""too_thin"": 3}",ADJUDICATE,adjudicate_duration,narrowed,
glyph/5/0/9/4/4,occupied,True,0,"{""too_thin"": 3}",ADJUDICATE,adjudicate_duration,narrowed,
glyph/5/0/9/6/1,clean,True,1,"{""too_thin"": 4}",ADJUDICATE,adjudicate_duration,narrowed,
glyph/5/0/9/6/7,clean,True,1,"{""too_thin"": 4}",ADJUDICATE,adjudicate_duration,narrowed,
glyph/5/0/10/1/2,clean,False,0,{},ADJUDICATE,adjudicate_duration,narrowed,
glyph/5/0/10/1/3,clean,False,1,{},ADJUDICATE,adjudicate_duration,narrowed,
glyph/5/0/10/2/0,clean,False,0,{},ADJUDICATE,adjudicate_duration,narrowed,
glyph/5/0/10/2/7,clean,False,0,{},ADJUDICATE,adjudicate_duration,narrowed,
glyph/5/0/10/3/0,clean,False,0,"{""one_stem"": 1}",ADJUDICATE,adjudicate_duration,narrowed,
glyph/5/0/10/4/7,occupied,False,0,"{""too_thin"": 1}",ADJUDICATE,adjudicate_duration,narrowed,
glyph/5/0/11/1/2,clean,False,0,{},ADJUDICATE,adjudicate_duration,narrowed,
glyph/5/0/11/1/3,clean,False,1,{},ADJUDICATE,adjudicate_duration,narrowed,
glyph/5/0/11/2/0,clean,False,1,{},ADJUDICATE,adjudicate_duration,narrowed,
glyph/5/0/11/2/3,clean,False,1,{},ADJUDICATE,adjudicate_duration,narrowed,
glyph/5/0/11/4/12,clean,False,0,"{""too_thin"": 2}",ADJUDICATE,adjudicate_duration,narrowed,
glyph/5/0/11/6/1,clean,False,1,{},EVALUATE,reconcile_duration,decided,0
glyph/5/0/12/1/2,clean,False,1,{},ADJUDICATE,adjudicate_duration,narrowed,
glyph/5/0/12/1/3,clean,False,0,{},ADJUDICATE,adjudicate_duration,narrowed,
glyph/5/0/12/2/1,clean,False,0,"{""too_thin"": 1}",ADJUDICATE,adjudicate_duration,narrowed,
glyph/5/0/12/5/17,no_stem,,1,"{""too_thin"": 2}",ADJUDICATE,adjudicate_duration,narrowed,
glyph/5/0/12/6/3,clean,False,0,"{""too_thin"": 3}",ADJUDICATE,adjudicate_duration,narrowed,
glyph/5/0/12/7/1,clean,True,0,"{""too_thin"": 2}",ADJUDICATE,adjudicate_duration,narrowed,
glyph/5/0/12/7/26,no_stem,,0,"{""too_thin"": 4}",ADJUDICATE,adjudicate_duration,narrowed,
glyph/5/0/13/1/0,clean,False,1,{},ADJUDICATE,adjudicate_duration,narrowed,
glyph/5/0/13/1/1,clean,False,0,{},ADJUDICATE,adjudicate_duration,narrowed,
glyph/5/0/13/4/0,clean,False,0,{},ADJUDICATE,adjudicate_duration,narrowed,
glyph/5/0/13/5/8,no_stem,,1,"{""too_thin"": 1}",EVALUATE,reconcile_duration,decided,0
glyph/5/0/13/6/1,clean,False,1,{},EVALUATE,reconcile_duration,decided,0
glyph/5/0/13/7/15,no_stem,,0,"{""too_thin"": 1}",ADJUDICATE,adjudicate_duration,narrowed,
glyph/5/1/0/3/4,clean,False,1,{},ADJUDICATE,adjudicate_duration,narrowed,
glyph/5/1/0/3/16,clean,False,1,{},ADJUDICATE,adjudicate_duration,narrowed,
glyph/5/1/0/4/4,clean,False,0,"{""too_thin"": 1}",ADJUDICATE,adjudicate_duration,narrowed,
glyph/5/1/0/4/5,clean,False,0,"{""too_thin"": 1}",ADJUDICATE,adjudicate_duration,narrowed,
glyph/5/1/0/5/0,clean,False,1,{},EVALUATE,reconcile_duration,decided,0
glyph/5/1/0/9/2,no_stem,,0,"{""too_thin"": 1}",ADJUDICATE,adjudicate_duration,narrowed,
glyph/5/1/0/9/7,no_stem,,0,"{""too_thin"": 1}",ADJUDICATE,adjudicate_duration,narrowed,
glyph/5/1/0/9/29,no_stem,,0,"{""too_thin"": 1}",ADJUDICATE,adjudicate_duration,narrowed,
glyph/5/1/1/3/2,occupied,True,1,{},ADJUDICATE,adjudicate_duration,narrowed,
glyph/5/1/1/3/5,occupied,True,1,{},ADJUDICATE,adjudicate_duration,narrowed,
glyph/5/1/2/3/4,occupied,False,1,{},ADJUDICATE,adjudicate_duration,narrowed,
glyph/5/1/2/3/12,occupied,False,1,{},ADJUDICATE,adjudicate_duration,narrowed,
glyph/5/1/2/4/1,occupied,True,0,"{""too_thin"": 1}",ADJUDICATE,adjudicate_duration,narrowed,
glyph/5/1/2/4/5,occupied,True,0,"{""too_thin"": 1}",ADJUDICATE,adjudicate_duration,narrowed,
glyph/5/1/2/5/4,clean,False,1,"{""too_thin"": 1}",EVALUATE,reconcile_duration,decided,0
glyph/5/1/2/6/3,clean,True,0,"{""too_thin"": 1}",ADJUDICATE,adjudicate_duration,narrowed,
glyph/5/1/3/3/4,occupied,False,1,{},ADJUDICATE,adjudicate_duration,narrowed,
glyph/5/1/3/3/6,occupied,False,1,{},ADJUDICATE,adjudicate_duration,narrowed,
glyph/5/1/3/5/5,clean,False,1,{},EVALUATE,reconcile_duration,decided,0
glyph/5/1/3/9/13,clean,False,0,"{""too_thin"": 1}",EVALUATE,reconcile_duration,decided,1
glyph/5/1/5/0/2,clean,False,0,{},ADJUDICATE,adjudicate_duration,narrowed,
glyph/5/1/5/0/8,clean,False,0,{},ADJUDICATE,adjudicate_duration,narrowed,
glyph/5/1/5/2/5,clean,True,1,{},EVALUATE,reconcile_duration,decided,0
glyph/5/1/5/2/9,clean,True,0,{},ADJUDICATE,adjudicate_duration,narrowed,
glyph/5/1/5/6/3,no_stem,,1,"{""too_thin"": 2}",EVALUATE,reconcile_duration,decided,0
glyph/5/1/5/7/1,no_stem,,0,{},ADJUDICATE,adjudicate_duration,narrowed,
glyph/5/1/5/7/2,clean,False,0,{},ADJUDICATE,adjudicate_duration,narrowed,
glyph/5/1/5/7/3,clean,False,1,{},ADJUDICATE,adjudicate_duration,narrowed,
glyph/5/1/7/0/1,clean,False,0,{},ADJUDICATE,adjudicate_duration,narrowed,
glyph/5/1/7/0/4,clean,False,0,{},ADJUDICATE,adjudicate_duration,narrowed,
glyph/5/1/7/4/3,clean,False,1,{},EVALUATE,reconcile_duration,decided,0
glyph/5/1/7/7/1,clean,False,0,{},ADJUDICATE,adjudicate_duration,narrowed,
glyph/5/1/7/7/2,clean,False,0,{},ADJUDICATE,adjudicate_duration,narrowed,
glyph/5/1/7/7/3,clean,False,0,{},ADJUDICATE,adjudicate_duration,narrowed,
glyph/5/1/7/8/0,occupied,False,0,{},ADJUDICATE,adjudicate_duration,narrowed,
glyph/5/1/7/8/2,left_inked,True,1,{},ADJUDICATE,adjudicate_duration,narrowed,
glyph/5/1/7/8/5,occupied,False,0,{},ADJUDICATE,adjudicate_duration,narrowed,
glyph/5/1/7/8/21,left_inked,True,0,{},ADJUDICATE,adjudicate_duration,narrowed,
glyph/5/1/8/0/2,clean,False,0,{},ADJUDICATE,adjudicate_duration,narrowed,
glyph/5/1/8/0/4,clean,False,0,{},ADJUDICATE,adjudicate_duration,narrowed,
glyph/5/1/9/2/3,no_stem,,0,{},ADJUDICATE,adjudicate_duration,narrowed,
glyph/5/1/9/3/3,clean,False,0,{},ADJUDICATE,adjudicate_duration,narrowed,
glyph/5/1/9/3/4,clean,False,0,{},ADJUDICATE,adjudicate_duration,narrowed,
glyph/5/1/9/4/0,occupied,True,0,{},ADJUDICATE,adjudicate_duration,narrowed,
glyph/5/1/9/4/3,occupied,True,1,{},ADJUDICATE,adjudicate_duration,narrowed,
glyph/5/1/9/4/6,occupied,True,1,{},ADJUDICATE,adjudicate_duration,narrowed,
glyph/5/1/9/7/1,clean,False,0,"{""too_thin"": 1}",ADJUDICATE,adjudicate_duration,narrowed,
glyph/5/1/9/7/5,clean,False,0,"{""too_thin"": 1}",ADJUDICATE,adjudicate_duration,narrowed,
glyph/5/1/9/8/0,clean,False,0,"{""too_thin"": 2}",ADJUDICATE,adjudicate_duration,narrowed,
glyph/5/1/9/8/4,clean,False,0,"{""too_thin"": 1}",ADJUDICATE,adjudicate_duration,narrowed,
glyph/5/1/9/9/1,clean,True,0,"{""too_thin"": 2}",ADJUDICATE,adjudicate_duration,narrowed,
glyph/5/1/9/9/4,clean,True,0,"{""too_thin"": 2}",ADJUDICATE,adjudicate_duration,narrowed,
glyph/5/1/10/2/4,clean,True,0,"{""too_thin"": 1}",ADJUDICATE,adjudicate_duration,narrowed,
glyph/5/1/10/2/5,clean,True,0,"{""too_thin"": 1}",ADJUDICATE,adjudicate_duration,narrowed,
glyph/5/1/10/2/7,clean,True,0,"{""too_thin"": 1}",ADJUDICATE,adjudicate_duration,narrowed,
glyph/5/1/10/4/4,occupied,True,0,"{""too_thin"": 1}",ADJUDICATE,adjudicate_duration,narrowed,
glyph/5/1/10/4/5,occupied,True,0,"{""too_thin"": 1}",ADJUDICATE,adjudicate_duration,narrowed,
glyph/5/1/10/4/10,occupied,True,0,"{""too_thin"": 1}",ADJUDICATE,adjudicate_duration,narrowed,
glyph/5/1/10/7/0,occupied,False,0,"{""too_thin"": 1}",ADJUDICATE,adjudicate_duration,narrowed,
glyph/5/1/10/7/2,no_stem,,0,{},ADJUDICATE,adjudicate_duration,narrowed,
glyph/5/1/10/7/12,occupied,False,0,"{""too_thin"": 1}",ADJUDICATE,adjudicate_duration,narrowed,
glyph/5/1/10/8/7,occupied,False,1,{},EVALUATE,reconcile_duration,decided,0
glyph/5/1/10/8/11,occupied,False,0,{},ADJUDICATE,adjudicate_duration,narrowed,
glyph/5/1/10/9/4,clean,False,0,"{""too_thin"": 1}",ADJUDICATE,adjudicate_duration,narrowed,
glyph/5/1/10/9/5,clean,False,0,"{""too_thin"": 1}",ADJUDICATE,adjudicate_duration,narrowed,
glyph/5/1/11/6/2,no_stem,,1,"{""too_thin"": 2}",EVALUATE,reconcile_duration,decided,0
glyph/5/1/11/6/14,no_stem,,0,"{""too_thin"": 2}",ADJUDICATE,adjudicate_duration,narrowed,
glyph/5/1/11/7/0,clean,False,0,{},ADJUDICATE,adjudicate_duration,narrowed,
glyph/5/1/11/7/5,clean,True,1,{},ADJUDICATE,adjudicate_duration,narrowed,
glyph/5/1/11/7/10,clean,False,0,{},ADJUDICATE,adjudicate_duration,narrowed,
glyph/5/1/11/7/16,clean,True,1,{},ADJUDICATE,adjudicate_duration,narrowed,
glyph/5/1/11/8/2,occupied,False,0,"{""too_thin"": 1}",ADJUDICATE,adjudicate_duration,narrowed,
glyph/5/1/11/8/6,occupied,False,0,"{""too_thin"": 1}",ADJUDICATE,adjudicate_duration,narrowed,
glyph/5/1/11/9/3,clean,False,0,"{""too_thin"": 1}",EVALUATE,reconcile_chord_duration,decided,0
glyph/5/1/11/9/8,clean,False,0,"{""too_thin"": 1}",EVALUATE,reconcile_chord_duration,decided,0
glyph/5/1/12/0/0,occupied,False,0,"{""too_thin"": 1}",ADJUDICATE,adjudicate_duration,narrowed,
glyph/5/1/12/0/5,clean,False,0,"{""too_thin"": 1}",ADJUDICATE,adjudicate_duration,narrowed,
glyph/5/1/12/4/0,clean,False,1,{},EVALUATE,reconcile_duration,decided,0
glyph/5/1/12/6/1,clean,False,1,"{""too_thin"": 1}",EVALUATE,reconcile_duration,decided,0
glyph/5/1/12/7/3,clean,False,0,{},ADJUDICATE,adjudicate_duration,narrowed,
glyph/5/1/12/7/6,clean,False,0,{},ADJUDICATE,adjudicate_duration,narrowed,
glyph/5/1/12/9/5,clean,False,0,"{""too_thin"": 4}",ADJUDICATE,adjudicate_duration,narrowed,
glyph/5/1/12/9/12,clean,False,0,"{""too_thin"": 4}",ADJUDICATE,adjudicate_duration,narrowed,
glyph/5/1/13/0/2,clean,False,0,"{""one_stem"": 1, ""too_thin"": 1}",ADJUDICATE,adjudicate_duration,narrowed,
glyph/5/1/13/0/8,clean,False,0,"{""one_stem"": 1, ""too_thin"": 1}",ADJUDICATE,adjudicate_duration,narrowed,
glyph/5/1/13/2/3,clean,False,1,{},ADJUDICATE,adjudicate_duration,narrowed,
glyph/5/1/13/4/0,clean,False,0,{},ADJUDICATE,adjudicate_duration,narrowed,
glyph/5/1/13/4/5,hook_seen,False,0,{},ADJUDICATE,adjudicate_duration,narrowed,
glyph/5/1/13/6/2,clean,False,1,{},EVALUATE,reconcile_duration,decided,0
glyph/5/1/13/7/0,clean,False,0,{},ADJUDICATE,adjudicate_duration,narrowed,
glyph/5/1/13/7/5,clean,False,1,{},ADJUDICATE,adjudicate_duration,narrowed,
glyph/5/1/13/8/3,clean,True,0,"{""too_thin"": 1}",ADJUDICATE,adjudicate_duration,narrowed,
glyph/5/1/13/8/6,clean,True,0,"{""too_thin"": 1}",ADJUDICATE,adjudicate_duration,narrowed,
glyph/6/0/1/3/11,occupied,True,0,"{""too_thin"": 1}",ADJUDICATE,adjudicate_duration,narrowed,
glyph/6/0/1/7/4,clean,False,0,"{""too_thin"": 7}",ADJUDICATE,adjudicate_duration,narrowed,
glyph/6/0/1/7/15,clean,True,0,"{""too_thin"": 1}",ADJUDICATE,adjudicate_duration,narrowed,
glyph/6/0/2/7/3,occupied,True,0,"{""too_thin"": 5}",ADJUDICATE,adjudicate_duration,narrowed,
glyph/6/0/2/7/5,clean,True,0,"{""too_thin"": 5}",ADJUDICATE,adjudicate_duration,narrowed,
glyph/6/0/2/7/14,hook_seen,True,0,"{""too_thin"": 5}",ADJUDICATE,adjudicate_duration,narrowed,
glyph/6/0/3/7/4,no_stem,,0,"{""too_thin"": 6}",ADJUDICATE,adjudicate_duration,narrowed,
glyph/6/0/3/7/7,clean,True,0,"{""too_thin"": 6}",ADJUDICATE,adjudicate_duration,narrowed,
glyph/6/0/5/8/7,no_stem,,0,"{""too_thin"": 2}",ADJUDICATE,adjudicate_duration,narrowed,
glyph/6/0/5/8/8,no_stem,,1,"{""too_thin"": 2}",ADJUDICATE,adjudicate_duration,narrowed,
glyph/6/0/7/5/6,hook_seen,True,0,"{""too_thin"": 1}",ADJUDICATE,adjudicate_duration,narrowed,
glyph/6/0/7/6/5,no_stem,,1,"{""too_thin"": 3}",ADJUDICATE,adjudicate_duration,narrowed,
glyph/6/0/7/7/1,clean,True,1,"{""too_thin"": 4}",ADJUDICATE,adjudicate_duration,narrowed,
glyph/6/0/7/7/3,clean,True,0,"{""too_thin"": 4}",ADJUDICATE,adjudicate_duration,narrowed,
glyph/6/0/8/0/1,hook_seen,False,0,"{""through_heads"": 1}",ADJUDICATE,adjudicate_duration,narrowed,
glyph/6/0/8/2/6,hook_seen,False,0,"{""too_thin"": 2}",ADJUDICATE,adjudicate_duration,narrowed,
glyph/6/0/8/2/7,hook_seen,False,0,"{""too_thin"": 2}",ADJUDICATE,adjudicate_duration,narrowed,
glyph/6/0/8/2/10,occupied,False,0,"{""too_thin"": 2}",ADJUDICATE,adjudicate_duration,narrowed,
glyph/6/0/8/2/14,no_stem,,0,"{""too_thin"": 4}",ADJUDICATE,adjudicate_duration,narrowed,
glyph/6/0/8/3/4,hook_seen,False,0,"{""too_thin"": 1}",EVALUATE,reconcile_duration,decided,1
glyph/6/0/8/6/15,no_stem,,0,"{""too_thin"": 2}",ADJUDICATE,adjudicate_duration,narrowed,
glyph/6/0/8/7/1,clean,False,0,"{""too_thin"": 2}",ADJUDICATE,adjudicate_duration,narrowed,
glyph/6/0/8/7/2,clean,False,0,"{""too_thin"": 2}",ADJUDICATE,adjudicate_duration,narrowed,
glyph/6/0/9/2/6,hook_seen,False,0,"{""too_thin"": 2}",ADJUDICATE,adjudicate_duration,narrowed,
glyph/6/0/9/2/10,occupied,True,0,"{""too_thin"": 2}",ADJUDICATE,adjudicate_duration,narrowed,
glyph/6/0/10/0/9,no_stem,,0,"{""too_thin"": 1}",ADJUDICATE,adjudicate_duration,narrowed,
glyph/6/0/10/0/12,occupied,False,0,"{""too_thin"": 1}",ADJUDICATE,adjudicate_duration,narrowed,
glyph/6/0/10/1/11,occupied,True,0,"{""too_thin"": 1}",ADJUDICATE,adjudicate_duration,narrowed,
glyph/6/0/11/0/1,no_stem,,0,"{""too_thin"": 1}",EVALUATE,reconcile_duration,decided,1
glyph/6/0/11/2/2,no_stem,,0,"{""too_thin"": 2}",ADJUDICATE,adjudicate_duration,narrowed,
glyph/6/0/11/5/0,no_stem,,0,"{""too_thin"": 1}",EVALUATE,reconcile_duration,decided,1
glyph/6/0/11/7/8,clean,False,0,"{""too_thin"": 5}",ADJUDICATE,adjudicate_duration,narrowed,
glyph/6/0/11/7/9,occupied,False,0,"{""too_thin"": 5}",ADJUDICATE,adjudicate_duration,narrowed,
glyph/6/0/11/8/1,no_stem,,0,"{""too_thin"": 1}",ADJUDICATE,adjudicate_duration,narrowed,
glyph/6/1/0/2/1,no_stem,,1,{},ADJUDICATE,adjudicate_duration,narrowed,
glyph/6/1/0/7/1,no_stem,,1,"{""too_thin"": 1}",ADJUDICATE,adjudicate_duration,narrowed,
glyph/6/1/0/7/2,no_stem,,0,"{""too_thin"": 1}",ADJUDICATE,adjudicate_duration,narrowed,
glyph/6/1/0/7/3,no_stem,,1,"{""too_thin"": 1}",ADJUDICATE,adjudicate_duration,narrowed,
glyph/6/1/0/7/5,no_stem,,0,"{""too_thin"": 1}",ADJUDICATE,adjudicate_duration,narrowed,
glyph/6/1/0/8/1,clean,False,0,{},ADJUDICATE,adjudicate_duration,narrowed,
glyph/6/1/0/8/17,clean,False,0,{},ADJUDICATE,adjudicate_duration,narrowed,
glyph/6/1/1/0/9,no_stem,,0,"{""too_thin"": 3}",ADJUDICATE,adjudicate_duration,narrowed,
glyph/6/1/1/0/15,no_stem,,0,"{""too_thin"": 3}",ADJUDICATE,adjudicate_duration,narrowed,
glyph/6/1/1/0/19,no_stem,,0,"{""too_thin"": 3}",ADJUDICATE,adjudicate_duration,narrowed,
glyph/6/1/1/0/22,no_stem,,0,"{""too_thin"": 3}",ADJUDICATE,adjudicate_duration,narrowed,
glyph/6/1/1/0/25,no_stem,,0,"{""too_thin"": 3}",ADJUDICATE,adjudicate_duration,narrowed,
glyph/6/1/1/6/1,occupied,True,1,"{""too_thin"": 4}",ADJUDICATE,adjudicate_duration,narrowed,
glyph/6/1/1/6/8,clean,True,0,"{""too_thin"": 4}",ADJUDICATE,adjudicate_duration,narrowed,
glyph/6/1/2/0/3,no_stem,,0,"{""too_thin"": 1}",ADJUDICATE,adjudicate_duration,narrowed,
glyph/6/1/2/0/6,no_stem,,0,"{""too_thin"": 1}",ADJUDICATE,adjudicate_duration,narrowed,
glyph/6/1/2/0/26,no_stem,,0,"{""too_thin"": 1}",ADJUDICATE,adjudicate_duration,narrowed,
glyph/6/1/2/0/31,no_stem,,0,"{""too_thin"": 1}",ADJUDICATE,adjudicate_duration,narrowed,
glyph/6/1/2/5/1,clean,True,1,"{""too_thin"": 2}",ADJUDICATE,adjudicate_duration,narrowed,
glyph/6/1/2/5/2,occupied,True,1,"{""too_thin"": 2}",ADJUDICATE,adjudicate_duration,narrowed,
glyph/6/1/2/5/3,no_stem,,0,"{""too_thin"": 6}",ADJUDICATE,adjudicate_duration,narrowed,
glyph/6/1/2/5/4,occupied,False,0,"{""too_thin"": 4}",ADJUDICATE,adjudicate_duration,narrowed,
glyph/6/1/2/6/0,occupied,True,1,"{""too_thin"": 1}",ADJUDICATE,adjudicate_duration,narrowed,
glyph/6/1/2/6/1,occupied,True,1,"{""too_thin"": 1}",ADJUDICATE,adjudicate_duration,narrowed,
glyph/6/1/2/8/3,clean,False,0,{},ADJUDICATE,adjudicate_duration,narrowed,
glyph/6/1/2/8/5,clean,False,0,{},ADJUDICATE,adjudicate_duration,narrowed,
glyph/6/1/3/0/19,occupied,False,0,{},ADJUDICATE,adjudicate_duration,narrowed,
glyph/6/1/3/3/0,clean,False,0,"{""too_thin"": 1}",EVALUATE,share_stem_value,decided,0
glyph/6/1/3/3/6,clean,False,0,"{""too_thin"": 1}",EVALUATE,share_stem_value,decided,0
glyph/6/1/3/5/2,occupied,True,1,"{""too_thin"": 1}",ADJUDICATE,adjudicate_duration,narrowed,
glyph/6/1/3/5/5,no_stem,,0,"{""too_thin"": 3}",ADJUDICATE,adjudicate_duration,narrowed,
glyph/6/1/3/5/6,occupied,True,1,"{""too_thin"": 1}",ADJUDICATE,adjudicate_duration,narrowed,
glyph/6/1/3/6/2,occupied,True,1,"{""too_thin"": 2}",ADJUDICATE,adjudicate_duration,narrowed,
glyph/6/1/3/6/3,clean,True,1,"{""too_thin"": 2}",ADJUDICATE,adjudicate_duration,narrowed,
glyph/6/1/4/1/0,clean,False,1,{},ADJUDICATE,adjudicate_duration,narrowed,
glyph/6/1/4/1/12,occupied,False,0,{},ADJUDICATE,adjudicate_duration,narrowed,
glyph/6/1/4/1/16,clean,False,0,{},ADJUDICATE,adjudicate_duration,narrowed,
glyph/6/1/4/2/3,clean,False,0,"{""too_thin"": 1}",ADJUDICATE,adjudicate_duration,narrowed,
glyph/6/1/4/2/9,clean,False,0,"{""too_thin"": 1}",ADJUDICATE,adjudicate_duration,narrowed,
glyph/6/1/4/3/2,clean,False,0,"{""too_thin"": 1}",ADJUDICATE,adjudicate_duration,narrowed,
glyph/6/1/4/3/3,clean,False,0,"{""too_thin"": 1}",ADJUDICATE,adjudicate_duration,narrowed,
glyph/6/1/4/5/4,occupied,True,1,"{""too_thin"": 4}",ADJUDICATE,adjudicate_duration,narrowed,
glyph/6/1/4/5/10,clean,True,0,"{""too_thin"": 4}",ADJUDICATE,adjudicate_duration,narrowed,
glyph/6/1/4/6/1,clean,True,1,"{""too_thin"": 2}",ADJUDICATE,adjudicate_duration,narrowed,
glyph/6/1/4/6/2,occupied,True,1,"{""too_thin"": 2}",ADJUDICATE,adjudicate_duration,narrowed,
glyph/6/1/4/7/0,clean,True,0,{},ADJUDICATE,adjudicate_duration,narrowed,
glyph/6/1/4/7/1,occupied,False,1,{},ADJUDICATE,adjudicate_duration,narrowed,
glyph/6/1/5/0/4,no_stem,,0,"{""too_thin"": 1}",ADJUDICATE,adjudicate_duration,narrowed,
glyph/6/1/5/0/6,no_stem,,0,"{""too_thin"": 1}",ADJUDICATE,adjudicate_duration,narrowed,
glyph/6/1/5/0/7,occupied,False,0,"{""too_thin"": 1}",ADJUDICATE,adjudicate_duration,narrowed,
glyph/6/1/6/2/0,no_stem,,0,"{""too_thin"": 1}",ADJUDICATE,adjudicate_duration,narrowed,
glyph/6/1/6/2/4,no_stem,,0,"{""too_thin"": 1}",ADJUDICATE,adjudicate_duration,narrowed,
glyph/6/1/6/3/0,no_stem,,0,"{""too_thin"": 1}",ADJUDICATE,adjudicate_duration,narrowed,
glyph/6/1/6/3/2,no_stem,,0,"{""too_thin"": 1}",ADJUDICATE,adjudicate_duration,narrowed,
glyph/6/1/6/5/7,hook_seen,True,0,"{""too_thin"": 2}",ADJUDICATE,adjudicate_duration,narrowed,
glyph/6/1/6/6/1,no_stem,,0,"{""not_straight"": 1}",ADJUDICATE,adjudicate_duration,narrowed,
glyph/6/1/6/6/4,left_inked,True,0,"{""not_straight"": 1}",ADJUDICATE,adjudicate_duration,narrowed,
glyph/6/1/8/0/0,hook_seen,True,0,"{""too_thin"": 1}",ADJUDICATE,adjudicate_duration,narrowed,
glyph/6/1/8/0/13,hook_seen,True,0,"{""too_thin"": 1}",ADJUDICATE,adjudicate_duration,narrowed,
glyph/6/1/8/5/1,clean,True,0,"{""not_straight"": 1}",ADJUDICATE,adjudicate_duration,narrowed,
glyph/6/1/8/6/3,occupied,False,0,"{""too_thin"": 1}",ADJUDICATE,adjudicate_duration,narrowed,
glyph/6/1/10/0/14,no_stem,,0,"{""one_stem"": 1}",ADJUDICATE,adjudicate_duration,narrowed,
glyph/6/1/10/0/16,no_stem,,0,"{""one_stem"": 1}",ADJUDICATE,adjudicate_duration,narrowed,
glyph/6/1/10/6/2,occupied,False,0,"{""too_thin"": 2}",ADJUDICATE,adjudicate_duration,narrowed,
glyph/6/1/10/8/2,clean,False,0,"{""too_thin"": 1}",ADJUDICATE,adjudicate_duration,narrowed,
glyph/7/0/0/2/4,no_stem,,0,"{""too_thin"": 1}",ADJUDICATE,adjudicate_duration,narrowed,
glyph/7/0/0/2/7,no_stem,,0,"{""too_thin"": 1}",ADJUDICATE,adjudicate_duration,narrowed,
glyph/7/0/0/2/10,no_stem,,0,"{""too_thin"": 1}",ADJUDICATE,adjudicate_duration,narrowed,
glyph/7/0/0/5/1,clean,False,1,"{""too_thin"": 2}",ADJUDICATE,adjudicate_duration,narrowed,
glyph/7/0/0/5/2,clean,False,1,"{""too_thin"": 2}",ADJUDICATE,adjudicate_duration,narrowed,
glyph/7/0/1/2/1,no_stem,,0,"{""too_thin"": 1}",ADJUDICATE,adjudicate_duration,narrowed,
glyph/7/0/1/2/3,no_stem,,0,"{""too_thin"": 1}",ADJUDICATE,adjudicate_duration,narrowed,
glyph/7/0/1/7/3,no_stem,,1,"{""too_thin"": 3}",ADJUDICATE,adjudicate_duration,narrowed,
glyph/7/0/1/7/6,no_stem,,1,"{""too_thin"": 3}",ADJUDICATE,adjudicate_duration,narrowed,
glyph/7/0/1/7/9,no_stem,,1,"{""too_thin"": 3}",ADJUDICATE,adjudicate_duration,narrowed,
glyph/7/0/1/8/4,no_stem,,0,"{""too_thin"": 1}",ADJUDICATE,adjudicate_duration,narrowed,
glyph/7/0/1/8/6,no_stem,,0,"{""too_thin"": 1}",ADJUDICATE,adjudicate_duration,narrowed,
glyph/7/0/2/1/4,no_stem,,0,"{""too_thin"": 1}",ADJUDICATE,adjudicate_duration,narrowed,
glyph/7/0/2/1/6,no_stem,,0,"{""too_thin"": 1}",ADJUDICATE,adjudicate_duration,narrowed,
glyph/7/0/2/2/2,clean,False,0,{},ADJUDICATE,adjudicate_duration,narrowed,
glyph/7/0/2/2/3,clean,False,0,{},ADJUDICATE,adjudicate_duration,narrowed,
glyph/7/0/2/4/3,occupied,False,1,{},ADJUDICATE,adjudicate_duration,narrowed,
glyph/7/0/2/4/5,occupied,False,1,{},ADJUDICATE,adjudicate_duration,narrowed,
glyph/7/0/2/5/0,occupied,True,1,"{""too_thin"": 2}",ADJUDICATE,adjudicate_duration,narrowed,
glyph/7/0/2/5/3,occupied,True,1,"{""too_thin"": 2}",ADJUDICATE,adjudicate_duration,narrowed,
glyph/7/0/2/5/4,occupied,True,1,"{""too_thin"": 2}",ADJUDICATE,adjudicate_duration,narrowed,
glyph/7/0/2/5/7,occupied,True,1,"{""too_thin"": 2}",ADJUDICATE,adjudicate_duration,narrowed,
glyph/7/0/2/7/5,no_stem,,0,"{""too_thin"": 5}",ADJUDICATE,adjudicate_duration,narrowed,
glyph/7/0/2/7/6,no_stem,,0,"{""too_thin"": 5}",ADJUDICATE,adjudicate_duration,narrowed,
glyph/7/0/2/7/8,clean,False,1,"{""too_thin"": 2}",ADJUDICATE,adjudicate_duration,narrowed,
glyph/7/0/2/7/10,clean,False,1,"{""too_thin"": 2}",ADJUDICATE,adjudicate_duration,narrowed,
glyph/7/0/2/8/0,clean,False,0,{},ADJUDICATE,adjudicate_duration,narrowed,
glyph/7/0/2/8/1,occupied,False,1,{},ADJUDICATE,adjudicate_duration,narrowed,
glyph/7/0/2/8/2,clean,False,0,{},ADJUDICATE,adjudicate_duration,narrowed,
glyph/7/0/2/8/3,clean,False,0,{},ADJUDICATE,adjudicate_duration,narrowed,
glyph/7/0/3/2/0,no_stem,,0,{},EVALUATE,reconcile_duration,decided,0
glyph/7/0/3/5/1,clean,False,1,"{""too_thin"": 2}",ADJUDICATE,adjudicate_duration,narrowed,
glyph/7/0/3/5/2,occupied,True,1,"{""too_thin"": 2}",ADJUDICATE,adjudicate_duration,narrowed,
glyph/7/0/3/5/7,occupied,True,1,"{""too_thin"": 2}",ADJUDICATE,adjudicate_duration,narrowed,
glyph/7/0/3/5/8,clean,False,1,"{""too_thin"": 2}",ADJUDICATE,adjudicate_duration,narrowed,
glyph/7/0/3/7/1,occupied,False,0,"{""too_thin"": 3}",ADJUDICATE,adjudicate_duration,narrowed,
glyph/7/0/3/7/3,occupied,False,0,"{""too_thin"": 3}",ADJUDICATE,adjudicate_duration,narrowed,
glyph/7/0/3/8/2,clean,False,0,"{""too_thin"": 2}",ADJUDICATE,adjudicate_duration,narrowed,
glyph/7/0/5/3/0,clean,False,1,"{""too_thin"": 2}",ADJUDICATE,adjudicate_duration,narrowed,
glyph/7/0/5/3/1,clean,True,1,"{""too_thin"": 2}",ADJUDICATE,adjudicate_duration,narrowed,
glyph/7/0/5/4/1,no_stem,,1,{},ADJUDICATE,adjudicate_duration,narrowed,
glyph/7/0/5/4/4,no_stem,,1,"{""too_thin"": 2}",ADJUDICATE,adjudicate_duration,narrowed,
glyph/7/0/5/5/3,no_stem,,1,{},ADJUDICATE,adjudicate_duration,narrowed,
glyph/7/0/5/5/5,no_stem,,1,{},ADJUDICATE,adjudicate_duration,narrowed,
glyph/7/0/5/5/6,no_stem,,1,"{""too_thin"": 2}",ADJUDICATE,adjudicate_duration,narrowed,
glyph/7/0/5/5/8,no_stem,,1,"{""too_thin"": 2}",ADJUDICATE,adjudicate_duration,narrowed,
glyph/7/0/5/6/5,no_stem,,1,"{""too_thin"": 2}",EVALUATE,reconcile_duration,decided,0
glyph/7/0/5/6/8,no_stem,,0,"{""too_thin"": 2}",ADJUDICATE,adjudicate_duration,narrowed,
glyph/7/0/5/7/5,no_stem,,1,"{""through_heads"": 1}",ADJUDICATE,adjudicate_duration,narrowed,
glyph/7/0/5/8/0,clean,False,1,{},ADJUDICATE,adjudicate_duration,narrowed,
glyph/7/0/5/8/3,clean,False,1,{},ADJUDICATE,adjudicate_duration,narrowed,
glyph/7/0/7/4/0,clean,False,0,"{""too_thin"": 1}",ADJUDICATE,adjudicate_duration,narrowed,
glyph/7/0/7/5/0,clean,False,0,"{""too_thin"": 1}",ADJUDICATE,adjudicate_duration,narrowed,
glyph/7/0/8/3/0,clean,False,0,{},ADJUDICATE,adjudicate_duration,narrowed,
glyph/7/0/8/3/3,clean,False,0,{},ADJUDICATE,adjudicate_duration,narrowed,
glyph/7/0/8/3/6,occupied,False,0,{},ADJUDICATE,adjudicate_duration,narrowed,
glyph/7/0/9/8/2,clean,True,0,"{""too_thin"": 2}",ADJUDICATE,adjudicate_duration,narrowed,
glyph/7/0/10/3/0,clean,False,0,{},EVALUATE,reconcile_duration,decided,0
glyph/7/0/10/4/4,clean,False,0,"{""too_thin"": 1}",EVALUATE,reconcile_duration,decided,0
glyph/7/0/10/5/1,clean,False,0,"{""too_thin"": 2}",EVALUATE,reconcile_duration,decided,0
glyph/7/0/10/6/1,clean,False,0,{},EVALUATE,reconcile_duration,decided,0
glyph/7/1/1/0/3,clean,True,0,"{""too_thin"": 2}",ADJUDICATE,adjudicate_duration,narrowed,
glyph/7/1/1/0/9,clean,True,0,"{""too_thin"": 2}",ADJUDICATE,adjudicate_duration,narrowed,
glyph/7/1/1/0/10,no_stem,,1,"{""too_thin"": 2}",ADJUDICATE,adjudicate_duration,narrowed,
glyph/7/1/1/1/1,clean,False,0,"{""too_thin"": 1}",ADJUDICATE,adjudicate_duration,narrowed,
glyph/7/1/1/2/1,occupied,True,1,"{""too_thin"": 1}",ADJUDICATE,adjudicate_duration,narrowed,
glyph/7/1/1/2/3,occupied,True,1,"{""too_thin"": 1}",ADJUDICATE,adjudicate_duration,narrowed,
glyph/7/1/1/2/4,clean,False,0,{},ADJUDICATE,adjudicate_duration,narrowed,
glyph/7/1/1/2/5,clean,False,0,{},ADJUDICATE,adjudicate_duration,narrowed,
glyph/7/1/1/3/12,clean,True,1,"{""too_thin"": 3}",ADJUDICATE,adjudicate_duration,narrowed,
glyph/7/1/1/4/4,clean,True,1,"{""too_thin"": 2}",ADJUDICATE,adjudicate_duration,narrowed,
glyph/7/1/1/4/6,clean,False,1,"{""too_thin"": 2}",ADJUDICATE,adjudicate_duration,narrowed,
glyph/7/1/1/7/0,no_stem,,1,{},ADJUDICATE,adjudicate_duration,narrowed,
glyph/7/1/1/7/6,clean,False,1,{},ADJUDICATE,adjudicate_duration,narrowed,
glyph/7/1/1/8/2,occupied,False,1,"{""too_thin"": 1}",ADJUDICATE,adjudicate_duration,narrowed,
glyph/7/1/1/8/4,clean,False,1,"{""too_thin"": 1}",ADJUDICATE,adjudicate_duration,narrowed,
glyph/7/1/1/9/3,hook_seen,False,0,"{""too_thin"": 3}",ADJUDICATE,adjudicate_duration,narrowed,
glyph/7/1/1/9/6,clean,True,0,"{""too_thin"": 3}",ADJUDICATE,adjudicate_duration,narrowed,
glyph/7/1/1/9/8,clean,False,1,"{""too_thin"": 3}",ADJUDICATE,adjudicate_duration,narrowed,
glyph/7/1/1/10/1,clean,False,1,"{""too_thin"": 3}",ADJUDICATE,adjudicate_duration,narrowed,
glyph/7/1/1/10/2,clean,False,0,"{""too_thin"": 3}",ADJUDICATE,adjudicate_duration,narrowed,
glyph/7/1/2/0/2,occupied,True,0,"{""too_thin"": 2}",ADJUDICATE,adjudicate_duration,narrowed,
glyph/7/1/2/0/5,occupied,True,0,"{""too_thin"": 2}",ADJUDICATE,adjudicate_duration,narrowed,
glyph/7/1/2/1/1,clean,False,0,"{""too_thin"": 2}",ADJUDICATE,adjudicate_duration,narrowed,
glyph/7/1/2/1/3,clean,False,0,"{""too_thin"": 1}",ADJUDICATE,adjudicate_duration,narrowed,
glyph/7/1/2/2/2,occupied,False,0,{},ADJUDICATE,adjudicate_duration,narrowed,
glyph/7/1/2/2/3,clean,True,1,{},ADJUDICATE,adjudicate_duration,narrowed,
glyph/7/1/2/2/4,occupied,False,0,{},ADJUDICATE,adjudicate_duration,narrowed,
glyph/7/1/2/2/5,occupied,True,1,{},ADJUDICATE,adjudicate_duration,narrowed,
glyph/7/1/2/3/5,clean,True,1,"{""too_thin"": 2}",ADJUDICATE,adjudicate_duration,narrowed,
glyph/7/1/2/3/8,clean,False,0,"{""too_thin"": 1}",ADJUDICATE,adjudicate_duration,narrowed,
glyph/7/1/2/10/2,no_stem,,1,"{""too_thin"": 3}",ADJUDICATE,adjudicate_duration,narrowed,
glyph/7/1/2/10/8,no_stem,,1,"{""too_thin"": 3}",ADJUDICATE,adjudicate_duration,narrowed,
glyph/7/1/2/10/12,no_stem,,1,"{""too_thin"": 3}",ADJUDICATE,adjudicate_duration,narrowed,
glyph/7/1/2/10/14,no_stem,,1,"{""too_thin"": 3}",ADJUDICATE,adjudicate_duration,narrowed,
glyph/7/1/2/11/4,clean,False,1,{},ADJUDICATE,adjudicate_duration,narrowed,
glyph/7/1/3/0/2,occupied,True,1,"{""too_thin"": 1}",ADJUDICATE,adjudicate_duration,narrowed,
glyph/7/1/3/0/9,clean,True,1,"{""too_thin"": 1}",ADJUDICATE,adjudicate_duration,narrowed,
glyph/7/1/3/1/1,clean,False,0,"{""too_thin"": 1}",ADJUDICATE,adjudicate_duration,narrowed,
glyph/7/1/3/1/2,no_stem,,0,"{""too_thin"": 1}",ADJUDICATE,adjudicate_duration,narrowed,
glyph/7/1/3/3/8,clean,True,0,"{""too_thin"": 1}",ADJUDICATE,adjudicate_duration,narrowed,
glyph/7/1/3/4/7,clean,True,1,"{""too_thin"": 1}",EVALUATE,reconcile_chord_duration,decided,0
glyph/7/1/3/4/9,clean,True,0,"{""too_thin"": 1}",ADJUDICATE,adjudicate_duration,narrowed,
glyph/7/1/3/4/13,no_stem,,0,"{""too_thin"": 1}",ADJUDICATE,adjudicate_duration,narrowed,
glyph/7/1/3/10/1,clean,False,1,"{""too_thin"": 1}",ADJUDICATE,adjudicate_duration,narrowed,
glyph/7/1/3/10/6,clean,False,0,"{""too_thin"": 1}",ADJUDICATE,adjudicate_duration,narrowed,
glyph/7/1/5/0/4,occupied,True,0,"{""too_thin"": 2}",ADJUDICATE,adjudicate_duration,narrowed,
glyph/7/1/5/0/8,occupied,True,0,"{""too_thin"": 2}",ADJUDICATE,adjudicate_duration,narrowed,
glyph/7/1/5/0/11,no_stem,,0,"{""too_thin"": 2}",ADJUDICATE,adjudicate_duration,narrowed,
glyph/7/1/5/0/15,no_stem,,0,"{""too_thin"": 2}",ADJUDICATE,adjudicate_duration,narrowed,
glyph/7/1/5/2/0,occupied,True,1,"{""no_stem_at_ends"": 1, ""too_thin"": 1}",ADJUDICATE,adjudicate_duration,narrowed,
glyph/7/1/5/2/1,occupied,True,1,"{""no_stem_at_ends"": 1, ""too_thin"": 1}",ADJUDICATE,adjudicate_duration,narrowed,
glyph/7/1/6/1/1,clean,False,0,"{""too_thin"": 1}",ADJUDICATE,adjudicate_duration,narrowed,
glyph/7/1/6/4/2,clean,False,0,"{""too_thin"": 4}",ADJUDICATE,adjudicate_duration,narrowed,
glyph/7/1/6/5/1,clean,True,0,"{""too_thin"": 3}",ADJUDICATE,adjudicate_duration,narrowed,
glyph/7/1/6/5/2,clean,True,1,"{""too_thin"": 3}",ADJUDICATE,adjudicate_duration,narrowed,
glyph/7/1/7/2/1,clean,True,1,"{""too_thin"": 1}",ADJUDICATE,adjudicate_duration,narrowed,
glyph/7/1/7/2/4,clean,True,0,"{""too_thin"": 1}",ADJUDICATE,adjudicate_duration,narrowed,
glyph/7/1/7/4/7,clean,False,0,"{""too_thin"": 3}",ADJUDICATE,adjudicate_duration,narrowed,
glyph/7/1/7/5/1,clean,False,0,{},ADJUDICATE,adjudicate_duration,narrowed,
glyph/7/1/7/5/2,clean,False,1,{},ADJUDICATE,adjudicate_duration,narrowed,
glyph/7/1/7/5/4,hook_seen,False,0,{},ADJUDICATE,adjudicate_duration,narrowed,
glyph/7/1/8/11/2,clean,True,0,{},EVALUATE,share_stem_value,decided,0
glyph/7/1/9/0/2,clean,False,1,{},ADJUDICATE,adjudicate_duration,narrowed,
glyph/7/1/9/0/5,clean,False,0,{},ADJUDICATE,adjudicate_duration,narrowed,
glyph/7/1/9/0/7,clean,False,0,{},ADJUDICATE,adjudicate_duration,narrowed,
glyph/7/1/9/1/0,clean,False,1,{},ADJUDICATE,adjudicate_duration,narrowed,
glyph/7/1/9/1/2,clean,False,0,{},ADJUDICATE,adjudicate_duration,narrowed,
glyph/7/1/9/3/1,clean,False,1,"{""too_thin"": 1}",EVALUATE,reconcile_duration,decided,0
glyph/7/1/9/4/1,clean,False,1,"{""too_thin"": 2}",ADJUDICATE,adjudicate_duration,narrowed,
glyph/7/1/9/4/2,clean,False,0,"{""too_thin"": 2}",ADJUDICATE,adjudicate_duration,narrowed,
glyph/7/1/9/10/0,clean,False,1,"{""too_thin"": 2}",ADJUDICATE,adjudicate_duration,narrowed,
glyph/7/1/9/10/3,clean,False,1,"{""too_thin"": 2}",ADJUDICATE,adjudicate_duration,narrowed,
glyph/7/1/10/2/0,clean,False,1,{},ADJUDICATE,adjudicate_duration,narrowed,
glyph/7/1/10/2/1,clean,False,1,{},ADJUDICATE,adjudicate_duration,narrowed,
glyph/7/1/10/3/1,clean,False,1,"{""too_thin"": 2}",EVALUATE,reconcile_duration,decided,0
glyph/7/1/10/4/0,clean,False,0,"{""too_thin"": 3}",ADJUDICATE,adjudicate_duration,narrowed,
glyph/7/1/10/4/1,clean,False,1,"{""too_thin"": 3}",ADJUDICATE,adjudicate_duration,narrowed,
glyph/7/1/10/4/5,hook_seen,False,0,"{""too_thin"": 3}",ADJUDICATE,adjudicate_duration,narrowed,
glyph/8/0/1/0/3,clean,False,1,{},ADJUDICATE,adjudicate_duration,narrowed,
glyph/8/0/1/0/5,clean,False,1,{},ADJUDICATE,adjudicate_duration,narrowed,
glyph/8/0/1/1/7,clean,True,0,"{""too_thin"": 2}",ADJUDICATE,adjudicate_duration,narrowed,
glyph/8/0/1/2/2,clean,True,0,"{""too_thin"": 4}",ADJUDICATE,adjudicate_duration,narrowed,
glyph/8/0/1/2/16,clean,True,0,"{""too_thin"": 4}",ADJUDICATE,adjudicate_duration,narrowed,
glyph/8/0/1/3/5,clean,True,1,"{""too_thin"": 2}",ADJUDICATE,adjudicate_duration,narrowed,
glyph/8/0/1/4/3,clean,True,0,"{""too_thin"": 4}",ADJUDICATE,adjudicate_duration,narrowed,
glyph/8/0/1/4/14,clean,True,0,"{""too_thin"": 4}",ADJUDICATE,adjudicate_duration,narrowed,
glyph/8/0/1/5/3,clean,False,0,"{""too_thin"": 2}",ADJUDICATE,adjudicate_duration,narrowed,
glyph/8/0/1/6/2,clean,False,0,"{""too_thin"": 1}",ADJUDICATE,adjudicate_duration,narrowed,
glyph/8/0/1/7/2,clean,False,1,"{""too_thin"": 1}",ADJUDICATE,adjudicate_duration,narrowed,
glyph/8/0/1/7/3,clean,True,0,"{""too_thin"": 1}",ADJUDICATE,adjudicate_duration,narrowed,
glyph/8/0/1/7/4,clean,False,1,"{""too_thin"": 1}",ADJUDICATE,adjudicate_duration,narrowed,
glyph/8/0/1/8/0,occupied,False,1,"{""too_thin"": 1}",ADJUDICATE,adjudicate_duration,narrowed,
glyph/8/0/1/8/2,clean,True,0,"{""too_thin"": 1}",ADJUDICATE,adjudicate_duration,narrowed,
glyph/8/0/1/8/4,no_stem,,1,"{""too_thin"": 2}",ADJUDICATE,adjudicate_duration,narrowed,
glyph/8/0/1/8/6,no_stem,,1,"{""too_thin"": 2}",ADJUDICATE,adjudicate_duration,narrowed,
glyph/8/0/1/9/2,no_stem,,0,"{""too_thin"": 1}",ADJUDICATE,adjudicate_duration,narrowed,
glyph/8/0/1/9/5,no_stem,,1,"{""too_thin"": 1}",ADJUDICATE,adjudicate_duration,narrowed,
glyph/8/0/1/9/6,clean,True,0,"{""too_thin"": 1}",ADJUDICATE,adjudicate_duration,narrowed,
glyph/8/0/2/2/8,clean,True,0,"{""too_thin"": 5}",ADJUDICATE,adjudicate_duration,narrowed,
glyph/8/0/2/2/16,no_stem,,0,"{""too_thin"": 8}",ADJUDICATE,adjudicate_duration,narrowed,
glyph/8/0/2/2/19,no_stem,,1,"{""too_thin"": 8}",ADJUDICATE,adjudicate_duration,narrowed,
glyph/8/0/2/3/12,clean,False,0,"{""too_thin"": 4}",ADJUDICATE,adjudicate_duration,narrowed,
glyph/8/0/2/4/10,no_stem,,1,"{""too_thin"": 10}",ADJUDICATE,adjudicate_duration,narrowed,
glyph/8/0/2/4/11,no_stem,,0,"{""too_thin"": 10}",ADJUDICATE,adjudicate_duration,narrowed,
glyph/8/0/2/5/11,clean,False,0,"{""too_thin"": 3}",ADJUDICATE,adjudicate_duration,narrowed,
glyph/8/0/2/6/5,clean,True,0,"{""too_thin"": 4}",ADJUDICATE,adjudicate_duration,narrowed,
glyph/8/0/2/7/0,occupied,True,0,"{""too_thin"": 1}",EVALUATE,share_stem_value,decided,0
glyph/8/0/2/7/5,clean,True,1,"{""too_thin"": 1}",ADJUDICATE,adjudicate_duration,narrowed,
glyph/8/0/2/8/6,clean,True,1,"{""too_thin"": 5}",ADJUDICATE,adjudicate_duration,narrowed,
glyph/8/0/2/12/9,clean,False,0,"{""too_thin"": 1}",ADJUDICATE,adjudicate_duration,narrowed,
glyph/8/0/3/1/6,clean,True,1,"{""too_thin"": 4}",ADJUDICATE,adjudicate_duration,narrowed,
glyph/8/0/3/1/12,clean,True,1,"{""too_thin"": 4}",ADJUDICATE,adjudicate_duration,narrowed,
glyph/8/0/3/2/4,clean,False,0,"{""too_thin"": 6}",ADJUDICATE,adjudicate_duration,narrowed,
glyph/8/0/3/2/9,clean,True,1,"{""too_thin"": 6}",ADJUDICATE,adjudicate_duration,narrowed,
glyph/8/0/3/3/19,clean,True,1,"{""too_thin"": 5}",ADJUDICATE,adjudicate_duration,narrowed,
glyph/8/0/3/4/5,clean,True,0,"{""too_thin"": 7}",ADJUDICATE,adjudicate_duration,narrowed,
glyph/8/0/3/4/9,occupied,True,1,"{""too_thin"": 7}",ADJUDICATE,adjudicate_duration,narrowed,
glyph/8/0/3/5/6,clean,True,1,"{""too_thin"": 5}",ADJUDICATE,adjudicate_duration,narrowed,
glyph/8/0/3/6/2,occupied,True,1,"{""too_thin"": 1}",ADJUDICATE,adjudicate_duration,narrowed,
glyph/8/0/3/6/11,clean,False,1,"{""too_thin"": 1}",ADJUDICATE,adjudicate_duration,narrowed,
glyph/8/0/3/7/1,occupied,True,1,"{""too_thin"": 1}",ADJUDICATE,adjudicate_duration,narrowed,
glyph/8/0/3/7/8,no_stem,,1,"{""too_thin"": 1}",ADJUDICATE,adjudicate_duration,narrowed,
glyph/8/0/3/7/13,occupied,True,1,"{""too_thin"": 1}",ADJUDICATE,adjudicate_duration,narrowed,
glyph/8/0/3/8/3,occupied,False,0,"{""too_thin"": 4}",ADJUDICATE,adjudicate_duration,narrowed,
glyph/8/0/3/8/7,no_stem,,0,"{""too_thin"": 5}",ADJUDICATE,adjudicate_duration,narrowed,
glyph/8/0/3/8/8,no_stem,,0,"{""too_thin"": 5}",ADJUDICATE,adjudicate_duration,narrowed,
glyph/8/0/5/1/3,no_stem,,1,"{""too_thin"": 2}",ADJUDICATE,adjudicate_duration,narrowed,
glyph/8/0/5/1/4,no_stem,,1,"{""too_thin"": 2}",ADJUDICATE,adjudicate_duration,narrowed,
glyph/8/0/5/2/1,no_stem,,1,"{""too_thin"": 2}",ADJUDICATE,adjudicate_duration,narrowed,
glyph/8/0/5/2/4,no_stem,,1,"{""too_thin"": 2}",ADJUDICATE,adjudicate_duration,narrowed,
glyph/8/0/5/2/9,no_stem,,0,"{""too_thin"": 2}",ADJUDICATE,adjudicate_duration,narrowed,
glyph/8/0/5/2/10,no_stem,,0,"{""too_thin"": 2}",ADJUDICATE,adjudicate_duration,narrowed,
glyph/8/0/5/3/1,no_stem,,1,"{""too_thin"": 4}",ADJUDICATE,adjudicate_duration,narrowed,
glyph/8/0/5/3/2,no_stem,,1,"{""too_thin"": 4}",ADJUDICATE,adjudicate_duration,narrowed,
glyph/8/0/5/4/1,no_stem,,1,"{""too_thin"": 4}",ADJUDICATE,adjudicate_duration,narrowed,
glyph/8/0/5/4/2,no_stem,,1,"{""too_thin"": 4}",ADJUDICATE,adjudicate_duration,narrowed,
glyph/8/0/5/4/8,no_stem,,0,"{""too_thin"": 4}",ADJUDICATE,adjudicate_duration,narrowed,
glyph/8/0/5/4/9,no_stem,,0,"{""too_thin"": 4}",ADJUDICATE,adjudicate_duration,narrowed,
glyph/8/0/5/5/0,no_stem,,1,"{""too_thin"": 4}",ADJUDICATE,adjudicate_duration,narrowed,
glyph/8/0/5/5/3,no_stem,,1,"{""too_thin"": 4}",ADJUDICATE,adjudicate_duration,narrowed,
glyph/8/0/5/6/1,no_stem,,1,"{""too_thin"": 2}",ADJUDICATE,adjudicate_duration,narrowed,
glyph/8/0/5/6/5,no_stem,,1,"{""too_thin"": 2}",ADJUDICATE,adjudicate_duration,narrowed,
glyph/8/0/5/7/6,no_stem,,1,"{""too_thin"": 1}",ADJUDICATE,adjudicate_duration,narrowed,
glyph/8/0/5/7/7,no_stem,,1,"{""too_thin"": 1}",ADJUDICATE,adjudicate_duration,narrowed,
glyph/8/0/5/9/0,clean,False,0,{},ADJUDICATE,adjudicate_duration,narrowed,
glyph/8/0/5/9/1,occupied,False,0,{},ADJUDICATE,adjudicate_duration,narrowed,
glyph/8/0/5/9/9,clean,False,0,{},ADJUDICATE,adjudicate_duration,narrowed,
glyph/8/0/7/10/1,clean,True,1,"{""too_thin"": 4}",ADJUDICATE,adjudicate_duration,narrowed,
glyph/8/0/7/10/3,clean,True,0,"{""too_thin"": 4}",ADJUDICATE,adjudicate_duration,narrowed,
glyph/8/0/7/12/0,clean,True,0,"{""too_thin"": 1}",ADJUDICATE,adjudicate_duration,narrowed,
glyph/8/0/7/12/2,clean,False,1,"{""too_thin"": 1}",ADJUDICATE,adjudicate_duration,narrowed,
glyph/8/0/8/7/3,clean,False,0,"{""too_thin"": 2}",ADJUDICATE,adjudicate_duration,narrowed,
glyph/8/0/8/10/4,clean,True,0,"{""too_thin"": 2}",ADJUDICATE,adjudicate_duration,narrowed,
glyph/8/0/8/10/5,clean,True,1,"{""too_thin"": 2}",ADJUDICATE,adjudicate_duration,narrowed,
glyph/8/0/8/11/0,clean,False,1,"{""too_thin"": 1}",ADJUDICATE,adjudicate_duration,narrowed,
glyph/8/0/8/12/2,clean,True,0,"{""too_thin"": 3}",ADJUDICATE,adjudicate_duration,narrowed,
glyph/8/0/8/12/3,clean,True,1,"{""too_thin"": 3}",ADJUDICATE,adjudicate_duration,narrowed,
glyph/8/0/9/1/1,clean,True,1,"{""too_thin"": 4}",ADJUDICATE,adjudicate_duration,narrowed,
glyph/8/0/9/1/6,clean,True,0,"{""too_thin"": 4}",ADJUDICATE,adjudicate_duration,narrowed,
glyph/8/0/9/2/2,clean,True,1,"{""too_thin"": 4}",ADJUDICATE,adjudicate_duration,narrowed,
glyph/8/0/9/2/4,clean,True,1,"{""too_thin"": 4}",ADJUDICATE,adjudicate_duration,narrowed,
glyph/8/0/9/4/1,clean,True,0,"{""too_thin"": 3}",ADJUDICATE,adjudicate_duration,narrowed,
glyph/8/0/9/4/4,clean,True,0,"{""too_thin"": 3}",ADJUDICATE,adjudicate_duration,narrowed,
glyph/8/0/9/6/4,clean,False,0,"{""too_thin"": 3}",ADJUDICATE,adjudicate_duration,narrowed,
glyph/8/0/9/8/1,clean,True,0,"{""too_thin"": 1}",ADJUDICATE,adjudicate_duration,narrowed,
glyph/8/0/9/8/4,clean,True,0,"{""too_thin"": 1}",ADJUDICATE,adjudicate_duration,narrowed,
glyph/8/0/9/10/0,clean,True,1,"{""too_thin"": 1}",ADJUDICATE,adjudicate_duration,narrowed,
glyph/8/0/9/10/6,clean,True,1,"{""too_thin"": 1}",ADJUDICATE,adjudicate_duration,narrowed,
glyph/8/0/9/11/1,clean,True,1,"{""too_thin"": 1}",ADJUDICATE,adjudicate_duration,narrowed,
glyph/8/0/9/11/4,clean,True,1,"{""too_thin"": 1}",ADJUDICATE,adjudicate_duration,narrowed,
glyph/8/0/9/12/3,clean,True,0,"{""too_thin"": 3}",ADJUDICATE,adjudicate_duration,narrowed,
glyph/8/1/2/0/4,clean,False,1,"{""too_thin"": 3}",ADJUDICATE,adjudicate_duration,narrowed,
glyph/8/1/2/0/8,clean,True,0,"{""too_thin"": 3}",ADJUDICATE,adjudicate_duration,narrowed,
glyph/8/1/2/1/3,clean,True,0,"{""too_thin"": 2}",ADJUDICATE,adjudicate_duration,narrowed,
glyph/8/1/2/1/4,occupied,False,0,"{""too_thin"": 2}",ADJUDICATE,adjudicate_duration,narrowed,
glyph/8/1/2/2/0,clean,False,1,"{""too_thin"": 2}",ADJUDICATE,adjudicate_duration,narrowed,
glyph/8/1/2/2/3,clean,True,0,"{""too_thin"": 2}",ADJUDICATE,adjudicate_duration,narrowed,
glyph/8/1/2/4/8,hook_seen,False,0,"{""too_thin"": 1}",ADJUDICATE,adjudicate_duration,narrowed,
glyph/8/1/3/5/1,clean,False,0,"{""too_thin"": 1}",ADJUDICATE,adjudicate_duration,narrowed,
glyph/8/1/5/0/4,clean,False,0,"{""too_thin"": 2}",ADJUDICATE,adjudicate_duration,narrowed,
glyph/8/1/5/1/0,clean,False,1,"{""too_thin"": 3}",ADJUDICATE,adjudicate_duration,narrowed,
glyph/8/1/5/2/2,clean,True,0,"{""too_thin"": 2}",ADJUDICATE,adjudicate_duration,narrowed,
glyph/8/1/5/3/0,clean,True,1,"{""too_thin"": 4}",ADJUDICATE,adjudicate_duration,narrowed,
glyph/8/1/6/0/2,clean,False,0,{},ADJUDICATE,adjudicate_duration,narrowed,
glyph/8/1/6/0/4,clean,False,1,{},ADJUDICATE,adjudicate_duration,narrowed,
glyph/8/1/6/2/0,clean,False,1,{},ADJUDICATE,adjudicate_duration,narrowed,
glyph/8/1/6/2/1,clean,False,1,{},ADJUDICATE,adjudicate_duration,narrowed,
glyph/8/1/6/5/0,clean,False,0,"{""too_thin"": 1}",ADJUDICATE,adjudicate_duration,narrowed,
glyph/8/1/6/5/7,no_stem,,0,"{""too_thin"": 2}",ADJUDICATE,adjudicate_duration,narrowed,
glyph/8/1/6/8/0,clean,True,0,"{""too_thin"": 2}",ADJUDICATE,adjudicate_duration,narrowed,
glyph/8/1/6/8/6,clean,True,0,"{""too_thin"": 2}",ADJUDICATE,adjudicate_duration,narrowed,
glyph/8/1/7/0/2,clean,False,1,{},ADJUDICATE,adjudicate_duration,narrowed,
glyph/8/1/7/0/10,clean,False,1,{},ADJUDICATE,adjudicate_duration,narrowed,
glyph/8/1/7/1/1,clean,True,1,"{""too_thin"": 1}",ADJUDICATE,adjudicate_duration,narrowed,
glyph/8/1/7/1/4,clean,False,1,"{""too_thin"": 1}",ADJUDICATE,adjudicate_duration,narrowed,
glyph/8/1/7/2/2,clean,False,0,"{""too_thin"": 1}",ADJUDICATE,adjudicate_duration,narrowed,
glyph/8/1/7/2/3,clean,True,1,"{""too_thin"": 2}",ADJUDICATE,adjudicate_duration,narrowed,
glyph/8/1/7/3/0,clean,True,1,"{""too_thin"": 1}",ADJUDICATE,adjudicate_duration,narrowed,
glyph/8/1/7/3/1,occupied,False,1,"{""too_thin"": 2}",ADJUDICATE,adjudicate_duration,narrowed,
glyph/8/1/7/5/0,clean,True,0,"{""too_thin"": 1}",ADJUDICATE,adjudicate_duration,narrowed,
glyph/8/1/8/0/2,clean,False,1,{},ADJUDICATE,adjudicate_duration,narrowed,
glyph/8/1/8/0/3,clean,False,1,{},ADJUDICATE,adjudicate_duration,narrowed,
glyph/8/1/8/1/1,clean,True,1,"{""too_thin"": 3}",ADJUDICATE,adjudicate_duration,narrowed,
glyph/8/1/8/1/2,clean,True,1,"{""too_thin"": 3}",ADJUDICATE,adjudicate_duration,narrowed,
glyph/8/1/8/2/2,clean,True,1,"{""too_thin"": 1}",ADJUDICATE,adjudicate_duration,narrowed,
glyph/8/1/8/2/9,clean,False,1,"{""too_thin"": 1}",ADJUDICATE,adjudicate_duration,narrowed,
glyph/8/1/8/3/1,clean,False,1,"{""too_thin"": 1}",ADJUDICATE,adjudicate_duration,narrowed,
glyph/8/1/9/1/1,clean,True,1,"{""too_thin"": 1}",ADJUDICATE,adjudicate_duration,narrowed,
glyph/8/1/9/2/1,clean,True,1,"{""too_thin"": 1}",ADJUDICATE,adjudicate_duration,narrowed,
glyph/8/1/9/2/3,clean,True,1,"{""too_thin"": 1}",ADJUDICATE,adjudicate_duration,narrowed,
glyph/8/1/9/3/1,clean,True,1,"{""too_thin"": 2}",ADJUDICATE,adjudicate_duration,narrowed,
glyph/8/1/9/3/6,clean,True,1,"{""too_thin"": 2}",ADJUDICATE,adjudicate_duration,narrowed,
glyph/8/1/9/8/0,clean,False,0,"{""too_thin"": 1}",EVALUATE,share_stem_value,decided,0
glyph/8/1/9/8/3,clean,False,0,"{""too_thin"": 1}",EVALUATE,share_stem_value,decided,0
glyph/8/1/10/11/4,clean,True,0,"{""too_thin"": 1}",ADJUDICATE,adjudicate_duration,narrowed,
glyph/9/0/0/3/0,clean,False,0,"{""too_thin"": 1}",ADJUDICATE,adjudicate_duration,narrowed,
glyph/9/0/0/3/4,clean,False,0,"{""too_thin"": 1}",ADJUDICATE,adjudicate_duration,narrowed,
glyph/9/0/0/4/2,no_stem,,0,"{""too_thin"": 1}",ADJUDICATE,adjudicate_duration,narrowed,
glyph/9/0/0/4/6,no_stem,,1,"{""too_thin"": 1}",ADJUDICATE,adjudicate_duration,narrowed,
glyph/9/0/0/4/9,clean,False,1,"{""too_thin"": 1}",ADJUDICATE,adjudicate_duration,narrowed,
glyph/9/0/0/4/12,no_stem,,0,"{""too_thin"": 1}",ADJUDICATE,adjudicate_duration,narrowed,
glyph/9/0/1/2/2,occupied,False,0,{},ADJUDICATE,adjudicate_duration,narrowed,
glyph/9/0/1/2/4,occupied,False,1,{},ADJUDICATE,adjudicate_duration,narrowed,
glyph/9/0/1/6/1,occupied,False,0,{},ADJUDICATE,adjudicate_duration,narrowed,
glyph/9/0/1/6/10,occupied,False,0,{},ADJUDICATE,adjudicate_duration,narrowed,
glyph/9/0/2/7/3,clean,False,0,{},ADJUDICATE,adjudicate_duration,narrowed,
glyph/9/0/2/7/5,clean,False,0,{},ADJUDICATE,adjudicate_duration,narrowed,
glyph/9/0/2/7/6,clean,False,0,{},ADJUDICATE,adjudicate_duration,narrowed,
glyph/9/0/2/7/7,clean,False,0,{},ADJUDICATE,adjudicate_duration,narrowed,
glyph/9/0/2/8/4,clean,False,0,{},ADJUDICATE,adjudicate_duration,narrowed,
glyph/9/0/2/8/6,clean,False,0,{},ADJUDICATE,adjudicate_duration,narrowed,
glyph/9/0/2/8/12,clean,False,0,{},ADJUDICATE,adjudicate_duration,narrowed,
glyph/9/0/3/2/0,clean,False,0,{},ADJUDICATE,adjudicate_duration,narrowed,
glyph/9/0/3/2/2,occupied,False,1,{},ADJUDICATE,adjudicate_duration,narrowed,
glyph/9/0/3/2/3,occupied,False,1,{},ADJUDICATE,adjudicate_duration,narrowed,
glyph/9/0/6/1/2,no_stem,,1,"{""too_thin"": 1}",ADJUDICATE,adjudicate_duration,narrowed,
glyph/9/0/6/1/6,no_stem,,1,"{""too_thin"": 1}",ADJUDICATE,adjudicate_duration,narrowed,
glyph/9/0/6/2/2,clean,False,1,{},ADJUDICATE,adjudicate_duration,narrowed,
glyph/9/0/6/2/6,clean,False,1,{},ADJUDICATE,adjudicate_duration,narrowed,
glyph/9/0/6/3/1,clean,False,0,{},ADJUDICATE,adjudicate_duration,narrowed,
glyph/9/0/6/3/4,clean,False,0,{},ADJUDICATE,adjudicate_duration,narrowed,
glyph/9/0/6/4/7,no_stem,,0,"{""too_thin"": 1}",ADJUDICATE,adjudicate_duration,narrowed,
glyph/9/0/6/4/8,no_stem,,1,"{""too_thin"": 1}",ADJUDICATE,adjudicate_duration,narrowed,
glyph/9/0/6/4/9,no_stem,,1,"{""too_thin"": 1}",ADJUDICATE,adjudicate_duration,narrowed,
glyph/9/0/6/4/10,no_stem,,0,"{""too_thin"": 1}",ADJUDICATE,adjudicate_duration,narrowed,
glyph/9/0/6/5/6,no_stem,,0,"{""too_thin"": 1}",ADJUDICATE,adjudicate_duration,narrowed,
glyph/9/0/6/5/8,no_stem,,0,"{""too_thin"": 1}",ADJUDICATE,adjudicate_duration,narrowed,
glyph/9/0/6/6/2,clean,False,0,{},ADJUDICATE,adjudicate_duration,narrowed,
glyph/9/0/6/6/5,clean,False,1,{},ADJUDICATE,adjudicate_duration,narrowed,
glyph/9/0/6/7/2,clean,False,0,"{""too_thin"": 1}",ADJUDICATE,adjudicate_duration,narrowed,
glyph/9/0/6/7/3,clean,False,0,"{""too_thin"": 1}",ADJUDICATE,adjudicate_duration,narrowed,
glyph/9/0/7/4/4,no_stem,,1,"{""too_thin"": 1}",ADJUDICATE,adjudicate_duration,narrowed,
glyph/9/0/7/4/7,no_stem,,0,"{""too_thin"": 1}",ADJUDICATE,adjudicate_duration,narrowed,
glyph/9/0/9/1/1,clean,False,1,{},ADJUDICATE,adjudicate_duration,narrowed,
glyph/9/0/9/1/2,clean,False,0,{},ADJUDICATE,adjudicate_duration,narrowed,
glyph/9/0/10/6/1,clean,False,0,{},ADJUDICATE,adjudicate_duration,narrowed,
glyph/9/0/10/6/3,clean,False,1,{},ADJUDICATE,adjudicate_duration,narrowed,
glyph/9/0/10/8/4,no_stem,,1,"{""too_thin"": 1}",EVALUATE,reconcile_duration,decided,0
glyph/9/0/11/4/4,clean,False,0,{},ADJUDICATE,adjudicate_duration,narrowed,
glyph/9/0/11/4/5,clean,False,1,{},ADJUDICATE,adjudicate_duration,narrowed,
glyph/9/0/11/5/3,no_stem,,0,{},ADJUDICATE,adjudicate_duration,narrowed,
glyph/9/0/11/5/5,clean,False,0,{},ADJUDICATE,adjudicate_duration,narrowed,
glyph/9/0/11/6/1,clean,False,0,{},ADJUDICATE,adjudicate_duration,narrowed,
glyph/9/0/11/6/2,clean,False,1,{},ADJUDICATE,adjudicate_duration,narrowed,
glyph/9/0/11/7/1,clean,False,0,{},ADJUDICATE,adjudicate_duration,narrowed,
glyph/9/1/0/1/1,clean,False,0,{},ADJUDICATE,adjudicate_duration,narrowed,
glyph/9/1/0/1/2,clean,False,0,{},ADJUDICATE,adjudicate_duration,narrowed,
glyph/9/1/0/2/1,clean,False,0,"{""too_thin"": 1}",ADJUDICATE,adjudicate_duration,narrowed,
glyph/9/1/0/3/3,clean,False,0,{},ADJUDICATE,adjudicate_duration,narrowed,
glyph/9/1/0/3/7,clean,False,1,{},ADJUDICATE,adjudicate_duration,narrowed,
glyph/9/1/0/4/11,clean,False,0,"{""too_thin"": 1}",EVALUATE,reconcile_duration,decided,1
glyph/9/1/1/3/1,occupied,False,0,{},ADJUDICATE,adjudicate_duration,narrowed,
glyph/9/1/1/3/8,occupied,False,0,{},ADJUDICATE,adjudicate_duration,narrowed,
glyph/9/1/1/4/6,occupied,True,0,"{""too_thin"": 1}",ADJUDICATE,adjudicate_duration,narrowed,
glyph/9/1/1/4/14,occupied,True,0,"{""too_thin"": 1}",ADJUDICATE,adjudicate_duration,narrowed,
glyph/9/1/1/5/3,occupied,False,1,"{""too_thin"": 1}",ADJUDICATE,adjudicate_duration,narrowed,
glyph/9/1/1/5/9,occupied,False,1,"{""too_thin"": 1}",ADJUDICATE,adjudicate_duration,narrowed,
glyph/9/1/2/2/1,clean,True,0,"{""too_thin"": 2}",ADJUDICATE,adjudicate_duration,narrowed,
glyph/9/1/2/2/4,clean,True,0,"{""too_thin"": 2}",ADJUDICATE,adjudicate_duration,narrowed,
glyph/9/1/2/3/0,occupied,False,0,{},ADJUDICATE,adjudicate_duration,narrowed,
glyph/9/1/2/3/2,no_stem,,1,{},ADJUDICATE,adjudicate_duration,narrowed,
glyph/9/1/2/3/7,occupied,False,0,{},ADJUDICATE,adjudicate_duration,narrowed,
glyph/9/1/2/6/1,occupied,True,0,"{""too_thin"": 1}",ADJUDICATE,adjudicate_duration,narrowed,
glyph/9/1/2/6/5,occupied,True,0,"{""too_thin"": 1}",ADJUDICATE,adjudicate_duration,narrowed,
glyph/9/1/3/1/13,occupied,True,1,"{""too_thin"": 1}",ADJUDICATE,adjudicate_duration,narrowed,
glyph/9/1/4/3/2,clean,False,0,{},ADJUDICATE,adjudicate_duration,narrowed,
glyph/9/1/4/3/3,clean,False,0,{},ADJUDICATE,adjudicate_duration,narrowed,
glyph/9/1/4/4/3,clean,False,1,{},ADJUDICATE,adjudicate_duration,narrowed,
glyph/9/1/4/4/4,clean,False,0,{},ADJUDICATE,adjudicate_duration,narrowed,
glyph/9/1/4/5/0,clean,False,0,{},ADJUDICATE,adjudicate_duration,narrowed,
glyph/9/1/4/5/1,clean,False,1,{},ADJUDICATE,adjudicate_duration,narrowed,
glyph/9/1/6/4/2,no_stem,,0,"{""too_thin"": 1}",ADJUDICATE,adjudicate_duration,narrowed,
glyph/9/1/6/4/3,no_stem,,0,"{""too_thin"": 1}",ADJUDICATE,adjudicate_duration,narrowed,
glyph/9/1/6/6/2,clean,False,0,"{""too_thin"": 1}",ADJUDICATE,adjudicate_duration,narrowed,
glyph/9/1/6/6/3,clean,False,0,"{""too_thin"": 1}",ADJUDICATE,adjudicate_duration,narrowed,
glyph/9/1/7/8/4,no_stem,,1,"{""too_thin"": 1}",ADJUDICATE,adjudicate_duration,narrowed,
glyph/9/1/8/1/2,clean,False,0,"{""too_thin"": 1}",ADJUDICATE,adjudicate_duration,narrowed,
glyph/9/1/8/4/5,no_stem,,0,"{""too_thin"": 1}",ADJUDICATE,adjudicate_duration,narrowed,
glyph/9/1/8/4/6,no_stem,,0,"{""too_thin"": 1}",ADJUDICATE,adjudicate_duration,narrowed,
glyph/9/1/8/4/7,clean,True,0,"{""too_thin"": 1}",ADJUDICATE,adjudicate_duration,narrowed,
glyph/9/1/8/5/2,clean,False,0,{},ADJUDICATE,adjudicate_duration,narrowed,
glyph/9/1/8/5/3,clean,False,1,{},ADJUDICATE,adjudicate_duration,narrowed,
glyph/9/1/8/6/2,no_stem,,0,{},ADJUDICATE,adjudicate_duration,narrowed,
glyph/9/1/8/6/3,clean,False,0,{},ADJUDICATE,adjudicate_duration,narrowed,
glyph/9/1/8/6/7,clean,False,0,{},ADJUDICATE,adjudicate_duration,narrowed,
glyph/9/1/8/7/1,clean,False,0,{},ADJUDICATE,adjudicate_duration,narrowed,
glyph/9/1/8/7/4,clean,False,0,{},ADJUDICATE,adjudicate_duration,narrowed,
glyph/9/1/8/7/6,occupied,False,0,{},ADJUDICATE,adjudicate_duration,narrowed,
glyph/9/1/8/7/7,hook_seen,False,0,{},ADJUDICATE,adjudicate_duration,narrowed,
glyph/9/1/8/7/10,clean,False,0,{},ADJUDICATE,adjudicate_duration,narrowed,
glyph/9/1/8/7/13,occupied,False,0,{},ADJUDICATE,adjudicate_duration,narrowed,
glyph/9/1/8/7/15,hook_seen,False,0,{},ADJUDICATE,adjudicate_duration,narrowed,
glyph/9/1/9/1/0,clean,False,1,"{""too_thin"": 3}",EVALUATE,reconcile_duration,decided,0
glyph/9/1/10/0/5,no_stem,,1,"{""too_thin"": 1}",EVALUATE,reconcile_duration,decided,0
glyph/9/1/10/3/1,no_stem,,1,"{""too_thin"": 1}",EVALUATE,reconcile_duration,decided,0
glyph/9/1/11/0/8,clean,False,1,"{""too_thin"": 1}",EVALUATE,reconcile_duration,decided,0
glyph/9/1/11/2/5,clean,True,0,"{""too_thin"": 1}",EVALUATE,reconcile_duration,decided,1
glyph/9/1/12/4/3,clean,True,1,"{""too_thin"": 1}",ADJUDICATE,adjudicate_duration,narrowed,
glyph/9/1/12/4/4,clean,True,0,"{""too_thin"": 1}",ADJUDICATE,adjudicate_duration,narrowed,
glyph/10/0/0/2/1,clean,True,0,"{""too_thin"": 1}",ADJUDICATE,adjudicate_duration,narrowed,
glyph/10/0/0/2/2,clean,True,0,"{""too_thin"": 1}",ADJUDICATE,adjudicate_duration,narrowed,
glyph/10/0/0/2/6,clean,True,0,"{""too_thin"": 1}",ADJUDICATE,adjudicate_duration,narrowed,
glyph/10/0/0/2/9,clean,True,0,"{""too_thin"": 1}",ADJUDICATE,adjudicate_duration,narrowed,
glyph/10/0/4/5/0,no_stem,,1,"{""too_thin"": 1}",EVALUATE,reconcile_duration,decided,0
glyph/10/0/12/0/4,no_stem,,0,{},ADJUDICATE,adjudicate_duration,narrowed,
glyph/10/0/12/0/6,no_stem,,0,{},ADJUDICATE,adjudicate_duration,narrowed,
glyph/10/0/12/1/1,clean,False,1,"{""too_thin"": 1}",EVALUATE,reconcile_duration,decided,0
glyph/10/1/0/1/7,no_stem,,1,{},EVALUATE,reconcile_duration,decided,0
glyph/10/1/0/2/0,no_stem,,1,{},ADJUDICATE,adjudicate_duration,narrowed,
glyph/10/1/0/2/4,no_stem,,1,{},ADJUDICATE,adjudicate_duration,narrowed,
glyph/10/1/0/5/4,no_stem,,1,"{""too_thin"": 1}",ADJUDICATE,adjudicate_duration,narrowed,
glyph/10/1/0/5/10,no_stem,,1,"{""too_thin"": 2}",ADJUDICATE,adjudicate_duration,narrowed,
glyph/10/1/0/6/4,no_stem,,1,"{""too_thin"": 1}",ADJUDICATE,adjudicate_duration,narrowed,
glyph/10/1/0/6/9,no_stem,,1,"{""too_thin"": 1}",ADJUDICATE,adjudicate_duration,narrowed,
glyph/10/1/0/7/2,no_stem,,0,"{""too_thin"": 1}",ADJUDICATE,adjudicate_duration,narrowed,
glyph/10/1/0/7/9,no_stem,,0,"{""too_thin"": 1}",ADJUDICATE,adjudicate_duration,narrowed,
glyph/10/1/1/1/2,no_stem,,1,{},EVALUATE,reconcile_duration,decided,0
glyph/10/1/1/2/1,clean,False,1,{},ADJUDICATE,adjudicate_duration,narrowed,
glyph/10/1/1/2/2,clean,False,1,{},ADJUDICATE,adjudicate_duration,narrowed,
glyph/10/1/1/2/4,clean,False,1,{},ADJUDICATE,adjudicate_duration,narrowed,
glyph/10/1/1/2/9,clean,False,1,{},ADJUDICATE,adjudicate_duration,narrowed,
glyph/10/1/1/6/1,clean,False,1,"{""too_thin"": 1}",ADJUDICATE,adjudicate_duration,narrowed,
glyph/10/1/1/6/2,clean,False,1,"{""too_thin"": 1}",ADJUDICATE,adjudicate_duration,narrowed,
glyph/10/1/1/7/5,clean,False,0,"{""too_thin"": 1}",ADJUDICATE,adjudicate_duration,narrowed,
glyph/10/1/1/7/9,clean,False,0,"{""too_thin"": 1}",ADJUDICATE,adjudicate_duration,narrowed,
glyph/10/1/2/2/3,occupied,False,1,{},ADJUDICATE,adjudicate_duration,narrowed,
glyph/10/1/2/2/8,clean,False,1,{},ADJUDICATE,adjudicate_duration,narrowed,
glyph/10/1/2/2/12,clean,False,0,{},ADJUDICATE,adjudicate_duration,narrowed,
glyph/10/1/2/2/14,occupied,False,1,{},ADJUDICATE,adjudicate_duration,narrowed,
glyph/10/1/2/5/5,clean,False,1,{},ADJUDICATE,adjudicate_duration,narrowed,
glyph/10/1/2/5/11,clean,False,1,{},ADJUDICATE,adjudicate_duration,narrowed,
glyph/10/1/2/5/13,no_stem,,1,{},ADJUDICATE,adjudicate_duration,narrowed,
glyph/10/1/2/7/7,occupied,False,0,{},ADJUDICATE,adjudicate_duration,narrowed,
glyph/10/1/2/7/10,clean,False,0,{},ADJUDICATE,adjudicate_duration,narrowed,
glyph/10/1/2/7/13,occupied,False,0,{},ADJUDICATE,adjudicate_duration,narrowed,
glyph/10/1/2/7/15,occupied,False,0,{},ADJUDICATE,adjudicate_duration,narrowed,
glyph/10/1/2/7/16,occupied,False,0,{},ADJUDICATE,adjudicate_duration,narrowed,
glyph/10/1/2/7/18,clean,False,0,{},ADJUDICATE,adjudicate_duration,narrowed,
glyph/10/1/3/1/5,no_stem,,1,{},ADJUDICATE,adjudicate_duration,narrowed,
glyph/10/1/3/1/10,no_stem,,1,"{""too_thin"": 1}",ADJUDICATE,adjudicate_duration,narrowed,
glyph/10/1/3/2/1,clean,False,1,{},ADJUDICATE,adjudicate_duration,narrowed,
glyph/10/1/3/2/3,clean,False,1,{},ADJUDICATE,adjudicate_duration,narrowed,
glyph/10/1/3/2/6,no_stem,,1,{},ADJUDICATE,adjudicate_duration,narrowed,
glyph/10/1/3/7/2,clean,False,0,{},ADJUDICATE,adjudicate_duration,narrowed,
glyph/10/1/3/7/8,clean,True,0,{},ADJUDICATE,adjudicate_duration,narrowed,
glyph/10/1/5/6/0,clean,False,1,{},ADJUDICATE,adjudicate_duration,narrowed,
glyph/10/1/5/6/1,occupied,False,1,{},ADJUDICATE,adjudicate_duration,narrowed,
glyph/10/1/5/6/2,occupied,False,1,{},ADJUDICATE,adjudicate_duration,narrowed,
glyph/10/1/5/6/3,clean,False,1,{},ADJUDICATE,adjudicate_duration,narrowed,
glyph/10/1/6/2/0,clean,False,1,{},ADJUDICATE,adjudicate_duration,narrowed,
glyph/10/1/6/2/1,clean,False,1,{},ADJUDICATE,adjudicate_duration,narrowed,
glyph/10/1/6/6/3,clean,False,1,"{""too_thin"": 1}",ADJUDICATE,adjudicate_duration,narrowed,
glyph/10/1/6/6/12,clean,False,1,"{""too_thin"": 1}",ADJUDICATE,adjudicate_duration,narrowed,
glyph/10/1/9/6/1,clean,False,0,{},ADJUDICATE,adjudicate_duration,narrowed,
glyph/10/1/9/6/2,clean,False,1,{},ADJUDICATE,adjudicate_duration,narrowed,
glyph/10/1/9/7/1,clean,False,0,"{""too_thin"": 1}",ADJUDICATE,adjudicate_duration,narrowed,
glyph/10/1/10/5/1,clean,False,1,{},ADJUDICATE,adjudicate_duration,narrowed,
glyph/10/1/10/5/2,clean,False,0,{},ADJUDICATE,adjudicate_duration,narrowed,
glyph/10/1/11/4/7,no_stem,,0,"{""too_thin"": 1}",EVALUATE,reconcile_duration,decided,1
glyph/10/1/11/5/0,clean,False,0,{},ADJUDICATE,adjudicate_duration,narrowed,
glyph/10/1/11/5/4,clean,False,1,{},ADJUDICATE,adjudicate_duration,narrowed,
glyph/10/1/11/6/2,clean,False,0,"{""too_thin"": 1}",ADJUDICATE,adjudicate_duration,narrowed,
glyph/10/1/11/7/6,clean,True,0,{},ADJUDICATE,adjudicate_duration,narrowed,
glyph/10/1/11/7/7,clean,False,0,{},ADJUDICATE,adjudicate_duration,narrowed,
glyph/10/1/12/6/1,no_stem,,0,{},EVALUATE,reconcile_duration,decided,1
glyph/11/0/0/1/2,no_stem,,0,"{""too_thin"": 2}",ADJUDICATE,adjudicate_duration,narrowed,
glyph/11/0/0/1/16,no_stem,,0,"{""too_thin"": 2}",ADJUDICATE,adjudicate_duration,narrowed,
glyph/11/0/0/2/2,clean,False,1,"{""too_thin"": 1}",ADJUDICATE,adjudicate_duration,narrowed,
glyph/11/0/0/2/14,clean,False,1,"{""too_thin"": 1}",ADJUDICATE,adjudicate_duration,narrowed,
glyph/11/0/0/3/6,no_stem,,0,{},EVALUATE,reconcile_duration,decided,0
glyph/11/0/0/8/1,clean,False,1,"{""too_thin"": 3}",EVALUATE,reconcile_duration,decided,0
glyph/11/0/0/9/2,clean,False,1,"{""too_thin"": 1}",ADJUDICATE,adjudicate_duration,narrowed,
glyph/11/0/0/9/3,no_stem,,1,"{""too_thin"": 3}",ADJUDICATE,adjudicate_duration,narrowed,
glyph/11/0/1/1/0,no_stem,,0,{},ADJUDICATE,adjudicate_duration,narrowed,
glyph/11/0/1/1/1,no_stem,,1,{},ADJUDICATE,adjudicate_duration,narrowed,
glyph/11/0/1/2/1,clean,False,1,"{""too_thin"": 1}",ADJUDICATE,adjudicate_duration,narrowed,
glyph/11/0/1/2/12,clean,False,1,"{""too_thin"": 1}",ADJUDICATE,adjudicate_duration,narrowed,
glyph/11/0/1/3/7,no_stem,,0,"{""too_thin"": 1}",ADJUDICATE,adjudicate_duration,narrowed,
glyph/11/0/1/3/8,no_stem,,0,"{""too_thin"": 1}",ADJUDICATE,adjudicate_duration,narrowed,
glyph/11/0/1/8/0,clean,False,0,{},EVALUATE,reconcile_duration,decided,1
glyph/11/0/1/9/0,clean,False,1,{},ADJUDICATE,adjudicate_duration,narrowed,
glyph/11/0/1/9/1,clean,False,1,{},ADJUDICATE,adjudicate_duration,narrowed,
glyph/11/0/2/1/1,no_stem,,0,{},ADJUDICATE,adjudicate_duration,narrowed,
glyph/11/0/2/1/9,occupied,False,1,{},ADJUDICATE,adjudicate_duration,narrowed,
glyph/11/0/2/1/14,occupied,False,0,{},ADJUDICATE,adjudicate_duration,narrowed,
glyph/11/0/3/2/0,clean,False,0,{},ADJUDICATE,adjudicate_duration,narrowed,
glyph/11/0/3/2/1,clean,False,0,{},ADJUDICATE,adjudicate_duration,narrowed,
glyph/11/0/3/2/6,clean,False,0,{},ADJUDICATE,adjudicate_duration,narrowed,
glyph/11/0/3/2/7,clean,False,0,{},ADJUDICATE,adjudicate_duration,narrowed,
glyph/11/0/3/3/1,clean,True,1,"{""too_thin"": 1}",ADJUDICATE,adjudicate_duration,narrowed,
glyph/11/0/3/4/0,occupied,True,2,{},ADJUDICATE,adjudicate_duration,narrowed,
glyph/11/0/3/6/0,clean,False,1,"{""too_thin"": 2}",ADJUDICATE,adjudicate_duration,narrowed,
glyph/11/0/3/6/2,clean,False,1,"{""too_thin"": 2}",ADJUDICATE,adjudicate_duration,narrowed,
glyph/11/0/4/1/0,occupied,False,0,{},ADJUDICATE,adjudicate_duration,narrowed,
glyph/11/0/4/1/3,occupied,False,1,{},ADJUDICATE,adjudicate_duration,narrowed,
glyph/11/0/4/2/2,clean,False,0,{},ADJUDICATE,adjudicate_duration,narrowed,
glyph/11/0/4/2/3,clean,False,0,{},ADJUDICATE,adjudicate_duration,narrowed,
glyph/11/0/4/2/6,occupied,False,0,{},ADJUDICATE,adjudicate_duration,narrowed,
glyph/11/0/5/1/2,occupied,True,1,{},EVALUATE,reconcile_duration,decided,0
glyph/11/0/5/1/22,occupied,True,0,{},ADJUDICATE,adjudicate_duration,narrowed,
glyph/11/0/5/2/1,clean,False,0,"{""too_thin"": 1}",ADJUDICATE,adjudicate_duration,narrowed,
glyph/11/0/5/2/20,clean,False,0,"{""too_thin"": 1}",ADJUDICATE,adjudicate_duration,narrowed,
glyph/11/0/6/1/1,occupied,False,0,"{""too_thin"": 1}",ADJUDICATE,adjudicate_duration,narrowed,
glyph/11/0/6/9/1,occupied,False,1,{},ADJUDICATE,adjudicate_duration,narrowed,
glyph/11/0/6/9/12,occupied,False,1,{},ADJUDICATE,adjudicate_duration,narrowed,
glyph/11/0/9/0/6,clean,False,0,{},ADJUDICATE,adjudicate_duration,narrowed,
glyph/11/0/9/0/7,clean,False,0,{},ADJUDICATE,adjudicate_duration,narrowed,
glyph/11/0/9/1/0,clean,False,0,{},ADJUDICATE,adjudicate_duration,narrowed,
glyph/11/0/9/1/3,no_stem,,1,{},ADJUDICATE,adjudicate_duration,narrowed,
glyph/11/0/9/2/3,clean,True,0,"{""too_thin"": 3}",ADJUDICATE,adjudicate_duration,narrowed,
glyph/11/0/9/2/4,clean,True,0,"{""too_thin"": 3}",ADJUDICATE,adjudicate_duration,narrowed,
glyph/11/0/9/7/1,occupied,False,0,{},ADJUDICATE,adjudicate_duration,narrowed,
glyph/11/0/9/7/3,occupied,False,1,{},ADJUDICATE,adjudicate_duration,narrowed,
glyph/11/0/9/7/8,occupied,False,0,{},ADJUDICATE,adjudicate_duration,narrowed,
glyph/11/0/9/8/1,occupied,True,1,"{""too_thin"": 2}",EVALUATE,reconcile_duration,decided,0
glyph/11/0/9/9/1,occupied,True,1,"{""too_thin"": 2}",EVALUATE,reconcile_chord_duration,decided,0
glyph/11/0/9/9/3,clean,False,1,"{""too_thin"": 2}",EVALUATE,reconcile_duration,decided,0
glyph/11/0/10/0/4,clean,False,0,{},ADJUDICATE,adjudicate_duration,narrowed,
glyph/11/0/10/0/9,clean,True,0,{},ADJUDICATE,adjudicate_duration,narrowed,
glyph/11/0/10/1/0,clean,False,0,{},ADJUDICATE,adjudicate_duration,narrowed,
glyph/11/0/10/1/1,no_stem,,1,{},ADJUDICATE,adjudicate_duration,narrowed,
glyph/11/0/10/2/0,occupied,False,0,"{""too_thin"": 1}",ADJUDICATE,adjudicate_duration,narrowed,
glyph/11/0/10/2/2,occupied,False,0,"{""too_thin"": 1}",ADJUDICATE,adjudicate_duration,narrowed,
glyph/11/0/10/6/6,clean,True,1,"{""through_heads"": 2, ""too_thin"": 2}",EVALUATE,reconcile_duration,decided,0
glyph/11/0/10/9/3,occupied,False,1,"{""too_thin"": 2}",ADJUDICATE,adjudicate_duration,narrowed,
glyph/11/0/10/9/5,clean,False,1,"{""too_thin"": 2}",ADJUDICATE,adjudicate_duration,narrowed,
glyph/11/0/10/9/10,occupied,False,0,"{""too_thin"": 2}",ADJUDICATE,adjudicate_duration,narrowed,
glyph/11/0/10/9/15,occupied,False,0,"{""too_thin"": 2}",ADJUDICATE,adjudicate_duration,narrowed,
glyph/11/0/10/9/18,clean,False,0,"{""too_thin"": 2}",ADJUDICATE,adjudicate_duration,narrowed,
glyph/11/0/11/0/1,clean,True,0,{},ADJUDICATE,adjudicate_duration,narrowed,
glyph/11/0/11/0/4,clean,False,0,{},ADJUDICATE,adjudicate_duration,narrowed,
glyph/11/0/11/0/8,clean,True,0,{},ADJUDICATE,adjudicate_duration,narrowed,
glyph/11/0/11/2/0,clean,False,0,{},ADJUDICATE,adjudicate_duration,narrowed,
glyph/11/0/11/2/1,clean,False,0,{},ADJUDICATE,adjudicate_duration,narrowed,
glyph/11/0/11/2/2,clean,False,0,{},ADJUDICATE,adjudicate_duration,narrowed,
glyph/11/0/12/0/2,clean,False,0,{},ADJUDICATE,adjudicate_duration,narrowed,
glyph/11/0/12/0/4,no_stem,,0,{},ADJUDICATE,adjudicate_duration,narrowed,
glyph/11/0/12/0/5,clean,False,0,{},ADJUDICATE,adjudicate_duration,narrowed,
glyph/11/0/12/0/9,clean,False,0,{},ADJUDICATE,adjudicate_duration,narrowed,
glyph/11/0/12/0/10,clean,False,0,{},ADJUDICATE,adjudicate_duration,narrowed,
glyph/11/0/12/1/0,clean,False,0,{},ADJUDICATE,adjudicate_duration,narrowed,
glyph/11/0/12/1/4,clean,False,0,{},ADJUDICATE,adjudicate_duration,narrowed,
glyph/11/0/12/1/6,clean,False,1,{},ADJUDICATE,adjudicate_duration,narrowed,
glyph/11/0/12/2/1,clean,False,0,{},ADJUDICATE,adjudicate_duration,narrowed,
glyph/11/0/12/2/5,clean,False,0,{},ADJUDICATE,adjudicate_duration,narrowed,
glyph/11/0/12/5/1,clean,False,0,"{""too_thin"": 3}",ADJUDICATE,adjudicate_duration,narrowed,
glyph/11/0/12/5/2,clean,False,1,"{""too_thin"": 3}",ADJUDICATE,adjudicate_duration,narrowed,
glyph/11/0/12/7/2,occupied,False,1,"{""too_thin"": 1}",EVALUATE,reconcile_duration,decided,0
glyph/11/0/12/8/0,clean,True,1,"{""too_thin"": 2}",ADJUDICATE,adjudicate_duration,narrowed,
glyph/11/0/12/8/1,clean,True,1,"{""too_thin"": 2}",ADJUDICATE,adjudicate_duration,narrowed,
glyph/11/0/13/2/0,clean,False,0,{},ADJUDICATE,adjudicate_duration,narrowed,
glyph/11/0/13/2/2,clean,False,0,{},ADJUDICATE,adjudicate_duration,narrowed,
glyph/11/0/13/3/1,clean,True,0,"{""too_thin"": 1}",EVALUATE,reconcile_duration,decided,0
glyph/11/0/13/7/3,clean,False,1,{},ADJUDICATE,adjudicate_duration,narrowed,
glyph/11/0/13/7/4,clean,False,1,{},ADJUDICATE,adjudicate_duration,narrowed,
glyph/11/0/13/8/0,clean,True,1,"{""too_thin"": 1}",ADJUDICATE,adjudicate_duration,narrowed,
glyph/11/0/13/8/1,clean,True,1,"{""too_thin"": 1}",ADJUDICATE,adjudicate_duration,narrowed,
glyph/11/1/0/1/3,no_stem,,1,{},ADJUDICATE,adjudicate_duration,narrowed,
glyph/11/1/0/3/3,clean,True,1,"{""too_thin"": 6}",ADJUDICATE,adjudicate_duration,narrowed,
glyph/11/1/0/3/5,clean,True,1,"{""too_thin"": 6}",ADJUDICATE,adjudicate_duration,narrowed,
glyph/11/1/0/5/0,clean,False,1,"{""too_thin"": 1}",ADJUDICATE,adjudicate_duration,narrowed,
glyph/11/1/0/7/2,no_stem,,1,"{""too_thin"": 3}",ADJUDICATE,adjudicate_duration,narrowed,
glyph/11/1/0/7/5,clean,False,1,"{""too_thin"": 3}",ADJUDICATE,adjudicate_duration,narrowed,
glyph/11/1/0/9/6,clean,False,1,"{""too_thin"": 1}",ADJUDICATE,adjudicate_duration,narrowed,
glyph/11/1/1/1/3,clean,False,1,{},ADJUDICATE,adjudicate_duration,narrowed,
glyph/11/1/1/3/0,clean,False,1,"{""too_thin"": 1}",ADJUDICATE,adjudicate_duration,narrowed,
glyph/11/1/1/3/1,clean,False,1,"{""too_thin"": 1}",ADJUDICATE,adjudicate_duration,narrowed,
glyph/11/1/1/7/4,clean,False,1,"{""too_thin"": 1}",ADJUDICATE,adjudicate_duration,narrowed,
glyph/11/1/1/7/9,no_stem,,0,"{""too_thin"": 5}",ADJUDICATE,adjudicate_duration,narrowed,
glyph/11/1/1/9/0,clean,False,1,{},ADJUDICATE,adjudicate_duration,narrowed,
glyph/11/1/1/9/2,clean,False,1,{},ADJUDICATE,adjudicate_duration,narrowed,
glyph/11/1/2/5/3,occupied,False,1,{},ADJUDICATE,adjudicate_duration,narrowed,
glyph/11/1/2/5/11,occupied,False,0,{},ADJUDICATE,adjudicate_duration,narrowed,
glyph/11/1/2/6/1,clean,False,1,{},ADJUDICATE,adjudicate_duration,narrowed,
glyph/11/1/2/6/2,occupied,True,1,{},ADJUDICATE,adjudicate_duration,narrowed,
glyph/11/1/2/6/3,occupied,True,1,{},ADJUDICATE,adjudicate_duration,narrowed,
glyph/11/1/2/6/12,clean,False,0,{},ADJUDICATE,adjudicate_duration,narrowed,
glyph/11/1/2/9/2,occupied,False,0,{},ADJUDICATE,adjudicate_duration,narrowed,
glyph/11/1/2/9/4,occupied,False,0,{},ADJUDICATE,adjudicate_duration,narrowed,
glyph/11/1/3/0/1,clean,False,0,"{""too_thin"": 1}",ADJUDICATE,adjudicate_duration,narrowed,
glyph/11/1/3/5/0,occupied,False,1,{},ADJUDICATE,adjudicate_duration,narrowed,
glyph/11/1/3/5/4,occupied,False,1,{},ADJUDICATE,adjudicate_duration,narrowed,
glyph/11/1/3/6/0,clean,False,1,{},ADJUDICATE,adjudicate_duration,narrowed,
glyph/11/1/3/6/1,occupied,False,1,{},ADJUDICATE,adjudicate_duration,narrowed,
glyph/11/1/3/6/3,clean,False,1,{},ADJUDICATE,adjudicate_duration,narrowed,
glyph/11/1/3/6/4,occupied,False,1,{},ADJUDICATE,adjudicate_duration,narrowed,
glyph/11/1/3/9/0,no_stem,,1,{},ADJUDICATE,adjudicate_duration,narrowed,
glyph/11/1/5/9/3,no_stem,,0,"{""too_thin"": 1}",ADJUDICATE,adjudicate_duration,narrowed,
glyph/11/1/6/6/0,clean,False,0,"{""too_thin"": 1}",ADJUDICATE,adjudicate_duration,narrowed,
glyph/11/1/9/4/3,no_stem,,0,"{""too_thin"": 2}",ADJUDICATE,adjudicate_duration,narrowed,
glyph/11/1/9/4/4,no_stem,,0,"{""too_thin"": 2}",ADJUDICATE,adjudicate_duration,narrowed,
glyph/11/1/9/4/7,occupied,False,0,"{""too_thin"": 2}",ADJUDICATE,adjudicate_duration,narrowed,
glyph/11/1/9/4/9,occupied,False,0,"{""too_thin"": 2}",ADJUDICATE,adjudicate_duration,narrowed,
glyph/11/1/9/4/11,no_stem,,0,"{""too_thin"": 2}",ADJUDICATE,adjudicate_duration,narrowed,
glyph/11/1/9/8/7,no_stem,,0,"{""too_thin"": 2}",ADJUDICATE,adjudicate_duration,narrowed,
glyph/11/1/9/8/14,no_stem,,1,"{""too_thin"": 2}",ADJUDICATE,adjudicate_duration,narrowed,
glyph/11/1/10/4/1,occupied,False,1,"{""too_thin"": 3}",ADJUDICATE,adjudicate_duration,narrowed,
glyph/11/1/10/4/4,clean,True,0,"{""too_thin"": 3}",ADJUDICATE,adjudicate_duration,narrowed,
glyph/11/1/10/4/19,occupied,False,0,"{""too_thin"": 3}",ADJUDICATE,adjudicate_duration,narrowed,
glyph/11/1/10/5/6,occupied,False,0,"{""too_thin"": 1}",EVALUATE,share_stem_value,decided,0
glyph/11/1/10/5/9,occupied,False,0,"{""too_thin"": 1}",EVALUATE,share_stem_value,decided,0
glyph/11/1/10/6/2,occupied,False,1,"{""too_thin"": 3}",ADJUDICATE,adjudicate_duration,narrowed,
glyph/11/1/10/6/3,clean,False,1,"{""too_thin"": 3}",ADJUDICATE,adjudicate_duration,narrowed,
glyph/11/1/10/6/10,occupied,False,0,"{""too_thin"": 3}",ADJUDICATE,adjudicate_duration,narrowed,
glyph/11/1/10/8/6,occupied,True,0,"{""too_thin"": 3}",EVALUATE,share_stem_value,decided,0
glyph/11/1/11/2/2,occupied,False,0,"{""too_thin"": 1}",EVALUATE,share_stem_value,decided,0
glyph/11/1/11/8/10,occupied,True,0,"{""too_thin"": 4}",EVALUATE,share_stem_value,decided,0
glyph/11/1/12/2/0,clean,False,1,{},ADJUDICATE,adjudicate_duration,narrowed,
glyph/11/1/12/2/1,clean,False,0,{},ADJUDICATE,adjudicate_duration,narrowed,
glyph/11/1/12/4/6,clean,False,1,"{""too_thin"": 1}",ADJUDICATE,adjudicate_duration,narrowed,
glyph/11/1/12/5/0,clean,True,1,"{""too_thin"": 3}",ADJUDICATE,adjudicate_duration,narrowed,
glyph/11/1/12/5/3,clean,True,1,"{""too_thin"": 3}",ADJUDICATE,adjudicate_duration,narrowed,
glyph/11/1/12/8/1,no_stem,,0,"{""too_thin"": 6}",ADJUDICATE,adjudicate_duration,narrowed,
glyph/11/1/12/8/7,clean,False,1,"{""too_thin"": 2}",ADJUDICATE,adjudicate_duration,narrowed,
glyph/11/1/12/9/0,occupied,True,0,"{""not_straight"": 1, ""too_thin"": 2}",ADJUDICATE,adjudicate_duration,narrowed,
glyph/11/1/12/9/2,clean,True,0,"{""not_straight"": 1, ""too_thin"": 2}",ADJUDICATE,adjudicate_duration,narrowed,
glyph/11/1/13/2/1,clean,False,1,{},ADJUDICATE,adjudicate_duration,narrowed,
glyph/11/1/13/2/2,clean,False,1,{},ADJUDICATE,adjudicate_duration,narrowed,
glyph/11/1/13/4/2,clean,False,1,{},ADJUDICATE,adjudicate_duration,narrowed,
glyph/11/1/13/4/3,clean,False,1,{},ADJUDICATE,adjudicate_duration,narrowed,
glyph/11/1/13/5/0,clean,True,1,"{""too_thin"": 1}",ADJUDICATE,adjudicate_duration,narrowed,
glyph/11/1/13/5/5,clean,True,1,"{""too_thin"": 1}",ADJUDICATE,adjudicate_duration,narrowed,
glyph/11/1/13/7/1,clean,False,1,"{""too_thin"": 1}",ADJUDICATE,adjudicate_duration,narrowed,
glyph/11/1/13/9/1,occupied,True,0,{},ADJUDICATE,adjudicate_duration,narrowed,
glyph/11/1/13/9/3,clean,True,1,{},ADJUDICATE,adjudicate_duration,narrowed,
glyph/12/0/0/1/2,clean,True,1,"{""too_thin"": 4}",ADJUDICATE,adjudicate_duration,narrowed,
glyph/12/0/0/1/4,clean,True,1,"{""too_thin"": 4}",ADJUDICATE,adjudicate_duration,narrowed,
glyph/12/0/0/3/0,clean,True,1,"{""too_thin"": 4}",ADJUDICATE,adjudicate_duration,narrowed,
glyph/12/0/0/3/3,clean,True,1,"{""too_thin"": 4}",ADJUDICATE,adjudicate_duration,narrowed,
glyph/12/0/0/5/0,clean,True,1,"{""too_thin"": 4}",ADJUDICATE,adjudicate_duration,narrowed,
glyph/12/0/0/5/3,clean,True,1,"{""too_thin"": 4}",ADJUDICATE,adjudicate_duration,narrowed,
glyph/12/0/0/7/0,occupied,False,1,"{""too_thin"": 1}",ADJUDICATE,adjudicate_duration,narrowed,
glyph/12/0/0/7/3,no_stem,,1,"{""too_thin"": 1}",ADJUDICATE,adjudicate_duration,narrowed,
glyph/12/0/0/9/2,clean,False,1,"{""too_thin"": 2}",EVALUATE,reconcile_duration,decided,0
glyph/12/0/0/10/3,clean,False,0,"{""too_thin"": 3}",ADJUDICATE,adjudicate_duration,narrowed,
glyph/12/0/1/1/1,occupied,False,1,{},ADJUDICATE,adjudicate_duration,narrowed,
glyph/12/0/1/1/2,occupied,False,1,{},ADJUDICATE,adjudicate_duration,narrowed,
glyph/12/0/1/7/1,no_stem,,1,"{""too_thin"": 1}",EVALUATE,reconcile_duration,decided,0
glyph/12/0/2/0/2,occupied,False,1,{},ADJUDICATE,adjudicate_duration,narrowed,
glyph/12/0/2/0/3,clean,False,1,{},ADJUDICATE,adjudicate_duration,narrowed,
glyph/12/0/2/0/4,occupied,False,0,{},ADJUDICATE,adjudicate_duration,narrowed,
glyph/12/0/2/0/5,clean,False,0,{},ADJUDICATE,adjudicate_duration,narrowed,
glyph/12/0/2/9/4,no_stem,,0,"{""too_thin"": 1}",ADJUDICATE,adjudicate_duration,narrowed,
glyph/12/0/2/9/6,no_stem,,0,"{""too_thin"": 1}",ADJUDICATE,adjudicate_duration,narrowed,
glyph/12/0/3/0/3,clean,False,1,{},ADJUDICATE,adjudicate_duration,narrowed,
glyph/12/0/3/0/10,clean,False,1,{},ADJUDICATE,adjudicate_duration,narrowed,
glyph/12/0/3/4/0,clean,False,0,"{""too_thin"": 2}",ADJUDICATE,adjudicate_duration,narrowed,
glyph/12/0/3/4/4,clean,False,0,"{""too_thin"": 2}",ADJUDICATE,adjudicate_duration,narrowed,
glyph/12/0/5/1/2,no_stem,,1,"{""too_thin"": 2}",EVALUATE,reconcile_duration,decided,0
glyph/12/0/5/3/0,occupied,False,1,"{""too_thin"": 1}",ADJUDICATE,adjudicate_duration,narrowed,
glyph/12/0/5/3/1,clean,False,1,"{""too_thin"": 1}",ADJUDICATE,adjudicate_duration,narrowed,
glyph/12/0/5/3/3,clean,False,0,"{""too_thin"": 1}",ADJUDICATE,adjudicate_duration,narrowed,
glyph/12/0/5/3/5,occupied,False,1,"{""too_thin"": 1}",ADJUDICATE,adjudicate_duration,narrowed,
glyph/12/0/5/5/0,clean,False,1,"{""too_thin"": 2}",ADJUDICATE,adjudicate_duration,narrowed,
glyph/12/0/5/5/2,clean,False,1,"{""too_thin"": 2}",ADJUDICATE,adjudicate_duration,narrowed,
glyph/12/0/5/6/3,occupied,False,1,"{""too_thin"": 1}",EVALUATE,reconcile_duration,decided,0
glyph/12/0/5/7/1,clean,True,1,"{""too_thin"": 3}",ADJUDICATE,adjudicate_duration,narrowed,
glyph/12/0/5/7/2,clean,True,1,"{""too_thin"": 3}",ADJUDICATE,adjudicate_duration,narrowed,
glyph/12/0/5/9/0,clean,False,1,"{""too_thin"": 1}",ADJUDICATE,adjudicate_duration,narrowed,
glyph/12/0/7/1/1,clean,False,1,{},ADJUDICATE,adjudicate_duration,narrowed,
glyph/12/0/7/1/3,clean,False,1,{},ADJUDICATE,adjudicate_duration,narrowed,
glyph/12/0/7/5/0,clean,False,0,"{""too_thin"": 1}",ADJUDICATE,adjudicate_duration,narrowed,
glyph/12/0/7/5/4,clean,False,0,"{""too_thin"": 1}",ADJUDICATE,adjudicate_duration,narrowed,
glyph/12/0/7/9/0,clean,False,0,"{""too_thin"": 1}",EVALUATE,reconcile_duration,decided,0
glyph/12/0/8/0/1,clean,False,0,{},EVALUATE,reconcile_duration,decided,0
glyph/12/0/9/1/9,no_stem,,0,{},EVALUATE,reconcile_duration,decided,1
glyph/12/0/9/5/1,occupied,False,0,"{""too_thin"": 1}",EVALUATE,share_stem_value,decided,0
glyph/12/0/10/1/3,occupied,True,0,"{""too_thin"": 1}",EVALUATE,share_stem_value,decided,0
glyph/12/0/10/1/5,occupied,True,0,"{""too_thin"": 1}",EVALUATE,share_stem_value,decided,0
glyph/12/0/10/7/5,occupied,False,0,"{""too_thin"": 1}",EVALUATE,share_stem_value,decided,0
glyph/12/0/11/6/5,occupied,False,0,"{""too_thin"": 1}",EVALUATE,share_stem_value,decided,0
glyph/12/0/11/12/2,clean,True,0,"{""one_stem"": 1}",ADJUDICATE,adjudicate_duration,narrowed,
glyph/12/0/11/12/9,no_stem,,0,"{""one_stem"": 1}",ADJUDICATE,adjudicate_duration,narrowed,
glyph/12/0/12/3/0,clean,True,0,"{""not_straight"": 1, ""too_thin"": 1}",ADJUDICATE,adjudicate_duration,narrowed,
glyph/12/0/12/3/1,clean,True,1,"{""not_straight"": 1, ""too_thin"": 1}",ADJUDICATE,adjudicate_duration,narrowed,
glyph/12/0/12/4/2,clean,False,1,{},ADJUDICATE,adjudicate_duration,narrowed,
glyph/12/0/12/4/6,clean,False,1,{},ADJUDICATE,adjudicate_duration,narrowed,
glyph/12/0/12/5/1,clean,True,1,"{""too_thin"": 2}",ADJUDICATE,adjudicate_duration,narrowed,
glyph/12/0/12/5/2,clean,True,1,"{""too_thin"": 2}",ADJUDICATE,adjudicate_duration,narrowed,
glyph/12/0/12/7/0,clean,True,1,"{""too_thin"": 1}",ADJUDICATE,adjudicate_duration,narrowed,
glyph/12/0/12/7/1,clean,True,1,"{""too_thin"": 1}",ADJUDICATE,adjudicate_duration,narrowed,
glyph/12/0/12/8/1,clean,False,1,{},ADJUDICATE,adjudicate_duration,narrowed,
glyph/12/0/12/8/2,clean,False,1,{},ADJUDICATE,adjudicate_duration,narrowed,
glyph/12/0/13/3/0,clean,True,1,"{""not_straight"": 1}",ADJUDICATE,adjudicate_duration,narrowed,
glyph/12/0/13/3/1,clean,True,0,"{""not_straight"": 1}",ADJUDICATE,adjudicate_duration,narrowed,
glyph/12/0/13/7/0,clean,True,1,"{""too_thin"": 1}",ADJUDICATE,adjudicate_duration,narrowed,
glyph/12/0/13/7/1,clean,True,1,"{""too_thin"": 1}",ADJUDICATE,adjudicate_duration,narrowed,
glyph/12/0/13/8/4,clean,False,0,"{""too_thin"": 1}",EVALUATE,reconcile_duration,decided,0
glyph/12/1/0/1/2,no_stem,,1,"{""too_thin"": 1}",ADJUDICATE,adjudicate_duration,narrowed,
glyph/12/1/0/1/10,no_stem,,1,"{""too_thin"": 2}",ADJUDICATE,adjudicate_duration,narrowed,
glyph/12/1/0/2/3,no_stem,,1,{},ADJUDICATE,adjudicate_duration,narrowed,
glyph/12/1/0/2/4,no_stem,,0,{},ADJUDICATE,adjudicate_duration,narrowed,
glyph/12/1/0/3/0,no_stem,,1,"{""too_thin"": 2}",ADJUDICATE,adjudicate_duration,narrowed,
glyph/12/1/0/3/7,no_stem,,1,"{""too_thin"": 3}",ADJUDICATE,adjudicate_duration,narrowed,
glyph/12/1/0/9/7,no_stem,,1,"{""too_thin"": 3}",ADJUDICATE,adjudicate_duration,narrowed,
glyph/12/1/0/9/9,no_stem,,1,"{""too_thin"": 3}",ADJUDICATE,adjudicate_duration,narrowed,
glyph/12/1/0/9/11,no_stem,,1,"{""too_thin"": 4}",ADJUDICATE,adjudicate_duration,narrowed,
glyph/12/1/0/9/12,no_stem,,1,"{""too_thin"": 4}",ADJUDICATE,adjudicate_duration,narrowed,
glyph/12/1/1/2/0,clean,False,0,{},ADJUDICATE,adjudicate_duration,narrowed,
glyph/12/1/1/2/2,clean,False,1,{},ADJUDICATE,adjudicate_duration,narrowed,
glyph/12/1/1/2/3,clean,False,0,{},ADJUDICATE,adjudicate_duration,narrowed,
glyph/12/1/1/2/5,clean,False,1,{},ADJUDICATE,adjudicate_duration,narrowed,
glyph/12/1/1/3/0,clean,True,1,"{""too_thin"": 2}",ADJUDICATE,adjudicate_duration,narrowed,
glyph/12/1/1/3/2,clean,True,1,"{""too_thin"": 2}",ADJUDICATE,adjudicate_duration,narrowed,
glyph/12/1/2/1/14,no_stem,,1,"{""too_thin"": 2}",ADJUDICATE,adjudicate_duration,narrowed,
glyph/12/1/2/1/15,no_stem,,1,"{""too_thin"": 2}",ADJUDICATE,adjudicate_duration,narrowed,
glyph/12/1/2/3/1,no_stem,,1,"{""too_thin"": 2}",ADJUDICATE,adjudicate_duration,narrowed,
glyph/12/1/2/3/6,no_stem,,1,"{""too_thin"": 2}",ADJUDICATE,adjudicate_duration,narrowed,
glyph/12/1/2/7/4,clean,True,1,"{""too_thin"": 1}",EVALUATE,reconcile_duration,decided,0
glyph/12/1/2/9/8,no_stem,,1,"{""too_thin"": 1}",ADJUDICATE,adjudicate_duration,narrowed,
glyph/12/1/2/9/13,no_stem,,1,"{""too_thin"": 1}",ADJUDICATE,adjudicate_duration,narrowed,
glyph/12/1/3/0/3,no_stem,,1,{},ADJUDICATE,adjudicate_duration,narrowed,
glyph/12/1/3/0/5,clean,False,0,{},ADJUDICATE,adjudicate_duration,narrowed,
glyph/12/1/3/0/6,clean,False,0,{},ADJUDICATE,adjudicate_duration,narrowed,
glyph/12/1/3/1/1,no_stem,,1,{},ADJUDICATE,adjudicate_duration,narrowed,
glyph/12/1/3/1/6,no_stem,,1,{},ADJUDICATE,adjudicate_duration,narrowed,
glyph/12/1/3/1/9,no_stem,,1,"{""too_thin"": 1}",ADJUDICATE,adjudicate_duration,narrowed,
glyph/12/1/3/2/1,no_stem,,1,{},ADJUDICATE,adjudicate_duration,narrowed,
glyph/12/1/3/2/2,no_stem,,0,{},ADJUDICATE,adjudicate_duration,narrowed,
glyph/12/1/3/3/0,no_stem,,1,{},ADJUDICATE,adjudicate_duration,narrowed,
glyph/12/1/3/3/4,no_stem,,1,"{""too_thin"": 1}",ADJUDICATE,adjudicate_duration,narrowed,
glyph/12/1/3/9/1,no_stem,,1,"{""too_thin"": 2}",ADJUDICATE,adjudicate_duration,narrowed,
glyph/12/1/3/9/3,no_stem,,1,"{""too_thin"": 2}",ADJUDICATE,adjudicate_duration,narrowed,
glyph/12/1/3/9/8,no_stem,,1,"{""too_thin"": 3}",ADJUDICATE,adjudicate_duration,narrowed,
glyph/12/1/3/9/10,no_stem,,1,"{""too_thin"": 3}",ADJUDICATE,adjudicate_duration,narrowed,
glyph/12/1/6/0/4,clean,False,0,{},ADJUDICATE,adjudicate_duration,narrowed,
glyph/12/1/6/0/5,clean,False,0,{},ADJUDICATE,adjudicate_duration,narrowed,
glyph/12/1/6/2/2,clean,False,0,{},ADJUDICATE,adjudicate_duration,narrowed,
glyph/12/1/6/2/3,clean,False,0,{},ADJUDICATE,adjudicate_duration,narrowed,
glyph/12/1/6/4/0,clean,False,1,{},ADJUDICATE,adjudicate_duration,narrowed,
glyph/12/1/6/4/10,clean,False,1,{},ADJUDICATE,adjudicate_duration,narrowed,
glyph/12/1/6/7/1,no_stem,,0,{},ADJUDICATE,adjudicate_duration,narrowed,
glyph/12/1/6/7/2,no_stem,,0,{},ADJUDICATE,adjudicate_duration,narrowed,
glyph/12/1/6/7/3,no_stem,,1,{},ADJUDICATE,adjudicate_duration,narrowed,
glyph/12/1/6/7/6,no_stem,,0,{},ADJUDICATE,adjudicate_duration,narrowed,
glyph/12/1/6/8/2,no_stem,,0,{},EVALUATE,reconcile_duration,decided,0
glyph/12/1/9/3/5,clean,False,1,"{""too_thin"": 1}",EVALUATE,reconcile_duration,decided,0
glyph/12/1/9/4/3,clean,True,1,"{""too_thin"": 3}",ADJUDICATE,adjudicate_duration,narrowed,
glyph/12/1/9/4/7,clean,True,1,"{""too_thin"": 3}",ADJUDICATE,adjudicate_duration,narrowed,
glyph/12/1/10/3/0,clean,False,1,"{""too_thin"": 1}",EVALUATE,reconcile_duration,decided,0
glyph/12/1/11/7/3,clean,True,1,"{""too_thin"": 1}",EVALUATE,reconcile_duration,decided,0
glyph/12/1/11/9/6,no_stem,,1,"{""too_thin"": 1}",EVALUATE,reconcile_duration,decided,0
glyph/12/1/12/4/3,clean,False,1,{},ADJUDICATE,adjudicate_duration,narrowed,
glyph/12/1/12/4/5,clean,False,1,{},ADJUDICATE,adjudicate_duration,narrowed,
glyph/13/0/0/0/2,no_stem,,1,{},ADJUDICATE,adjudicate_duration,narrowed,
glyph/13/0/0/0/5,no_stem,,0,{},ADJUDICATE,adjudicate_duration,narrowed,
glyph/13/0/0/1/1,no_stem,,0,{},ADJUDICATE,adjudicate_duration,narrowed,
glyph/13/0/0/1/4,clean,False,1,{},ADJUDICATE,adjudicate_duration,narrowed,
glyph/13/0/0/1/25,occupied,False,0,{},ADJUDICATE,adjudicate_duration,narrowed,
glyph/13/0/0/7/1,no_stem,,1,{},ADJUDICATE,adjudicate_duration,narrowed,
glyph/13/0/0/7/3,no_stem,,1,"{""too_thin"": 1}",ADJUDICATE,adjudicate_duration,narrowed,
glyph/13/0/0/8/1,no_stem,,1,"{""too_thin"": 3}",ADJUDICATE,adjudicate_duration,narrowed,
glyph/13/0/0/8/7,no_stem,,0,"{""no_stem_at_ends"": 1, ""too_thin"": 3}",ADJUDICATE,adjudicate_duration,narrowed,
glyph/13/0/0/8/8,no_stem,,1,"{""no_stem_at_ends"": 1, ""too_thin"": 3}",ADJUDICATE,adjudicate_duration,narrowed,
glyph/13/0/0/8/10,no_stem,,1,"{""too_thin"": 3}",ADJUDICATE,adjudicate_duration,narrowed,
glyph/13/0/0/8/17,no_stem,,0,"{""no_stem_at_ends"": 1, ""too_thin"": 3}",ADJUDICATE,adjudicate_duration,narrowed,
glyph/13/0/0/9/4,no_stem,,1,"{""through_heads"": 2, ""too_thin"": 2}",ADJUDICATE,adjudicate_duration,narrowed,
glyph/13/0/0/9/5,no_stem,,0,"{""through_heads"": 2, ""too_thin"": 2}",ADJUDICATE,adjudicate_duration,narrowed,
glyph/13/0/1/0/1,clean,False,0,{},ADJUDICATE,adjudicate_duration,narrowed,
glyph/13/0/1/0/6,clean,False,1,{},ADJUDICATE,adjudicate_duration,narrowed,
glyph/13/0/1/0/9,clean,False,1,{},ADJUDICATE,adjudicate_duration,narrowed,
glyph/13/0/1/0/10,clean,False,0,{},ADJUDICATE,adjudicate_duration,narrowed,
glyph/13/0/1/1/1,clean,False,0,"{""too_thin"": 2}",ADJUDICATE,adjudicate_duration,narrowed,
glyph/13/0/1/1/2,clean,False,0,"{""too_thin"": 2}",ADJUDICATE,adjudicate_duration,narrowed,
glyph/13/0/1/1/3,occupied,False,1,"{""too_thin"": 2}",ADJUDICATE,adjudicate_duration,narrowed,
glyph/13/0/1/1/8,occupied,False,0,"{""too_thin"": 2}",ADJUDICATE,adjudicate_duration,narrowed,
glyph/13/0/1/7/6,no_stem,,1,"{""too_thin"": 2}",ADJUDICATE,adjudicate_duration,narrowed,
glyph/13/0/1/7/8,no_stem,,1,"{""too_thin"": 2}",ADJUDICATE,adjudicate_duration,narrowed,
glyph/13/0/1/9/5,no_stem,,0,"{""too_thin"": 1}",ADJUDICATE,adjudicate_duration,narrowed,
glyph/13/0/1/9/8,no_stem,,0,"{""too_thin"": 1}",ADJUDICATE,adjudicate_duration,narrowed,
glyph/13/0/2/2/4,occupied,False,1,"{""too_thin"": 1}",ADJUDICATE,adjudicate_duration,narrowed,
glyph/13/0/2/2/5,occupied,False,1,"{""too_thin"": 1}",ADJUDICATE,adjudicate_duration,narrowed,
glyph/13/0/2/2/8,no_stem,,1,"{""too_thin"": 1}",ADJUDICATE,adjudicate_duration,narrowed,
glyph/13/0/2/2/10,no_stem,,1,"{""too_thin"": 1}",ADJUDICATE,adjudicate_duration,narrowed,
glyph/13/0/2/3/0,no_stem,,1,"{""too_thin"": 1}",ADJUDICATE,adjudicate_duration,narrowed,
glyph/13/0/2/3/1,no_stem,,1,{},ADJUDICATE,adjudicate_duration,narrowed,
glyph/13/0/2/3/7,no_stem,,0,"{""too_thin"": 1}",ADJUDICATE,adjudicate_duration,narrowed,
glyph/13/0/2/3/8,no_stem,,0,"{""too_thin"": 1}",ADJUDICATE,adjudicate_duration,narrowed,
glyph/13/0/2/7/3,no_stem,,1,"{""too_thin"": 2}",ADJUDICATE,adjudicate_duration,narrowed,
glyph/13/0/2/7/5,no_stem,,1,"{""too_thin"": 1}",ADJUDICATE,adjudicate_duration,narrowed,
glyph/13/0/2/8/0,no_stem,,1,"{""too_thin"": 1}",ADJUDICATE,adjudicate_duration,narrowed,
glyph/13/0/2/8/4,no_stem,,1,"{""too_thin"": 1}",ADJUDICATE,adjudicate_duration,narrowed,
glyph/13/0/2/8/5,no_stem,,1,"{""too_thin"": 1}",ADJUDICATE,adjudicate_duration,narrowed,
glyph/13/0/2/8/7,no_stem,,0,"{""too_thin"": 1}",ADJUDICATE,adjudicate_duration,narrowed,
glyph/13/0/2/9/1,no_stem,,1,"{""one_stem"": 1}",ADJUDICATE,adjudicate_duration,narrowed,
glyph/13/0/2/9/7,no_stem,,1,"{""one_stem"": 1}",ADJUDICATE,adjudicate_duration,narrowed,
glyph/13/0/3/1/2,no_stem,,0,{},EVALUATE,reconcile_duration,decided,0
glyph/13/0/3/3/0,clean,True,0,"{""not_straight"": 1}",ADJUDICATE,adjudicate_duration,narrowed,
glyph/13/0/3/3/5,clean,True,0,"{""not_straight"": 1}",ADJUDICATE,adjudicate_duration,narrowed,
glyph/13/0/3/7/2,no_stem,,1,"{""too_thin"": 1}",EVALUATE,reconcile_duration,decided,0
glyph/13/0/3/8/2,no_stem,,1,"{""too_thin"": 1}",EVALUATE,reconcile_duration,decided,0
glyph/13/0/3/9/0,clean,True,1,"{""too_thin"": 2}",ADJUDICATE,adjudicate_duration,narrowed,
glyph/13/0/3/9/3,clean,True,0,"{""too_thin"": 1}",ADJUDICATE,adjudicate_duration,narrowed,
glyph/13/0/4/3/1,clean,True,0,"{""too_thin"": 1}",ADJUDICATE,adjudicate_duration,narrowed,
glyph/13/0/4/3/7,clean,True,1,"{""too_thin"": 1}",ADJUDICATE,adjudicate_duration,narrowed,
glyph/13/0/4/7/3,no_stem,,1,{},EVALUATE,reconcile_duration,decided,0
glyph/13/0/4/9/4,clean,True,0,"{""too_thin"": 1}",EVALUATE,reconcile_duration,decided,0
glyph/13/0/6/0/2,clean,False,0,{},ADJUDICATE,adjudicate_duration,narrowed,
glyph/13/0/6/0/3,occupied,False,1,{},ADJUDICATE,adjudicate_duration,narrowed,
glyph/13/0/6/0/5,occupied,False,0,{},ADJUDICATE,adjudicate_duration,narrowed,
glyph/13/0/6/0/7,clean,False,0,{},ADJUDICATE,adjudicate_duration,narrowed,
glyph/13/0/6/1/0,clean,True,0,"{""too_thin"": 1}",ADJUDICATE,adjudicate_duration,narrowed,
glyph/13/0/6/1/3,clean,True,0,"{""too_thin"": 1}",ADJUDICATE,adjudicate_duration,narrowed,
glyph/13/0/6/1/4,clean,False,1,{},ADJUDICATE,adjudicate_duration,narrowed,
glyph/13/0/9/2/1,clean,False,0,"{""too_thin"": 2}",EVALUATE,reconcile_duration,decided,0
glyph/13/0/9/3/2,no_stem,,1,{},EVALUATE,reconcile_duration,decided,0
glyph/13/0/9/4/0,no_stem,,1,{},ADJUDICATE,adjudicate_duration,narrowed,
glyph/13/0/9/4/1,no_stem,,1,{},ADJUDICATE,adjudicate_duration,narrowed,
glyph/13/0/9/9/5,no_stem,,1,{},ADJUDICATE,adjudicate_duration,narrowed,
glyph/13/0/10/5/3,no_stem,,0,"{""too_thin"": 1}",ADJUDICATE,adjudicate_duration,narrowed,
glyph/13/0/10/5/5,no_stem,,1,"{""too_thin"": 1}",ADJUDICATE,adjudicate_duration,narrowed,
glyph/13/0/10/7/1,clean,False,1,{},ADJUDICATE,adjudicate_duration,narrowed,
glyph/13/0/10/7/6,clean,False,0,{},ADJUDICATE,adjudicate_duration,narrowed,
glyph/13/0/10/11/1,no_stem,,0,"{""too_thin"": 1}",ADJUDICATE,adjudicate_duration,narrowed,
glyph/13/0/10/11/2,no_stem,,1,{},ADJUDICATE,adjudicate_duration,narrowed,
glyph/13/0/10/11/5,no_stem,,1,"{""too_thin"": 1}",ADJUDICATE,adjudicate_duration,narrowed,
glyph/13/0/10/11/10,no_stem,,0,"{""too_thin"": 1}",ADJUDICATE,adjudicate_duration,narrowed,
glyph/13/0/11/4/1,no_stem,,1,"{""too_thin"": 1}",ADJUDICATE,adjudicate_duration,narrowed,
glyph/13/0/11/4/3,clean,False,1,"{""too_thin"": 1}",ADJUDICATE,adjudicate_duration,narrowed,
glyph/13/0/11/6/2,clean,False,1,"{""through_heads"": 1}",EVALUATE,reconcile_duration,decided,0
glyph/13/0/13/10/0,clean,False,1,"{""too_thin"": 1}",ADJUDICATE,adjudicate_duration,narrowed,
glyph/13/0/13/10/1,no_stem,,1,"{""too_thin"": 1}",ADJUDICATE,adjudicate_duration,narrowed,
glyph/13/1/0/1/2,no_stem,,1,"{""too_thin"": 2}",ADJUDICATE,adjudicate_duration,narrowed,
glyph/13/1/0/2/4,no_stem,,1,"{""too_thin"": 3}",ADJUDICATE,adjudicate_duration,narrowed,
glyph/13/1/0/2/7,no_stem,,0,"{""too_thin"": 3}",ADJUDICATE,adjudicate_duration,narrowed,
glyph/13/1/0/3/1,no_stem,,1,"{""too_thin"": 5}",ADJUDICATE,adjudicate_duration,narrowed,
glyph/13/1/0/4/4,no_stem,,1,"{""not_straight"": 1, ""too_thin"": 3}",ADJUDICATE,adjudicate_duration,narrowed,
glyph/13/1/0/4/9,no_stem,,0,"{""not_straight"": 1, ""too_thin"": 3}",ADJUDICATE,adjudicate_duration,narrowed,
glyph/13/1/0/4/13,no_stem,,0,"{""not_straight"": 1, ""too_thin"": 4}",ADJUDICATE,adjudicate_duration,narrowed,
glyph/13/1/0/4/14,no_stem,,1,"{""not_straight"": 1, ""too_thin"": 4}",ADJUDICATE,adjudicate_duration,narrowed,
glyph/13/1/0/5/3,no_stem,,1,"{""too_thin"": 4}",ADJUDICATE,adjudicate_duration,narrowed,
glyph/13/1/0/6/4,no_stem,,1,"{""too_thin"": 7}",ADJUDICATE,adjudicate_duration,narrowed,
glyph/13/1/0/6/10,no_stem,,1,"{""too_thin"": 7}",ADJUDICATE,adjudicate_duration,narrowed,
glyph/13/1/0/6/13,no_stem,,1,"{""too_thin"": 8}",ADJUDICATE,adjudicate_duration,narrowed,
glyph/13/1/0/6/20,no_stem,,1,"{""too_thin"": 8}",ADJUDICATE,adjudicate_duration,narrowed,
glyph/13/1/0/7/2,no_stem,,1,"{""too_thin"": 3}",ADJUDICATE,adjudicate_duration,narrowed,
glyph/13/1/0/7/6,no_stem,,0,"{""too_thin"": 3}",ADJUDICATE,adjudicate_duration,narrowed,
glyph/13/1/0/7/12,no_stem,,0,"{""too_thin"": 3}",ADJUDICATE,adjudicate_duration,narrowed,
glyph/13/1/0/7/15,no_stem,,1,"{""too_thin"": 3}",ADJUDICATE,adjudicate_duration,narrowed,
glyph/13/1/0/8/2,clean,False,1,"{""too_thin"": 2}",ADJUDICATE,adjudicate_duration,narrowed,
glyph/13/1/0/8/5,no_stem,,1,"{""too_thin"": 2}",ADJUDICATE,adjudicate_duration,narrowed,
glyph/13/1/0/8/10,no_stem,,1,"{""too_thin"": 3}",ADJUDICATE,adjudicate_duration,narrowed,
glyph/13/1/0/8/14,clean,False,1,"{""too_thin"": 2}",ADJUDICATE,adjudicate_duration,narrowed,
glyph/13/1/0/9/1,no_stem,,0,"{""too_thin"": 4}",ADJUDICATE,adjudicate_duration,narrowed,
glyph/13/1/0/9/3,clean,True,1,"{""too_thin"": 4}",ADJUDICATE,adjudicate_duration,narrowed,
glyph/13/1/0/9/8,no_stem,,0,"{""too_thin"": 4}",ADJUDICATE,adjudicate_duration,narrowed,
glyph/13/1/0/9/15,clean,True,1,"{""too_thin"": 4}",ADJUDICATE,adjudicate_duration,narrowed,
glyph/13/1/1/1/3,no_stem,,1,"{""too_thin"": 2}",ADJUDICATE,adjudicate_duration,narrowed,
glyph/13/1/1/1/10,no_stem,,1,"{""too_thin"": 3}",ADJUDICATE,adjudicate_duration,narrowed,
glyph/13/1/1/2/1,no_stem,,0,"{""too_thin"": 1}",ADJUDICATE,adjudicate_duration,narrowed,
glyph/13/1/1/2/6,no_stem,,1,"{""too_thin"": 2}",ADJUDICATE,adjudicate_duration,narrowed,
glyph/13/1/1/2/7,no_stem,,1,"{""too_thin"": 1}",ADJUDICATE,adjudicate_duration,narrowed,
glyph/13/1/1/2/10,no_stem,,0,"{""too_thin"": 2}",ADJUDICATE,adjudicate_duration,narrowed,
glyph/13/1/1/3/0,no_stem,,1,"{""too_thin"": 2}",ADJUDICATE,adjudicate_duration,narrowed,
glyph/13/1/1/3/12,no_stem,,1,"{""too_thin"": 6}",ADJUDICATE,adjudicate_duration,narrowed,
glyph/13/1/1/4/0,no_stem,,0,"{""too_thin"": 4}",ADJUDICATE,adjudicate_duration,narrowed,
glyph/13/1/1/4/3,no_stem,,1,"{""too_thin"": 6}",ADJUDICATE,adjudicate_duration,narrowed,
glyph/13/1/1/4/6,no_stem,,1,"{""too_thin"": 4}",ADJUDICATE,adjudicate_duration,narrowed,
glyph/13/1/1/4/11,no_stem,,0,"{""too_thin"": 6}",ADJUDICATE,adjudicate_duration,narrowed,
glyph/13/1/1/5/7,no_stem,,1,"{""too_thin"": 4}",ADJUDICATE,adjudicate_duration,narrowed,
glyph/13/1/1/5/13,no_stem,,1,"{""too_thin"": 7}",ADJUDICATE,adjudicate_duration,narrowed,
glyph/13/1/1/6/1,no_stem,,1,"{""too_thin"": 2}",ADJUDICATE,adjudicate_duration,narrowed,
glyph/13/1/1/6/4,clean,False,1,"{""too_thin"": 2}",ADJUDICATE,adjudicate_duration,narrowed,
glyph/13/1/1/6/6,clean,False,1,"{""too_thin"": 2}",ADJUDICATE,adjudicate_duration,narrowed,
glyph/13/1/1/6/11,no_stem,,1,"{""too_thin"": 6}",ADJUDICATE,adjudicate_duration,narrowed,
glyph/13/1/1/7/2,clean,False,1,"{""too_thin"": 1}",ADJUDICATE,adjudicate_duration,narrowed,
glyph/13/1/1/7/4,clean,False,1,"{""too_thin"": 1}",ADJUDICATE,adjudicate_duration,narrowed,
glyph/13/1/1/7/8,no_stem,,0,"{""too_thin"": 1}",ADJUDICATE,adjudicate_duration,narrowed,
glyph/13/1/1/7/11,no_stem,,0,"{""too_thin"": 2}",ADJUDICATE,adjudicate_duration,narrowed,
glyph/13/1/1/8/2,no_stem,,1,"{""too_thin"": 2}",ADJUDICATE,adjudicate_duration,narrowed,
glyph/13/1/1/8/3,clean,False,1,"{""too_thin"": 2}",ADJUDICATE,adjudicate_duration,narrowed,
glyph/13/1/1/8/6,clean,False,1,"{""too_thin"": 2}",ADJUDICATE,adjudicate_duration,narrowed,
glyph/13/1/1/8/18,no_stem,,1,"{""too_thin"": 3}",ADJUDICATE,adjudicate_duration,narrowed,
glyph/13/1/1/9/0,clean,False,1,"{""too_thin"": 1}",ADJUDICATE,adjudicate_duration,narrowed,
glyph/13/1/1/9/1,no_stem,,0,"{""too_thin"": 1}",ADJUDICATE,adjudicate_duration,narrowed,
glyph/13/1/1/9/4,clean,False,1,"{""too_thin"": 1}",ADJUDICATE,adjudicate_duration,narrowed,
glyph/13/1/1/9/11,no_stem,,0,"{""too_thin"": 3}",ADJUDICATE,adjudicate_duration,narrowed,
glyph/13/1/2/1/5,occupied,True,1,"{""too_thin"": 5}",ADJUDICATE,adjudicate_duration,narrowed,
glyph/13/1/2/1/12,occupied,True,1,"{""too_thin"": 5}",ADJUDICATE,adjudicate_duration,narrowed,
glyph/13/1/2/2/0,no_stem,,1,"{""too_thin"": 5}",ADJUDICATE,adjudicate_duration,narrowed,
glyph/13/1/2/2/1,occupied,True,0,"{""too_thin"": 2}",ADJUDICATE,adjudicate_duration,narrowed,
glyph/13/1/2/2/7,no_stem,,1,"{""too_thin"": 2}",ADJUDICATE,adjudicate_duration,narrowed,
glyph/13/1/2/2/8,occupied,True,0,"{""too_thin"": 2}",ADJUDICATE,adjudicate_duration,narrowed,
glyph/13/1/2/3/0,clean,True,1,"{""too_thin"": 3}",ADJUDICATE,adjudicate_duration,narrowed,
glyph/13/1/2/3/10,clean,True,1,"{""too_thin"": 3}",ADJUDICATE,adjudicate_duration,narrowed,
glyph/13/1/2/4/0,no_stem,,1,{},ADJUDICATE,adjudicate_duration,narrowed,
glyph/13/1/2/4/3,no_stem,,0,"{""too_thin"": 1}",ADJUDICATE,adjudicate_duration,narrowed,
glyph/13/1/2/5/2,clean,True,1,"{""too_thin"": 3}",ADJUDICATE,adjudicate_duration,narrowed,
glyph/13/1/2/5/12,clean,True,1,"{""too_thin"": 3}",ADJUDICATE,adjudicate_duration,narrowed,
glyph/13/1/2/6/0,occupied,True,1,"{""too_thin"": 2}",ADJUDICATE,adjudicate_duration,narrowed,
glyph/13/1/2/6/1,clean,True,1,"{""too_thin"": 2}",ADJUDICATE,adjudicate_duration,narrowed,
glyph/13/1/2/6/5,occupied,True,1,"{""too_thin"": 2}",ADJUDICATE,adjudicate_duration,narrowed,
glyph/13/1/2/6/18,clean,True,1,"{""too_thin"": 2}",ADJUDICATE,adjudicate_duration,narrowed,
glyph/13/1/2/7/1,occupied,True,1,"{""too_thin"": 2}",ADJUDICATE,adjudicate_duration,narrowed,
glyph/13/1/2/7/5,occupied,True,1,"{""too_thin"": 2}",ADJUDICATE,adjudicate_duration,narrowed,
glyph/13/1/2/7/7,no_stem,,1,"{""too_thin"": 2}",ADJUDICATE,adjudicate_duration,narrowed,
glyph/13/1/2/8/0,clean,False,1,"{""too_thin"": 2}",ADJUDICATE,adjudicate_duration,narrowed,
glyph/13/1/2/8/2,occupied,True,1,"{""too_thin"": 2}",ADJUDICATE,adjudicate_duration,narrowed,
glyph/13/1/2/8/6,clean,False,1,"{""too_thin"": 2}",ADJUDICATE,adjudicate_duration,narrowed,
glyph/13/1/2/8/7,occupied,True,1,"{""too_thin"": 2}",ADJUDICATE,adjudicate_duration,narrowed,
glyph/13/1/2/9/0,clean,True,0,"{""too_thin"": 2}",ADJUDICATE,adjudicate_duration,narrowed,
glyph/13/1/2/9/1,no_stem,,1,"{""too_thin"": 2}",ADJUDICATE,adjudicate_duration,narrowed,
glyph/13/1/2/9/3,clean,True,0,"{""too_thin"": 2}",ADJUDICATE,adjudicate_duration,narrowed,
glyph/13/1/2/9/7,no_stem,,1,"{""too_thin"": 4}",ADJUDICATE,adjudicate_duration,narrowed,
glyph/13/1/3/1/2,occupied,True,1,"{""too_thin"": 3}",ADJUDICATE,adjudicate_duration,narrowed,
glyph/13/1/3/1/7,occupied,True,1,"{""too_thin"": 3}",ADJUDICATE,adjudicate_duration,narrowed,
glyph/13/1/3/2/1,occupied,True,0,"{""too_thin"": 2}",ADJUDICATE,adjudicate_duration,narrowed,
glyph/13/1/3/2/7,occupied,True,0,"{""too_thin"": 2}",ADJUDICATE,adjudicate_duration,narrowed,
glyph/13/1/3/3/0,occupied,True,1,"{""too_thin"": 2}",ADJUDICATE,adjudicate_duration,narrowed,
glyph/13/1/3/3/6,occupied,True,1,"{""too_thin"": 2}",ADJUDICATE,adjudicate_duration,narrowed,
glyph/13/1/3/4/0,clean,True,0,"{""too_thin"": 2}",ADJUDICATE,adjudicate_duration,narrowed,
glyph/13/1/3/4/8,clean,True,0,"{""too_thin"": 2}",ADJUDICATE,adjudicate_duration,narrowed,
glyph/13/1/3/5/2,occupied,True,1,"{""too_thin"": 3}",ADJUDICATE,adjudicate_duration,narrowed,
glyph/13/1/3/5/8,occupied,True,1,"{""too_thin"": 3}",ADJUDICATE,adjudicate_duration,narrowed,
glyph/13/1/3/6/4,clean,True,1,"{""too_thin"": 2}",ADJUDICATE,adjudicate_duration,narrowed,
glyph/13/1/3/7/0,occupied,True,0,"{""too_thin"": 2}",ADJUDICATE,adjudicate_duration,narrowed,
glyph/13/1/3/7/9,occupied,True,0,"{""too_thin"": 2}",ADJUDICATE,adjudicate_duration,narrowed,
glyph/13/1/3/8/1,clean,False,1,"{""too_thin"": 2}",ADJUDICATE,adjudicate_duration,narrowed,
glyph/13/1/3/8/2,clean,False,1,"{""too_thin"": 2}",ADJUDICATE,adjudicate_duration,narrowed,
glyph/13/1/3/8/4,clean,False,1,"{""too_thin"": 2}",ADJUDICATE,adjudicate_duration,narrowed,
glyph/13/1/3/8/8,clean,False,1,"{""too_thin"": 2}",ADJUDICATE,adjudicate_duration,narrowed,
glyph/13/1/3/9/1,clean,False,1,"{""too_thin"": 2}",ADJUDICATE,adjudicate_duration,narrowed,
glyph/13/1/3/9/2,clean,False,0,"{""too_thin"": 2}",ADJUDICATE,adjudicate_duration,narrowed,
glyph/13/1/3/9/4,clean,False,0,"{""too_thin"": 2}",ADJUDICATE,adjudicate_duration,narrowed,
glyph/13/1/3/9/7,clean,False,0,"{""too_thin"": 2}",ADJUDICATE,adjudicate_duration,narrowed,
glyph/13/1/4/1/13,clean,False,1,"{""too_thin"": 2}",ADJUDICATE,adjudicate_duration,narrowed,
glyph/13/1/4/2/2,clean,False,1,"{""too_thin"": 2}",ADJUDICATE,adjudicate_duration,narrowed,
glyph/13/1/4/2/8,clean,False,0,"{""too_thin"": 2}",ADJUDICATE,adjudicate_duration,narrowed,
glyph/13/1/4/3/4,clean,False,1,"{""too_thin"": 2}",ADJUDICATE,adjudicate_duration,narrowed,
glyph/13/1/4/4/1,clean,False,1,"{""too_thin"": 3}",ADJUDICATE,adjudicate_duration,narrowed,
glyph/13/1/4/4/10,clean,False,0,"{""too_thin"": 3}",ADJUDICATE,adjudicate_duration,narrowed,
glyph/13/1/4/5/12,clean,False,1,"{""too_thin"": 3}",ADJUDICATE,adjudicate_duration,narrowed,
glyph/13/1/4/6/0,clean,True,1,"{""too_thin"": 4}",ADJUDICATE,adjudicate_duration,narrowed,
glyph/13/1/4/6/5,clean,True,0,"{""too_thin"": 4}",ADJUDICATE,adjudicate_duration,narrowed,
glyph/13/1/4/7/0,clean,False,1,"{""too_thin"": 3}",ADJUDICATE,adjudicate_duration,narrowed,
glyph/13/1/4/7/11,clean,False,0,"{""too_thin"": 3}",ADJUDICATE,adjudicate_duration,narrowed,
glyph/13/1/4/8/1,clean,True,1,"{""too_thin"": 2}",ADJUDICATE,adjudicate_duration,narrowed,
glyph/13/1/4/8/9,clean,True,1,"{""too_thin"": 2}",ADJUDICATE,adjudicate_duration,narrowed,
glyph/13/1/4/9/1,no_stem,,1,"{""too_thin"": 2}",ADJUDICATE,adjudicate_duration,narrowed,
glyph/13/1/5/1/3,occupied,True,1,"{""one_stem"": 1, ""too_thin"": 3}",ADJUDICATE,adjudicate_duration,narrowed,
glyph/13/1/5/1/15,occupied,True,1,"{""one_stem"": 1, ""too_thin"": 3}",ADJUDICATE,adjudicate_duration,narrowed,
glyph/13/1/5/2/2,clean,True,0,"{""too_thin"": 2}",ADJUDICATE,adjudicate_duration,narrowed,
glyph/13/1/5/2/3,clean,True,1,"{""too_thin"": 2}",ADJUDICATE,adjudicate_duration,narrowed,
glyph/13/1/5/2/5,clean,True,0,"{""too_thin"": 2}",ADJUDICATE,adjudicate_duration,narrowed,
glyph/13/1/5/2/9,clean,True,0,"{""too_thin"": 2}",ADJUDICATE,adjudicate_duration,narrowed,
glyph/13/1/5/3/0,clean,True,1,"{""too_thin"": 3}",ADJUDICATE,adjudicate_duration,narrowed,
glyph/13/1/5/3/16,clean,True,0,"{""too_thin"": 3}",ADJUDICATE,adjudicate_duration,narrowed,
glyph/13/1/5/4/1,occupied,True,1,"{""too_thin"": 1}",ADJUDICATE,adjudicate_duration,narrowed,
glyph/13/1/5/4/2,clean,True,0,"{""too_thin"": 1}",ADJUDICATE,adjudicate_duration,narrowed,
glyph/13/1/5/4/8,occupied,True,1,"{""too_thin"": 1}",ADJUDICATE,adjudicate_duration,narrowed,
glyph/13/1/5/4/15,clean,True,0,"{""too_thin"": 1}",ADJUDICATE,adjudicate_duration,narrowed,
glyph/13/1/5/5/4,clean,True,1,"{""too_thin"": 4}",ADJUDICATE,adjudicate_duration,narrowed,
glyph/13/1/5/5/10,clean,True,1,"{""too_thin"": 4}",ADJUDICATE,adjudicate_duration,narrowed,
glyph/13/1/5/6/3,occupied,False,1,"{""too_thin"": 4}",ADJUDICATE,adjudicate_duration,narrowed,
glyph/13/1/5/6/4,occupied,True,1,"{""too_thin"": 4}",ADJUDICATE,adjudicate_duration,narrowed,
glyph/13/1/5/6/12,occupied,True,1,"{""too_thin"": 4}",ADJUDICATE,adjudicate_duration,narrowed,
glyph/13/1/5/6/16,no_stem,,1,"{""too_thin"": 8}",ADJUDICATE,adjudicate_duration,narrowed,
glyph/13/1/5/7/1,clean,True,0,"{""too_thin"": 2}",ADJUDICATE,adjudicate_duration,narrowed,
glyph/13/1/5/7/2,clean,True,1,"{""too_thin"": 2}",ADJUDICATE,adjudicate_duration,narrowed,
glyph/13/1/5/7/6,clean,True,0,"{""too_thin"": 2}",ADJUDICATE,adjudicate_duration,narrowed,
glyph/13/1/5/7/20,clean,True,1,"{""too_thin"": 2}",ADJUDICATE,adjudicate_duration,narrowed,
glyph/13/1/6/10/0,occupied,False,0,"{""too_thin"": 1}",ADJUDICATE,adjudicate_duration,narrowed,
glyph/13/1/6/10/2,occupied,False,0,"{""too_thin"": 1}",ADJUDICATE,adjudicate_duration,narrowed,
glyph/13/1/6/10/3,no_stem,,1,"{""too_thin"": 1}",ADJUDICATE,adjudicate_duration,narrowed,
glyph/13/1/6/11/1,no_stem,,0,{},ADJUDICATE,adjudicate_duration,narrowed,
glyph/13/1/7/1/0,occupied,False,1,{},ADJUDICATE,adjudicate_duration,narrowed,
glyph/13/1/7/1/1,occupied,False,1,{},ADJUDICATE,adjudicate_duration,narrowed,
glyph/13/1/7/1/3,clean,False,1,{},ADJUDICATE,adjudicate_duration,narrowed,
glyph/13/1/7/1/14,clean,False,1,{},ADJUDICATE,adjudicate_duration,narrowed,
glyph/13/1/7/5/4,occupied,False,1,"{""too_thin"": 2}",ADJUDICATE,adjudicate_duration,narrowed,
glyph/13/1/7/5/8,occupied,False,1,"{""too_thin"": 2}",ADJUDICATE,adjudicate_duration,narrowed,
glyph/13/1/7/6/1,clean,False,1,"{""too_thin"": 2}",ADJUDICATE,adjudicate_duration,narrowed,
glyph/13/1/7/6/2,occupied,False,1,"{""too_thin"": 3}",ADJUDICATE,adjudicate_duration,narrowed,
glyph/13/1/7/6/8,clean,False,1,"{""too_thin"": 2}",ADJUDICATE,adjudicate_duration,narrowed,
glyph/13/1/7/6/15,occupied,False,1,"{""too_thin"": 3}",ADJUDICATE,adjudicate_duration,narrowed,
glyph/13/1/7/7/0,clean,False,0,{},ADJUDICATE,adjudicate_duration,narrowed,
glyph/13/1/7/7/1,occupied,False,1,{},ADJUDICATE,adjudicate_duration,narrowed,
glyph/13/1/7/7/2,occupied,False,1,{},ADJUDICATE,adjudicate_duration,narrowed,
glyph/13/1/7/7/8,clean,False,0,{},ADJUDICATE,adjudicate_duration,narrowed,
glyph/13/1/9/2/3,clean,False,1,{},ADJUDICATE,adjudicate_duration,narrowed,
glyph/13/1/9/3/3,clean,False,0,"{""too_thin"": 3}",ADJUDICATE,adjudicate_duration,narrowed,
glyph/13/1/9/3/6,clean,False,1,"{""too_thin"": 3}",ADJUDICATE,adjudicate_duration,narrowed,
glyph/13/1/9/4/3,clean,False,1,"{""too_thin"": 2}",ADJUDICATE,adjudicate_duration,narrowed,
glyph/13/1/9/5/2,clean,False,1,"{""too_thin"": 3}",ADJUDICATE,adjudicate_duration,narrowed,
glyph/13/1/9/5/3,clean,False,0,"{""too_thin"": 3}",ADJUDICATE,adjudicate_duration,narrowed,
glyph/13/1/9/7/3,clean,True,1,"{""too_thin"": 4}",ADJUDICATE,adjudicate_duration,narrowed,
glyph/13/1/9/8/2,clean,False,1,{},ADJUDICATE,adjudicate_duration,narrowed,
glyph/13/1/9/8/6,clean,False,1,{},ADJUDICATE,adjudicate_duration,narrowed,
glyph/13/1/9/9/4,clean,False,1,"{""too_thin"": 2}",ADJUDICATE,adjudicate_duration,narrowed,
glyph/13/1/9/9/10,clean,False,1,"{""too_thin"": 2}",ADJUDICATE,adjudicate_duration,narrowed,
glyph/13/1/9/11/2,clean,True,1,"{""too_thin"": 2}",ADJUDICATE,adjudicate_duration,narrowed,
glyph/13/1/9/11/8,clean,True,1,"{""too_thin"": 2}",ADJUDICATE,adjudicate_duration,narrowed,
glyph/13/1/10/2/0,no_stem,,1,"{""too_thin"": 3}",ADJUDICATE,adjudicate_duration,narrowed,
glyph/13/1/10/2/8,no_stem,,1,"{""too_thin"": 5}",ADJUDICATE,adjudicate_duration,narrowed,
glyph/13/1/10/3/2,no_stem,,0,"{""too_thin"": 1}",ADJUDICATE,adjudicate_duration,narrowed,
glyph/13/1/10/3/3,clean,True,1,"{""too_thin"": 1}",ADJUDICATE,adjudicate_duration,narrowed,
glyph/13/1/10/3/4,clean,True,1,"{""too_thin"": 1}",ADJUDICATE,adjudicate_duration,narrowed,
glyph/13/1/10/3/11,no_stem,,0,"{""too_thin"": 2}",ADJUDICATE,adjudicate_duration,narrowed,
glyph/13/1/10/4/0,no_stem,,1,"{""too_thin"": 3}",ADJUDICATE,adjudicate_duration,narrowed,
glyph/13/1/10/4/9,no_stem,,1,"{""too_thin"": 4}",ADJUDICATE,adjudicate_duration,narrowed,
glyph/13/1/10/5/0,clean,True,1,"{""too_thin"": 1}",ADJUDICATE,adjudicate_duration,narrowed,
glyph/13/1/10/5/3,no_stem,,0,"{""too_thin"": 1}",ADJUDICATE,adjudicate_duration,narrowed,
glyph/13/1/10/5/4,clean,True,1,"{""too_thin"": 1}",ADJUDICATE,adjudicate_duration,narrowed,
glyph/13/1/10/5/11,no_stem,,0,"{""too_thin"": 2}",ADJUDICATE,adjudicate_duration,narrowed,
glyph/13/1/10/7/3,no_stem,,1,{},ADJUDICATE,adjudicate_duration,narrowed,
glyph/13/1/10/7/9,no_stem,,1,"{""too_thin"": 2}",ADJUDICATE,adjudicate_duration,narrowed,
glyph/13/1/10/8/7,clean,True,1,"{""too_thin"": 3}",ADJUDICATE,adjudicate_duration,narrowed,
glyph/13/1/10/8/8,clean,True,1,"{""too_thin"": 3}",ADJUDICATE,adjudicate_duration,narrowed,
glyph/13/1/10/8/9,no_stem,,1,"{""too_thin"": 3}",ADJUDICATE,adjudicate_duration,narrowed,
glyph/13/1/10/8/22,no_stem,,1,"{""too_thin"": 5}",ADJUDICATE,adjudicate_duration,narrowed,
glyph/13/1/10/9/2,clean,True,1,"{""too_thin"": 2}",ADJUDICATE,adjudicate_duration,narrowed,
glyph/13/1/10/9/3,no_stem,,1,"{""too_thin"": 2}",ADJUDICATE,adjudicate_duration,narrowed,
glyph/13/1/10/9/5,clean,True,0,"{""too_thin"": 2}",ADJUDICATE,adjudicate_duration,narrowed,
glyph/13/1/10/9/17,no_stem,,1,"{""too_thin"": 4}",ADJUDICATE,adjudicate_duration,narrowed,
glyph/13/1/10/11/1,no_stem,,1,{},ADJUDICATE,adjudicate_duration,narrowed,
glyph/13/1/10/11/10,no_stem,,1,"{""too_thin"": 2}",ADJUDICATE,adjudicate_duration,narrowed,
glyph/13/1/11/2/6,no_stem,,1,"{""too_thin"": 4}",ADJUDICATE,adjudicate_duration,narrowed,
glyph/13/1/11/2/7,no_stem,,1,"{""too_thin"": 2}",ADJUDICATE,adjudicate_duration,narrowed,
glyph/13/1/11/3/0,no_stem,,0,"{""too_thin"": 3}",ADJUDICATE,adjudicate_duration,narrowed,
glyph/13/1/11/3/1,clean,True,1,"{""too_thin"": 3}",ADJUDICATE,adjudicate_duration,narrowed,
glyph/13/1/11/3/4,no_stem,,0,"{""too_thin"": 4}",ADJUDICATE,adjudicate_duration,narrowed,
glyph/13/1/11/3/7,clean,True,0,"{""too_thin"": 3}",ADJUDICATE,adjudicate_duration,narrowed,
glyph/13/1/11/4/0,no_stem,,1,"{""too_thin"": 3}",ADJUDICATE,adjudicate_duration,narrowed,
glyph/13/1/11/4/6,no_stem,,1,"{""too_thin"": 6}",ADJUDICATE,adjudicate_duration,narrowed,
glyph/13/1/11/5/1,no_stem,,0,"{""too_thin"": 2}",ADJUDICATE,adjudicate_duration,narrowed,
glyph/13/1/11/5/2,clean,True,1,"{""too_thin"": 2}",ADJUDICATE,adjudicate_duration,narrowed,
glyph/13/1/11/5/3,no_stem,,0,"{""too_thin"": 3}",ADJUDICATE,adjudicate_duration,narrowed,
glyph/13/1/11/5/8,clean,True,1,"{""too_thin"": 2}",ADJUDICATE,adjudicate_duration,narrowed,
glyph/13/1/11/7/3,no_stem,,1,"{""too_thin"": 2}",ADJUDICATE,adjudicate_duration,narrowed,
glyph/13/1/11/7/7,no_stem,,1,"{""too_thin"": 4}",ADJUDICATE,adjudicate_duration,narrowed,
glyph/13/1/11/8/2,no_stem,,1,"{""too_thin"": 3}",ADJUDICATE,adjudicate_duration,narrowed,
glyph/13/1/11/8/3,clean,True,1,"{""too_thin"": 3}",ADJUDICATE,adjudicate_duration,narrowed,
glyph/13/1/11/8/8,no_stem,,1,"{""too_thin"": 4}",ADJUDICATE,adjudicate_duration,narrowed,
glyph/13/1/11/8/9,clean,True,1,"{""too_thin"": 3}",ADJUDICATE,adjudicate_duration,narrowed,
glyph/13/1/11/9/2,no_stem,,1,"{""too_thin"": 3}",ADJUDICATE,adjudicate_duration,narrowed,
glyph/13/1/11/9/3,clean,True,1,"{""too_thin"": 2}",ADJUDICATE,adjudicate_duration,narrowed,
glyph/13/1/11/9/5,no_stem,,1,"{""too_thin"": 2}",ADJUDICATE,adjudicate_duration,narrowed,
glyph/13/1/11/9/12,clean,True,1,"{""too_thin"": 2}",ADJUDICATE,adjudicate_duration,narrowed,
glyph/13/1/12/2/3,occupied,False,1,"{""too_thin"": 3}",ADJUDICATE,adjudicate_duration,narrowed,
glyph/13/1/12/3/0,clean,False,1,"{""too_thin"": 3}",ADJUDICATE,adjudicate_duration,narrowed,
glyph/13/1/12/3/6,occupied,False,0,"{""too_thin"": 3}",ADJUDICATE,adjudicate_duration,narrowed,
glyph/13/1/12/4/4,clean,False,1,"{""too_thin"": 3}",ADJUDICATE,adjudicate_duration,narrowed,
glyph/13/1/12/5/0,occupied,False,1,"{""too_thin"": 2}",ADJUDICATE,adjudicate_duration,narrowed,
glyph/13/1/12/5/4,clean,False,0,"{""too_thin"": 2}",ADJUDICATE,adjudicate_duration,narrowed,
glyph/13/1/12/7/6,clean,False,1,"{""too_thin"": 2}",ADJUDICATE,adjudicate_duration,narrowed,
glyph/13/1/12/8/0,clean,False,1,"{""too_thin"": 2}",ADJUDICATE,adjudicate_duration,narrowed,
glyph/13/1/12/8/5,clean,False,0,"{""too_thin"": 2}",ADJUDICATE,adjudicate_duration,narrowed,
glyph/13/1/12/9/0,clean,False,1,"{""too_thin"": 2}",ADJUDICATE,adjudicate_duration,narrowed,
glyph/13/1/12/9/4,clean,False,1,"{""too_thin"": 2}",ADJUDICATE,adjudicate_duration,narrowed,
glyph/13/1/12/11/0,clean,True,1,"{""too_thin"": 2}",ADJUDICATE,adjudicate_duration,narrowed,
glyph/13/1/12/11/2,clean,True,0,"{""too_thin"": 2}",ADJUDICATE,adjudicate_duration,narrowed,
glyph/13/1/13/2/8,clean,False,1,"{""too_thin"": 3}",ADJUDICATE,adjudicate_duration,narrowed,
glyph/13/1/13/3/0,clean,True,1,"{""no_stem_at_ends"": 1, ""too_thin"": 3}",ADJUDICATE,adjudicate_duration,narrowed,
glyph/13/1/13/3/4,clean,True,0,"{""no_stem_at_ends"": 1, ""too_thin"": 3}",ADJUDICATE,adjudicate_duration,narrowed,
glyph/13/1/13/4/11,clean,False,0,"{""too_thin"": 4}",ADJUDICATE,adjudicate_duration,narrowed,
glyph/13/1/13/5/0,clean,True,1,"{""too_thin"": 5}",ADJUDICATE,adjudicate_duration,narrowed,
glyph/13/1/13/5/10,clean,True,0,"{""too_thin"": 5}",ADJUDICATE,adjudicate_duration,narrowed,
glyph/13/1/13/7/5,clean,False,1,"{""too_thin"": 3}",ADJUDICATE,adjudicate_duration,narrowed,
glyph/13/1/13/8/0,clean,False,1,"{""too_thin"": 5}",ADJUDICATE,adjudicate_duration,narrowed,
glyph/13/1/13/8/12,clean,False,0,"{""too_thin"": 5}",ADJUDICATE,adjudicate_duration,narrowed,
glyph/13/1/13/9/0,clean,False,1,"{""too_thin"": 1}",ADJUDICATE,adjudicate_duration,narrowed,
glyph/13/1/13/9/10,clean,False,1,"{""too_thin"": 1}",ADJUDICATE,adjudicate_duration,narrowed,
glyph/14/0/0/1/4,no_stem,,1,"{""too_thin"": 2}",ADJUDICATE,adjudicate_duration,narrowed,
glyph/14/0/0/1/5,no_stem,,1,"{""too_thin"": 3}",ADJUDICATE,adjudicate_duration,narrowed,
glyph/14/0/0/1/6,clean,True,1,"{""too_thin"": 2}",ADJUDICATE,adjudicate_duration,narrowed,
glyph/14/0/0/1/8,clean,True,1,"{""too_thin"": 2}",ADJUDICATE,adjudicate_duration,narrowed,
glyph/14/0/0/5/1,clean,True,1,"{""too_thin"": 3}",ADJUDICATE,adjudicate_duration,narrowed,
glyph/14/0/0/5/3,clean,True,1,"{""too_thin"": 3}",ADJUDICATE,adjudicate_duration,narrowed,
glyph/14/0/1/1/3,clean,False,1,"{""too_thin"": 1}",ADJUDICATE,adjudicate_duration,narrowed,
glyph/14/0/1/1/4,clean,False,1,"{""too_thin"": 1}",ADJUDICATE,adjudicate_duration,narrowed,
glyph/14/0/1/2/0,no_stem,,0,"{""too_thin"": 1}",ADJUDICATE,adjudicate_duration,narrowed,
glyph/14/0/1/2/2,no_stem,,0,"{""too_thin"": 1}",ADJUDICATE,adjudicate_duration,narrowed,
glyph/14/0/1/5/3,no_stem,,1,"{""too_thin"": 2}",ADJUDICATE,adjudicate_duration,narrowed,
glyph/14/0/1/5/6,no_stem,,1,"{""too_thin"": 1}",ADJUDICATE,adjudicate_duration,narrowed,
glyph/14/0/2/0/3,occupied,False,1,"{""through_heads"": 1}",EVALUATE,share_stem_value,decided,0
glyph/14/0/2/5/1,no_stem,,1,{},ADJUDICATE,adjudicate_duration,narrowed,
glyph/14/0/3/1/3,clean,False,0,"{""too_thin"": 1}",ADJUDICATE,adjudicate_duration,narrowed,
glyph/14/0/3/1/4,clean,False,1,"{""too_thin"": 1}",ADJUDICATE,adjudicate_duration,narrowed,
glyph/14/0/3/4/5,no_stem,,0,{},ADJUDICATE,adjudicate_duration,narrowed,
glyph/14/0/3/4/6,no_stem,,0,"{""too_thin"": 1}",ADJUDICATE,adjudicate_duration,narrowed,
glyph/14/0/3/4/9,no_stem,,0,{},ADJUDICATE,adjudicate_duration,narrowed,
glyph/14/0/3/4/11,no_stem,,0,"{""too_thin"": 1}",ADJUDICATE,adjudicate_duration,narrowed,
glyph/14/0/3/4/13,no_stem,,0,"{""too_thin"": 1}",ADJUDICATE,adjudicate_duration,narrowed,
glyph/14/0/3/4/20,no_stem,,0,"{""too_thin"": 1}",ADJUDICATE,adjudicate_duration,narrowed,
glyph/14/0/3/5/0,clean,False,1,"{""too_thin"": 1}",ADJUDICATE,adjudicate_duration,narrowed,
glyph/14/0/3/5/2,clean,False,1,"{""too_thin"": 1}",ADJUDICATE,adjudicate_duration,narrowed,
glyph/14/0/4/0/3,clean,False,1,{},ADJUDICATE,adjudicate_duration,narrowed,
glyph/14/0/4/1/0,clean,False,1,"{""too_thin"": 1}",ADJUDICATE,adjudicate_duration,narrowed,
glyph/14/0/4/4/2,clean,False,1,{},ADJUDICATE,adjudicate_duration,narrowed,
glyph/14/0/4/5/0,clean,True,1,"{""too_thin"": 3}",ADJUDICATE,adjudicate_duration,narrowed,
glyph/14/0/4/5/1,clean,True,1,"{""too_thin"": 3}",ADJUDICATE,adjudicate_duration,narrowed,
glyph/14/0/5/0/0,occupied,False,0,"{""too_thin"": 1}",ADJUDICATE,adjudicate_duration,narrowed,
glyph/14/0/5/0/3,occupied,False,0,"{""too_thin"": 1}",ADJUDICATE,adjudicate_duration,narrowed,
glyph/14/0/6/0/12,no_stem,,0,{},ADJUDICATE,adjudicate_duration,narrowed,
glyph/14/0/6/2/3,no_stem,,0,"{""too_thin"": 1}",ADJUDICATE,adjudicate_duration,narrowed,
glyph/14/0/6/3/1,no_stem,,1,{},ADJUDICATE,adjudicate_duration,narrowed,
glyph/14/0/6/4/4,no_stem,,0,"{""too_thin"": 3}",ADJUDICATE,adjudicate_duration,narrowed,
glyph/14/0/6/6/2,occupied,True,1,"{""too_thin"": 1}",ADJUDICATE,adjudicate_duration,narrowed,
glyph/14/0/6/7/1,clean,False,1,{},ADJUDICATE,adjudicate_duration,narrowed,
glyph/14/0/7/0/1,occupied,False,0,{},ADJUDICATE,adjudicate_duration,narrowed,
glyph/14/0/7/0/2,occupied,False,0,{},ADJUDICATE,adjudicate_duration,narrowed,
glyph/14/0/8/6/0,clean,False,0,{},ADJUDICATE,adjudicate_duration,narrowed,
glyph/14/0/9/0/1,no_stem,,0,{},ADJUDICATE,adjudicate_duration,narrowed,
glyph/14/0/9/3/3,clean,True,1,"{""too_thin"": 5}",ADJUDICATE,adjudicate_duration,narrowed,
glyph/14/0/9/3/5,no_stem,,1,"{""too_thin"": 5}",ADJUDICATE,adjudicate_duration,narrowed,
glyph/14/0/9/7/0,clean,True,1,"{""too_thin"": 2}",ADJUDICATE,adjudicate_duration,narrowed,
glyph/14/0/9/7/1,clean,True,0,"{""too_thin"": 2}",ADJUDICATE,adjudicate_duration,narrowed,
glyph/14/0/10/2/4,clean,False,1,{},ADJUDICATE,adjudicate_duration,narrowed,
glyph/14/0/10/3/3,clean,False,1,"{""too_thin"": 1}",ADJUDICATE,adjudicate_duration,narrowed,
glyph/14/0/10/3/9,no_stem,,1,"{""too_thin"": 1}",ADJUDICATE,adjudicate_duration,narrowed,
glyph/14/0/10/3/15,no_stem,,1,"{""too_thin"": 2}",ADJUDICATE,adjudicate_duration,narrowed,
glyph/14/0/10/7/2,clean,True,1,"{""too_thin"": 3}",ADJUDICATE,adjudicate_duration,narrowed,
glyph/14/0/10/7/6,clean,True,1,"{""too_thin"": 3}",ADJUDICATE,adjudicate_duration,narrowed,
glyph/14/0/10/8/1,clean,False,1,{},ADJUDICATE,adjudicate_duration,narrowed,
glyph/14/0/10/8/2,clean,False,0,{},ADJUDICATE,adjudicate_duration,narrowed,
glyph/14/0/12/2/5,clean,False,1,{},ADJUDICATE,adjudicate_duration,narrowed,
glyph/14/0/12/2/8,occupied,False,0,{},ADJUDICATE,adjudicate_duration,narrowed,
glyph/14/0/12/3/1,clean,False,1,"{""too_thin"": 1}",ADJUDICATE,adjudicate_duration,narrowed,
glyph/14/0/12/3/2,clean,False,1,"{""too_thin"": 1}",ADJUDICATE,adjudicate_duration,narrowed,
glyph/14/0/12/7/0,clean,False,1,"{""too_thin"": 2}",ADJUDICATE,adjudicate_duration,narrowed,
glyph/14/0/12/7/4,clean,False,1,"{""too_thin"": 2}",ADJUDICATE,adjudicate_duration,narrowed,
glyph/14/0/13/2/4,clean,False,1,{},ADJUDICATE,adjudicate_duration,narrowed,
glyph/14/0/13/2/10,hook_seen,False,0,{},ADJUDICATE,adjudicate_duration,narrowed,
glyph/14/0/13/3/0,clean,False,1,"{""through_heads"": 1, ""too_thin"": 1}",ADJUDICATE,adjudicate_duration,narrowed,
glyph/14/0/13/3/1,clean,False,1,"{""through_heads"": 1, ""too_thin"": 1}",ADJUDICATE,adjudicate_duration,narrowed,
glyph/14/0/13/3/4,no_stem,,0,"{""through_heads"": 1, ""too_thin"": 2}",ADJUDICATE,adjudicate_duration,narrowed,
glyph/14/0/13/6/1,clean,False,0,"{""too_thin"": 2}",ADJUDICATE,adjudicate_duration,narrowed,
glyph/14/0/13/7/0,clean,False,1,"{""too_thin"": 3}",ADJUDICATE,adjudicate_duration,narrowed,
glyph/14/0/13/7/1,clean,False,1,"{""too_thin"": 3}",ADJUDICATE,adjudicate_duration,narrowed,
glyph/14/0/13/8/1,clean,False,0,{},ADJUDICATE,adjudicate_duration,narrowed,
glyph/14/0/13/8/10,clean,False,1,{},ADJUDICATE,adjudicate_duration,narrowed,
glyph/14/0/13/9/1,clean,False,1,"{""not_straight"": 1, ""too_thin"": 1}",ADJUDICATE,adjudicate_duration,narrowed,
glyph/14/0/13/9/3,clean,False,1,"{""not_straight"": 1, ""too_thin"": 1}",ADJUDICATE,adjudicate_duration,narrowed,
glyph/14/1/0/1/4,no_stem,,1,{},ADJUDICATE,adjudicate_duration,narrowed,
glyph/14/1/0/1/6,no_stem,,1,{},ADJUDICATE,adjudicate_duration,narrowed,
glyph/14/1/0/1/8,no_stem,,1,"{""too_thin"": 1}",ADJUDICATE,adjudicate_duration,narrowed,
glyph/14/1/0/1/12,no_stem,,1,"{""too_thin"": 1}",ADJUDICATE,adjudicate_duration,narrowed,
glyph/14/1/0/2/1,no_stem,,0,{},ADJUDICATE,adjudicate_duration,narrowed,
glyph/14/1/0/2/3,no_stem,,1,{},ADJUDICATE,adjudicate_duration,narrowed,
glyph/14/1/0/2/10,no_stem,,0,"{""too_thin"": 1}",ADJUDICATE,adjudicate_duration,narrowed,
glyph/14/1/0/3/0,no_stem,,0,"{""too_thin"": 1}",ADJUDICATE,adjudicate_duration,narrowed,
glyph/14/1/0/3/5,no_stem,,0,"{""too_thin"": 1}",ADJUDICATE,adjudicate_duration,narrowed,
glyph/14/1/0/3/7,no_stem,,1,{},ADJUDICATE,adjudicate_duration,narrowed,
glyph/14/1/0/4/1,no_stem,,1,"{""too_thin"": 2}",ADJUDICATE,adjudicate_duration,narrowed,
glyph/14/1/0/4/3,no_stem,,0,"{""too_thin"": 2}",ADJUDICATE,adjudicate_duration,narrowed,
glyph/14/1/0/4/4,no_stem,,0,"{""too_thin"": 2}",ADJUDICATE,adjudicate_duration,narrowed,
glyph/14/1/0/4/5,no_stem,,1,"{""too_thin"": 2}",ADJUDICATE,adjudicate_duration,narrowed,
glyph/14/1/0/5/2,no_stem,,1,"{""too_thin"": 1}",ADJUDICATE,adjudicate_duration,narrowed,
glyph/14/1/0/5/3,no_stem,,1,"{""too_thin"": 1}",ADJUDICATE,adjudicate_duration,narrowed,
glyph/14/1/0/5/4,no_stem,,1,"{""too_thin"": 1}",ADJUDICATE,adjudicate_duration,narrowed,
glyph/14/1/0/5/5,no_stem,,1,"{""too_thin"": 1}",ADJUDICATE,adjudicate_duration,narrowed,
glyph/14/1/0/6/4,no_stem,,0,"{""too_thin"": 1}",ADJUDICATE,adjudicate_duration,narrowed,
glyph/14/1/0/6/5,no_stem,,0,"{""too_thin"": 1}",ADJUDICATE,adjudicate_duration,narrowed,
glyph/14/1/1/0/5,no_stem,,0,"{""too_thin"": 1}",ADJUDICATE,adjudicate_duration,narrowed,
glyph/14/1/1/0/7,no_stem,,1,"{""too_thin"": 1}",ADJUDICATE,adjudicate_duration,narrowed,
glyph/14/1/1/2/2,no_stem,,0,"{""too_thin"": 1}",ADJUDICATE,adjudicate_duration,narrowed,
glyph/14/1/1/2/4,no_stem,,0,"{""too_thin"": 1}",ADJUDICATE,adjudicate_duration,narrowed,
glyph/14/1/2/3/3,no_stem,,1,"{""too_thin"": 1}",ADJUDICATE,adjudicate_duration,narrowed,
glyph/14/1/2/3/5,no_stem,,1,"{""too_thin"": 1}",ADJUDICATE,adjudicate_duration,narrowed,
glyph/14/1/2/4/0,no_stem,,0,"{""too_thin"": 3}",ADJUDICATE,adjudicate_duration,narrowed,
glyph/14/1/2/4/2,no_stem,,0,"{""too_thin"": 3}",ADJUDICATE,adjudicate_duration,narrowed,
glyph/14/1/2/4/9,no_stem,,0,"{""too_thin"": 3}",ADJUDICATE,adjudicate_duration,narrowed,
glyph/14/1/3/0/4,no_stem,,1,{},ADJUDICATE,adjudicate_duration,narrowed,
glyph/14/1/3/0/7,no_stem,,0,{},ADJUDICATE,adjudicate_duration,narrowed,
glyph/14/1/3/0/16,no_stem,,1,"{""too_thin"": 1}",ADJUDICATE,adjudicate_duration,narrowed,
glyph/14/1/3/1/2,no_stem,,1,{},ADJUDICATE,adjudicate_duration,narrowed,
glyph/14/1/3/1/3,no_stem,,1,"{""too_thin"": 1}",ADJUDICATE,adjudicate_duration,narrowed,
glyph/14/1/3/1/4,no_stem,,1,{},ADJUDICATE,adjudicate_duration,narrowed,
glyph/14/1/3/1/8,no_stem,,1,"{""too_thin"": 1}",ADJUDICATE,adjudicate_duration,narrowed,
glyph/14/1/3/2/0,no_stem,,0,"{""too_thin"": 1}",ADJUDICATE,adjudicate_duration,narrowed,
glyph/14/1/3/2/9,no_stem,,0,"{""too_thin"": 1}",ADJUDICATE,adjudicate_duration,narrowed,
glyph/14/1/3/3/5,no_stem,,0,"{""too_thin"": 1}",ADJUDICATE,adjudicate_duration,narrowed,
glyph/14/1/3/3/6,no_stem,,0,"{""too_thin"": 1}",ADJUDICATE,adjudicate_duration,narrowed,
glyph/14/1/3/4/1,no_stem,,0,"{""too_thin"": 2}",ADJUDICATE,adjudicate_duration,narrowed,
glyph/14/1/3/4/3,no_stem,,1,"{""too_thin"": 2}",ADJUDICATE,adjudicate_duration,narrowed,
glyph/14/1/3/4/4,no_stem,,0,"{""too_thin"": 2}",ADJUDICATE,adjudicate_duration,narrowed,
glyph/14/1/3/4/5,no_stem,,1,"{""too_thin"": 2}",ADJUDICATE,adjudicate_duration,narrowed,
glyph/14/1/3/4/9,no_stem,,0,"{""too_thin"": 2}",ADJUDICATE,adjudicate_duration,narrowed,
glyph/14/1/3/4/10,no_stem,,0,"{""too_thin"": 2}",ADJUDICATE,adjudicate_duration,narrowed,
glyph/14/1/3/5/0,no_stem,,1,"{""one_stem"": 1}",ADJUDICATE,adjudicate_duration,narrowed,
glyph/14/1/3/5/2,no_stem,,1,"{""one_stem"": 1}",ADJUDICATE,adjudicate_duration,narrowed,
glyph/14/1/3/5/3,no_stem,,1,"{""one_stem"": 1}",ADJUDICATE,adjudicate_duration,narrowed,
glyph/14/1/3/5/4,no_stem,,1,"{""one_stem"": 1}",ADJUDICATE,adjudicate_duration,narrowed,
glyph/14/1/3/8/1,occupied,False,0,{},ADJUDICATE,adjudicate_duration,narrowed,
glyph/14/1/3/8/2,no_stem,,1,{},ADJUDICATE,adjudicate_duration,narrowed,
glyph/14/1/3/8/5,occupied,False,0,{},ADJUDICATE,adjudicate_duration,narrowed,
glyph/14/1/5/5/0,no_stem,,1,"{""too_thin"": 1}",ADJUDICATE,adjudicate_duration,narrowed,
glyph/14/1/5/5/1,no_stem,,1,"{""too_thin"": 1}",ADJUDICATE,adjudicate_duration,narrowed,
glyph/14/1/5/5/3,no_stem,,1,"{""too_thin"": 1}",ADJUDICATE,adjudicate_duration,narrowed,
glyph/14/1/5/5/4,no_stem,,1,"{""too_thin"": 1}",ADJUDICATE,adjudicate_duration,narrowed,
glyph/14/1/5/6/2,no_stem,,0,"{""too_thin"": 1}",ADJUDICATE,adjudicate_duration,narrowed,
glyph/14/1/5/6/3,no_stem,,0,"{""too_thin"": 1}",ADJUDICATE,adjudicate_duration,narrowed,
glyph/14/1/7/0/4,clean,False,1,{},ADJUDICATE,adjudicate_duration,narrowed,
glyph/14/1/7/1/1,clean,False,1,"{""too_thin"": 1}",ADJUDICATE,adjudicate_duration,narrowed,
glyph/14/1/7/2/2,clean,False,0,"{""too_thin"": 1}",ADJUDICATE,adjudicate_duration,narrowed,
glyph/14/1/7/3/0,no_stem,,1,"{""too_thin"": 2}",ADJUDICATE,adjudicate_duration,narrowed,
glyph/14/1/7/3/1,clean,False,1,"{""too_thin"": 2}",ADJUDICATE,adjudicate_duration,narrowed,
glyph/14/1/7/5/0,clean,False,1,"{""too_thin"": 1}",ADJUDICATE,adjudicate_duration,narrowed,
glyph/14/1/7/5/1,no_stem,,1,"{""too_thin"": 1}",ADJUDICATE,adjudicate_duration,narrowed,
glyph/14/1/7/6/3,occupied,False,1,"{""too_thin"": 2}",ADJUDICATE,adjudicate_duration,narrowed,
glyph/14/1/8/1/1,clean,False,1,{},ADJUDICATE,adjudicate_duration,narrowed,
glyph/14/1/8/1/2,occupied,False,1,{},ADJUDICATE,adjudicate_duration,narrowed,
glyph/14/1/8/2/0,clean,False,0,{},ADJUDICATE,adjudicate_duration,narrowed,
glyph/14/1/8/2/1,clean,False,1,{},ADJUDICATE,adjudicate_duration,narrowed,
glyph/14/1/8/3/0,clean,True,1,"{""too_thin"": 2}",ADJUDICATE,adjudicate_duration,narrowed,
glyph/14/1/8/3/3,clean,True,1,"{""too_thin"": 2}",ADJUDICATE,adjudicate_duration,narrowed,
glyph/14/1/8/4/3,no_stem,,0,"{""too_thin"": 1}",ADJUDICATE,adjudicate_duration,narrowed,
glyph/14/1/8/5/0,clean,False,1,{},ADJUDICATE,adjudicate_duration,narrowed,
glyph/14/1/8/6/1,clean,False,1,"{""too_thin"": 2}",ADJUDICATE,adjudicate_duration,narrowed,
glyph/14/1/8/7/1,clean,False,0,"{""too_thin"": 1}",ADJUDICATE,adjudicate_duration,narrowed,
glyph/14/1/8/7/2,clean,False,1,"{""too_thin"": 1}",ADJUDICATE,adjudicate_duration,narrowed,
glyph/14/1/8/8/13,clean,False,0,"{""too_thin"": 1}",ADJUDICATE,adjudicate_duration,narrowed,
glyph/14/1/9/0/4,no_stem,,0,"{""too_thin"": 2}",ADJUDICATE,adjudicate_duration,narrowed,
glyph/14/1/9/0/6,occupied,True,1,"{""too_thin"": 1}",ADJUDICATE,adjudicate_duration,narrowed,
glyph/14/1/9/1/1,clean,True,0,"{""too_thin"": 1}",ADJUDICATE,adjudicate_duration,narrowed,
glyph/14/1/9/1/5,no_stem,,0,"{""too_thin"": 1}",ADJUDICATE,adjudicate_duration,narrowed,
glyph/14/1/9/1/9,no_stem,,1,"{""too_thin"": 1}",ADJUDICATE,adjudicate_duration,narrowed,
glyph/14/1/9/1/16,no_stem,,0,"{""too_thin"": 1}",ADJUDICATE,adjudicate_duration,narrowed,
glyph/14/1/9/2/2,no_stem,,0,"{""too_thin"": 1}",ADJUDICATE,adjudicate_duration,narrowed,
glyph/14/1/9/3/1,no_stem,,0,"{""too_thin"": 2}",ADJUDICATE,adjudicate_duration,narrowed,
glyph/14/1/9/3/2,no_stem,,1,"{""too_thin"": 2}",ADJUDICATE,adjudicate_duration,narrowed,
glyph/14/1/9/3/3,clean,False,0,"{""too_thin"": 2}",ADJUDICATE,adjudicate_duration,narrowed,
glyph/14/1/9/3/4,no_stem,,1,"{""too_thin"": 2}",ADJUDICATE,adjudicate_duration,narrowed,
glyph/14/1/9/4/0,occupied,True,1,"{""too_thin"": 4}",ADJUDICATE,adjudicate_duration,narrowed,
glyph/14/1/9/4/3,clean,False,0,"{""too_thin"": 2}",ADJUDICATE,adjudicate_duration,narrowed,
glyph/14/1/9/4/4,occupied,False,0,"{""too_thin"": 2}",ADJUDICATE,adjudicate_duration,narrowed,
glyph/14/1/9/4/7,clean,True,0,"{""too_thin"": 4}",ADJUDICATE,adjudicate_duration,narrowed,
glyph/14/1/9/5/0,clean,True,1,"{""too_thin"": 1}",ADJUDICATE,adjudicate_duration,narrowed,
glyph/14/1/9/5/2,no_stem,,1,"{""too_thin"": 1}",ADJUDICATE,adjudicate_duration,narrowed,
glyph/14/1/9/5/7,no_stem,,1,"{""too_thin"": 1}",ADJUDICATE,adjudicate_duration,narrowed,
glyph/14/1/9/5/12,no_stem,,1,"{""too_thin"": 1}",ADJUDICATE,adjudicate_duration,narrowed,
glyph/14/1/9/6/3,occupied,True,1,"{""too_thin"": 3}",ADJUDICATE,adjudicate_duration,narrowed,
glyph/14/1/9/6/4,clean,True,0,"{""too_thin"": 1}",ADJUDICATE,adjudicate_duration,narrowed,
glyph/14/1/9/7/1,clean,True,0,{},ADJUDICATE,adjudicate_duration,narrowed,
glyph/14/1/9/8/2,no_stem,,0,"{""too_thin"": 2}",ADJUDICATE,adjudicate_duration,narrowed,
glyph/14/1/10/4/4,clean,False,0,"{""too_thin"": 2}",ADJUDICATE,adjudicate_duration,narrowed,
glyph/15/0/2/3/1,no_stem,,0,"{""too_thin"": 4}",ADJUDICATE,adjudicate_duration,narrowed,
glyph/15/0/2/3/3,no_stem,,1,"{""too_thin"": 4}",ADJUDICATE,adjudicate_duration,narrowed,
glyph/15/0/2/3/5,no_stem,,0,"{""too_thin"": 4}",ADJUDICATE,adjudicate_duration,narrowed,
glyph/15/0/2/3/6,no_stem,,0,"{""too_thin"": 4}",ADJUDICATE,adjudicate_duration,narrowed,
glyph/15/0/2/3/11,no_stem,,1,"{""too_thin"": 4}",ADJUDICATE,adjudicate_duration,narrowed,
glyph/15/0/2/3/14,no_stem,,0,"{""too_thin"": 4}",ADJUDICATE,adjudicate_duration,narrowed,
glyph/15/0/2/5/2,no_stem,,0,"{""too_thin"": 4}",ADJUDICATE,adjudicate_duration,narrowed,
glyph/15/0/2/5/3,no_stem,,0,"{""too_thin"": 4}",ADJUDICATE,adjudicate_duration,narrowed,
glyph/15/0/2/5/4,no_stem,,1,"{""too_thin"": 4}",ADJUDICATE,adjudicate_duration,narrowed,
glyph/15/0/2/5/7,no_stem,,1,"{""too_thin"": 4}",ADJUDICATE,adjudicate_duration,narrowed,
glyph/15/0/2/6/1,no_stem,,0,{},ADJUDICATE,adjudicate_duration,narrowed,
glyph/15/0/2/6/5,no_stem,,1,{},ADJUDICATE,adjudicate_duration,narrowed,
glyph/15/0/3/1/1,no_stem,,0,"{""too_thin"": 1}",ADJUDICATE,adjudicate_duration,narrowed,
glyph/15/0/3/1/6,no_stem,,0,"{""too_thin"": 1}",ADJUDICATE,adjudicate_duration,narrowed,
glyph/15/0/3/5/4,no_stem,,0,"{""too_thin"": 5}",ADJUDICATE,adjudicate_duration,narrowed,
glyph/15/0/3/5/6,no_stem,,1,"{""too_thin"": 5}",ADJUDICATE,adjudicate_duration,narrowed,
glyph/15/0/3/5/8,no_stem,,0,"{""too_thin"": 5}",ADJUDICATE,adjudicate_duration,narrowed,
glyph/15/0/3/5/12,no_stem,,1,"{""too_thin"": 5}",ADJUDICATE,adjudicate_duration,narrowed,
glyph/15/0/3/6/1,no_stem,,1,"{""too_thin"": 5}",ADJUDICATE,adjudicate_duration,narrowed,
glyph/15/0/3/6/2,no_stem,,0,"{""too_thin"": 5}",ADJUDICATE,adjudicate_duration,narrowed,
glyph/15/0/3/6/4,no_stem,,0,"{""too_thin"": 5}",ADJUDICATE,adjudicate_duration,narrowed,
glyph/15/0/3/6/9,no_stem,,0,"{""too_thin"": 5}",ADJUDICATE,adjudicate_duration,narrowed,
glyph/15/0/3/7/1,occupied,True,0,"{""too_thin"": 2}",ADJUDICATE,adjudicate_duration,narrowed,
glyph/15/0/3/7/3,no_stem,,0,"{""too_thin"": 3}",ADJUDICATE,adjudicate_duration,narrowed,
glyph/15/0/3/7/6,no_stem,,0,"{""too_thin"": 3}",ADJUDICATE,adjudicate_duration,narrowed,
glyph/15/0/5/5/2,occupied,True,0,"{""too_thin"": 4}",ADJUDICATE,adjudicate_duration,narrowed,
glyph/15/0/7/1/0,occupied,False,0,{},ADJUDICATE,adjudicate_duration,narrowed,
glyph/15/0/7/1/1,clean,False,0,{},ADJUDICATE,adjudicate_duration,narrowed,
glyph/15/0/7/2/0,occupied,False,1,{},EVALUATE,reconcile_duration,decided,0
glyph/15/0/7/3/1,no_stem,,0,"{""one_stem"": 1}",EVALUATE,reconcile_duration,decided,0
glyph/15/0/7/4/0,clean,False,1,{},EVALUATE,reconcile_duration,decided,0
glyph/15/0/7/5/0,clean,False,1,{},ADJUDICATE,adjudicate_duration,narrowed,
glyph/15/0/7/5/2,clean,False,0,{},ADJUDICATE,adjudicate_duration,narrowed,
glyph/15/0/8/0/9,occupied,True,0,"{""too_thin"": 2}",ADJUDICATE,adjudicate_duration,narrowed,
glyph/15/0/8/6/2,clean,True,1,"{""too_thin"": 1}",ADJUDICATE,adjudicate_duration,narrowed,
glyph/15/0/8/6/8,clean,False,0,"{""too_thin"": 1}",ADJUDICATE,adjudicate_duration,narrowed,
glyph/15/0/9/0/5,clean,False,1,{},EVALUATE,reconcile_duration,decided,0
glyph/15/0/9/3/0,occupied,True,1,{},EVALUATE,reconcile_duration,decided,0
glyph/15/0/9/4/0,occupied,True,1,"{""too_thin"": 1}",ADJUDICATE,adjudicate_duration,narrowed,
glyph/15/0/9/4/1,clean,True,1,"{""too_thin"": 1}",ADJUDICATE,adjudicate_duration,narrowed,
glyph/15/0/9/6/12,occupied,False,0,"{""too_thin"": 1}",ADJUDICATE,adjudicate_duration,narrowed,
glyph/15/0/9/7/5,clean,False,0,"{""too_thin"": 1}",ADJUDICATE,adjudicate_duration,narrowed,
glyph/15/0/9/8/1,occupied,False,0,{},ADJUDICATE,adjudicate_duration,narrowed,
glyph/15/0/9/8/2,clean,False,1,{},ADJUDICATE,adjudicate_duration,narrowed,
glyph/15/0/10/8/0,clean,False,0,"{""too_thin"": 1}",EVALUATE,reconcile_duration,decided,0
glyph/15/1/2/7/1,no_stem,,0,"{""too_thin"": 3}",ADJUDICATE,adjudicate_duration,narrowed,
glyph/15/1/2/7/2,occupied,False,0,"{""too_thin"": 1}",ADJUDICATE,adjudicate_duration,narrowed,
glyph/15/1/2/7/5,occupied,False,0,"{""too_thin"": 1}",ADJUDICATE,adjudicate_duration,narrowed,
glyph/15/1/2/7/11,no_stem,,0,"{""too_thin"": 3}",ADJUDICATE,adjudicate_duration,narrowed,
glyph/15/1/3/6/0,clean,False,1,{},ADJUDICATE,adjudicate_duration,narrowed,
glyph/15/1/3/6/2,clean,False,1,{},ADJUDICATE,adjudicate_duration,narrowed,
glyph/15/1/3/6/3,clean,False,1,{},ADJUDICATE,adjudicate_duration,narrowed,
glyph/15/1/3/6/6,clean,False,1,{},ADJUDICATE,adjudicate_duration,narrowed,
glyph/15/1/3/9/2,occupied,False,1,"{""too_thin"": 1}",ADJUDICATE,adjudicate_duration,narrowed,
glyph/15/1/3/9/6,occupied,False,1,"{""too_thin"": 1}",ADJUDICATE,adjudicate_duration,narrowed,
glyph/15/1/3/10/3,clean,False,1,"{""too_thin"": 2}",ADJUDICATE,adjudicate_duration,narrowed,
glyph/15/1/3/10/9,clean,False,1,"{""too_thin"": 2}",ADJUDICATE,adjudicate_duration,narrowed,
glyph/15/1/4/2/0,clean,False,1,{},ADJUDICATE,adjudicate_duration,narrowed,
glyph/15/1/4/5/3,clean,True,1,"{""too_thin"": 1}",ADJUDICATE,adjudicate_duration,narrowed,
glyph/15/1/4/5/4,occupied,True,0,"{""too_thin"": 1}",ADJUDICATE,adjudicate_duration,narrowed,
glyph/15/1/4/9/0,occupied,True,1,"{""too_thin"": 1}",ADJUDICATE,adjudicate_duration,narrowed,
glyph/15/1/4/9/14,clean,True,1,"{""too_thin"": 1}",ADJUDICATE,adjudicate_duration,narrowed,
glyph/15/1/4/10/1,clean,False,0,{},ADJUDICATE,adjudicate_duration,narrowed,
glyph/15/1/4/10/3,clean,True,0,{},ADJUDICATE,adjudicate_duration,narrowed,
glyph/15/1/4/11/2,occupied,True,1,{},ADJUDICATE,adjudicate_duration,narrowed,
glyph/15/1/4/11/3,clean,True,1,{},ADJUDICATE,adjudicate_duration,narrowed,
glyph/15/1/7/6/2,clean,True,0,"{""too_thin"": 1}",ADJUDICATE,adjudicate_duration,narrowed,
glyph/15/1/8/3/5,clean,False,1,"{""too_thin"": 1}",ADJUDICATE,adjudicate_duration,narrowed,
glyph/15/1/8/6/0,clean,True,1,"{""too_thin"": 1}",ADJUDICATE,adjudicate_duration,narrowed,
glyph/15/1/8/6/2,clean,True,1,"{""too_thin"": 1}",ADJUDICATE,adjudicate_duration,narrowed,
glyph/15/1/8/7/2,occupied,True,0,"{""too_thin"": 1}",ADJUDICATE,adjudicate_duration,narrowed,
glyph/15/1/8/7/5,clean,False,1,"{""too_thin"": 1}",ADJUDICATE,adjudicate_duration,narrowed,
glyph/15/1/8/8/0,clean,True,1,"{""too_thin"": 2}",ADJUDICATE,adjudicate_duration,narrowed,
glyph/15/1/8/8/2,clean,True,0,"{""too_thin"": 2}",ADJUDICATE,adjudicate_duration,narrowed,
glyph/15/1/9/0/0,clean,False,1,"{""too_thin"": 1}",ADJUDICATE,adjudicate_duration,narrowed,
glyph/15/1/9/1/0,occupied,False,1,"{""too_thin"": 1}",ADJUDICATE,adjudicate_duration,narrowed,
glyph/15/1/9/3/1,occupied,False,1,"{""too_thin"": 2}",ADJUDICATE,adjudicate_duration,narrowed,
glyph/15/1/9/3/21,occupied,False,0,"{""too_thin"": 2}",ADJUDICATE,adjudicate_duration,narrowed,
glyph/15/1/9/4/3,occupied,False,1,"{""too_thin"": 4}",ADJUDICATE,adjudicate_duration,narrowed,
glyph/15/1/9/4/8,occupied,False,1,"{""too_thin"": 4}",ADJUDICATE,adjudicate_duration,narrowed,
glyph/15/1/9/4/17,occupied,False,0,"{""too_thin"": 4}",ADJUDICATE,adjudicate_duration,narrowed,
glyph/15/1/9/5/1,clean,True,1,"{""too_thin"": 2}",ADJUDICATE,adjudicate_duration,narrowed,
glyph/15/1/9/5/6,clean,True,0,"{""too_thin"": 2}",ADJUDICATE,adjudicate_duration,narrowed,
glyph/15/1/9/5/14,no_stem,,0,"{""too_thin"": 2}",ADJUDICATE,adjudicate_duration,narrowed,
glyph/15/1/9/6/2,no_stem,,1,"{""too_thin"": 4}",ADJUDICATE,adjudicate_duration,narrowed,
glyph/15/1/9/6/3,occupied,False,1,"{""too_thin"": 4}",ADJUDICATE,adjudicate_duration,narrowed,
glyph/15/1/9/6/7,no_stem,,0,"{""too_thin"": 6}",ADJUDICATE,adjudicate_duration,narrowed,
glyph/15/1/9/6/13,occupied,False,0,"{""too_thin"": 4}",ADJUDICATE,adjudicate_duration,narrowed,
glyph/15/1/9/6/15,no_stem,,0,"{""too_thin"": 6}",ADJUDICATE,adjudicate_duration,narrowed,
glyph/15/1/9/7/0,occupied,False,1,"{""too_thin"": 3}",ADJUDICATE,adjudicate_duration,narrowed,
glyph/15/1/9/8/1,occupied,False,1,"{""too_thin"": 5}",ADJUDICATE,adjudicate_duration,narrowed,
glyph/15/1/9/8/2,clean,False,1,"{""too_thin"": 5}",ADJUDICATE,adjudicate_duration,narrowed,
glyph/15/1/9/8/12,clean,False,0,"{""too_thin"": 5}",ADJUDICATE,adjudicate_duration,narrowed,
glyph/15/1/9/10/2,clean,False,1,"{""too_thin"": 3}",ADJUDICATE,adjudicate_duration,narrowed,
glyph/15/1/9/10/4,occupied,True,1,"{""too_thin"": 3}",ADJUDICATE,adjudicate_duration,narrowed,
glyph/15/1/9/10/11,clean,False,0,"{""too_thin"": 3}",ADJUDICATE,adjudicate_duration,narrowed,
glyph/15/1/9/10/14,occupied,True,0,"{""too_thin"": 3}",ADJUDICATE,adjudicate_duration,narrowed,
glyph/15/1/9/11/0,clean,False,1,{},ADJUDICATE,adjudicate_duration,narrowed,
glyph/15/1/9/11/3,occupied,False,1,{},ADJUDICATE,adjudicate_duration,narrowed,
glyph/15/1/10/1/1,clean,False,1,"{""too_thin"": 3}",ADJUDICATE,adjudicate_duration,narrowed,
glyph/15/1/10/1/2,clean,False,0,"{""too_thin"": 3}",ADJUDICATE,adjudicate_duration,narrowed,
glyph/15/1/10/4/3,occupied,False,1,"{""too_thin"": 2}",ADJUDICATE,adjudicate_duration,narrowed,
glyph/15/1/10/4/7,occupied,False,1,"{""too_thin"": 2}",ADJUDICATE,adjudicate_duration,narrowed,
glyph/15/1/10/6/3,occupied,False,1,"{""too_thin"": 2}",ADJUDICATE,adjudicate_duration,narrowed,
glyph/15/1/10/6/7,occupied,False,1,"{""too_thin"": 2}",ADJUDICATE,adjudicate_duration,narrowed,
glyph/15/1/10/6/14,occupied,False,0,"{""too_thin"": 2}",ADJUDICATE,adjudicate_duration,narrowed,
glyph/15/1/10/6/17,occupied,False,0,"{""too_thin"": 2}",ADJUDICATE,adjudicate_duration,narrowed,
glyph/15/1/10/8/4,occupied,False,1,"{""too_thin"": 2}",ADJUDICATE,adjudicate_duration,narrowed,
glyph/15/1/10/8/5,occupied,False,0,"{""too_thin"": 2}",ADJUDICATE,adjudicate_duration,narrowed,
glyph/15/1/10/8/7,occupied,False,0,"{""too_thin"": 2}",ADJUDICATE,adjudicate_duration,narrowed,
glyph/15/1/10/8/13,occupied,False,0,"{""too_thin"": 2}",ADJUDICATE,adjudicate_duration,narrowed,
glyph/15/1/11/0/1,occupied,False,1,"{""too_thin"": 1}",ADJUDICATE,adjudicate_duration,narrowed,
glyph/15/1/11/1/4,clean,False,1,"{""too_thin"": 1}",ADJUDICATE,adjudicate_duration,narrowed,
glyph/15/1/11/4/3,clean,False,1,"{""too_thin"": 3}",ADJUDICATE,adjudicate_duration,narrowed,
glyph/15/1/11/4/5,clean,True,0,"{""too_thin"": 3}",ADJUDICATE,adjudicate_duration,narrowed,
glyph/15/1/11/6/2,clean,False,1,"{""too_thin"": 3}",ADJUDICATE,adjudicate_duration,narrowed,
glyph/15/1/11/8/2,clean,True,1,"{""too_thin"": 3}",ADJUDICATE,adjudicate_duration,narrowed,
glyph/15/1/11/8/5,clean,True,0,"{""too_thin"": 3}",ADJUDICATE,adjudicate_duration,narrowed,
glyph/15/1/11/9/1,clean,True,1,"{""too_thin"": 1}",ADJUDICATE,adjudicate_duration,narrowed,
glyph/15/1/11/9/11,clean,True,1,"{""too_thin"": 1}",ADJUDICATE,adjudicate_duration,narrowed,
glyph/15/1/11/10/3,clean,True,1,"{""too_thin"": 1}",ADJUDICATE,adjudicate_duration,narrowed,
glyph/15/1/11/11/1,clean,True,1,"{""too_thin"": 1}",ADJUDICATE,adjudicate_duration,narrowed,
glyph/15/1/11/11/5,clean,True,1,"{""too_thin"": 1}",ADJUDICATE,adjudicate_duration,narrowed,
glyph/15/1/12/3/1,occupied,False,0,"{""one_stem"": 1, ""too_thin"": 2}",ADJUDICATE,adjudicate_duration,narrowed,
glyph/15/1/12/3/3,clean,False,1,"{""one_stem"": 1, ""too_thin"": 2}",ADJUDICATE,adjudicate_duration,narrowed,
glyph/15/1/12/4/2,clean,True,0,"{""too_thin"": 3}",ADJUDICATE,adjudicate_duration,narrowed,
glyph/15/1/12/4/3,clean,True,0,"{""too_thin"": 3}",ADJUDICATE,adjudicate_duration,narrowed,
glyph/15/1/12/6/0,clean,False,1,{},ADJUDICATE,adjudicate_duration,narrowed,
glyph/15/1/12/6/2,clean,False,0,{},ADJUDICATE,adjudicate_duration,narrowed,
glyph/15/1/12/7/3,clean,False,1,"{""one_stem"": 1, ""too_thin"": 2}",ADJUDICATE,adjudicate_duration,narrowed,
glyph/15/1/12/7/8,occupied,False,0,"{""one_stem"": 1, ""too_thin"": 2}",ADJUDICATE,adjudicate_duration,narrowed,
glyph/15/1/12/8/0,clean,True,1,"{""too_thin"": 1}",ADJUDICATE,adjudicate_duration,narrowed,
glyph/15/1/12/8/1,clean,True,0,"{""too_thin"": 1}",ADJUDICATE,adjudicate_duration,narrowed,
glyph/15/1/12/9/3,clean,True,1,"{""no_stem_at_ends"": 1}",ADJUDICATE,adjudicate_duration,narrowed,
glyph/15/1/12/9/9,clean,True,1,"{""no_stem_at_ends"": 1}",ADJUDICATE,adjudicate_duration,narrowed,
glyph/15/1/12/10/6,clean,True,0,"{""too_thin"": 1}",ADJUDICATE,adjudicate_duration,narrowed,
glyph/15/1/12/11/1,clean,True,0,"{""too_thin"": 1}",ADJUDICATE,adjudicate_duration,narrowed,
glyph/15/1/12/11/3,occupied,True,1,"{""too_thin"": 1}",ADJUDICATE,adjudicate_duration,narrowed,
glyph/16/0/0/11/3,clean,False,0,"{""too_thin"": 1}",EVALUATE,reconcile_duration,decided,0
glyph/16/0/1/0/1,clean,False,0,{},ADJUDICATE,adjudicate_duration,narrowed,
glyph/16/0/1/0/7,clean,False,0,{},ADJUDICATE,adjudicate_duration,narrowed,
glyph/16/0/1/0/17,occupied,False,0,{},ADJUDICATE,adjudicate_duration,narrowed,
glyph/16/0/1/6/3,no_stem,,0,{},ADJUDICATE,adjudicate_duration,narrowed,
glyph/16/0/1/6/8,no_stem,,0,{},ADJUDICATE,adjudicate_duration,narrowed,
glyph/16/0/1/7/1,no_stem,,1,"{""too_thin"": 2}",ADJUDICATE,adjudicate_duration,narrowed,
glyph/16/0/1/7/3,no_stem,,0,"{""too_thin"": 2}",ADJUDICATE,adjudicate_duration,narrowed,
glyph/16/0/1/7/11,no_stem,,0,"{""too_thin"": 4}",ADJUDICATE,adjudicate_duration,narrowed,
glyph/16/0/1/7/17,no_stem,,1,"{""too_thin"": 4}",ADJUDICATE,adjudicate_duration,narrowed,
glyph/16/0/1/8/2,no_stem,,0,"{""too_thin"": 2}",ADJUDICATE,adjudicate_duration,narrowed,
glyph/16/0/1/8/11,no_stem,,0,"{""too_thin"": 3}",ADJUDICATE,adjudicate_duration,narrowed,
glyph/16/0/2/3/4,no_stem,,0,{},ADJUDICATE,adjudicate_duration,narrowed,
glyph/16/0/2/3/8,no_stem,,0,"{""too_thin"": 1}",ADJUDICATE,adjudicate_duration,narrowed,
glyph/16/0/2/4/1,occupied,True,1,"{""too_thin"": 1}",ADJUDICATE,adjudicate_duration,narrowed,
glyph/16/0/2/4/9,occupied,True,1,"{""too_thin"": 1}",ADJUDICATE,adjudicate_duration,narrowed,
glyph/16/0/2/6/2,clean,False,1,"{""too_thin"": 1}",ADJUDICATE,adjudicate_duration,narrowed,
glyph/16/0/2/6/9,clean,False,1,"{""too_thin"": 1}",ADJUDICATE,adjudicate_duration,narrowed,
glyph/16/0/2/8/0,clean,False,1,"{""too_thin"": 1}",ADJUDICATE,adjudicate_duration,narrowed,
glyph/16/0/2/8/7,clean,False,1,"{""too_thin"": 1}",ADJUDICATE,adjudicate_duration,narrowed,
glyph/16/0/2/9/1,occupied,False,1,"{""too_thin"": 1}",ADJUDICATE,adjudicate_duration,narrowed,
glyph/16/0/2/9/9,occupied,False,1,"{""too_thin"": 1}",ADJUDICATE,adjudicate_duration,narrowed,
glyph/16/0/2/10/2,occupied,False,1,"{""too_thin"": 1}",ADJUDICATE,adjudicate_duration,narrowed,
glyph/16/0/2/10/5,occupied,False,1,"{""too_thin"": 1}",ADJUDICATE,adjudicate_duration,narrowed,
glyph/16/0/3/1/0,clean,False,1,"{""too_thin"": 1}",ADJUDICATE,adjudicate_duration,narrowed,
glyph/16/0/3/1/2,no_stem,,1,"{""too_thin"": 2}",ADJUDICATE,adjudicate_duration,narrowed,
glyph/16/0/3/1/3,no_stem,,1,"{""too_thin"": 2}",ADJUDICATE,adjudicate_duration,narrowed,
glyph/16/0/3/1/4,clean,False,0,"{""too_thin"": 1}",ADJUDICATE,adjudicate_duration,narrowed,
glyph/16/0/3/1/14,no_stem,,0,"{""too_thin"": 2}",ADJUDICATE,adjudicate_duration,narrowed,
glyph/16/0/3/1/19,no_stem,,0,"{""too_thin"": 2}",ADJUDICATE,adjudicate_duration,narrowed,
glyph/16/0/3/2/3,no_stem,,0,"{""too_thin"": 2}",ADJUDICATE,adjudicate_duration,narrowed,
glyph/16/0/3/2/4,no_stem,,1,"{""too_thin"": 2}",ADJUDICATE,adjudicate_duration,narrowed,
glyph/16/0/3/3/1,no_stem,,1,"{""one_stem"": 1, ""too_thin"": 1}",ADJUDICATE,adjudicate_duration,narrowed,
glyph/16/0/3/3/3,no_stem,,1,"{""one_stem"": 1, ""too_thin"": 1}",ADJUDICATE,adjudicate_duration,narrowed,
glyph/16/0/3/3/6,no_stem,,1,"{""one_stem"": 1, ""too_thin"": 1}",ADJUDICATE,adjudicate_duration,narrowed,
glyph/16/0/3/3/11,no_stem,,0,"{""one_stem"": 1, ""too_thin"": 1}",ADJUDICATE,adjudicate_duration,narrowed,
glyph/16/0/3/5/1,occupied,False,1,{},ADJUDICATE,adjudicate_duration,narrowed,
glyph/16/0/3/5/3,occupied,False,1,{},ADJUDICATE,adjudicate_duration,narrowed,
glyph/16/0/3/6/2,clean,True,1,"{""too_thin"": 2}",ADJUDICATE,adjudicate_duration,narrowed,
glyph/16/0/3/6/13,clean,True,1,"{""too_thin"": 2}",ADJUDICATE,adjudicate_duration,narrowed,
glyph/16/0/3/7/0,occupied,True,1,"{""too_thin"": 2}",ADJUDICATE,adjudicate_duration,narrowed,
glyph/16/0/3/7/1,no_stem,,1,"{""too_thin"": 2}",ADJUDICATE,adjudicate_duration,narrowed,
glyph/16/0/3/7/3,occupied,True,1,"{""too_thin"": 2}",ADJUDICATE,adjudicate_duration,narrowed,
glyph/16/0/3/7/10,no_stem,,1,"{""too_thin"": 2}",ADJUDICATE,adjudicate_duration,narrowed,
glyph/16/0/3/11/2,occupied,False,1,{},ADJUDICATE,adjudicate_duration,narrowed,
glyph/16/0/3/11/5,occupied,False,1,{},ADJUDICATE,adjudicate_duration,narrowed,
glyph/16/0/3/11/10,no_stem,,1,{},ADJUDICATE,adjudicate_duration,narrowed,
glyph/16/0/4/0/4,no_stem,,0,"{""too_thin"": 1}",ADJUDICATE,adjudicate_duration,narrowed,
glyph/16/0/4/1/0,clean,True,1,"{""too_thin"": 1}",ADJUDICATE,adjudicate_duration,narrowed,
glyph/16/0/4/1/1,clean,False,1,"{""too_thin"": 1}",ADJUDICATE,adjudicate_duration,narrowed,
glyph/16/0/4/2/0,clean,False,0,"{""too_thin"": 1}",ADJUDICATE,adjudicate_duration,narrowed,
glyph/16/0/4/2/1,clean,True,1,"{""too_thin"": 1}",ADJUDICATE,adjudicate_duration,narrowed,
glyph/16/0/4/3/1,clean,True,1,"{""too_thin"": 2}",ADJUDICATE,adjudicate_duration,narrowed,
glyph/16/0/4/3/3,occupied,True,0,"{""too_thin"": 2}",ADJUDICATE,adjudicate_duration,narrowed,
glyph/16/0/4/4/0,no_stem,,0,"{""too_thin"": 3}",ADJUDICATE,adjudicate_duration,narrowed,
glyph/16/0/4/4/1,occupied,True,1,"{""too_thin"": 1}",ADJUDICATE,adjudicate_duration,narrowed,
glyph/16/0/4/5/2,clean,True,1,"{""too_thin"": 1}",ADJUDICATE,adjudicate_duration,narrowed,
glyph/16/0/4/5/7,clean,True,1,"{""too_thin"": 1}",ADJUDICATE,adjudicate_duration,narrowed,
glyph/16/0/4/6/3,clean,True,1,"{""too_thin"": 2}",EVALUATE,reconcile_duration,decided,0
glyph/16/0/4/7/0,clean,True,1,"{""too_thin"": 1}",ADJUDICATE,adjudicate_duration,narrowed,
glyph/16/0/4/7/2,clean,True,1,"{""too_thin"": 1}",ADJUDICATE,adjudicate_duration,narrowed,
glyph/16/0/4/8/2,clean,True,1,"{""too_thin"": 1}",EVALUATE,reconcile_duration,decided,0
glyph/16/0/4/9/3,clean,True,1,"{""too_thin"": 1}",EVALUATE,reconcile_duration,decided,0
glyph/16/0/4/10/0,occupied,True,1,"{""too_thin"": 1}",EVALUATE,reconcile_duration,decided,0
glyph/16/0/4/11/8,clean,True,0,"{""not_straight"": 1}",ADJUDICATE,adjudicate_duration,narrowed,
glyph/16/0/5/5/13,occupied,False,0,{},ADJUDICATE,adjudicate_duration,narrowed,
glyph/16/0/5/6/2,occupied,False,0,{},ADJUDICATE,adjudicate_duration,narrowed,
glyph/16/0/5/6/3,occupied,False,0,{},ADJUDICATE,adjudicate_duration,narrowed,
glyph/16/0/5/10/1,no_stem,,0,"{""too_thin"": 1}",EVALUATE,reconcile_duration,decided,0
glyph/16/0/9/0/5,clean,False,1,{},ADJUDICATE,adjudicate_duration,narrowed,
glyph/16/0/9/0/6,occupied,False,1,{},ADJUDICATE,adjudicate_duration,narrowed,
glyph/16/0/9/4/0,occupied,True,1,{},ADJUDICATE,adjudicate_duration,narrowed,
glyph/16/0/9/4/1,clean,True,1,{},ADJUDICATE,adjudicate_duration,narrowed,
glyph/16/0/9/5/0,clean,False,0,{},EVALUATE,reconcile_duration,decided,0
glyph/16/0/9/6/0,clean,True,1,"{""too_thin"": 1}",ADJUDICATE,adjudicate_duration,narrowed,
glyph/16/0/9/6/1,clean,True,1,"{""too_thin"": 1}",ADJUDICATE,adjudicate_duration,narrowed,
glyph/16/0/9/11/4,clean,False,0,"{""too_thin"": 1}",ADJUDICATE,adjudicate_duration,narrowed,
glyph/16/0/9/11/6,no_stem,,1,"{""too_thin"": 1}",ADJUDICATE,adjudicate_duration,narrowed,
glyph/16/0/10/0/2,occupied,False,1,{},ADJUDICATE,adjudicate_duration,narrowed,
glyph/16/0/10/0/7,clean,False,1,{},ADJUDICATE,adjudicate_duration,narrowed,
glyph/16/0/10/4/1,occupied,False,1,"{""too_thin"": 1}",ADJUDICATE,adjudicate_duration,narrowed,
glyph/16/0/10/4/2,no_stem,,1,"{""too_thin"": 1}",ADJUDICATE,adjudicate_duration,narrowed,
glyph/16/0/10/4/6,occupied,False,0,"{""too_thin"": 1}",ADJUDICATE,adjudicate_duration,narrowed,
glyph/16/0/10/4/12,no_stem,,0,"{""too_thin"": 1}",ADJUDICATE,adjudicate_duration,narrowed,
glyph/16/0/10/5/0,occupied,False,1,"{""too_thin"": 1}",ADJUDICATE,adjudicate_duration,narrowed,
glyph/16/0/10/5/10,occupied,False,0,"{""too_thin"": 1}",ADJUDICATE,adjudicate_duration,narrowed,
glyph/16/0/10/7/4,no_stem,,1,"{""too_thin"": 1}",ADJUDICATE,adjudicate_duration,narrowed,
glyph/16/0/10/7/6,no_stem,,0,"{""too_thin"": 1}",ADJUDICATE,adjudicate_duration,narrowed,
glyph/16/0/10/7/8,no_stem,,0,"{""too_thin"": 1}",ADJUDICATE,adjudicate_duration,narrowed,
glyph/16/0/11/1/2,occupied,False,0,{},ADJUDICATE,adjudicate_duration,narrowed,
glyph/16/0/11/1/4,occupied,False,0,{},ADJUDICATE,adjudicate_duration,narrowed,
glyph/16/0/11/1/5,occupied,False,0,{},ADJUDICATE,adjudicate_duration,narrowed,
glyph/16/0/11/1/6,no_stem,,0,{},ADJUDICATE,adjudicate_duration,narrowed,
glyph/16/0/11/2/2,clean,True,1,"{""not_straight"": 1, ""too_thin"": 2}",ADJUDICATE,adjudicate_duration,narrowed,
glyph/16/0/11/3/7,occupied,False,0,{},ADJUDICATE,adjudicate_duration,narrowed,
glyph/16/0/11/3/10,occupied,False,1,{},ADJUDICATE,adjudicate_duration,narrowed,
glyph/16/0/11/5/0,occupied,False,1,{},ADJUDICATE,adjudicate_duration,narrowed,
glyph/16/0/11/5/2,occupied,False,1,{},ADJUDICATE,adjudicate_duration,narrowed,
glyph/16/0/11/5/3,occupied,False,0,{},ADJUDICATE,adjudicate_duration,narrowed,
glyph/16/0/11/6/1,no_stem,,1,"{""too_thin"": 1}",ADJUDICATE,adjudicate_duration,narrowed,
glyph/16/0/11/6/10,no_stem,,0,"{""too_thin"": 1}",ADJUDICATE,adjudicate_duration,narrowed,
glyph/16/0/11/7/0,occupied,False,1,{},ADJUDICATE,adjudicate_duration,narrowed,
glyph/16/0/11/7/2,clean,False,1,{},ADJUDICATE,adjudicate_duration,narrowed,
glyph/16/0/11/8/0,occupied,False,1,{},ADJUDICATE,adjudicate_duration,narrowed,
glyph/16/0/11/8/1,occupied,False,1,{},ADJUDICATE,adjudicate_duration,narrowed,
glyph/16/0/11/8/9,occupied,False,0,{},ADJUDICATE,adjudicate_duration,narrowed,
glyph/16/0/11/9/0,occupied,False,1,"{""too_thin"": 1}",ADJUDICATE,adjudicate_duration,narrowed,
glyph/16/0/11/9/1,occupied,False,1,"{""too_thin"": 1}",ADJUDICATE,adjudicate_duration,narrowed,
glyph/16/0/11/9/10,occupied,False,0,"{""too_thin"": 1}",ADJUDICATE,adjudicate_duration,narrowed,
glyph/16/0/11/10/1,left_inked,False,1,{},ADJUDICATE,adjudicate_duration,narrowed,
glyph/16/0/11/10/3,no_stem,,1,{},ADJUDICATE,adjudicate_duration,narrowed,
glyph/16/0/11/11/0,clean,False,1,{},ADJUDICATE,adjudicate_duration,narrowed,
glyph/16/0/11/11/5,occupied,False,0,{},ADJUDICATE,adjudicate_duration,narrowed,
glyph/16/0/12/0/7,clean,True,0,"{""too_thin"": 1}",EVALUATE,reconcile_duration,decided,0
glyph/16/0/12/2/0,clean,False,0,"{""too_thin"": 2}",EVALUATE,reconcile_duration,decided,0
glyph/16/0/12/3/1,clean,True,1,"{""too_thin"": 1}",ADJUDICATE,adjudicate_duration,narrowed,
glyph/16/0/12/3/3,clean,True,1,"{""too_thin"": 1}",ADJUDICATE,adjudicate_duration,narrowed,
glyph/16/0/12/4/1,occupied,True,1,"{""too_thin"": 1}",ADJUDICATE,adjudicate_duration,narrowed,
glyph/16/0/12/5/1,clean,True,1,"{""too_thin"": 1}",ADJUDICATE,adjudicate_duration,narrowed,
glyph/16/0/12/5/4,clean,True,1,"{""too_thin"": 1}",ADJUDICATE,adjudicate_duration,narrowed,
glyph/16/0/12/7/1,clean,False,1,"{""too_thin"": 1}",ADJUDICATE,adjudicate_duration,narrowed,
glyph/16/0/12/7/4,occupied,False,1,"{""too_thin"": 1}",ADJUDICATE,adjudicate_duration,narrowed,
glyph/16/0/12/9/1,occupied,True,1,"{""too_thin"": 1}",ADJUDICATE,adjudicate_duration,narrowed,
glyph/16/0/12/9/2,clean,True,1,"{""too_thin"": 1}",ADJUDICATE,adjudicate_duration,narrowed,
glyph/16/0/13/0/9,occupied,True,1,"{""too_thin"": 1}",EVALUATE,reconcile_duration,decided,0
glyph/16/0/13/1/0,occupied,True,1,"{""too_thin"": 2}",ADJUDICATE,adjudicate_duration,narrowed,
glyph/16/0/13/1/3,occupied,True,0,"{""too_thin"": 2}",ADJUDICATE,adjudicate_duration,narrowed,
glyph/16/0/13/2/0,clean,False,0,"{""too_thin"": 1}",ADJUDICATE,adjudicate_duration,narrowed,
glyph/16/0/13/2/1,clean,True,1,"{""too_thin"": 2}",ADJUDICATE,adjudicate_duration,narrowed,
glyph/16/0/13/3/0,clean,False,1,"{""too_thin"": 1}",ADJUDICATE,adjudicate_duration,narrowed,
glyph/16/0/13/3/3,occupied,False,1,"{""too_thin"": 1}",ADJUDICATE,adjudicate_duration,narrowed,
glyph/16/0/13/5/0,occupied,True,1,"{""too_thin"": 1}",ADJUDICATE,adjudicate_duration,narrowed,
glyph/16/0/13/5/4,clean,True,1,"{""too_thin"": 1}",ADJUDICATE,adjudicate_duration,narrowed,
glyph/16/0/13/6/2,clean,False,0,{},ADJUDICATE,adjudicate_duration,narrowed,
glyph/16/0/13/6/4,clean,False,0,{},ADJUDICATE,adjudicate_duration,narrowed,
glyph/16/0/13/9/3,clean,True,1,"{""too_thin"": 1}",EVALUATE,reconcile_duration,decided,0
glyph/16/0/13/10/0,clean,False,0,{},ADJUDICATE,adjudicate_duration,narrowed,
glyph/16/0/13/10/1,occupied,True,1,{},EVALUATE,reconcile_duration,decided,0
glyph/16/1/0/1/0,clean,True,1,"{""too_thin"": 2}",ADJUDICATE,adjudicate_duration,narrowed,
glyph/16/1/0/1/1,clean,True,0,"{""too_thin"": 2}",ADJUDICATE,adjudicate_duration,narrowed,
glyph/16/1/0/3/2,clean,False,0,"{""too_thin"": 2}",ADJUDICATE,adjudicate_duration,narrowed,
glyph/16/1/0/4/7,clean,False,0,"{""too_thin"": 1}",ADJUDICATE,adjudicate_duration,narrowed,
glyph/16/1/0/5/4,clean,False,0,"{""too_thin"": 3}",EVALUATE,reconcile_duration,decided,0
glyph/16/1/1/2/1,occupied,True,0,"{""too_thin"": 3}",ADJUDICATE,adjudicate_duration,narrowed,
glyph/16/1/1/3/4,clean,False,0,"{""too_thin"": 1}",ADJUDICATE,adjudicate_duration,narrowed,
glyph/16/1/1/4/3,no_stem,,0,"{""too_thin"": 3}",ADJUDICATE,adjudicate_duration,narrowed,
glyph/16/1/1/5/1,clean,False,0,"{""too_thin"": 2}",ADJUDICATE,adjudicate_duration,narrowed,
glyph/16/1/1/5/2,no_stem,,1,"{""too_thin"": 2}",ADJUDICATE,adjudicate_duration,narrowed,
glyph/16/1/1/5/4,no_stem,,1,"{""too_thin"": 3}",ADJUDICATE,adjudicate_duration,narrowed,
glyph/16/1/1/8/2,no_stem,,1,"{""too_thin"": 1}",ADJUDICATE,adjudicate_duration,narrowed,
glyph/16/1/1/8/15,no_stem,,1,"{""too_thin"": 1}",ADJUDICATE,adjudicate_duration,narrowed,
glyph/16/1/2/0/5,clean,False,1,{},ADJUDICATE,adjudicate_duration,narrowed,
glyph/16/1/2/0/17,no_stem,,1,{},ADJUDICATE,adjudicate_duration,narrowed,
glyph/16/1/2/0/19,clean,False,1,{},ADJUDICATE,adjudicate_duration,narrowed,
glyph/16/1/2/1/3,clean,False,1,"{""too_thin"": 1}",ADJUDICATE,adjudicate_duration,narrowed,
glyph/16/1/2/1/11,clean,False,1,"{""too_thin"": 1}",ADJUDICATE,adjudicate_duration,narrowed,
glyph/16/1/2/2/0,clean,False,1,"{""too_thin"": 1}",ADJUDICATE,adjudicate_duration,narrowed,
glyph/16/1/2/2/12,clean,False,1,"{""too_thin"": 1}",ADJUDICATE,adjudicate_duration,narrowed,
glyph/16/1/2/3/6,no_stem,,1,"{""no_stem_at_ends"": 1, ""too_thin"": 2}",ADJUDICATE,adjudicate_duration,narrowed,
glyph/16/1/2/3/10,no_stem,,1,"{""no_stem_at_ends"": 1, ""too_thin"": 2}",ADJUDICATE,adjudicate_duration,narrowed,
glyph/16/1/2/4/1,no_stem,,1,"{""too_thin"": 2}",ADJUDICATE,adjudicate_duration,narrowed,
glyph/16/1/2/4/3,no_stem,,1,"{""too_thin"": 2}",ADJUDICATE,adjudicate_duration,narrowed,
glyph/16/1/2/4/4,no_stem,,1,"{""too_thin"": 2}",ADJUDICATE,adjudicate_duration,narrowed,
glyph/16/1/2/4/7,no_stem,,1,"{""too_thin"": 2}",ADJUDICATE,adjudicate_duration,narrowed,
glyph/16/1/2/5/7,no_stem,,1,"{""not_straight"": 1, ""too_thin"": 5}",ADJUDICATE,adjudicate_duration,narrowed,
glyph/16/1/2/5/8,no_stem,,1,"{""not_straight"": 1, ""too_thin"": 5}",ADJUDICATE,adjudicate_duration,narrowed,
glyph/16/1/2/5/9,no_stem,,1,"{""not_straight"": 1, ""too_thin"": 5}",ADJUDICATE,adjudicate_duration,narrowed,
glyph/16/1/2/5/16,no_stem,,1,"{""not_straight"": 1, ""too_thin"": 5}",ADJUDICATE,adjudicate_duration,narrowed,
glyph/16/1/3/2/1,no_stem,,1,{},EVALUATE,reconcile_duration,decided,0
glyph/16/1/3/3/6,no_stem,,1,"{""too_thin"": 2}",ADJUDICATE,adjudicate_duration,narrowed,
glyph/16/1/3/3/8,no_stem,,1,"{""too_thin"": 2}",ADJUDICATE,adjudicate_duration,narrowed,
glyph/16/1/3/4/7,no_stem,,1,"{""too_thin"": 2}",ADJUDICATE,adjudicate_duration,narrowed,
glyph/16/1/3/4/9,no_stem,,1,"{""too_thin"": 2}",ADJUDICATE,adjudicate_duration,narrowed,
glyph/16/1/3/4/10,no_stem,,1,"{""too_thin"": 2}",ADJUDICATE,adjudicate_duration,narrowed,
glyph/16/1/3/4/11,no_stem,,1,"{""too_thin"": 2}",ADJUDICATE,adjudicate_duration,narrowed,
glyph/16/1/3/5/4,no_stem,,1,"{""too_thin"": 3}",ADJUDICATE,adjudicate_duration,narrowed,
glyph/16/1/3/5/8,no_stem,,1,"{""too_thin"": 3}",ADJUDICATE,adjudicate_duration,narrowed,
glyph/16/1/4/0/2,clean,False,0,{},ADJUDICATE,adjudicate_duration,narrowed,
glyph/16/1/4/0/4,clean,True,1,{},ADJUDICATE,adjudicate_duration,narrowed,
glyph/16/1/4/4/0,clean,False,0,"{""too_thin"": 2}",ADJUDICATE,adjudicate_duration,narrowed,
glyph/16/1/4/4/1,clean,True,1,"{""too_thin"": 1}",ADJUDICATE,adjudicate_duration,narrowed,
glyph/16/1/4/5/0,clean,True,1,"{""too_thin"": 2}",ADJUDICATE,adjudicate_duration,narrowed,
glyph/16/1/4/5/1,no_stem,,0,"{""too_thin"": 4}",ADJUDICATE,adjudicate_duration,narrowed,
glyph/16/1/5/0/4,no_stem,,0,"{""too_thin"": 1}",ADJUDICATE,adjudicate_duration,narrowed,
glyph/16/1/5/2/1,no_stem,,0,{},EVALUATE,reconcile_duration,decided,0
glyph/16/1/5/4/2,no_stem,,0,"{""too_thin"": 3}",EVALUATE,reconcile_chord_duration,decided,0
glyph/16/1/5/5/0,no_stem,,0,"{""too_thin"": 3}",ADJUDICATE,adjudicate_duration,narrowed,
glyph/16/1/7/4/2,no_stem,,0,"{""too_thin"": 3}",EVALUATE,reconcile_chord_duration,decided,0
glyph/16/1/7/5/1,no_stem,,0,"{""too_thin"": 1}",ADJUDICATE,adjudicate_duration,narrowed,
glyph/16/1/7/6/14,no_stem,,0,"{""too_thin"": 1}",ADJUDICATE,adjudicate_duration,narrowed,
glyph/16/1/9/0/6,no_stem,,1,{},ADJUDICATE,adjudicate_duration,narrowed,
glyph/16/1/9/2/0,no_stem,,1,{},ADJUDICATE,adjudicate_duration,narrowed,
glyph/16/1/9/3/2,no_stem,,1,"{""one_stem"": 1}",EVALUATE,reconcile_duration,decided,0
glyph/16/1/9/4/2,no_stem,,0,"{""too_thin"": 2}",ADJUDICATE,adjudicate_duration,narrowed,
glyph/16/1/9/4/6,no_stem,,1,"{""too_thin"": 2}",ADJUDICATE,adjudicate_duration,narrowed,
glyph/16/1/9/5/3,clean,False,0,"{""too_thin"": 2}",EVALUATE,reconcile_duration,decided,0
glyph/16/1/10/4/6,no_stem,,0,"{""too_thin"": 5}",EVALUATE,reconcile_duration,decided,0
glyph/16/1/11/1/0,occupied,False,1,"{""too_thin"": 1}",ADJUDICATE,adjudicate_duration,narrowed,
glyph/16/1/11/1/1,clean,True,1,"{""too_thin"": 1}",ADJUDICATE,adjudicate_duration,narrowed,
glyph/16/1/11/2/1,occupied,True,1,"{""too_thin"": 2}",EVALUATE,reconcile_duration,decided,0
glyph/16/1/11/4/2,no_stem,,0,"{""one_stem"": 1, ""too_thin"": 3}",ADJUDICATE,adjudicate_duration,narrowed,
glyph/16/1/11/4/8,no_stem,,0,"{""one_stem"": 1, ""too_thin"": 3}",ADJUDICATE,adjudicate_duration,narrowed,
glyph/16/1/12/1/0,clean,True,1,"{""too_thin"": 1}",ADJUDICATE,adjudicate_duration,narrowed,
glyph/16/1/12/1/5,occupied,True,0,{},ADJUDICATE,adjudicate_duration,narrowed,
glyph/16/1/12/3/4,clean,True,1,"{""too_thin"": 1}",ADJUDICATE,adjudicate_duration,narrowed,
glyph/16/1/12/4/1,clean,True,0,"{""too_thin"": 1}",ADJUDICATE,adjudicate_duration,narrowed,
glyph/16/1/12/5/5,no_stem,,0,"{""too_thin"": 2}",EVALUATE,reconcile_duration,decided,0
glyph/16/1/13/0/2,occupied,True,1,{},ADJUDICATE,adjudicate_duration,narrowed,
glyph/16/1/13/0/5,clean,False,0,{},ADJUDICATE,adjudicate_duration,narrowed,
glyph/16/1/13/1/3,clean,True,1,"{""too_thin"": 1}",EVALUATE,reconcile_duration,decided,0
glyph/16/1/13/2/1,clean,True,1,"{""too_thin"": 1}",EVALUATE,reconcile_duration,decided,0
glyph/16/1/13/4/0,clean,True,1,"{""too_thin"": 1}",ADJUDICATE,adjudicate_duration,narrowed,
glyph/16/1/13/4/1,clean,False,0,"{""no_stem_at_ends"": 2}",ADJUDICATE,adjudicate_duration,narrowed,
glyph/16/1/13/5/1,no_stem,,0,"{""no_stem_at_ends"": 2}",EVALUATE,reconcile_duration,decided,1
glyph/17/0/0/2/3,no_stem,,0,{},ADJUDICATE,adjudicate_duration,narrowed,
glyph/17/0/0/2/6,clean,False,1,{},ADJUDICATE,adjudicate_duration,narrowed,
glyph/17/0/0/2/14,no_stem,,0,{},ADJUDICATE,adjudicate_duration,narrowed,
glyph/17/0/0/2/15,clean,False,0,{},ADJUDICATE,adjudicate_duration,narrowed,
glyph/17/0/0/3/4,clean,False,1,{},ADJUDICATE,adjudicate_duration,narrowed,
glyph/17/0/0/3/10,occupied,True,0,{},ADJUDICATE,adjudicate_duration,narrowed,
glyph/17/0/0/3/11,occupied,True,0,{},ADJUDICATE,adjudicate_duration,narrowed,
glyph/17/0/0/4/0,clean,False,1,{},ADJUDICATE,adjudicate_duration,narrowed,
glyph/17/0/0/4/1,clean,False,1,{},ADJUDICATE,adjudicate_duration,narrowed,
glyph/17/0/0/5/2,no_stem,,1,{},EVALUATE,reconcile_duration,decided,0
glyph/17/0/1/0/5,no_stem,,0,{},ADJUDICATE,adjudicate_duration,narrowed,
glyph/17/0/1/0/6,no_stem,,0,{},ADJUDICATE,adjudicate_duration,narrowed,
glyph/17/0/1/0/8,no_stem,,1,{},EVALUATE,reconcile_duration,decided,0
glyph/17/0/1/0/11,clean,False,0,{},ADJUDICATE,adjudicate_duration,narrowed,
glyph/17/0/1/0/13,clean,False,0,{},ADJUDICATE,adjudicate_duration,narrowed,
glyph/17/0/1/5/0,clean,False,0,"{""too_thin"": 1}",ADJUDICATE,adjudicate_duration,narrowed,
glyph/17/0/1/5/6,clean,False,0,"{""too_thin"": 1}",ADJUDICATE,adjudicate_duration,narrowed,
glyph/17/0/2/2/3,occupied,False,1,{},ADJUDICATE,adjudicate_duration,narrowed,
glyph/17/0/2/2/7,occupied,False,1,{},ADJUDICATE,adjudicate_duration,narrowed,
glyph/17/0/2/3/0,clean,True,0,{},ADJUDICATE,adjudicate_duration,narrowed,
glyph/17/0/2/3/3,clean,True,0,{},ADJUDICATE,adjudicate_duration,narrowed,
glyph/17/0/2/4/0,clean,False,1,"{""too_thin"": 1}",ADJUDICATE,adjudicate_duration,narrowed,
glyph/17/0/2/4/1,clean,False,1,"{""too_thin"": 1}",ADJUDICATE,adjudicate_duration,narrowed,
glyph/17/0/2/5/5,no_stem,,0,"{""too_thin"": 1}",EVALUATE,reconcile_duration,decided,0
glyph/17/0/3/3/19,no_stem,,0,"{""too_thin"": 1}",ADJUDICATE,adjudicate_duration,narrowed,
glyph/17/0/3/3/22,no_stem,,0,"{""too_thin"": 1}",ADJUDICATE,adjudicate_duration,narrowed,
glyph/17/0/4/3/2,clean,False,0,{},ADJUDICATE,adjudicate_duration,narrowed,
glyph/17/0/4/3/4,clean,False,1,{},ADJUDICATE,adjudicate_duration,narrowed,
glyph/17/0/4/4/0,clean,False,1,{},ADJUDICATE,adjudicate_duration,narrowed,
glyph/17/0/4/4/1,clean,False,1,{},ADJUDICATE,adjudicate_duration,narrowed,
glyph/17/0/5/4/1,clean,False,1,{},EVALUATE,reconcile_duration,decided,0
glyph/17/0/5/5/1,clean,False,0,{},EVALUATE,reconcile_duration,decided,0
glyph/17/0/5/5/5,clean,True,1,{},ADJUDICATE,adjudicate_duration,narrowed,
glyph/17/0/6/5/0,no_stem,,1,{},EVALUATE,reconcile_duration,decided,0
glyph/17/0/7/5/0,clean,False,1,{},ADJUDICATE,adjudicate_duration,narrowed,
glyph/17/0/7/5/10,clean,False,1,{},ADJUDICATE,adjudicate_duration,narrowed,
glyph/17/0/13/3/1,clean,False,1,{},ADJUDICATE,adjudicate_duration,narrowed,
glyph/17/0/13/3/2,clean,False,0,{},ADJUDICATE,adjudicate_duration,narrowed,
glyph/17/0/13/4/1,clean,False,1,{},EVALUATE,reconcile_duration,decided,0
glyph/17/1/0/0/8,no_stem,,1,{},ADJUDICATE,adjudicate_duration,narrowed,
glyph/17/1/0/0/9,no_stem,,1,{},ADJUDICATE,adjudicate_duration,narrowed,
glyph/17/1/0/0/15,no_stem,,1,"{""too_thin"": 2}",ADJUDICATE,adjudicate_duration,narrowed,
glyph/17/1/0/5/2,no_stem,,1,{},ADJUDICATE,adjudicate_duration,narrowed,
glyph/17/1/1/1/3,occupied,False,0,{},ADJUDICATE,adjudicate_duration,narrowed,
glyph/17/1/1/1/4,no_stem,,1,{},ADJUDICATE,adjudicate_duration,narrowed,
glyph/17/1/1/1/7,occupied,False,0,{},ADJUDICATE,adjudicate_duration,narrowed,
glyph/17/1/1/2/1,clean,False,1,"{""too_thin"": 1}",ADJUDICATE,adjudicate_duration,narrowed,
glyph/17/1/1/2/10,clean,False,1,"{""too_thin"": 1}",ADJUDICATE,adjudicate_duration,narrowed,
glyph/17/1/1/5/3,no_stem,,1,{},ADJUDICATE,adjudicate_duration,narrowed,
glyph/17/1/2/1/1,no_stem,,0,"{""too_thin"": 1}",ADJUDICATE,adjudicate_duration,narrowed,
glyph/17/1/2/1/3,no_stem,,0,"{""too_thin"": 2}",ADJUDICATE,adjudicate_duration,narrowed,
glyph/17/1/2/2/2,clean,False,1,"{""too_thin"": 1}",ADJUDICATE,adjudicate_duration,narrowed,
glyph/17/1/2/2/6,clean,False,1,"{""too_thin"": 1}",ADJUDICATE,adjudicate_duration,narrowed,
glyph/17/1/3/1/0,no_stem,,0,"{""too_thin"": 1}",ADJUDICATE,adjudicate_duration,narrowed,
glyph/17/1/3/1/2,no_stem,,0,"{""too_thin"": 1}",ADJUDICATE,adjudicate_duration,narrowed,
glyph/17/1/4/0/2,clean,False,1,{},ADJUDICATE,adjudicate_duration,narrowed,
glyph/17/1/4/0/3,clean,False,1,{},ADJUDICATE,adjudicate_duration,narrowed,
glyph/17/1/5/1/0,clean,False,0,{},ADJUDICATE,adjudicate_duration,narrowed,
glyph/17/1/5/1/1,clean,False,1,{},ADJUDICATE,adjudicate_duration,narrowed,
glyph/17/1/5/1/2,clean,False,0,{},ADJUDICATE,adjudicate_duration,narrowed,
glyph/17/1/5/1/3,clean,False,1,{},ADJUDICATE,adjudicate_duration,narrowed,
glyph/17/1/5/5/2,no_stem,,1,{},ADJUDICATE,adjudicate_duration,narrowed,
glyph/17/1/6/0/2,no_stem,,1,{},ADJUDICATE,adjudicate_duration,narrowed,
glyph/17/1/6/0/7,clean,False,1,{},ADJUDICATE,adjudicate_duration,narrowed,
glyph/17/1/6/0/9,clean,False,0,{},ADJUDICATE,adjudicate_duration,narrowed,
glyph/17/1/6/3/4,clean,False,1,{},ADJUDICATE,adjudicate_duration,narrowed,
glyph/17/1/6/3/5,clean,False,1,{},ADJUDICATE,adjudicate_duration,narrowed,
glyph/17/1/7/3/2,occupied,False,1,{},ADJUDICATE,adjudicate_duration,narrowed,
glyph/17/1/7/3/4,occupied,False,1,{},ADJUDICATE,adjudicate_duration,narrowed,
glyph/17/1/9/5/5,clean,False,1,{},ADJUDICATE,adjudicate_duration,narrowed,
glyph/17/1/10/5/9,no_stem,,0,"{""too_thin"": 2}",ADJUDICATE,adjudicate_duration,narrowed,
glyph/17/1/10/5/10,clean,True,0,"{""too_thin"": 1}",ADJUDICATE,adjudicate_duration,narrowed,
glyph/17/1/10/5/11,no_stem,,0,"{""too_thin"": 2}",ADJUDICATE,adjudicate_duration,narrowed,
glyph/17/1/10/5/12,clean,True,0,"{""too_thin"": 1}",ADJUDICATE,adjudicate_duration,narrowed,
glyph/17/1/10/5/13,no_stem,,0,"{""too_thin"": 2}",ADJUDICATE,adjudicate_duration,narrowed,
glyph/17/1/10/5/14,no_stem,,0,"{""too_thin"": 2}",ADJUDICATE,adjudicate_duration,narrowed,
glyph/17/1/13/2/0,occupied,False,1,{},ADJUDICATE,adjudicate_duration,narrowed,
glyph/17/1/13/2/1,clean,False,1,{},ADJUDICATE,adjudicate_duration,narrowed,
glyph/17/1/13/4/2,clean,False,1,{},ADJUDICATE,adjudicate_duration,narrowed,
glyph/18/0/0/2/3,no_stem,,1,"{""too_thin"": 1}",ADJUDICATE,adjudicate_duration,narrowed,
glyph/18/0/0/2/24,no_stem,,1,"{""too_thin"": 1}",ADJUDICATE,adjudicate_duration,narrowed,
glyph/18/0/0/3/3,no_stem,,0,"{""too_thin"": 1}",ADJUDICATE,adjudicate_duration,narrowed,
glyph/18/0/0/3/18,no_stem,,0,"{""too_thin"": 1}",ADJUDICATE,adjudicate_duration,narrowed,
glyph/18/0/0/4/0,clean,True,1,"{""too_thin"": 2}",ADJUDICATE,adjudicate_duration,narrowed,
glyph/18/0/0/4/6,no_stem,,1,"{""too_thin"": 2}",ADJUDICATE,adjudicate_duration,narrowed,
glyph/18/0/0/4/11,no_stem,,1,"{""too_thin"": 2}",ADJUDICATE,adjudicate_duration,narrowed,
glyph/18/0/0/4/16,clean,True,1,"{""too_thin"": 2}",ADJUDICATE,adjudicate_duration,narrowed,
glyph/18/0/1/0/2,clean,False,1,"{""too_thin"": 1}",ADJUDICATE,adjudicate_duration,narrowed,
glyph/18/0/1/0/8,clean,False,1,"{""too_thin"": 1}",ADJUDICATE,adjudicate_duration,narrowed,
glyph/18/0/1/1/2,no_stem,,1,"{""too_thin"": 2}",ADJUDICATE,adjudicate_duration,narrowed,
glyph/18/0/1/1/5,no_stem,,1,"{""too_thin"": 3}",ADJUDICATE,adjudicate_duration,narrowed,
glyph/18/0/1/2/1,clean,False,1,"{""too_thin"": 2}",ADJUDICATE,adjudicate_duration,narrowed,
glyph/18/0/1/2/3,clean,False,1,"{""too_thin"": 2}",ADJUDICATE,adjudicate_duration,narrowed,
glyph/18/0/1/2/4,clean,False,1,"{""too_thin"": 2}",ADJUDICATE,adjudicate_duration,narrowed,
glyph/18/0/1/2/5,clean,False,0,"{""too_thin"": 2}",ADJUDICATE,adjudicate_duration,narrowed,
glyph/18/0/1/3/2,no_stem,,0,"{""too_thin"": 3}",ADJUDICATE,adjudicate_duration,narrowed,
glyph/18/0/1/3/3,no_stem,,1,"{""too_thin"": 3}",ADJUDICATE,adjudicate_duration,narrowed,
glyph/18/0/1/3/7,no_stem,,1,"{""too_thin"": 4}",ADJUDICATE,adjudicate_duration,narrowed,
glyph/18/0/1/4/0,no_stem,,1,{},ADJUDICATE,adjudicate_duration,narrowed,
glyph/18/0/1/4/5,no_stem,,1,{},ADJUDICATE,adjudicate_duration,narrowed,
glyph/18/0/1/4/10,no_stem,,1,"{""too_thin"": 1}",ADJUDICATE,adjudicate_duration,narrowed,
glyph/18/0/1/5/0,no_stem,,1,{},ADJUDICATE,adjudicate_duration,narrowed,
glyph/18/0/1/5/5,no_stem,,0,{},ADJUDICATE,adjudicate_duration,narrowed,
glyph/18/0/2/2/2,clean,False,1,"{""too_thin"": 1}",ADJUDICATE,adjudicate_duration,narrowed,
glyph/18/0/2/2/7,clean,False,1,"{""too_thin"": 1}",ADJUDICATE,adjudicate_duration,narrowed,
glyph/18/0/2/2/11,no_stem,,1,"{""too_thin"": 2}",ADJUDICATE,adjudicate_duration,narrowed,
glyph/18/0/2/2/12,no_stem,,1,"{""too_thin"": 2}",ADJUDICATE,adjudicate_duration,narrowed,
glyph/18/0/2/3/4,no_stem,,0,{},ADJUDICATE,adjudicate_duration,narrowed,
glyph/18/0/3/0/6,occupied,False,1,"{""too_thin"": 2}",ADJUDICATE,adjudicate_duration,narrowed,
glyph/18/0/3/0/19,occupied,False,1,"{""too_thin"": 2}",ADJUDICATE,adjudicate_duration,narrowed,
glyph/18/0/4/2/1,clean,True,1,"{""not_straight"": 1}",ADJUDICATE,adjudicate_duration,narrowed,
glyph/18/0/4/2/3,occupied,True,0,"{""not_straight"": 1}",ADJUDICATE,adjudicate_duration,narrowed,
glyph/18/0/4/2/5,clean,False,1,{},ADJUDICATE,adjudicate_duration,narrowed,
glyph/18/0/4/4/4,clean,False,1,"{""too_thin"": 1}",ADJUDICATE,adjudicate_duration,narrowed,
glyph/18/0/4/6/5,occupied,False,0,{},ADJUDICATE,adjudicate_duration,narrowed,
glyph/18/0/5/1/1,no_stem,,1,{},ADJUDICATE,adjudicate_duration,narrowed,
glyph/18/0/5/2/0,no_stem,,1,"{""too_thin"": 1}",ADJUDICATE,adjudicate_duration,narrowed,
glyph/18/0/5/2/1,no_stem,,1,"{""too_thin"": 1}",ADJUDICATE,adjudicate_duration,narrowed,
glyph/18/0/5/2/3,no_stem,,0,"{""too_thin"": 1}",ADJUDICATE,adjudicate_duration,narrowed,
glyph/18/0/5/2/4,no_stem,,0,"{""too_thin"": 1}",ADJUDICATE,adjudicate_duration,narrowed,
glyph/18/0/5/2/5,no_stem,,0,"{""too_thin"": 1}",ADJUDICATE,adjudicate_duration,narrowed,
glyph/18/0/5/2/6,no_stem,,0,"{""too_thin"": 1}",ADJUDICATE,adjudicate_duration,narrowed,
glyph/18/0/5/2/8,no_stem,,0,"{""too_thin"": 1}",ADJUDICATE,adjudicate_duration,narrowed,
glyph/18/0/5/2/11,no_stem,,0,"{""too_thin"": 1}",ADJUDICATE,adjudicate_duration,narrowed,
glyph/18/0/5/3/6,no_stem,,0,{},ADJUDICATE,adjudicate_duration,narrowed,
glyph/18/0/5/4/3,no_stem,,1,"{""too_thin"": 1}",ADJUDICATE,adjudicate_duration,narrowed,
glyph/18/0/6/4/0,no_stem,,1,"{""too_thin"": 1}",ADJUDICATE,adjudicate_duration,narrowed,
glyph/18/0/6/4/1,no_stem,,1,"{""too_thin"": 1}",ADJUDICATE,adjudicate_duration,narrowed,
glyph/18/0/7/1/0,no_stem,,1,{},ADJUDICATE,adjudicate_duration,narrowed,
glyph/18/0/7/2/2,no_stem,,1,"{""too_thin"": 1}",ADJUDICATE,adjudicate_duration,narrowed,
glyph/18/0/7/3/4,no_stem,,1,"{""through_heads"": 1}",ADJUDICATE,adjudicate_duration,narrowed,
glyph/18/0/9/0/3,clean,False,1,{},ADJUDICATE,adjudicate_duration,narrowed,
glyph/18/0/9/0/6,clean,False,1,{},ADJUDICATE,adjudicate_duration,narrowed,
glyph/18/0/9/1/5,no_stem,,1,{},ADJUDICATE,adjudicate_duration,narrowed,
glyph/18/0/9/2/0,clean,True,1,"{""too_thin"": 1}",ADJUDICATE,adjudicate_duration,narrowed,
glyph/18/0/9/2/1,clean,True,1,"{""too_thin"": 1}",ADJUDICATE,adjudicate_duration,narrowed,
glyph/18/0/9/3/2,no_stem,,0,"{""too_thin"": 1}",ADJUDICATE,adjudicate_duration,narrowed,
glyph/18/0/9/3/6,clean,True,1,"{""too_thin"": 1}",ADJUDICATE,adjudicate_duration,narrowed,
glyph/18/0/9/4/1,clean,True,1,"{""too_thin"": 1}",ADJUDICATE,adjudicate_duration,narrowed,
glyph/18/0/9/4/3,no_stem,,1,"{""too_thin"": 1}",ADJUDICATE,adjudicate_duration,narrowed,
glyph/18/0/10/1/0,no_stem,,0,{},ADJUDICATE,adjudicate_duration,narrowed,
glyph/18/0/10/1/1,no_stem,,0,{},ADJUDICATE,adjudicate_duration,narrowed,
glyph/18/0/10/1/3,no_stem,,0,{},ADJUDICATE,adjudicate_duration,narrowed,
glyph/18/0/10/1/5,no_stem,,0,{},ADJUDICATE,adjudicate_duration,narrowed,
glyph/18/0/10/2/1,no_stem,,0,"{""too_thin"": 1}",ADJUDICATE,adjudicate_duration,narrowed,
glyph/18/0/10/2/6,no_stem,,0,"{""too_thin"": 1}",ADJUDICATE,adjudicate_duration,narrowed,
glyph/18/0/10/3/12,no_stem,,0,"{""too_thin"": 1}",ADJUDICATE,adjudicate_duration,narrowed,
glyph/18/0/10/3/20,no_stem,,0,"{""too_thin"": 1}",ADJUDICATE,adjudicate_duration,narrowed,
glyph/18/0/11/0/13,clean,False,1,{},ADJUDICATE,adjudicate_duration,narrowed,
glyph/18/0/12/4/5,clean,False,1,"{""too_thin"": 1}",ADJUDICATE,adjudicate_duration,narrowed,
glyph/18/1/0/5/1,no_stem,,1,"{""too_thin"": 1}",ADJUDICATE,adjudicate_duration,narrowed,
glyph/18/1/0/5/7,clean,False,1,"{""too_thin"": 1}",ADJUDICATE,adjudicate_duration,narrowed,
glyph/18/1/0/5/19,clean,False,1,"{""too_thin"": 1}",ADJUDICATE,adjudicate_duration,narrowed,
glyph/18/1/0/5/21,no_stem,,1,"{""too_thin"": 1}",ADJUDICATE,adjudicate_duration,narrowed,
glyph/18/1/0/5/22,no_stem,,0,"{""too_thin"": 1}",ADJUDICATE,adjudicate_duration,narrowed,
glyph/18/1/0/7/3,clean,False,1,"{""too_thin"": 1}",ADJUDICATE,adjudicate_duration,narrowed,
glyph/18/1/0/7/17,clean,False,1,"{""too_thin"": 1}",ADJUDICATE,adjudicate_duration,narrowed,
glyph/18/1/1/7/7,no_stem,,1,"{""too_thin"": 1}",ADJUDICATE,adjudicate_duration,narrowed,
glyph/18/1/1/7/9,no_stem,,1,"{""too_thin"": 2}",ADJUDICATE,adjudicate_duration,narrowed,
glyph/18/1/2/0/4,clean,False,1,{},ADJUDICATE,adjudicate_duration,narrowed,
glyph/18/1/2/0/17,clean,False,1,{},ADJUDICATE,adjudicate_duration,narrowed,
glyph/18/1/2/1/0,clean,False,1,"{""too_thin"": 1}",ADJUDICATE,adjudicate_duration,narrowed,
glyph/18/1/2/1/7,clean,False,1,"{""too_thin"": 1}",ADJUDICATE,adjudicate_duration,narrowed,
glyph/18/1/2/3/1,clean,False,1,{},ADJUDICATE,adjudicate_duration,narrowed,
glyph/18/1/2/3/7,clean,False,1,{},ADJUDICATE,adjudicate_duration,narrowed,
glyph/18/1/2/3/8,clean,False,0,{},ADJUDICATE,adjudicate_duration,narrowed,
glyph/18/1/2/3/9,clean,False,0,{},ADJUDICATE,adjudicate_duration,narrowed,
glyph/18/1/2/5/2,clean,False,1,"{""too_thin"": 2}",ADJUDICATE,adjudicate_duration,narrowed,
glyph/18/1/2/5/12,clean,False,0,"{""too_thin"": 2}",ADJUDICATE,adjudicate_duration,narrowed,
glyph/18/1/2/5/13,no_stem,,1,"{""too_thin"": 5}",ADJUDICATE,adjudicate_duration,narrowed,
glyph/18/1/2/5/14,no_stem,,1,"{""too_thin"": 5}",ADJUDICATE,adjudicate_duration,narrowed,
glyph/18/1/3/1/0,no_stem,,1,{},ADJUDICATE,adjudicate_duration,narrowed,
glyph/18/1/3/1/1,no_stem,,1,{},ADJUDICATE,adjudicate_duration,narrowed,
glyph/18/1/3/2/0,no_stem,,0,"{""one_stem"": 1}",ADJUDICATE,adjudicate_duration,narrowed,
glyph/18/1/3/2/2,no_stem,,0,"{""one_stem"": 1}",ADJUDICATE,adjudicate_duration,narrowed,
glyph/18/1/3/2/5,no_stem,,0,"{""one_stem"": 1}",ADJUDICATE,adjudicate_duration,narrowed,
glyph/18/1/3/2/7,no_stem,,0,"{""one_stem"": 1}",ADJUDICATE,adjudicate_duration,narrowed,
glyph/18/1/3/2/8,no_stem,,0,"{""one_stem"": 1}",ADJUDICATE,adjudicate_duration,narrowed,
glyph/18/1/3/2/10,no_stem,,0,"{""one_stem"": 1}",ADJUDICATE,adjudicate_duration,narrowed,
glyph/18/1/3/4/1,occupied,False,1,{},ADJUDICATE,adjudicate_duration,narrowed,
glyph/18/1/3/4/6,occupied,False,1,{},ADJUDICATE,adjudicate_duration,narrowed,
glyph/18/1/3/5/4,clean,True,1,"{""too_thin"": 2}",EVALUATE,share_stem_value,decided,0
glyph/18/1/3/5/6,no_stem,,1,"{""too_thin"": 2}",ADJUDICATE,adjudicate_duration,narrowed,
glyph/18/1/3/5/7,clean,True,1,"{""too_thin"": 2}",EVALUATE,share_stem_value,decided,0
glyph/18/1/3/5/15,no_stem,,0,"{""too_thin"": 4}",ADJUDICATE,adjudicate_duration,narrowed,
glyph/18/1/3/6/2,no_stem,,1,{},EVALUATE,reconcile_duration,decided,1
glyph/18/1/3/7/2,occupied,False,1,{},ADJUDICATE,adjudicate_duration,narrowed,
glyph/18/1/3/7/3,occupied,True,1,"{""not_straight"": 1}",ADJUDICATE,adjudicate_duration,narrowed,
glyph/18/1/3/7/8,occupied,False,1,{},ADJUDICATE,adjudicate_duration,narrowed,
glyph/18/1/3/7/16,occupied,True,0,"{""not_straight"": 1}",ADJUDICATE,adjudicate_duration,narrowed,
glyph/18/1/3/7/26,occupied,False,0,{},EVALUATE,reconcile_chord_duration,decided,0
glyph/18/1/4/4/14,clean,False,1,{},EVALUATE,reconcile_duration,decided,0
glyph/18/1/4/5/9,clean,True,0,"{""too_thin"": 2}",ADJUDICATE,adjudicate_duration,narrowed,
glyph/18/1/4/5/13,clean,True,1,"{""too_thin"": 2}",ADJUDICATE,adjudicate_duration,narrowed,
glyph/18/1/4/7/2,clean,False,1,"{""too_thin"": 1}",ADJUDICATE,adjudicate_duration,narrowed,
glyph/18/1/5/2/2,no_stem,,1,{},EVALUATE,reconcile_duration,decided,0
glyph/18/1/5/2/4,clean,False,0,{},ADJUDICATE,adjudicate_duration,narrowed,
glyph/18/1/5/2/5,clean,False,0,{},ADJUDICATE,adjudicate_duration,narrowed,
glyph/18/1/5/3/0,no_stem,,0,{},ADJUDICATE,adjudicate_duration,narrowed,
glyph/18/1/5/3/2,no_stem,,1,{},ADJUDICATE,adjudicate_duration,narrowed,
glyph/18/1/5/3/6,no_stem,,1,"{""too_thin"": 1}",ADJUDICATE,adjudicate_duration,narrowed,
glyph/18/1/5/5/4,no_stem,,0,{},ADJUDICATE,adjudicate_duration,narrowed,
glyph/18/1/5/5/6,no_stem,,0,{},ADJUDICATE,adjudicate_duration,narrowed,
glyph/18/1/5/5/7,no_stem,,0,{},ADJUDICATE,adjudicate_duration,narrowed,
glyph/18/1/5/6/2,no_stem,,1,{},EVALUATE,reconcile_duration,decided,0
glyph/18/1/5/6/8,no_stem,,0,{},ADJUDICATE,adjudicate_duration,narrowed,
glyph/18/1/5/7/2,no_stem,,1,{},ADJUDICATE,adjudicate_duration,narrowed,
glyph/18/1/5/7/7,no_stem,,1,"{""too_thin"": 1}",ADJUDICATE,adjudicate_duration,narrowed,
glyph/18/1/9/0/6,occupied,True,0,{},ADJUDICATE,adjudicate_duration,narrowed,
glyph/18/1/9/1/1,clean,False,1,"{""one_stem"": 2}",ADJUDICATE,adjudicate_duration,narrowed,
glyph/18/1/9/1/2,clean,False,0,"{""one_stem"": 2}",ADJUDICATE,adjudicate_duration,narrowed,
glyph/18/1/9/1/5,no_stem,,0,"{""one_stem"": 2}",ADJUDICATE,adjudicate_duration,narrowed,
glyph/18/1/9/2/0,clean,False,0,{},ADJUDICATE,adjudicate_duration,narrowed,
glyph/18/1/9/2/1,clean,False,1,{},ADJUDICATE,adjudicate_duration,narrowed,
glyph/18/1/9/4/1,clean,False,0,{},ADJUDICATE,adjudicate_duration,narrowed,
glyph/18/1/9/6/1,clean,False,0,{},ADJUDICATE,adjudicate_duration,narrowed,
glyph/18/1/9/6/9,no_stem,,1,{},ADJUDICATE,adjudicate_duration,narrowed,
glyph/18/1/9/7/4,clean,True,1,"{""too_thin"": 3}",ADJUDICATE,adjudicate_duration,narrowed,
glyph/18/1/9/7/10,clean,False,1,"{""too_thin"": 3}",ADJUDICATE,adjudicate_duration,narrowed,
glyph/18/1/10/1/4,no_stem,,0,"{""too_thin"": 3}",ADJUDICATE,adjudicate_duration,narrowed,
glyph/18/1/10/1/7,no_stem,,0,"{""too_thin"": 3}",ADJUDICATE,adjudicate_duration,narrowed,
glyph/18/1/10/1/8,no_stem,,0,"{""too_thin"": 3}",ADJUDICATE,adjudicate_duration,narrowed,
glyph/18/1/10/1/9,no_stem,,0,"{""too_thin"": 3}",ADJUDICATE,adjudicate_duration,narrowed,
glyph/18/1/10/1/11,no_stem,,0,"{""too_thin"": 3}",ADJUDICATE,adjudicate_duration,narrowed,
glyph/18/1/10/1/12,no_stem,,0,"{""too_thin"": 3}",ADJUDICATE,adjudicate_duration,narrowed,
glyph/18/1/11/5/6,no_stem,,0,"{""too_thin"": 2}",ADJUDICATE,adjudicate_duration,narrowed,
glyph/18/1/11/5/8,no_stem,,0,"{""too_thin"": 2}",ADJUDICATE,adjudicate_duration,narrowed,
glyph/18/1/11/5/9,no_stem,,0,"{""too_thin"": 2}",ADJUDICATE,adjudicate_duration,narrowed,
glyph/18/1/11/5/10,no_stem,,0,"{""too_thin"": 2}",ADJUDICATE,adjudicate_duration,narrowed,
glyph/18/1/11/5/12,no_stem,,0,"{""too_thin"": 2}",ADJUDICATE,adjudicate_duration,narrowed,
glyph/18/1/11/5/15,no_stem,,0,"{""too_thin"": 2}",ADJUDICATE,adjudicate_duration,narrowed,
glyph/18/1/12/1/0,clean,False,1,"{""too_thin"": 1}",ADJUDICATE,adjudicate_duration,narrowed,
glyph/18/1/12/1/1,no_stem,,1,"{""too_thin"": 1}",ADJUDICATE,adjudicate_duration,narrowed,
glyph/18/1/12/5/0,no_stem,,1,"{""too_thin"": 1}",ADJUDICATE,adjudicate_duration,narrowed,
glyph/18/1/12/5/1,clean,False,1,"{""too_thin"": 1}",ADJUDICATE,adjudicate_duration,narrowed,
glyph/18/1/13/4/2,clean,False,1,"{""no_stem_at_ends"": 1}",EVALUATE,reconcile_duration,decided,0
glyph/18/1/13/5/0,clean,False,1,"{""too_thin"": 1}",ADJUDICATE,adjudicate_duration,narrowed,
glyph/18/1/13/5/1,no_stem,,1,"{""too_thin"": 1}",ADJUDICATE,adjudicate_duration,narrowed,
glyph/19/0/0/1/0,clean,True,1,{},ADJUDICATE,adjudicate_duration,narrowed,
glyph/19/0/0/2/3,clean,True,1,"{""no_stem_at_ends"": 1, ""too_thin"": 4}",ADJUDICATE,adjudicate_duration,narrowed,
glyph/19/0/0/2/7,no_stem,,0,"{""no_stem_at_ends"": 2, ""too_thin"": 5}",ADJUDICATE,adjudicate_duration,narrowed,
glyph/19/0/0/3/3,no_stem,,1,"{""too_thin"": 1}",ADJUDICATE,adjudicate_duration,narrowed,
glyph/19/0/0/3/10,no_stem,,1,"{""too_thin"": 2}",ADJUDICATE,adjudicate_duration,narrowed,
glyph/19/0/0/4/2,no_stem,,0,"{""too_thin"": 2}",ADJUDICATE,adjudicate_duration,narrowed,
glyph/19/0/0/4/4,no_stem,,1,"{""too_thin"": 2}",ADJUDICATE,adjudicate_duration,narrowed,
glyph/19/0/0/4/6,no_stem,,0,"{""too_thin"": 2}",ADJUDICATE,adjudicate_duration,narrowed,
glyph/19/0/0/4/9,no_stem,,0,"{""too_thin"": 2}",ADJUDICATE,adjudicate_duration,narrowed,
glyph/19/0/0/4/10,no_stem,,1,"{""too_thin"": 2}",ADJUDICATE,adjudicate_duration,narrowed,
glyph/19/0/0/4/12,no_stem,,0,"{""too_thin"": 2}",ADJUDICATE,adjudicate_duration,narrowed,
glyph/19/0/0/5/4,no_stem,,0,{},ADJUDICATE,adjudicate_duration,narrowed,
glyph/19/0/0/5/7,clean,False,1,{},ADJUDICATE,adjudicate_duration,narrowed,
glyph/19/0/0/5/10,clean,False,0,{},ADJUDICATE,adjudicate_duration,narrowed,
glyph/19/0/0/8/2,clean,False,1,"{""too_thin"": 5}",ADJUDICATE,adjudicate_duration,narrowed,
glyph/19/0/0/8/6,no_stem,,0,"{""too_thin"": 6}",ADJUDICATE,adjudicate_duration,narrowed,
glyph/19/0/0/9/1,clean,True,0,"{""too_thin"": 2}",ADJUDICATE,adjudicate_duration,narrowed,
glyph/19/0/0/10/2,clean,False,0,"{""too_thin"": 1}",ADJUDICATE,adjudicate_duration,narrowed,
glyph/19/0/0/10/5,clean,False,0,"{""too_thin"": 1}",ADJUDICATE,adjudicate_duration,narrowed,
glyph/19/0/1/1/4,clean,False,1,"{""too_thin"": 3}",ADJUDICATE,adjudicate_duration,narrowed,
glyph/19/0/1/2/0,no_stem,,0,"{""too_thin"": 3}",ADJUDICATE,adjudicate_duration,narrowed,
glyph/19/0/1/2/1,no_stem,,1,"{""too_thin"": 3}",ADJUDICATE,adjudicate_duration,narrowed,
glyph/19/0/1/3/0,clean,False,0,"{""no_stem_at_ends"": 1}",ADJUDICATE,adjudicate_duration,narrowed,
glyph/19/0/1/3/4,no_stem,,1,"{""no_stem_at_ends"": 1, ""too_thin"": 1}",ADJUDICATE,adjudicate_duration,narrowed,
glyph/19/0/1/3/5,no_stem,,1,"{""no_stem_at_ends"": 1, ""too_thin"": 1}",ADJUDICATE,adjudicate_duration,narrowed,
glyph/19/0/1/7/5,no_stem,,0,"{""too_thin"": 3}",ADJUDICATE,adjudicate_duration,narrowed,
glyph/19/0/1/7/6,no_stem,,1,"{""too_thin"": 3}",ADJUDICATE,adjudicate_duration,narrowed,
glyph/19/0/1/7/8,no_stem,,1,"{""too_thin"": 3}",ADJUDICATE,adjudicate_duration,narrowed,
glyph/19/0/1/8/2,occupied,True,1,"{""too_thin"": 4}",ADJUDICATE,adjudicate_duration,narrowed,
glyph/19/0/1/8/3,clean,False,0,"{""too_thin"": 4}",ADJUDICATE,adjudicate_duration,narrowed,
glyph/19/0/1/8/5,occupied,True,1,"{""too_thin"": 3}",ADJUDICATE,adjudicate_duration,narrowed,
glyph/19/0/1/8/17,clean,False,0,"{""too_thin"": 4}",ADJUDICATE,adjudicate_duration,narrowed,
glyph/19/0/1/9/0,clean,True,0,"{""too_thin"": 2}",ADJUDICATE,adjudicate_duration,narrowed,
glyph/19/0/1/9/6,clean,True,0,"{""too_thin"": 1}",ADJUDICATE,adjudicate_duration,narrowed,
glyph/19/0/2/2/1,clean,False,1,"{""too_thin"": 2}",ADJUDICATE,adjudicate_duration,narrowed,
glyph/19/0/2/2/3,no_stem,,0,"{""too_thin"": 3}",ADJUDICATE,adjudicate_duration,narrowed,
glyph/19/0/2/3/4,clean,True,0,"{""too_thin"": 1}",ADJUDICATE,adjudicate_duration,narrowed,
glyph/19/0/2/6/2,clean,True,0,"{""too_thin"": 1}",ADJUDICATE,adjudicate_duration,narrowed,
glyph/19/0/2/6/5,clean,True,0,"{""too_thin"": 1}",ADJUDICATE,adjudicate_duration,narrowed,
glyph/19/0/2/7/11,clean,False,1,"{""too_thin"": 3}",ADJUDICATE,adjudicate_duration,narrowed,
glyph/19/0/2/7/25,clean,False,1,"{""too_thin"": 3}",ADJUDICATE,adjudicate_duration,narrowed,
glyph/19/0/2/8/1,no_stem,,0,"{""too_thin"": 3}",ADJUDICATE,adjudicate_duration,narrowed,
glyph/19/0/2/8/13,no_stem,,0,"{""too_thin"": 3}",ADJUDICATE,adjudicate_duration,narrowed,
glyph/19/0/2/9/0,clean,False,0,"{""too_thin"": 1}",ADJUDICATE,adjudicate_duration,narrowed,
glyph/19/0/2/9/7,clean,False,0,"{""too_thin"": 1}",ADJUDICATE,adjudicate_duration,narrowed,
glyph/19/0/3/2/0,no_stem,,0,"{""too_thin"": 2}",ADJUDICATE,adjudicate_duration,narrowed,
glyph/19/0/3/2/2,clean,False,1,"{""too_thin"": 1}",ADJUDICATE,adjudicate_duration,narrowed,
glyph/19/0/3/7/3,occupied,False,1,"{""too_thin"": 2}",ADJUDICATE,adjudicate_duration,narrowed,
glyph/19/0/3/8/0,clean,True,1,"{""too_thin"": 1}",ADJUDICATE,adjudicate_duration,narrowed,
glyph/19/0/3/8/8,no_stem,,0,"{""too_thin"": 2}",ADJUDICATE,adjudicate_duration,narrowed,
glyph/19/0/3/9/1,clean,True,0,"{""too_thin"": 1}",ADJUDICATE,adjudicate_duration,narrowed,
glyph/19/0/3/10/8,no_stem,,0,"{""too_thin"": 1}",ADJUDICATE,adjudicate_duration,narrowed,
glyph/19/0/3/10/12,no_stem,,0,"{""too_thin"": 1}",ADJUDICATE,adjudicate_duration,narrowed,
glyph/19/0/4/1/0,no_stem,,0,{},ADJUDICATE,adjudicate_duration,narrowed,
glyph/19/0/4/5/1,clean,True,1,"{""too_thin"": 1}",ADJUDICATE,adjudicate_duration,narrowed,
glyph/19/0/4/5/2,no_stem,,1,"{""too_thin"": 1}",ADJUDICATE,adjudicate_duration,narrowed,
glyph/19/0/4/9/1,clean,False,1,"{""too_thin"": 1}",ADJUDICATE,adjudicate_duration,narrowed,
glyph/19/0/4/10/3,clean,False,0,"{""too_thin"": 1}",ADJUDICATE,adjudicate_duration,narrowed,
glyph/19/0/5/0/2,no_stem,,1,{},ADJUDICATE,adjudicate_duration,narrowed,
glyph/19/0/5/0/4,clean,False,1,{},ADJUDICATE,adjudicate_duration,narrowed,
glyph/19/0/5/0/7,clean,False,1,{},ADJUDICATE,adjudicate_duration,narrowed,
glyph/19/0/5/9/0,occupied,False,1,{},ADJUDICATE,adjudicate_duration,narrowed,
glyph/19/0/5/9/9,occupied,False,1,{},ADJUDICATE,adjudicate_duration,narrowed,
glyph/19/0/5/10/2,clean,False,0,"{""too_thin"": 1}",ADJUDICATE,adjudicate_duration,narrowed,
glyph/19/0/5/10/12,clean,False,0,"{""too_thin"": 1}",ADJUDICATE,adjudicate_duration,narrowed,
glyph/19/0/6/2/1,clean,True,0,"{""too_thin"": 2}",ADJUDICATE,adjudicate_duration,narrowed,
glyph/19/0/6/3/1,clean,True,0,"{""too_thin"": 1}",ADJUDICATE,adjudicate_duration,narrowed,
glyph/19/0/6/3/4,no_stem,,1,"{""too_thin"": 2}",ADJUDICATE,adjudicate_duration,narrowed,
glyph/19/0/6/4/0,no_stem,,1,{},ADJUDICATE,adjudicate_duration,narrowed,
glyph/19/0/6/4/2,no_stem,,0,{},ADJUDICATE,adjudicate_duration,narrowed,
glyph/19/0/6/5/3,no_stem,,0,"{""too_thin"": 2}",ADJUDICATE,adjudicate_duration,narrowed,
glyph/19/0/6/5/4,no_stem,,0,"{""too_thin"": 2}",ADJUDICATE,adjudicate_duration,narrowed,
glyph/19/0/6/6/2,clean,False,0,"{""too_thin"": 1}",ADJUDICATE,adjudicate_duration,narrowed,
glyph/19/0/6/6/4,clean,False,0,"{""too_thin"": 1}",ADJUDICATE,adjudicate_duration,narrowed,
glyph/19/0/9/2/1,no_stem,,0,{},ADJUDICATE,adjudicate_duration,narrowed,
glyph/19/0/9/3/0,clean,False,0,"{""too_thin"": 1}",ADJUDICATE,adjudicate_duration,narrowed,
glyph/19/0/9/7/1,clean,False,1,"{""too_thin"": 3}",ADJUDICATE,adjudicate_duration,narrowed,
glyph/19/0/9/8/3,clean,False,1,"{""too_thin"": 3}",ADJUDICATE,adjudicate_duration,narrowed,
glyph/19/0/9/8/10,no_stem,,0,"{""too_thin"": 4}",ADJUDICATE,adjudicate_duration,narrowed,
glyph/19/0/9/9/0,clean,True,0,"{""too_thin"": 2}",ADJUDICATE,adjudicate_duration,narrowed,
glyph/19/0/10/1/2,clean,False,1,"{""too_thin"": 1}",ADJUDICATE,adjudicate_duration,narrowed,
glyph/19/0/10/2/0,no_stem,,0,"{""too_thin"": 6}",ADJUDICATE,adjudicate_duration,narrowed,
glyph/19/0/10/2/1,clean,False,1,"{""too_thin"": 3}",ADJUDICATE,adjudicate_duration,narrowed,
glyph/19/0/10/7/5,clean,False,1,{},ADJUDICATE,adjudicate_duration,narrowed,
glyph/19/0/10/8/3,clean,False,1,"{""too_thin"": 2}",ADJUDICATE,adjudicate_duration,narrowed,
glyph/19/0/10/8/12,no_stem,,0,"{""too_thin"": 3}",ADJUDICATE,adjudicate_duration,narrowed,
glyph/19/0/10/9/1,clean,True,0,"{""too_thin"": 2}",ADJUDICATE,adjudicate_duration,narrowed,
glyph/19/0/11/1/5,clean,False,1,"{""too_thin"": 3}",ADJUDICATE,adjudicate_duration,narrowed,
glyph/19/0/11/2/1,clean,False,0,"{""too_thin"": 4}",ADJUDICATE,adjudicate_duration,narrowed,
glyph/19/0/11/2/3,occupied,True,0,"{""too_thin"": 2}",ADJUDICATE,adjudicate_duration,narrowed,
glyph/19/0/11/3/0,clean,False,0,"{""too_thin"": 3}",ADJUDICATE,adjudicate_duration,narrowed,
glyph/19/0/11/4/1,clean,False,1,"{""too_thin"": 3}",ADJUDICATE,adjudicate_duration,narrowed,
glyph/19/0/11/4/6,no_stem,,0,"{""too_thin"": 3}",ADJUDICATE,adjudicate_duration,narrowed,
glyph/19/0/11/5/3,occupied,False,1,"{""through_heads"": 1, ""too_thin"": 1}",ADJUDICATE,adjudicate_duration,narrowed,
glyph/19/0/11/7/4,clean,False,1,{},ADJUDICATE,adjudicate_duration,narrowed,
glyph/19/0/11/8/3,clean,False,1,"{""too_thin"": 2}",ADJUDICATE,adjudicate_duration,narrowed,
glyph/19/0/11/9/11,clean,True,0,"{""too_thin"": 2}",ADJUDICATE,adjudicate_duration,narrowed,
glyph/19/0/11/10/1,clean,False,1,"{""too_thin"": 1}",ADJUDICATE,adjudicate_duration,narrowed,
glyph/19/0/12/1/0,clean,False,1,"{""too_thin"": 1}",ADJUDICATE,adjudicate_duration,narrowed,
glyph/19/0/12/2/0,occupied,False,1,"{""too_thin"": 2}",ADJUDICATE,adjudicate_duration,narrowed,
glyph/19/0/12/2/1,no_stem,,0,"{""too_thin"": 4}",ADJUDICATE,adjudicate_duration,narrowed,
glyph/19/0/12/3/1,clean,True,0,"{""too_thin"": 1}",ADJUDICATE,adjudicate_duration,narrowed,
glyph/19/0/12/7/1,clean,False,1,"{""too_thin"": 3}",ADJUDICATE,adjudicate_duration,narrowed,
glyph/19/0/12/8/3,clean,False,0,"{""too_thin"": 2}",ADJUDICATE,adjudicate_duration,narrowed,
glyph/19/0/12/9/4,occupied,True,0,"{""too_thin"": 1}",ADJUDICATE,adjudicate_duration,narrowed,
glyph/19/0/12/10/3,clean,False,0,"{""too_thin"": 1}",ADJUDICATE,adjudicate_duration,narrowed,
glyph/19/0/13/3/2,occupied,False,1,"{""too_thin"": 1}",ADJUDICATE,adjudicate_duration,narrowed,
glyph/19/0/13/9/2,clean,False,1,{},ADJUDICATE,adjudicate_duration,narrowed,
glyph/19/0/13/10/1,clean,False,0,{},ADJUDICATE,adjudicate_duration,narrowed,
glyph/19/0/13/10/2,clean,False,1,{},ADJUDICATE,adjudicate_duration,narrowed,
glyph/19/1/0/1/1,no_stem,,0,"{""too_thin"": 1}",ADJUDICATE,adjudicate_duration,narrowed,
glyph/19/1/0/1/7,no_stem,,0,"{""too_thin"": 1}",ADJUDICATE,adjudicate_duration,narrowed,
glyph/19/1/0/4/1,no_stem,,1,"{""too_thin"": 1}",ADJUDICATE,adjudicate_duration,narrowed,
glyph/19/1/0/4/6,clean,False,1,"{""too_thin"": 1}",ADJUDICATE,adjudicate_duration,narrowed,
glyph/19/1/0/4/7,no_stem,,1,"{""too_thin"": 1}",ADJUDICATE,adjudicate_duration,narrowed,
glyph/19/1/0/4/15,clean,False,1,"{""too_thin"": 1}",ADJUDICATE,adjudicate_duration,narrowed,
glyph/19/1/1/1/1,no_stem,,0,"{""too_thin"": 1}",ADJUDICATE,adjudicate_duration,narrowed,
glyph/19/1/1/1/2,no_stem,,0,"{""too_thin"": 1}",ADJUDICATE,adjudicate_duration,narrowed,
glyph/19/1/3/0/4,clean,True,0,{},ADJUDICATE,adjudicate_duration,narrowed,
glyph/19/1/3/0/15,clean,True,0,{},ADJUDICATE,adjudicate_duration,narrowed,
glyph/19/1/3/1/3,no_stem,,0,{},EVALUATE,reconcile_duration,decided,0
glyph/19/1/3/2/1,no_stem,,0,"{""too_thin"": 2}",ADJUDICATE,adjudicate_duration,narrowed,
glyph/19/1/3/2/7,no_stem,,0,"{""too_thin"": 2}",ADJUDICATE,adjudicate_duration,narrowed,
glyph/19/1/4/1/0,clean,False,0,"{""too_thin"": 1}",ADJUDICATE,adjudicate_duration,narrowed,
glyph/19/1/4/2/3,no_stem,,1,"{""one_stem"": 2}",EVALUATE,reconcile_duration,decided,0
glyph/19/1/4/3/1,occupied,False,1,"{""too_thin"": 1}",EVALUATE,reconcile_duration,decided,0
glyph/19/1/4/5/6,clean,False,1,{},EVALUATE,reconcile_duration,decided,0
glyph/19/1/4/6/2,clean,False,1,{},ADJUDICATE,adjudicate_duration,narrowed,
glyph/19/1/4/6/4,clean,False,1,{},ADJUDICATE,adjudicate_duration,narrowed,
glyph/19/1/4/7/0,clean,False,1,{},ADJUDICATE,adjudicate_duration,narrowed,
glyph/19/1/4/7/1,clean,False,1,{},ADJUDICATE,adjudicate_duration,narrowed,
glyph/19/1/4/8/0,hook_seen,False,0,{},EVALUATE,reconcile_duration,decided,1
glyph/19/1/5/1/2,clean,False,0,"{""too_thin"": 1}",ADJUDICATE,adjudicate_duration,narrowed,
glyph/19/1/5/1/3,occupied,False,1,"{""too_thin"": 2}",ADJUDICATE,adjudicate_duration,narrowed,
glyph/19/1/5/1/12,clean,False,0,"{""too_thin"": 1}",ADJUDICATE,adjudicate_duration,narrowed,
glyph/19/1/5/1/15,occupied,False,1,"{""too_thin"": 2}",ADJUDICATE,adjudicate_duration,narrowed,
glyph/19/1/5/2/0,clean,True,0,"{""too_thin"": 1}",ADJUDICATE,adjudicate_duration,narrowed,
glyph/19/1/5/2/10,clean,False,1,{},ADJUDICATE,adjudicate_duration,narrowed,
glyph/19/1/5/2/13,clean,True,0,"{""too_thin"": 1}",ADJUDICATE,adjudicate_duration,narrowed,
glyph/19/1/5/3/2,occupied,False,0,{},ADJUDICATE,adjudicate_duration,narrowed,
glyph/19/1/5/3/8,clean,False,1,{},ADJUDICATE,adjudicate_duration,narrowed,
glyph/19/1/5/5/7,clean,False,1,{},ADJUDICATE,adjudicate_duration,narrowed,
glyph/19/1/5/5/9,clean,False,0,{},ADJUDICATE,adjudicate_duration,narrowed,
glyph/19/1/5/6/0,occupied,False,1,"{""too_thin"": 1}",ADJUDICATE,adjudicate_duration,narrowed,
glyph/19/1/5/6/2,occupied,False,1,"{""too_thin"": 1}",ADJUDICATE,adjudicate_duration,narrowed,
glyph/19/1/5/7/1,occupied,True,1,{},ADJUDICATE,adjudicate_duration,narrowed,
glyph/19/1/5/7/2,occupied,True,1,{},ADJUDICATE,adjudicate_duration,narrowed,
glyph/19/1/6/0/2,clean,True,0,"{""too_thin"": 3}",EVALUATE,reconcile_duration,decided,0
glyph/19/1/6/1/3,no_stem,,0,"{""not_straight"": 1, ""one_stem"": 1, ""too_thin"": 1}",ADJUDICATE,adjudicate_duration,narrowed,
glyph/19/1/6/1/7,no_stem,,0,"{""not_straight"": 1, ""one_stem"": 1, ""too_thin"": 1}",ADJUDICATE,adjudicate_duration,narrowed,
glyph/19/1/6/5/7,occupied,False,1,{},EVALUATE,reconcile_duration,decided,0
glyph/19/1/6/6/3,clean,False,1,{},EVALUATE,reconcile_duration,decided,0
glyph/19/1/8/2/7,clean,True,1,"{""too_thin"": 1}",EVALUATE,reconcile_duration,decided,0
glyph/19/1/8/3/9,no_stem,,0,"{""no_stem_at_ends"": 1, ""too_thin"": 3}",ADJUDICATE,adjudicate_duration,narrowed,
glyph/19/1/8/3/17,no_stem,,0,"{""no_stem_at_ends"": 1, ""too_thin"": 3}",ADJUDICATE,adjudicate_duration,narrowed,
glyph/19/1/8/4/4,no_stem,,0,"{""too_thin"": 3}",ADJUDICATE,adjudicate_duration,narrowed,
glyph/19/1/8/4/9,clean,True,1,"{""too_thin"": 3}",ADJUDICATE,adjudicate_duration,narrowed,
glyph/19/1/8/5/4,no_stem,,0,"{""too_thin"": 2}",ADJUDICATE,adjudicate_duration,narrowed,
glyph/19/1/9/6/13,no_stem,,0,"{""too_thin"": 1}",ADJUDICATE,adjudicate_duration,narrowed,
glyph/19/1/9/6/15,no_stem,,0,"{""too_thin"": 1}",ADJUDICATE,adjudicate_duration,narrowed,
glyph/19/1/10/0/4,clean,False,1,{},ADJUDICATE,adjudicate_duration,narrowed,
glyph/19/1/10/0/9,clean,False,1,{},ADJUDICATE,adjudicate_duration,narrowed,
glyph/19/1/10/1/3,no_stem,,1,"{""too_thin"": 2}",EVALUATE,reconcile_duration,decided,0
glyph/19/1/10/2/1,clean,False,1,"{""too_thin"": 2}",EVALUATE,reconcile_duration,decided,0
glyph/19/1/10/3/11,no_stem,,0,"{""not_straight"": 1, ""too_thin"": 1}",EVALUATE,reconcile_duration,decided,1
glyph/19/1/10/5/2,clean,False,0,{},ADJUDICATE,adjudicate_duration,narrowed,
glyph/19/1/10/6/10,clean,False,1,{},EVALUATE,reconcile_duration,decided,0
glyph/19/1/11/1/0,clean,False,1,{},ADJUDICATE,adjudicate_duration,narrowed,
glyph/19/1/11/1/1,clean,False,0,{},ADJUDICATE,adjudicate_duration,narrowed,
glyph/19/1/11/2/1,clean,False,0,"{""too_thin"": 1}",ADJUDICATE,adjudicate_duration,narrowed,
glyph/19/1/12/2/6,no_stem,,1,{},ADJUDICATE,adjudicate_duration,narrowed,
glyph/20/0/1/6/3,clean,True,0,"{""too_thin"": 5}",ADJUDICATE,adjudicate_duration,narrowed,
glyph/20/0/2/8/1,no_stem,,0,{},ADJUDICATE,adjudicate_duration,narrowed,
glyph/20/0/2/8/4,no_stem,,0,"{""too_thin"": 1}",ADJUDICATE,adjudicate_duration,narrowed,
glyph/20/0/3/6/6,clean,True,0,"{""too_thin"": 5}",ADJUDICATE,adjudicate_duration,narrowed,
glyph/20/0/3/6/7,clean,False,0,"{""too_thin"": 5}",ADJUDICATE,adjudicate_duration,narrowed,
glyph/20/0/3/6/9,no_stem,,0,"{""too_thin"": 7}",ADJUDICATE,adjudicate_duration,narrowed,
glyph/20/0/8/5/5,no_stem,,0,"{""too_thin"": 3}",ADJUDICATE,adjudicate_duration,narrowed,
glyph/20/0/8/6/4,clean,False,0,"{""too_thin"": 3}",ADJUDICATE,adjudicate_duration,narrowed,
glyph/20/0/8/6/5,clean,False,1,"{""too_thin"": 3}",ADJUDICATE,adjudicate_duration,narrowed,
glyph/20/0/8/6/6,no_stem,,0,"{""too_thin"": 3}",ADJUDICATE,adjudicate_duration,narrowed,
glyph/20/0/9/2/3,hook_seen,False,0,"{""too_thin"": 2}",EVALUATE,reconcile_duration,decided,1
glyph/20/0/9/5/4,no_stem,,0,"{""too_thin"": 4}",ADJUDICATE,adjudicate_duration,narrowed,
glyph/20/0/9/5/8,no_stem,,0,"{""too_thin"": 4}",ADJUDICATE,adjudicate_duration,narrowed,
glyph/20/0/9/6/2,clean,True,0,"{""too_thin"": 2}",ADJUDICATE,adjudicate_duration,narrowed,
glyph/20/0/9/6/3,clean,True,1,"{""too_thin"": 2}",ADJUDICATE,adjudicate_duration,narrowed,
glyph/20/0/9/6/7,no_stem,,0,"{""too_thin"": 4}",ADJUDICATE,adjudicate_duration,narrowed,
glyph/20/0/11/2/3,clean,False,0,"{""too_thin"": 2}",ADJUDICATE,adjudicate_duration,narrowed,
glyph/20/0/11/2/5,hook_seen,False,0,"{""too_thin"": 2}",ADJUDICATE,adjudicate_duration,narrowed,
glyph/20/0/11/6/8,occupied,True,0,"{""no_stem_at_ends"": 1}",ADJUDICATE,adjudicate_duration,narrowed,
glyph/20/0/11/6/10,no_stem,,0,"{""no_stem_at_ends"": 1}",ADJUDICATE,adjudicate_duration,narrowed,
glyph/20/0/11/6/11,occupied,True,0,"{""no_stem_at_ends"": 1}",ADJUDICATE,adjudicate_duration,narrowed,
glyph/20/0/12/3/1,hook_seen,False,0,"{""too_thin"": 1}",EVALUATE,reconcile_duration,decided,0
glyph/20/1/0/5/3,occupied,False,1,"{""too_thin"": 1}",ADJUDICATE,adjudicate_duration,narrowed,
glyph/20/1/0/5/6,occupied,True,1,"{""too_thin"": 1}",ADJUDICATE,adjudicate_duration,narrowed,
glyph/20/1/1/5/1,occupied,True,1,"{""too_thin"": 3}",ADJUDICATE,adjudicate_duration,narrowed,
glyph/20/1/1/5/8,clean,True,0,"{""too_thin"": 3}",ADJUDICATE,adjudicate_duration,narrowed,
glyph/20/1/2/4/9,no_stem,,1,"{""too_thin"": 2}",ADJUDICATE,adjudicate_duration,narrowed,
glyph/20/1/2/4/10,no_stem,,1,"{""too_thin"": 2}",ADJUDICATE,adjudicate_duration,narrowed,
glyph/20/1/2/5/7,occupied,False,1,"{""too_thin"": 1}",ADJUDICATE,adjudicate_duration,narrowed,
glyph/20/1/2/5/14,clean,True,1,"{""too_thin"": 1}",ADJUDICATE,adjudicate_duration,narrowed,
glyph/20/1/2/8/4,no_stem,,0,"{""too_thin"": 2}",ADJUDICATE,adjudicate_duration,narrowed,
glyph/20/1/2/8/5,no_stem,,0,"{""too_thin"": 2}",ADJUDICATE,adjudicate_duration,narrowed,
glyph/20/1/3/4/2,clean,True,1,"{""too_thin"": 1}",ADJUDICATE,adjudicate_duration,narrowed,
glyph/20/1/3/4/7,clean,True,1,"{""too_thin"": 1}",ADJUDICATE,adjudicate_duration,narrowed,
glyph/20/1/3/4/8,no_stem,,1,"{""too_thin"": 2}",ADJUDICATE,adjudicate_duration,narrowed,
glyph/20/1/3/5/4,occupied,True,1,"{""too_thin"": 5}",ADJUDICATE,adjudicate_duration,narrowed,
glyph/20/1/3/5/5,occupied,False,1,"{""too_thin"": 4}",ADJUDICATE,adjudicate_duration,narrowed,
glyph/20/1/3/7/0,occupied,False,0,"{""too_thin"": 1}",ADJUDICATE,adjudicate_duration,narrowed,
glyph/20/1/3/7/1,occupied,False,0,"{""too_thin"": 1}",ADJUDICATE,adjudicate_duration,narrowed,
glyph/20/1/3/8/1,clean,False,0,"{""too_thin"": 1}",ADJUDICATE,adjudicate_duration,narrowed,
glyph/20/1/3/8/11,clean,False,0,"{""too_thin"": 1}",ADJUDICATE,adjudicate_duration,narrowed,
glyph/20/1/4/5/3,clean,False,1,"{""too_thin"": 2}",ADJUDICATE,adjudicate_duration,narrowed,
glyph/20/1/4/5/8,clean,True,1,"{""too_thin"": 2}",ADJUDICATE,adjudicate_duration,narrowed,
glyph/20/1/4/7/4,no_stem,,0,"{""too_thin"": 2}",ADJUDICATE,adjudicate_duration,narrowed,
glyph/20/1/4/7/5,no_stem,,0,"{""too_thin"": 2}",ADJUDICATE,adjudicate_duration,narrowed,
glyph/20/1/7/7/0,clean,True,0,"{""too_thin"": 1}",ADJUDICATE,adjudicate_duration,narrowed,
glyph/20/1/7/8/0,clean,False,0,"{""too_thin"": 1}",EVALUATE,reconcile_duration,decided,0
glyph/20/1/8/5/7,clean,True,0,"{""too_thin"": 1}",ADJUDICATE,adjudicate_duration,narrowed,
glyph/20/1/8/5/9,no_stem,,0,"{""too_thin"": 1}",ADJUDICATE,adjudicate_duration,narrowed,
glyph/20/1/8/6/0,clean,False,1,{},ADJUDICATE,adjudicate_duration,narrowed,
glyph/20/1/8/6/6,clean,False,0,{},ADJUDICATE,adjudicate_duration,narrowed,
glyph/20/1/9/4/5,no_stem,,0,"{""too_thin"": 2}",ADJUDICATE,adjudicate_duration,narrowed,
glyph/20/1/10/1/15,no_stem,,0,"{""too_thin"": 5}",EVALUATE,reconcile_duration,decided,1
glyph/21/0/1/0/10,no_stem,,0,"{""too_thin"": 1}",ADJUDICATE,adjudicate_duration,narrowed,
glyph/21/0/1/0/11,no_stem,,0,"{""too_thin"": 1}",ADJUDICATE,adjudicate_duration,narrowed,
glyph/21/0/1/1/0,no_stem,,0,"{""too_thin"": 1}",ADJUDICATE,adjudicate_duration,narrowed,
glyph/21/0/1/1/1,no_stem,,0,"{""too_thin"": 1}",ADJUDICATE,adjudicate_duration,narrowed,
glyph/21/0/1/5/9,no_stem,,1,"{""too_thin"": 1}",EVALUATE,reconcile_duration,decided,0
glyph/21/0/1/6/0,clean,True,0,"{""too_thin"": 1}",ADJUDICATE,adjudicate_duration,narrowed,
glyph/21/0/1/6/1,no_stem,,1,"{""too_thin"": 2}",ADJUDICATE,adjudicate_duration,narrowed,
glyph/21/0/1/6/6,no_stem,,1,"{""too_thin"": 2}",EVALUATE,reconcile_chord_duration,decided,0
glyph/21/0/1/7/0,no_stem,,0,"{""too_thin"": 1}",ADJUDICATE,adjudicate_duration,narrowed,
glyph/21/0/1/7/3,clean,False,0,"{""too_thin"": 1}",ADJUDICATE,adjudicate_duration,narrowed,
glyph/21/0/1/8/4,no_stem,,1,"{""too_thin"": 3}",ADJUDICATE,adjudicate_duration,narrowed,
glyph/21/0/1/8/5,no_stem,,1,"{""too_thin"": 3}",ADJUDICATE,adjudicate_duration,narrowed,
glyph/21/0/1/8/6,no_stem,,1,"{""too_thin"": 3}",ADJUDICATE,adjudicate_duration,narrowed,
glyph/21/0/1/8/11,no_stem,,1,"{""too_thin"": 3}",ADJUDICATE,adjudicate_duration,narrowed,
glyph/21/0/2/3/1,occupied,True,1,{},ADJUDICATE,adjudicate_duration,narrowed,
glyph/21/0/2/3/16,occupied,True,1,{},ADJUDICATE,adjudicate_duration,narrowed,
glyph/21/0/2/4/1,occupied,False,1,"{""too_thin"": 1}",ADJUDICATE,adjudicate_duration,narrowed,
glyph/21/0/2/4/11,occupied,False,1,"{""too_thin"": 1}",ADJUDICATE,adjudicate_duration,narrowed,
glyph/21/0/3/0/3,no_stem,,0,"{""too_thin"": 2}",ADJUDICATE,adjudicate_duration,narrowed,
glyph/21/0/3/0/6,no_stem,,0,"{""too_thin"": 2}",ADJUDICATE,adjudicate_duration,narrowed,
glyph/21/0/3/1/4,no_stem,,0,"{""too_thin"": 2}",ADJUDICATE,adjudicate_duration,narrowed,
glyph/21/0/3/1/12,no_stem,,0,"{""too_thin"": 2}",ADJUDICATE,adjudicate_duration,narrowed,
glyph/21/0/3/3/0,clean,False,1,"{""too_thin"": 2}",ADJUDICATE,adjudicate_duration,narrowed,
glyph/21/0/3/3/2,clean,False,1,"{""too_thin"": 2}",ADJUDICATE,adjudicate_duration,narrowed,
glyph/21/0/3/4/1,clean,True,1,"{""too_thin"": 2}",ADJUDICATE,adjudicate_duration,narrowed,
glyph/21/0/3/4/7,clean,True,1,"{""too_thin"": 2}",ADJUDICATE,adjudicate_duration,narrowed,
glyph/21/0/3/5/3,no_stem,,1,"{""too_thin"": 3}",ADJUDICATE,adjudicate_duration,narrowed,
glyph/21/0/3/5/6,no_stem,,0,"{""too_thin"": 4}",ADJUDICATE,adjudicate_duration,narrowed,
glyph/21/0/3/5/8,no_stem,,0,"{""too_thin"": 4}",ADJUDICATE,adjudicate_duration,narrowed,
glyph/21/0/3/6/1,no_stem,,1,"{""too_thin"": 1}",ADJUDICATE,adjudicate_duration,narrowed,
glyph/21/0/3/6/7,no_stem,,1,"{""too_thin"": 3}",ADJUDICATE,adjudicate_duration,narrowed,
glyph/21/0/3/6/8,clean,False,1,"{""too_thin"": 1}",ADJUDICATE,adjudicate_duration,narrowed,
glyph/21/0/3/6/14,clean,False,1,"{""too_thin"": 1}",ADJUDICATE,adjudicate_duration,narrowed,
glyph/21/0/3/7/1,no_stem,,0,"{""too_thin"": 4}",EVALUATE,reconcile_duration,decided,1
glyph/21/0/3/8/5,no_stem,,1,"{""too_thin"": 3}",ADJUDICATE,adjudicate_duration,narrowed,
glyph/21/0/3/8/8,clean,True,1,"{""too_thin"": 3}",ADJUDICATE,adjudicate_duration,narrowed,
glyph/21/0/3/8/10,clean,True,1,"{""too_thin"": 3}",ADJUDICATE,adjudicate_duration,narrowed,
glyph/21/0/3/8/15,no_stem,,0,"{""too_thin"": 4}",ADJUDICATE,adjudicate_duration,narrowed,
glyph/21/0/4/1/0,occupied,True,1,"{""too_thin"": 2}",ADJUDICATE,adjudicate_duration,narrowed,
glyph/21/0/4/1/4,occupied,True,0,"{""too_thin"": 1}",ADJUDICATE,adjudicate_duration,narrowed,
glyph/21/0/4/2/2,occupied,True,1,"{""too_thin"": 2}",EVALUATE,reconcile_duration,decided,0
glyph/21/0/4/6/1,no_stem,,1,"{""too_thin"": 2}",ADJUDICATE,adjudicate_duration,narrowed,
glyph/21/0/4/6/3,no_stem,,1,"{""too_thin"": 2}",ADJUDICATE,adjudicate_duration,narrowed,
glyph/21/0/4/6/8,no_stem,,0,"{""too_thin"": 2}",ADJUDICATE,adjudicate_duration,narrowed,
glyph/21/0/4/7/7,clean,False,0,"{""too_thin"": 1}",ADJUDICATE,adjudicate_duration,narrowed,
glyph/21/0/4/7/9,no_stem,,0,"{""too_thin"": 1}",ADJUDICATE,adjudicate_duration,narrowed,
glyph/21/0/4/8/3,clean,True,0,"{""too_thin"": 1}",ADJUDICATE,adjudicate_duration,narrowed,
glyph/21/0/4/8/5,occupied,True,1,"{""too_thin"": 5}",ADJUDICATE,adjudicate_duration,narrowed,
glyph/21/0/4/8/7,occupied,True,1,"{""too_thin"": 5}",ADJUDICATE,adjudicate_duration,narrowed,
glyph/21/0/7/2/0,clean,False,0,{},ADJUDICATE,adjudicate_duration,narrowed,
glyph/21/0/9/7/3,clean,True,0,"{""too_thin"": 1}",ADJUDICATE,adjudicate_duration,narrowed,
glyph/21/0/10/0/3,clean,True,0,"{""too_thin"": 1}",ADJUDICATE,adjudicate_duration,narrowed,
glyph/21/0/10/0/5,no_stem,,0,"{""too_thin"": 1}",ADJUDICATE,adjudicate_duration,narrowed,
glyph/21/0/10/0/12,occupied,True,0,"{""too_thin"": 1}",ADJUDICATE,adjudicate_duration,narrowed,
glyph/21/0/10/1/2,clean,True,0,"{""too_thin"": 1}",EVALUATE,reconcile_duration,decided,0
glyph/21/0/10/2/0,clean,False,0,{},ADJUDICATE,adjudicate_duration,narrowed,
glyph/21/0/10/3/1,no_stem,,0,"{""too_thin"": 2}",ADJUDICATE,adjudicate_duration,narrowed,
glyph/21/1/0/5/1,clean,False,1,"{""too_thin"": 2}",ADJUDICATE,adjudicate_duration,narrowed,
glyph/21/1/0/8/4,no_stem,,1,"{""too_thin"": 2}",ADJUDICATE,adjudicate_duration,narrowed,
glyph/21/1/0/8/8,no_stem,,1,"{""too_thin"": 3}",ADJUDICATE,adjudicate_duration,narrowed,
glyph/21/1/0/9/2,clean,False,0,"{""too_thin"": 3}",ADJUDICATE,adjudicate_duration,narrowed,
glyph/21/1/0/9/6,no_stem,,1,"{""too_thin"": 4}",ADJUDICATE,adjudicate_duration,narrowed,
glyph/21/1/0/9/7,clean,False,0,"{""too_thin"": 3}",ADJUDICATE,adjudicate_duration,narrowed,
glyph/21/1/0/9/8,no_stem,,1,"{""too_thin"": 3}",ADJUDICATE,adjudicate_duration,narrowed,
glyph/21/1/1/0/2,clean,False,1,{},ADJUDICATE,adjudicate_duration,narrowed,
glyph/21/1/1/0/7,clean,False,1,{},ADJUDICATE,adjudicate_duration,narrowed,
glyph/21/1/1/1/1,clean,True,1,"{""too_thin"": 2}",ADJUDICATE,adjudicate_duration,narrowed,
glyph/21/1/1/1/3,clean,True,1,"{""too_thin"": 2}",ADJUDICATE,adjudicate_duration,narrowed,
glyph/21/1/1/1/4,clean,True,1,"{""too_thin"": 2}",ADJUDICATE,adjudicate_duration,narrowed,
glyph/21/1/1/1/7,clean,True,1,"{""too_thin"": 2}",ADJUDICATE,adjudicate_duration,narrowed,
glyph/21/1/1/5/2,clean,False,1,"{""too_thin"": 3}",EVALUATE,reconcile_duration,decided,0
glyph/21/1/1/5/5,clean,False,0,"{""too_thin"": 3}",ADJUDICATE,adjudicate_duration,narrowed,
glyph/21/1/1/5/7,no_stem,,0,"{""too_thin"": 3}",ADJUDICATE,adjudicate_duration,narrowed,
glyph/21/1/1/6/1,clean,True,1,"{""too_thin"": 1}",ADJUDICATE,adjudicate_duration,narrowed,
glyph/21/1/1/6/4,clean,False,1,"{""too_thin"": 1}",ADJUDICATE,adjudicate_duration,narrowed,
glyph/21/1/1/7/0,clean,True,1,"{""too_thin"": 1}",ADJUDICATE,adjudicate_duration,narrowed,
glyph/21/1/1/7/2,clean,True,1,"{""too_thin"": 1}",ADJUDICATE,adjudicate_duration,narrowed,
glyph/21/1/1/8/3,occupied,False,0,"{""too_thin"": 3}",ADJUDICATE,adjudicate_duration,narrowed,
glyph/21/1/1/8/9,clean,True,0,"{""too_thin"": 3}",ADJUDICATE,adjudicate_duration,narrowed,
glyph/21/1/1/8/10,clean,False,1,"{""too_thin"": 1}",ADJUDICATE,adjudicate_duration,narrowed,
glyph/21/1/1/9/3,occupied,True,0,"{""too_thin"": 3}",ADJUDICATE,adjudicate_duration,narrowed,
glyph/21/1/1/9/15,occupied,True,0,"{""too_thin"": 3}",ADJUDICATE,adjudicate_duration,narrowed,
glyph/21/1/1/10/4,occupied,True,1,"{""too_thin"": 1}",ADJUDICATE,adjudicate_duration,narrowed,
glyph/21/1/1/10/6,clean,False,1,"{""too_thin"": 1}",ADJUDICATE,adjudicate_duration,narrowed,
glyph/21/1/2/0/17,no_stem,,0,"{""too_thin"": 1}",ADJUDICATE,adjudicate_duration,narrowed,
glyph/21/1/2/5/5,clean,True,0,"{""too_thin"": 1}",ADJUDICATE,adjudicate_duration,narrowed,
glyph/21/1/2/9/4,no_stem,,0,"{""too_thin"": 6}",ADJUDICATE,adjudicate_duration,narrowed,
glyph/21/1/2/9/5,no_stem,,0,"{""too_thin"": 6}",ADJUDICATE,adjudicate_duration,narrowed,
glyph/21/1/2/9/6,no_stem,,1,"{""too_thin"": 6}",ADJUDICATE,adjudicate_duration,narrowed,
glyph/21/1/2/9/7,no_stem,,0,"{""too_thin"": 6}",ADJUDICATE,adjudicate_duration,narrowed,
glyph/21/1/3/0/8,no_stem,,0,{},ADJUDICATE,adjudicate_duration,narrowed,
glyph/21/1/3/1/0,occupied,True,1,"{""too_thin"": 4}",ADJUDICATE,adjudicate_duration,narrowed,
glyph/21/1/3/1/1,no_stem,,1,"{""too_thin"": 5}",ADJUDICATE,adjudicate_duration,narrowed,
glyph/21/1/3/1/7,occupied,True,1,"{""too_thin"": 4}",ADJUDICATE,adjudicate_duration,narrowed,
glyph/21/1/3/1/18,no_stem,,1,"{""too_thin"": 5}",ADJUDICATE,adjudicate_duration,narrowed,
glyph/21/1/3/2/0,no_stem,,0,"{""too_thin"": 4}",ADJUDICATE,adjudicate_duration,narrowed,
glyph/21/1/3/2/7,no_stem,,1,"{""too_thin"": 4}",ADJUDICATE,adjudicate_duration,narrowed,
glyph/21/1/3/2/8,no_stem,,0,"{""too_thin"": 4}",ADJUDICATE,adjudicate_duration,narrowed,
glyph/21/1/3/3/4,occupied,True,1,"{""too_thin"": 2}",ADJUDICATE,adjudicate_duration,narrowed,
glyph/21/1/3/3/8,occupied,True,0,"{""too_thin"": 2}",ADJUDICATE,adjudicate_duration,narrowed,
glyph/21/1/3/3/9,no_stem,,0,"{""too_thin"": 3}",ADJUDICATE,adjudicate_duration,narrowed,
glyph/21/1/3/3/15,no_stem,,1,"{""too_thin"": 3}",ADJUDICATE,adjudicate_duration,narrowed,
glyph/21/1/3/5/0,no_stem,,0,"{""too_thin"": 9}",ADJUDICATE,adjudicate_duration,narrowed,
glyph/21/1/3/5/1,clean,True,1,"{""too_thin"": 6}",ADJUDICATE,adjudicate_duration,narrowed,
glyph/21/1/3/5/2,no_stem,,0,"{""too_thin"": 9}",ADJUDICATE,adjudicate_duration,narrowed,
glyph/21/1/3/5/14,clean,True,1,"{""too_thin"": 6}",ADJUDICATE,adjudicate_duration,narrowed,
glyph/21/1/3/8/0,occupied,False,1,"{""too_thin"": 2}",ADJUDICATE,adjudicate_duration,narrowed,
glyph/21/1/3/8/6,no_stem,,0,"{""too_thin"": 4}",ADJUDICATE,adjudicate_duration,narrowed,
glyph/21/1/3/8/10,occupied,False,0,"{""too_thin"": 2}",ADJUDICATE,adjudicate_duration,narrowed,
glyph/21/1/3/9/3,occupied,True,1,"{""too_thin"": 2}",ADJUDICATE,adjudicate_duration,narrowed,
glyph/21/1/3/9/9,clean,False,0,"{""too_thin"": 2}",ADJUDICATE,adjudicate_duration,narrowed,
glyph/21/1/4/0/1,clean,False,0,{},ADJUDICATE,adjudicate_duration,narrowed,
glyph/21/1/4/0/6,occupied,False,0,{},ADJUDICATE,adjudicate_duration,narrowed,
glyph/21/1/4/1/5,no_stem,,1,"{""too_thin"": 3}",ADJUDICATE,adjudicate_duration,narrowed,
glyph/21/1/4/1/6,no_stem,,1,"{""too_thin"": 3}",ADJUDICATE,adjudicate_duration,narrowed,
glyph/21/1/4/1/10,no_stem,,1,"{""too_thin"": 3}",ADJUDICATE,adjudicate_duration,narrowed,
glyph/21/1/4/1/11,no_stem,,1,"{""too_thin"": 3}",ADJUDICATE,adjudicate_duration,narrowed,
glyph/21/1/4/2/0,occupied,False,0,"{""too_thin"": 1}",EVALUATE,share_stem_value,decided,0
glyph/21/1/4/2/4,clean,True,1,"{""too_thin"": 1}",ADJUDICATE,adjudicate_duration,narrowed,
glyph/21/1/4/2/14,clean,True,1,"{""too_thin"": 1}",ADJUDICATE,adjudicate_duration,narrowed,
glyph/21/1/4/3/3,clean,True,1,"{""too_thin"": 1}",ADJUDICATE,adjudicate_duration,narrowed,
glyph/21/1/4/3/5,occupied,True,1,"{""too_thin"": 1}",ADJUDICATE,adjudicate_duration,narrowed,
glyph/21/1/4/3/11,clean,True,1,"{""too_thin"": 1}",ADJUDICATE,adjudicate_duration,narrowed,
glyph/21/1/4/3/12,occupied,True,1,"{""too_thin"": 1}",ADJUDICATE,adjudicate_duration,narrowed,
glyph/21/1/4/5/1,occupied,True,1,"{""not_straight"": 1, ""too_thin"": 4}",ADJUDICATE,adjudicate_duration,narrowed,
glyph/21/1/4/5/3,no_stem,,0,"{""not_straight"": 1, ""too_thin"": 6}",ADJUDICATE,adjudicate_duration,narrowed,
glyph/21/1/4/7/1,clean,True,0,"{""one_stem"": 1, ""too_thin"": 2}",EVALUATE,reconcile_duration,decided,0
glyph/21/1/6/0/4,clean,True,0,"{""too_thin"": 2}",ADJUDICATE,adjudicate_duration,narrowed,
glyph/21/1/6/0/5,no_stem,,0,"{""too_thin"": 2}",ADJUDICATE,adjudicate_duration,narrowed,
glyph/21/1/6/1/3,clean,True,0,"{""too_thin"": 3}",ADJUDICATE,adjudicate_duration,narrowed,
glyph/21/1/6/1/4,clean,True,1,"{""too_thin"": 3}",ADJUDICATE,adjudicate_duration,narrowed,
glyph/21/1/6/2/2,clean,True,1,"{""too_thin"": 2}",EVALUATE,reconcile_duration,decided,0
glyph/21/1/6/3/1,clean,False,0,"{""too_thin"": 3}",ADJUDICATE,adjudicate_duration,narrowed,
glyph/21/1/6/3/2,clean,True,0,"{""too_thin"": 3}",ADJUDICATE,adjudicate_duration,narrowed,
glyph/21/1/6/3/4,no_stem,,0,"{""too_thin"": 4}",ADJUDICATE,adjudicate_duration,narrowed,
glyph/21/1/6/9/2,clean,True,0,"{""too_thin"": 1}",ADJUDICATE,adjudicate_duration,narrowed,
glyph/21/1/6/9/3,clean,True,1,"{""too_thin"": 1}",ADJUDICATE,adjudicate_duration,narrowed,
glyph/21/1/7/2/14,clean,False,1,"{""too_thin"": 1}",EVALUATE,reconcile_duration,decided,0
glyph/21/1/7/3/4,clean,True,0,"{""too_thin"": 5}",ADJUDICATE,adjudicate_duration,narrowed,
glyph/21/1/8/8/2,no_stem,,0,"{""too_thin"": 3}",ADJUDICATE,adjudicate_duration,narrowed,
glyph/21/1/8/8/7,no_stem,,0,"{""too_thin"": 3}",ADJUDICATE,adjudicate_duration,narrowed,
glyph/21/1/9/1/0,no_stem,,1,"{""too_thin"": 7}",ADJUDICATE,adjudicate_duration,narrowed,
glyph/21/1/9/1/10,clean,True,1,"{""too_thin"": 3}",ADJUDICATE,adjudicate_duration,narrowed,
glyph/21/1/9/1/15,no_stem,,0,"{""too_thin"": 7}",ADJUDICATE,adjudicate_duration,narrowed,
glyph/21/1/9/2/1,no_stem,,0,"{""too_thin"": 2}",ADJUDICATE,adjudicate_duration,narrowed,
glyph/21/1/9/2/4,no_stem,,1,"{""too_thin"": 2}",EVALUATE,reconcile_duration,decided,0
glyph/21/1/9/3/0,clean,True,1,"{""too_thin"": 2}",EVALUATE,reconcile_duration,decided,0
glyph/21/1/9/3/2,clean,True,0,"{""too_thin"": 2}",ADJUDICATE,adjudicate_duration,narrowed,
glyph/21/1/9/3/14,no_stem,,0,"{""too_thin"": 2}",ADJUDICATE,adjudicate_duration,narrowed,
glyph/21/1/10/1/2,clean,True,1,"{""too_thin"": 3}",ADJUDICATE,adjudicate_duration,narrowed,
glyph/21/1/10/1/7,clean,True,0,"{""too_thin"": 3}",ADJUDICATE,adjudicate_duration,narrowed,
glyph/21/1/10/1/8,no_stem,,0,"{""too_thin"": 4}",ADJUDICATE,adjudicate_duration,narrowed,
glyph/21/1/10/2/4,no_stem,,1,"{""too_thin"": 3}",ADJUDICATE,adjudicate_duration,narrowed,
glyph/21/1/10/3/0,clean,False,1,"{""too_thin"": 2}",ADJUDICATE,adjudicate_duration,narrowed,
glyph/21/1/10/3/2,clean,False,0,"{""too_thin"": 2}",ADJUDICATE,adjudicate_duration,narrowed,
glyph/21/1/10/3/3,clean,False,0,"{""too_thin"": 2}",ADJUDICATE,adjudicate_duration,narrowed,
glyph/22/0/0/1/3,clean,False,1,"{""too_thin"": 4}",ADJUDICATE,adjudicate_duration,narrowed,
glyph/22/0/0/1/5,clean,False,0,"{""too_thin"": 1}",ADJUDICATE,adjudicate_duration,narrowed,
glyph/22/0/0/1/6,clean,False,1,"{""too_thin"": 3}",ADJUDICATE,adjudicate_duration,narrowed,
glyph/22/0/0/2/6,no_stem,,0,"{""too_thin"": 4}",ADJUDICATE,adjudicate_duration,narrowed,
glyph/22/0/0/2/7,clean,False,1,"{""too_thin"": 2}",ADJUDICATE,adjudicate_duration,narrowed,
glyph/22/0/0/2/9,clean,False,0,"{""too_thin"": 2}",ADJUDICATE,adjudicate_duration,narrowed,
glyph/22/0/0/3/0,clean,False,1,"{""too_thin"": 2}",ADJUDICATE,adjudicate_duration,narrowed,
glyph/22/0/0/3/5,clean,False,1,"{""too_thin"": 2}",ADJUDICATE,adjudicate_duration,narrowed,
glyph/22/0/0/4/4,occupied,False,1,"{""too_thin"": 2}",ADJUDICATE,adjudicate_duration,narrowed,
glyph/22/0/0/4/7,occupied,False,1,"{""too_thin"": 2}",ADJUDICATE,adjudicate_duration,narrowed,
glyph/22/0/0/4/8,no_stem,,0,"{""too_thin"": 4}",ADJUDICATE,adjudicate_duration,narrowed,
glyph/22/0/0/5/0,clean,False,1,"{""too_thin"": 1}",ADJUDICATE,adjudicate_duration,narrowed,
glyph/22/0/0/5/2,clean,False,1,"{""too_thin"": 1}",ADJUDICATE,adjudicate_duration,narrowed,
glyph/22/0/0/6/2,clean,False,0,"{""too_thin"": 3}",ADJUDICATE,adjudicate_duration,narrowed,
glyph/22/0/0/6/3,clean,False,1,"{""too_thin"": 3}",ADJUDICATE,adjudicate_duration,narrowed,
glyph/22/0/0/6/5,clean,False,0,"{""too_thin"": 3}",ADJUDICATE,adjudicate_duration,narrowed,
glyph/22/0/0/6/9,clean,False,1,"{""too_thin"": 3}",ADJUDICATE,adjudicate_duration,narrowed,
glyph/22/0/1/0/4,occupied,False,1,{},ADJUDICATE,adjudicate_duration,narrowed,
glyph/22/0/1/0/7,clean,False,0,{},ADJUDICATE,adjudicate_duration,narrowed,
glyph/22/0/1/1/5,no_stem,,0,"{""too_thin"": 5}",ADJUDICATE,adjudicate_duration,narrowed,
glyph/22/0/1/1/7,occupied,False,0,"{""too_thin"": 1}",ADJUDICATE,adjudicate_duration,narrowed,
glyph/22/0/1/1/8,clean,True,0,"{""too_thin"": 4}",ADJUDICATE,adjudicate_duration,narrowed,
glyph/22/0/1/2/3,clean,False,1,"{""too_thin"": 1}",ADJUDICATE,adjudicate_duration,narrowed,
glyph/22/0/1/2/4,clean,True,0,"{""too_thin"": 2}",ADJUDICATE,adjudicate_duration,narrowed,
glyph/22/0/1/2/6,clean,False,0,"{""too_thin"": 1}",ADJUDICATE,adjudicate_duration,narrowed,
glyph/22/0/1/2/12,clean,False,0,"{""too_thin"": 2}",ADJUDICATE,adjudicate_duration,narrowed,
glyph/22/0/1/3/5,clean,False,0,"{""too_thin"": 1}",ADJUDICATE,adjudicate_duration,narrowed,
glyph/22/0/1/3/9,no_stem,,0,"{""too_thin"": 6}",ADJUDICATE,adjudicate_duration,narrowed,
glyph/22/0/1/4/4,clean,False,0,"{""too_thin"": 1}",ADJUDICATE,adjudicate_duration,narrowed,
glyph/22/0/1/4/7,clean,True,0,"{""too_thin"": 4}",ADJUDICATE,adjudicate_duration,narrowed,
glyph/22/0/1/4/8,occupied,False,1,"{""too_thin"": 1}",ADJUDICATE,adjudicate_duration,narrowed,
glyph/22/0/1/4/15,clean,True,0,"{""too_thin"": 4}",ADJUDICATE,adjudicate_duration,narrowed,
glyph/22/0/1/5/3,no_stem,,0,"{""too_thin"": 2}",ADJUDICATE,adjudicate_duration,narrowed,
glyph/22/0/1/6/0,occupied,True,1,"{""too_thin"": 1}",ADJUDICATE,adjudicate_duration,narrowed,
glyph/22/0/1/6/1,clean,False,0,"{""too_thin"": 2}",ADJUDICATE,adjudicate_duration,narrowed,
glyph/22/0/1/6/3,no_stem,,1,"{""too_thin"": 2}",ADJUDICATE,adjudicate_duration,narrowed,
glyph/22/0/1/7/8,no_stem,,1,"{""too_thin"": 4}",ADJUDICATE,adjudicate_duration,narrowed,
glyph/22/0/1/7/9,no_stem,,1,"{""too_thin"": 4}",ADJUDICATE,adjudicate_duration,narrowed,
glyph/22/0/1/8/0,occupied,False,1,{},ADJUDICATE,adjudicate_duration,narrowed,
glyph/22/0/1/8/2,occupied,False,1,{},ADJUDICATE,adjudicate_duration,narrowed,
glyph/22/0/1/9/3,no_stem,,0,"{""too_thin"": 2}",ADJUDICATE,adjudicate_duration,narrowed,
glyph/22/0/1/9/4,no_stem,,0,"{""too_thin"": 2}",ADJUDICATE,adjudicate_duration,narrowed,
glyph/22/0/2/2/11,occupied,True,1,"{""too_thin"": 2}",ADJUDICATE,adjudicate_duration,narrowed,
glyph/22/0/2/2/16,clean,True,0,"{""too_thin"": 2}",ADJUDICATE,adjudicate_duration,narrowed,
glyph/22/0/2/2/19,clean,False,0,"{""too_thin"": 2}",ADJUDICATE,adjudicate_duration,narrowed,
glyph/22/0/2/3/4,occupied,True,1,"{""too_thin"": 5}",ADJUDICATE,adjudicate_duration,narrowed,
glyph/22/0/2/3/6,no_stem,,0,"{""too_thin"": 8}",ADJUDICATE,adjudicate_duration,narrowed,
glyph/22/0/2/3/18,no_stem,,0,"{""too_thin"": 8}",ADJUDICATE,adjudicate_duration,narrowed,
glyph/22/0/2/4/15,clean,True,0,"{""too_thin"": 4}",ADJUDICATE,adjudicate_duration,narrowed,
glyph/22/0/2/4/16,clean,False,1,"{""too_thin"": 4}",ADJUDICATE,adjudicate_duration,narrowed,
glyph/22/0/2/4/20,clean,False,0,"{""too_thin"": 4}",ADJUDICATE,adjudicate_duration,narrowed,
glyph/22/0/2/5/2,occupied,True,1,"{""too_thin"": 5}",ADJUDICATE,adjudicate_duration,narrowed,
glyph/22/0/2/5/3,no_stem,,0,"{""too_thin"": 5}",ADJUDICATE,adjudicate_duration,narrowed,
glyph/22/0/2/5/14,no_stem,,0,"{""too_thin"": 5}",ADJUDICATE,adjudicate_duration,narrowed,
glyph/22/0/2/6/2,occupied,True,1,"{""too_thin"": 2}",ADJUDICATE,adjudicate_duration,narrowed,
glyph/22/0/2/6/5,clean,False,1,"{""too_thin"": 2}",ADJUDICATE,adjudicate_duration,narrowed,
glyph/22/0/2/7/3,clean,True,0,"{""too_thin"": 1}",ADJUDICATE,adjudicate_duration,narrowed,
glyph/22/0/2/7/10,clean,True,1,"{""too_thin"": 1}",ADJUDICATE,adjudicate_duration,narrowed,
glyph/22/0/2/8/0,clean,True,0,"{""too_thin"": 1}",ADJUDICATE,adjudicate_duration,narrowed,
glyph/22/0/2/8/2,clean,True,1,"{""too_thin"": 1}",ADJUDICATE,adjudicate_duration,narrowed,
glyph/22/0/3/1/2,clean,True,1,"{""too_thin"": 3}",ADJUDICATE,adjudicate_duration,narrowed,
glyph/22/0/3/1/3,clean,False,1,"{""too_thin"": 3}",ADJUDICATE,adjudicate_duration,narrowed,
glyph/22/0/3/2/3,clean,True,1,"{""too_thin"": 5}",ADJUDICATE,adjudicate_duration,narrowed,
glyph/22/0/3/2/7,occupied,True,1,"{""too_thin"": 4}",ADJUDICATE,adjudicate_duration,narrowed,
glyph/22/0/3/3/6,clean,True,1,"{""too_thin"": 3}",ADJUDICATE,adjudicate_duration,narrowed,
glyph/22/0/3/4/5,occupied,True,1,"{""too_thin"": 4}",ADJUDICATE,adjudicate_duration,narrowed,
glyph/22/0/3/4/6,occupied,True,1,"{""too_thin"": 4}",ADJUDICATE,adjudicate_duration,narrowed,
glyph/22/0/3/5/0,clean,False,1,"{""too_thin"": 1}",ADJUDICATE,adjudicate_duration,narrowed,
glyph/22/0/3/6/2,occupied,False,1,"{""too_thin"": 4}",ADJUDICATE,adjudicate_duration,narrowed,
glyph/22/0/3/6/8,occupied,False,1,"{""too_thin"": 4}",ADJUDICATE,adjudicate_duration,narrowed,
glyph/22/0/3/7/1,occupied,True,1,"{""too_thin"": 2}",ADJUDICATE,adjudicate_duration,narrowed,
glyph/22/0/3/7/2,occupied,True,1,"{""too_thin"": 2}",ADJUDICATE,adjudicate_duration,narrowed,
glyph/22/0/3/7/9,occupied,True,1,"{""too_thin"": 2}",ADJUDICATE,adjudicate_duration,narrowed,
glyph/22/0/3/8/3,clean,True,1,"{""too_thin"": 1}",ADJUDICATE,adjudicate_duration,narrowed,
glyph/22/0/3/8/10,clean,True,1,"{""too_thin"": 1}",ADJUDICATE,adjudicate_duration,narrowed,
glyph/22/0/3/9/0,clean,True,0,"{""too_thin"": 1}",ADJUDICATE,adjudicate_duration,narrowed,
glyph/22/0/3/9/1,clean,True,0,"{""too_thin"": 1}",ADJUDICATE,adjudicate_duration,narrowed,
glyph/22/0/4/1/4,clean,True,1,"{""too_thin"": 3}",ADJUDICATE,adjudicate_duration,narrowed,
glyph/22/0/4/2/4,clean,True,0,"{""too_thin"": 3}",ADJUDICATE,adjudicate_duration,narrowed,
glyph/22/0/4/2/5,clean,True,1,"{""too_thin"": 2}",ADJUDICATE,adjudicate_duration,narrowed,
glyph/22/0/4/3/3,clean,True,1,"{""too_thin"": 2}",ADJUDICATE,adjudicate_duration,narrowed,
glyph/22/0/4/4/1,clean,True,1,"{""too_thin"": 2}",ADJUDICATE,adjudicate_duration,narrowed,
glyph/22/0/4/4/3,clean,True,0,"{""too_thin"": 2}",ADJUDICATE,adjudicate_duration,narrowed,
glyph/22/0/5/8/5,clean,False,1,"{""too_thin"": 1}",ADJUDICATE,adjudicate_duration,narrowed,
glyph/22/0/5/8/11,no_stem,,1,"{""too_thin"": 5}",ADJUDICATE,adjudicate_duration,narrowed,
glyph/22/0/6/6/2,clean,True,1,"{""too_thin"": 2}",ADJUDICATE,adjudicate_duration,narrowed,
glyph/22/0/6/6/3,clean,True,1,"{""too_thin"": 2}",ADJUDICATE,adjudicate_duration,narrowed,
glyph/22/0/6/7/1,clean,False,1,"{""too_thin"": 2}",ADJUDICATE,adjudicate_duration,narrowed,
glyph/22/0/6/7/2,clean,False,1,"{""too_thin"": 2}",ADJUDICATE,adjudicate_duration,narrowed,
glyph/22/0/6/8/2,clean,True,1,"{""too_thin"": 3}",ADJUDICATE,adjudicate_duration,narrowed,
glyph/22/0/6/8/7,clean,True,1,"{""too_thin"": 3}",ADJUDICATE,adjudicate_duration,narrowed,
glyph/22/0/6/9/3,clean,False,1,"{""too_thin"": 2}",ADJUDICATE,adjudicate_duration,narrowed,
glyph/22/0/6/9/9,clean,False,1,"{""too_thin"": 2}",ADJUDICATE,adjudicate_duration,narrowed,
glyph/22/0/6/10/1,clean,True,1,"{""too_thin"": 1}",ADJUDICATE,adjudicate_duration,narrowed,
glyph/22/0/6/10/3,clean,True,1,"{""too_thin"": 1}",ADJUDICATE,adjudicate_duration,narrowed,
glyph/22/0/6/11/0,clean,False,0,{},ADJUDICATE,adjudicate_duration,narrowed,
glyph/22/0/7/1/3,clean,False,1,"{""too_thin"": 3}",ADJUDICATE,adjudicate_duration,narrowed,
glyph/22/0/7/2/5,clean,True,1,"{""too_thin"": 6}",ADJUDICATE,adjudicate_duration,narrowed,
glyph/22/0/7/2/11,clean,True,0,"{""too_thin"": 6}",ADJUDICATE,adjudicate_duration,narrowed,
glyph/22/0/7/3/3,clean,False,1,"{""too_thin"": 2}",ADJUDICATE,adjudicate_duration,narrowed,
glyph/22/0/7/4/6,clean,True,0,"{""too_thin"": 7}",ADJUDICATE,adjudicate_duration,narrowed,
glyph/22/0/7/4/8,clean,True,1,"{""too_thin"": 7}",ADJUDICATE,adjudicate_duration,narrowed,
glyph/22/0/7/5/7,clean,False,1,"{""too_thin"": 2}",ADJUDICATE,adjudicate_duration,narrowed,
glyph/22/0/7/6/7,clean,True,1,"{""too_thin"": 5}",ADJUDICATE,adjudicate_duration,narrowed,
glyph/22/0/7/6/10,clean,True,1,"{""too_thin"": 5}",ADJUDICATE,adjudicate_duration,narrowed,
glyph/22/0/7/7/3,clean,True,1,"{""too_thin"": 3}",ADJUDICATE,adjudicate_duration,narrowed,
glyph/22/0/7/7/5,clean,True,1,"{""too_thin"": 3}",ADJUDICATE,adjudicate_duration,narrowed,
glyph/22/0/7/8/2,clean,True,1,"{""too_thin"": 5}",ADJUDICATE,adjudicate_duration,narrowed,
glyph/22/0/7/8/3,clean,True,1,"{""too_thin"": 5}",ADJUDICATE,adjudicate_duration,narrowed,
glyph/22/0/7/9/1,clean,True,1,"{""too_thin"": 5}",ADJUDICATE,adjudicate_duration,narrowed,
glyph/22/0/7/11/0,clean,False,1,"{""too_thin"": 2}",ADJUDICATE,adjudicate_duration,narrowed,
glyph/22/0/7/11/2,clean,True,1,"{""too_thin"": 2}",ADJUDICATE,adjudicate_duration,narrowed,
glyph/22/0/8/0/13,occupied,False,0,{},EVALUATE,share_stem_value,decided,0
glyph/22/0/8/10/1,clean,True,1,"{""too_thin"": 3}",ADJUDICATE,adjudicate_duration,narrowed,
glyph/22/0/8/10/4,occupied,True,1,"{""too_thin"": 3}",ADJUDICATE,adjudicate_duration,narrowed,
glyph/22/0/8/11/0,clean,True,1,"{""too_thin"": 5}",ADJUDICATE,adjudicate_duration,narrowed,
glyph/22/0/8/11/6,clean,True,1,"{""too_thin"": 5}",ADJUDICATE,adjudicate_duration,narrowed,
glyph/22/1/2/1/4,clean,False,1,"{""too_thin"": 2}",ADJUDICATE,adjudicate_duration,narrowed,
glyph/22/1/2/1/6,no_stem,,0,"{""too_thin"": 2}",ADJUDICATE,adjudicate_duration,narrowed,
glyph/22/1/4/1/4,clean,False,0,"{""too_thin"": 2}",ADJUDICATE,adjudicate_duration,narrowed,
glyph/22/1/4/2/0,clean,False,1,"{""too_thin"": 3}",ADJUDICATE,adjudicate_duration,narrowed,
glyph/22/1/4/2/5,clean,True,0,"{""too_thin"": 1}",ADJUDICATE,adjudicate_duration,narrowed,
glyph/22/1/4/4/1,clean,True,0,"{""too_thin"": 1}",ADJUDICATE,adjudicate_duration,narrowed,
glyph/22/1/4/6/0,clean,False,1,"{""too_thin"": 2}",ADJUDICATE,adjudicate_duration,narrowed,
glyph/22/1/4/6/3,occupied,True,1,"{""too_thin"": 2}",ADJUDICATE,adjudicate_duration,narrowed,
glyph/22/1/6/0/0,clean,False,1,{},ADJUDICATE,adjudicate_duration,narrowed,
glyph/22/1/6/0/13,clean,False,1,{},ADJUDICATE,adjudicate_duration,narrowed,
glyph/22/1/6/1/0,clean,False,1,{},ADJUDICATE,adjudicate_duration,narrowed,
glyph/22/1/6/1/1,clean,False,1,{},ADJUDICATE,adjudicate_duration,narrowed,
glyph/22/1/6/2/0,clean,True,1,"{""too_thin"": 1}",ADJUDICATE,adjudicate_duration,narrowed,
glyph/22/1/6/2/2,clean,True,1,"{""too_thin"": 1}",ADJUDICATE,adjudicate_duration,narrowed,
glyph/22/1/6/3/1,occupied,True,1,"{""too_thin"": 2}",ADJUDICATE,adjudicate_duration,narrowed,
glyph/22/1/6/3/2,clean,True,1,"{""too_thin"": 2}",ADJUDICATE,adjudicate_duration,narrowed,
glyph/22/1/6/4/1,clean,False,1,{},ADJUDICATE,adjudicate_duration,narrowed,
glyph/22/1/6/4/3,clean,False,1,{},ADJUDICATE,adjudicate_duration,narrowed,
glyph/22/1/6/9/1,clean,False,0,"{""too_thin"": 1}",EVALUATE,share_stem_value,decided,0
glyph/22/1/6/10/2,clean,True,0,"{""too_thin"": 2}",ADJUDICATE,adjudicate_duration,narrowed,
glyph/22/1/6/10/8,clean,True,0,"{""too_thin"": 1}",ADJUDICATE,adjudicate_duration,narrowed,
glyph/22/1/7/0/1,clean,False,1,{},ADJUDICATE,adjudicate_duration,narrowed,
glyph/22/1/7/0/6,clean,False,1,{},ADJUDICATE,adjudicate_duration,narrowed,
glyph/22/1/7/1/1,clean,True,1,"{""too_thin"": 3}",ADJUDICATE,adjudicate_duration,narrowed,
glyph/22/1/7/1/2,clean,True,1,"{""too_thin"": 3}",ADJUDICATE,adjudicate_duration,narrowed,
glyph/22/1/7/2/2,clean,True,1,"{""too_thin"": 3}",ADJUDICATE,adjudicate_duration,narrowed,
glyph/22/1/7/2/5,clean,True,1,"{""too_thin"": 3}",ADJUDICATE,adjudicate_duration,narrowed,
glyph/22/1/7/3/1,clean,True,1,"{""too_thin"": 3}",ADJUDICATE,adjudicate_duration,narrowed,
glyph/22/1/7/3/2,clean,True,1,"{""too_thin"": 3}",ADJUDICATE,adjudicate_duration,narrowed,
glyph/22/1/7/4/1,clean,True,2,"{""too_thin"": 1}",ADJUDICATE,adjudicate_duration,narrowed,
glyph/22/1/7/4/4,clean,True,1,"{""too_thin"": 1}",ADJUDICATE,adjudicate_duration,narrowed,
glyph/22/1/7/10/0,clean,True,0,"{""too_thin"": 2}",ADJUDICATE,adjudicate_duration,narrowed,
glyph/22/1/7/10/2,clean,True,0,"{""too_thin"": 1}",ADJUDICATE,adjudicate_duration,narrowed,
glyph/22/1/8/0/2,clean,False,1,{},ADJUDICATE,adjudicate_duration,narrowed,
glyph/22/1/8/0/3,clean,False,1,{},ADJUDICATE,adjudicate_duration,narrowed,
glyph/22/1/8/1/3,clean,True,1,"{""too_thin"": 2}",ADJUDICATE,adjudicate_duration,narrowed,
glyph/22/1/8/1/6,clean,False,1,"{""too_thin"": 2}",ADJUDICATE,adjudicate_duration,narrowed,
glyph/22/1/8/2/1,clean,True,1,"{""too_thin"": 3}",ADJUDICATE,adjudicate_duration,narrowed,
glyph/22/1/8/2/2,clean,True,1,"{""too_thin"": 3}",ADJUDICATE,adjudicate_duration,narrowed,
glyph/22/1/8/3/3,clean,True,1,"{""too_thin"": 3}",ADJUDICATE,adjudicate_duration,narrowed,
glyph/22/1/8/3/4,clean,True,1,"{""too_thin"": 3}",ADJUDICATE,adjudicate_duration,narrowed,
glyph/22/1/8/4/0,clean,True,1,"{""too_thin"": 2}",ADJUDICATE,adjudicate_duration,narrowed,
glyph/22/1/8/4/1,clean,False,1,"{""too_thin"": 2}",ADJUDICATE,adjudicate_duration,narrowed,
glyph/22/1/9/0/2,clean,False,1,{},ADJUDICATE,adjudicate_duration,narrowed,
glyph/22/1/9/0/7,clean,False,1,{},ADJUDICATE,adjudicate_duration,narrowed,
glyph/22/1/9/1/2,clean,True,1,"{""too_thin"": 2}",ADJUDICATE,adjudicate_duration,narrowed,
glyph/22/1/9/1/3,clean,True,1,"{""too_thin"": 2}",ADJUDICATE,adjudicate_duration,narrowed,
glyph/22/1/9/2/5,clean,True,1,"{""too_thin"": 2}",ADJUDICATE,adjudicate_duration,narrowed,
glyph/22/1/9/2/7,clean,True,0,"{""too_thin"": 2}",ADJUDICATE,adjudicate_duration,narrowed,
glyph/22/1/9/3/2,clean,True,1,"{""too_thin"": 2}",ADJUDICATE,adjudicate_duration,narrowed,
glyph/22/1/9/3/4,clean,True,1,"{""too_thin"": 2}",ADJUDICATE,adjudicate_duration,narrowed,
glyph/22/1/9/4/6,clean,False,1,"{""too_thin"": 2}",ADJUDICATE,adjudicate_duration,narrowed,
glyph/22/1/9/4/7,clean,False,1,"{""too_thin"": 2}",ADJUDICATE,adjudicate_duration,narrowed,
glyph/22/1/10/9/4,clean,False,0,"{""too_thin"": 1}",ADJUDICATE,adjudicate_duration,narrowed,
glyph/22/1/10/10/0,clean,False,0,"{""too_thin"": 1}",ADJUDICATE,adjudicate_duration,narrowed,
glyph/22/1/10/12/6,clean,False,0,{},ADJUDICATE,adjudicate_duration,narrowed,
glyph/23/0/0/2/2,no_stem,,1,{},EVALUATE,reconcile_duration,decided,0
glyph/23/0/0/3/6,no_stem,,0,"{""too_thin"": 2}",ADJUDICATE,adjudicate_duration,narrowed,
glyph/23/0/0/3/19,no_stem,,0,"{""too_thin"": 3}",ADJUDICATE,adjudicate_duration,narrowed,
glyph/23/0/0/4/4,no_stem,,0,{},ADJUDICATE,adjudicate_duration,narrowed,
glyph/23/0/0/4/6,no_stem,,1,{},ADJUDICATE,adjudicate_duration,narrowed,
glyph/23/0/0/4/14,no_stem,,1,"{""too_thin"": 1}",ADJUDICATE,adjudicate_duration,narrowed,
glyph/23/0/1/2/1,no_stem,,1,{},EVALUATE,reconcile_duration,decided,0
glyph/23/0/1/2/11,occupied,False,0,{},ADJUDICATE,adjudicate_duration,narrowed,
glyph/23/0/1/3/0,occupied,False,0,"{""too_thin"": 1}",ADJUDICATE,adjudicate_duration,narrowed,
glyph/23/0/1/3/5,occupied,False,0,"{""too_thin"": 1}",ADJUDICATE,adjudicate_duration,narrowed,
glyph/23/0/1/5/2,occupied,False,0,{},ADJUDICATE,adjudicate_duration,narrowed,
glyph/23/0/1/5/3,occupied,False,0,{},ADJUDICATE,adjudicate_duration,narrowed,
glyph/23/0/1/7/0,clean,True,0,"{""too_thin"": 1}",ADJUDICATE,adjudicate_duration,narrowed,
glyph/23/0/1/7/2,clean,True,0,"{""too_thin"": 1}",ADJUDICATE,adjudicate_duration,narrowed,
glyph/23/0/2/2/1,occupied,False,1,{},EVALUATE,reconcile_duration,decided,0
glyph/23/0/2/2/3,occupied,True,0,{},ADJUDICATE,adjudicate_duration,narrowed,
glyph/23/0/2/3/1,clean,False,0,{},ADJUDICATE,adjudicate_duration,narrowed,
glyph/23/0/2/3/3,occupied,False,0,{},ADJUDICATE,adjudicate_duration,narrowed,
glyph/23/0/2/4/0,clean,False,0,{},ADJUDICATE,adjudicate_duration,narrowed,
glyph/23/0/2/4/1,occupied,False,1,{},ADJUDICATE,adjudicate_duration,narrowed,
glyph/23/0/2/4/4,clean,False,0,{},ADJUDICATE,adjudicate_duration,narrowed,
glyph/23/0/2/4/8,occupied,False,1,{},ADJUDICATE,adjudicate_duration,narrowed,
glyph/23/0/2/8/1,clean,False,1,{},ADJUDICATE,adjudicate_duration,narrowed,
glyph/23/0/2/8/2,clean,False,1,{},ADJUDICATE,adjudicate_duration,narrowed,
glyph/23/0/2/9/1,clean,False,1,{},ADJUDICATE,adjudicate_duration,narrowed,
glyph/23/0/2/9/5,clean,False,1,{},ADJUDICATE,adjudicate_duration,narrowed,
glyph/23/0/3/1/0,clean,False,1,{},ADJUDICATE,adjudicate_duration,narrowed,
glyph/23/0/3/1/1,clean,False,0,{},ADJUDICATE,adjudicate_duration,narrowed,
glyph/23/0/3/1/4,clean,False,0,{},ADJUDICATE,adjudicate_duration,narrowed,
glyph/23/0/3/1/5,clean,False,1,{},ADJUDICATE,adjudicate_duration,narrowed,
glyph/23/0/3/2/2,occupied,False,1,{},ADJUDICATE,adjudicate_duration,narrowed,
glyph/23/0/3/2/3,clean,False,0,{},ADJUDICATE,adjudicate_duration,narrowed,
glyph/23/0/3/2/6,occupied,False,1,{},ADJUDICATE,adjudicate_duration,narrowed,
glyph/23/0/3/2/16,clean,False,0,{},ADJUDICATE,adjudicate_duration,narrowed,
glyph/23/0/4/2/4,clean,False,1,{},ADJUDICATE,adjudicate_duration,narrowed,
glyph/23/0/4/2/11,clean,False,0,{},ADJUDICATE,adjudicate_duration,narrowed,
glyph/23/0/4/4/0,clean,False,0,{},ADJUDICATE,adjudicate_duration,narrowed,
glyph/23/0/4/4/2,clean,False,1,{},ADJUDICATE,adjudicate_duration,narrowed,
glyph/23/0/4/5/2,clean,False,0,{},ADJUDICATE,adjudicate_duration,narrowed,
glyph/23/0/4/5/9,clean,False,0,{},ADJUDICATE,adjudicate_duration,narrowed,
glyph/23/0/4/6/0,clean,False,0,{},ADJUDICATE,adjudicate_duration,narrowed,
glyph/23/0/4/6/2,clean,False,1,{},ADJUDICATE,adjudicate_duration,narrowed,
glyph/23/0/4/7/0,clean,False,0,"{""too_thin"": 1}",ADJUDICATE,adjudicate_duration,narrowed,
glyph/23/0/5/7/2,no_stem,,0,"{""too_thin"": 1}",ADJUDICATE,adjudicate_duration,narrowed,
glyph/23/0/5/7/3,no_stem,,0,"{""too_thin"": 1}",ADJUDICATE,adjudicate_duration,narrowed,
glyph/23/0/8/4/0,no_stem,,1,{},ADJUDICATE,adjudicate_duration,narrowed,
glyph/23/0/8/4/2,occupied,False,0,{},ADJUDICATE,adjudicate_duration,narrowed,
glyph/23/0/9/2/0,clean,False,0,{},ADJUDICATE,adjudicate_duration,narrowed,
glyph/23/0/9/2/13,clean,False,1,{},EVALUATE,reconcile_duration,decided,0
glyph/23/0/9/5/3,clean,False,0,{},ADJUDICATE,adjudicate_duration,narrowed,
glyph/23/0/9/5/5,clean,False,0,{},ADJUDICATE,adjudicate_duration,narrowed,
glyph/23/0/9/7/8,clean,False,0,{},ADJUDICATE,adjudicate_duration,narrowed,
glyph/23/0/10/1/0,clean,False,0,{},ADJUDICATE,adjudicate_duration,narrowed,
glyph/23/0/10/1/4,clean,False,1,{},ADJUDICATE,adjudicate_duration,narrowed,
glyph/23/0/10/2/1,clean,False,1,"{""too_thin"": 1}",EVALUATE,reconcile_duration,decided,0
glyph/23/0/11/1/0,occupied,False,1,{},ADJUDICATE,adjudicate_duration,narrowed,
glyph/23/0/11/1/3,clean,False,0,{},ADJUDICATE,adjudicate_duration,narrowed,
glyph/23/0/11/4/0,clean,False,0,{},ADJUDICATE,adjudicate_duration,narrowed,
glyph/23/0/11/4/4,clean,False,0,{},ADJUDICATE,adjudicate_duration,narrowed,
glyph/23/1/0/0/8,no_stem,,1,{},ADJUDICATE,adjudicate_duration,narrowed,
glyph/23/1/0/1/0,no_stem,,0,"{""too_thin"": 2}",ADJUDICATE,adjudicate_duration,narrowed,
glyph/23/1/0/1/2,no_stem,,0,"{""too_thin"": 2}",ADJUDICATE,adjudicate_duration,narrowed,
glyph/23/1/0/1/7,no_stem,,0,"{""too_thin"": 2}",ADJUDICATE,adjudicate_duration,narrowed,
glyph/23/1/0/3/2,no_stem,,0,{},ADJUDICATE,adjudicate_duration,narrowed,
glyph/23/1/0/3/3,no_stem,,0,"{""too_thin"": 1}",ADJUDICATE,adjudicate_duration,narrowed,
glyph/23/1/0/4/6,no_stem,,1,"{""too_thin"": 1}",ADJUDICATE,adjudicate_duration,narrowed,
glyph/23/1/0/4/12,no_stem,,1,"{""too_thin"": 1}",ADJUDICATE,adjudicate_duration,narrowed,
glyph/23/1/0/6/1,clean,False,0,"{""too_thin"": 1}",ADJUDICATE,adjudicate_duration,narrowed,
glyph/23/1/0/6/2,clean,False,0,"{""too_thin"": 1}",ADJUDICATE,adjudicate_duration,narrowed,
glyph/23/1/0/6/3,clean,False,0,"{""too_thin"": 1}",ADJUDICATE,adjudicate_duration,narrowed,
glyph/23/1/0/6/5,clean,False,0,"{""too_thin"": 1}",ADJUDICATE,adjudicate_duration,narrowed,
glyph/23/1/0/7/3,no_stem,,0,"{""too_thin"": 1}",ADJUDICATE,adjudicate_duration,narrowed,
glyph/23/1/0/7/5,clean,False,0,"{""too_thin"": 1}",ADJUDICATE,adjudicate_duration,narrowed,
glyph/23/1/0/7/7,no_stem,,0,"{""too_thin"": 1}",ADJUDICATE,adjudicate_duration,narrowed,
glyph/23/1/0/7/10,clean,False,0,"{""too_thin"": 1}",ADJUDICATE,adjudicate_duration,narrowed,
glyph/23/1/0/8/2,clean,False,0,"{""too_thin"": 1}",ADJUDICATE,adjudicate_duration,narrowed,
glyph/23/1/0/8/4,no_stem,,0,"{""too_thin"": 1}",ADJUDICATE,adjudicate_duration,narrowed,
glyph/23/1/0/8/5,clean,False,0,"{""too_thin"": 1}",ADJUDICATE,adjudicate_duration,narrowed,
glyph/23/1/0/8/6,no_stem,,0,"{""too_thin"": 1}",ADJUDICATE,adjudicate_duration,narrowed,
glyph/23/1/0/9/0,clean,False,0,"{""too_thin"": 1}",ADJUDICATE,adjudicate_duration,narrowed,
glyph/23/1/0/9/1,no_stem,,0,"{""too_thin"": 1}",ADJUDICATE,adjudicate_duration,narrowed,
glyph/23/1/0/9/3,clean,False,0,"{""too_thin"": 1}",ADJUDICATE,adjudicate_duration,narrowed,
glyph/23/1/0/9/7,no_stem,,0,"{""too_thin"": 1}",ADJUDICATE,adjudicate_duration,narrowed,
glyph/23/1/0/9/10,no_stem,,0,"{""too_thin"": 1}",ADJUDICATE,adjudicate_duration,narrowed,
glyph/23/1/1/0/1,no_stem,,1,"{""too_thin"": 1}",ADJUDICATE,adjudicate_duration,narrowed,
glyph/23/1/1/0/4,no_stem,,1,"{""too_thin"": 1}",ADJUDICATE,adjudicate_duration,narrowed,
glyph/23/1/1/0/22,occupied,True,0,"{""too_thin"": 1}",ADJUDICATE,adjudicate_duration,narrowed,
glyph/23/1/1/1/1,no_stem,,0,"{""too_thin"": 1}",ADJUDICATE,adjudicate_duration,narrowed,
glyph/23/1/1/1/7,no_stem,,0,"{""too_thin"": 1}",ADJUDICATE,adjudicate_duration,narrowed,
glyph/23/1/1/3/1,no_stem,,0,{},ADJUDICATE,adjudicate_duration,narrowed,
glyph/23/1/1/4/1,clean,False,0,{},ADJUDICATE,adjudicate_duration,narrowed,
glyph/23/1/1/4/2,clean,False,0,{},ADJUDICATE,adjudicate_duration,narrowed,
glyph/23/1/2/1/1,no_stem,,0,"{""too_thin"": 2}",ADJUDICATE,adjudicate_duration,narrowed,
glyph/23/1/2/1/6,no_stem,,0,"{""too_thin"": 2}",ADJUDICATE,adjudicate_duration,narrowed,
glyph/23/1/2/3/2,clean,False,0,{},ADJUDICATE,adjudicate_duration,narrowed,
glyph/23/1/2/3/6,clean,False,0,{},ADJUDICATE,adjudicate_duration,narrowed,
glyph/23/1/2/5/2,clean,False,0,{},ADJUDICATE,adjudicate_duration,narrowed,
glyph/23/1/2/5/4,clean,False,0,{},ADJUDICATE,adjudicate_duration,narrowed,
glyph/23/1/2/6/0,clean,False,0,{},ADJUDICATE,adjudicate_duration,narrowed,
glyph/23/1/2/6/2,clean,False,0,{},ADJUDICATE,adjudicate_duration,narrowed,
glyph/23/1/2/6/3,clean,False,0,{},ADJUDICATE,adjudicate_duration,narrowed,
glyph/23/1/2/6/6,clean,False,0,{},ADJUDICATE,adjudicate_duration,narrowed,
glyph/23/1/2/7/0,clean,False,0,{},ADJUDICATE,adjudicate_duration,narrowed,
glyph/23/1/2/7/3,clean,False,0,{},ADJUDICATE,adjudicate_duration,narrowed,
glyph/23/1/3/3/23,clean,False,1,"{""too_thin"": 1}",ADJUDICATE,adjudicate_duration,narrowed,
glyph/23/1/4/3/0,clean,False,1,"{""too_thin"": 2}",ADJUDICATE,adjudicate_duration,narrowed,
glyph/23/1/4/5/2,clean,False,1,"{""too_thin"": 1}",ADJUDICATE,adjudicate_duration,narrowed,
glyph/23/1/5/1/2,no_stem,,0,"{""too_thin"": 1}",ADJUDICATE,adjudicate_duration,narrowed,
glyph/23/1/5/1/4,no_stem,,0,"{""too_thin"": 1}",ADJUDICATE,adjudicate_duration,narrowed,
glyph/23/1/5/7/0,clean,False,1,{},ADJUDICATE,adjudicate_duration,narrowed,
glyph/23/1/5/7/2,clean,False,1,{},ADJUDICATE,adjudicate_duration,narrowed,
glyph/23/1/6/9/4,clean,False,1,"{""too_thin"": 1}",ADJUDICATE,adjudicate_duration,narrowed,
glyph/23/1/7/7/8,no_stem,,1,"{""through_heads"": 1}",ADJUDICATE,adjudicate_duration,narrowed,
glyph/23/1/7/9/0,clean,False,1,"{""too_thin"": 1}",EVALUATE,share_stem_value,decided,0
glyph/23/1/8/0/5,no_stem,,1,"{""too_thin"": 1}",ADJUDICATE,adjudicate_duration,narrowed,
glyph/23/1/8/2/1,clean,False,0,"{""too_thin"": 1}",ADJUDICATE,adjudicate_duration,narrowed,
glyph/23/1/8/2/2,clean,True,0,"{""too_thin"": 1}",ADJUDICATE,adjudicate_duration,narrowed,
glyph/23/1/8/5/4,clean,False,0,{},ADJUDICATE,adjudicate_duration,narrowed,
glyph/23/1/8/5/6,clean,False,0,{},ADJUDICATE,adjudicate_duration,narrowed,
glyph/23/1/8/7/1,occupied,False,0,{},ADJUDICATE,adjudicate_duration,narrowed,
glyph/23/1/8/7/2,clean,False,0,{},ADJUDICATE,adjudicate_duration,narrowed,
glyph/23/1/8/7/3,clean,False,0,{},ADJUDICATE,adjudicate_duration,narrowed,
glyph/23/1/8/7/4,clean,False,0,{},ADJUDICATE,adjudicate_duration,narrowed,
glyph/23/1/8/7/6,occupied,False,0,{},ADJUDICATE,adjudicate_duration,narrowed,
glyph/23/1/8/7/8,clean,False,0,{},ADJUDICATE,adjudicate_duration,narrowed,
glyph/23/1/8/7/16,clean,False,0,{},ADJUDICATE,adjudicate_duration,narrowed,
glyph/23/1/8/7/22,clean,False,0,{},ADJUDICATE,adjudicate_duration,narrowed,
glyph/23/1/8/8/0,clean,True,0,"{""too_thin"": 1}",ADJUDICATE,adjudicate_duration,narrowed,
glyph/23/1/8/8/1,hook_seen,True,0,"{""too_thin"": 1}",ADJUDICATE,adjudicate_duration,narrowed,
glyph/23/1/8/8/2,clean,True,0,"{""too_thin"": 1}",ADJUDICATE,adjudicate_duration,narrowed,
glyph/23/1/8/8/4,clean,True,0,"{""too_thin"": 1}",ADJUDICATE,adjudicate_duration,narrowed,
glyph/23/1/8/8/8,clean,True,0,"{""too_thin"": 1}",ADJUDICATE,adjudicate_duration,narrowed,
glyph/23/1/8/8/9,clean,True,0,"{""too_thin"": 1}",ADJUDICATE,adjudicate_duration,narrowed,
glyph/23/1/8/8/10,clean,True,0,"{""too_thin"": 1}",ADJUDICATE,adjudicate_duration,narrowed,
glyph/23/1/8/8/14,hook_seen,True,0,"{""too_thin"": 1}",ADJUDICATE,adjudicate_duration,narrowed,
glyph/23/1/9/3/3,clean,True,0,"{""no_stem_at_ends"": 1}",ADJUDICATE,adjudicate_duration,narrowed,
glyph/23/1/9/3/6,clean,True,0,"{""no_stem_at_ends"": 1}",ADJUDICATE,adjudicate_duration,narrowed,
glyph/23/1/9/8/1,no_stem,,1,{},ADJUDICATE,adjudicate_duration,narrowed,
glyph/23/1/11/1/4,clean,True,0,"{""too_thin"": 1}",ADJUDICATE,adjudicate_duration,narrowed,
glyph/23/1/11/2/1,clean,False,0,"{""too_thin"": 1}",ADJUDICATE,adjudicate_duration,narrowed,
glyph/23/1/11/2/7,clean,False,1,"{""too_thin"": 1}",ADJUDICATE,adjudicate_duration,narrowed,
glyph/23/1/11/8/3,no_stem,,0,"{""too_thin"": 1}",ADJUDICATE,adjudicate_duration,narrowed,
glyph/23/1/11/8/4,clean,True,0,"{""too_thin"": 1}",ADJUDICATE,adjudicate_duration,narrowed,
glyph/23/1/11/8/6,no_stem,,0,"{""too_thin"": 1}",ADJUDICATE,adjudicate_duration,narrowed,
glyph/23/1/11/8/8,clean,True,0,"{""too_thin"": 1}",ADJUDICATE,adjudicate_duration,narrowed,
glyph/23/1/11/8/9,hook_seen,True,0,"{""too_thin"": 1}",ADJUDICATE,adjudicate_duration,narrowed,
glyph/23/1/12/2/3,clean,False,1,"{""too_thin"": 1}",ADJUDICATE,adjudicate_duration,narrowed,
glyph/23/1/12/2/11,clean,True,0,"{""too_thin"": 1}",ADJUDICATE,adjudicate_duration,narrowed,
glyph/23/1/12/4/0,clean,False,0,"{""too_thin"": 1}",ADJUDICATE,adjudicate_duration,narrowed,
glyph/23/1/12/4/1,clean,False,1,"{""too_thin"": 1}",ADJUDICATE,adjudicate_duration,narrowed,
glyph/23/1/12/8/8,clean,True,0,"{""too_thin"": 1}",ADJUDICATE,adjudicate_duration,narrowed,
glyph/24/0/0/3/0,clean,False,0,"{""too_thin"": 1}",ADJUDICATE,adjudicate_duration,narrowed,
glyph/24/0/0/3/1,no_stem,,0,"{""too_thin"": 1}",ADJUDICATE,adjudicate_duration,narrowed,
glyph/24/0/0/3/6,clean,False,0,"{""too_thin"": 1}",ADJUDICATE,adjudicate_duration,narrowed,
glyph/24/0/0/3/7,no_stem,,0,"{""too_thin"": 1}",ADJUDICATE,adjudicate_duration,narrowed,
glyph/24/0/2/0/2,no_stem,,0,{},ADJUDICATE,adjudicate_duration,narrowed,
glyph/24/0/2/0/3,no_stem,,0,{},ADJUDICATE,adjudicate_duration,narrowed,
glyph/24/0/2/1/0,clean,False,0,{},ADJUDICATE,adjudicate_duration,narrowed,
glyph/24/0/2/1/2,no_stem,,0,{},ADJUDICATE,adjudicate_duration,narrowed,
glyph/24/0/2/1/4,clean,False,0,{},ADJUDICATE,adjudicate_duration,narrowed,
glyph/24/0/2/2/3,clean,False,0,{},ADJUDICATE,adjudicate_duration,narrowed,
glyph/24/0/2/2/4,clean,False,0,{},ADJUDICATE,adjudicate_duration,narrowed,
glyph/24/0/2/2/9,clean,False,0,{},ADJUDICATE,adjudicate_duration,narrowed,
glyph/24/0/2/2/10,clean,False,0,{},ADJUDICATE,adjudicate_duration,narrowed,
glyph/24/0/3/3/0,no_stem,,1,"{""too_thin"": 1}",ADJUDICATE,adjudicate_duration,narrowed,
glyph/24/0/3/3/1,no_stem,,1,"{""too_thin"": 1}",ADJUDICATE,adjudicate_duration,narrowed,
glyph/24/0/5/0/3,clean,True,0,"{""too_thin"": 1}",ADJUDICATE,adjudicate_duration,narrowed,
glyph/24/0/5/1/2,clean,False,1,{},ADJUDICATE,adjudicate_duration,narrowed,
glyph/24/0/5/1/4,clean,False,1,{},ADJUDICATE,adjudicate_duration,narrowed,
glyph/24/0/6/3/2,clean,True,1,"{""too_thin"": 1}",ADJUDICATE,adjudicate_duration,narrowed,
glyph/24/0/7/2/4,no_stem,,0,"{""through_heads"": 1}",ADJUDICATE,adjudicate_duration,narrowed,
glyph/24/0/7/3/2,clean,False,1,"{""too_thin"": 1}",ADJUDICATE,adjudicate_duration,narrowed,
glyph/24/0/7/3/4,clean,True,1,"{""too_thin"": 1}",ADJUDICATE,adjudicate_duration,narrowed,
glyph/24/0/7/3/5,clean,True,1,"{""too_thin"": 1}",ADJUDICATE,adjudicate_duration,narrowed,
glyph/24/0/7/3/6,clean,False,1,"{""too_thin"": 1}",ADJUDICATE,adjudicate_duration,narrowed,
glyph/24/0/9/1/2,clean,False,0,{},ADJUDICATE,adjudicate_duration,narrowed,
glyph/24/0/9/1/3,hook_seen,False,0,{},ADJUDICATE,adjudicate_duration,narrowed,
glyph/24/0/9/1/4,clean,False,0,{},ADJUDICATE,adjudicate_duration,narrowed,
glyph/24/0/9/1/6,clean,False,0,{},ADJUDICATE,adjudicate_duration,narrowed,
glyph/24/0/9/1/15,hook_seen,False,0,{},ADJUDICATE,adjudicate_duration,narrowed,
glyph/24/0/9/1/16,clean,False,0,{},ADJUDICATE,adjudicate_duration,narrowed,
glyph/24/0/9/2/2,occupied,False,0,{},ADJUDICATE,adjudicate_duration,narrowed,
glyph/24/0/9/2/3,occupied,False,0,{},ADJUDICATE,adjudicate_duration,narrowed,
glyph/24/0/9/2/4,clean,False,0,{},ADJUDICATE,adjudicate_duration,narrowed,
glyph/24/0/9/2/7,occupied,False,0,{},ADJUDICATE,adjudicate_duration,narrowed,
glyph/24/0/9/2/8,clean,False,0,{},ADJUDICATE,adjudicate_duration,narrowed,
glyph/24/0/9/2/14,occupied,False,0,{},ADJUDICATE,adjudicate_duration,narrowed,
glyph/24/0/12/0/21,clean,False,1,{},ADJUDICATE,adjudicate_duration,narrowed,
glyph/24/0/12/1/3,clean,False,1,{},ADJUDICATE,adjudicate_duration,narrowed,
glyph/24/1/0/8/1,no_stem,,0,"{""too_thin"": 1}",ADJUDICATE,adjudicate_duration,narrowed,
glyph/24/1/0/8/10,clean,True,0,"{""too_thin"": 1}",ADJUDICATE,adjudicate_duration,narrowed,
glyph/24/1/0/8/11,clean,True,0,"{""too_thin"": 1}",ADJUDICATE,adjudicate_duration,narrowed,
glyph/24/1/3/1/2,no_stem,,1,"{""too_thin"": 1}",ADJUDICATE,adjudicate_duration,narrowed,
glyph/24/1/3/1/4,no_stem,,1,"{""too_thin"": 1}",ADJUDICATE,adjudicate_duration,narrowed,
glyph/24/1/3/4/1,hook_seen,True,0,"{""too_thin"": 1}",ADJUDICATE,adjudicate_duration,narrowed,
glyph/24/1/3/4/4,hook_seen,True,0,"{""too_thin"": 1}",ADJUDICATE,adjudicate_duration,narrowed,
glyph/24/1/4/8/1,hook_seen,True,0,"{""too_thin"": 1}",ADJUDICATE,adjudicate_duration,narrowed,
glyph/24/1/4/8/2,hook_seen,True,0,"{""too_thin"": 1}",ADJUDICATE,adjudicate_duration,narrowed,
glyph/24/1/4/8/3,no_stem,,0,"{""too_thin"": 1}",ADJUDICATE,adjudicate_duration,narrowed,
glyph/24/1/5/1/1,clean,False,1,"{""too_thin"": 1}",ADJUDICATE,adjudicate_duration,narrowed,
glyph/24/1/5/1/4,clean,False,1,"{""too_thin"": 1}",ADJUDICATE,adjudicate_duration,narrowed,
glyph/24/1/8/4/3,hook_seen,False,0,{},EVALUATE,reconcile_duration,decided,1
glyph/24/1/12/7/3,clean,False,0,{},EVALUATE,reconcile_duration,decided,1
glyph/24/1/13/8/0,clean,False,0,"{""too_thin"": 1}",ADJUDICATE,adjudicate_duration,narrowed,
glyph/24/1/13/8/3,hook_seen,True,0,"{""too_thin"": 1}",ADJUDICATE,adjudicate_duration,narrowed,
glyph/25/0/0/0/3,hook_seen,False,0,"{""too_thin"": 1}",ADJUDICATE,adjudicate_duration,narrowed,
glyph/25/0/0/0/26,hook_seen,False,0,"{""too_thin"": 1}",ADJUDICATE,adjudicate_duration,narrowed,
glyph/25/0/0/1/4,no_stem,,0,"{""too_thin"": 1}",ADJUDICATE,adjudicate_duration,narrowed,
glyph/25/0/0/1/6,no_stem,,0,"{""too_thin"": 1}",ADJUDICATE,adjudicate_duration,narrowed,
glyph/25/0/0/1/13,no_stem,,0,"{""too_thin"": 1}",ADJUDICATE,adjudicate_duration,narrowed,
glyph/25/0/0/8/1,no_stem,,1,"{""too_thin"": 3}",ADJUDICATE,adjudicate_duration,narrowed,
glyph/25/0/0/8/2,no_stem,,1,"{""too_thin"": 3}",ADJUDICATE,adjudicate_duration,narrowed,
glyph/25/0/0/8/11,no_stem,,1,"{""too_thin"": 3}",ADJUDICATE,adjudicate_duration,narrowed,
glyph/25/0/0/8/12,no_stem,,1,"{""too_thin"": 3}",ADJUDICATE,adjudicate_duration,narrowed,
glyph/25/0/0/9/2,no_stem,,1,{},ADJUDICATE,adjudicate_duration,narrowed,
glyph/25/0/0/9/3,no_stem,,1,{},ADJUDICATE,adjudicate_duration,narrowed,
glyph/25/0/0/9/13,no_stem,,1,"{""too_thin"": 1}",ADJUDICATE,adjudicate_duration,narrowed,
glyph/25/0/1/1/0,no_stem,,0,"{""too_thin"": 1}",ADJUDICATE,adjudicate_duration,narrowed,
glyph/25/0/1/1/1,no_stem,,0,"{""too_thin"": 1}",ADJUDICATE,adjudicate_duration,narrowed,
glyph/25/0/2/1/0,no_stem,,0,"{""too_thin"": 1}",ADJUDICATE,adjudicate_duration,narrowed,
glyph/25/0/2/1/11,no_stem,,0,"{""too_thin"": 1}",ADJUDICATE,adjudicate_duration,narrowed,
glyph/25/0/2/7/0,no_stem,,1,"{""too_thin"": 1}",ADJUDICATE,adjudicate_duration,narrowed,
glyph/25/0/2/7/4,no_stem,,1,"{""too_thin"": 1}",ADJUDICATE,adjudicate_duration,narrowed,
glyph/25/0/3/0/30,occupied,False,0,"{""too_thin"": 1}",ADJUDICATE,adjudicate_duration,narrowed,
glyph/25/0/3/1/0,no_stem,,0,"{""too_thin"": 2}",ADJUDICATE,adjudicate_duration,narrowed,
glyph/25/0/3/1/3,occupied,False,0,"{""too_thin"": 2}",ADJUDICATE,adjudicate_duration,narrowed,
glyph/25/0/4/1/1,hook_seen,False,0,"{""too_thin"": 2}",ADJUDICATE,adjudicate_duration,narrowed,
glyph/25/0/4/1/2,hook_seen,False,0,"{""too_thin"": 2}",ADJUDICATE,adjudicate_duration,narrowed,
glyph/25/0/4/1/3,hook_seen,False,0,"{""too_thin"": 2}",ADJUDICATE,adjudicate_duration,narrowed,
glyph/25/0/4/1/12,no_stem,,0,"{""too_thin"": 2}",ADJUDICATE,adjudicate_duration,narrowed,
glyph/25/0/4/2/5,clean,False,0,{},ADJUDICATE,adjudicate_duration,narrowed,
glyph/25/0/6/7/0,no_stem,,1,"{""too_thin"": 1}",ADJUDICATE,adjudicate_duration,narrowed,
glyph/25/0/6/7/2,no_stem,,1,"{""too_thin"": 1}",ADJUDICATE,adjudicate_duration,narrowed,
glyph/25/0/6/9/0,no_stem,,1,"{""too_thin"": 1}",ADJUDICATE,adjudicate_duration,narrowed,
glyph/25/0/6/9/2,no_stem,,1,"{""too_thin"": 1}",ADJUDICATE,adjudicate_duration,narrowed,
glyph/25/0/6/9/7,no_stem,,1,"{""too_thin"": 1}",ADJUDICATE,adjudicate_duration,narrowed,
glyph/25/0/6/9/8,no_stem,,1,"{""too_thin"": 1}",ADJUDICATE,adjudicate_duration,narrowed,
glyph/25/0/9/1/1,no_stem,,0,"{""too_thin"": 1}",ADJUDICATE,adjudicate_duration,narrowed,
glyph/25/0/9/1/2,no_stem,,0,"{""too_thin"": 1}",ADJUDICATE,adjudicate_duration,narrowed,
glyph/25/0/9/1/6,clean,True,0,"{""too_thin"": 1}",ADJUDICATE,adjudicate_duration,narrowed,
glyph/25/0/9/1/12,clean,True,0,"{""too_thin"": 1}",ADJUDICATE,adjudicate_duration,narrowed,
glyph/25/0/9/6/0,clean,False,1,{},EVALUATE,reconcile_duration,decided,0
glyph/25/0/9/7/1,clean,False,1,"{""too_thin"": 2}",ADJUDICATE,adjudicate_duration,narrowed,
glyph/25/0/9/7/2,clean,False,1,"{""too_thin"": 2}",ADJUDICATE,adjudicate_duration,narrowed,
glyph/25/0/9/8/2,clean,False,0,{},ADJUDICATE,adjudicate_duration,narrowed,
glyph/25/0/9/8/3,clean,False,1,{},ADJUDICATE,adjudicate_duration,narrowed,
glyph/25/0/9/9/2,clean,False,0,"{""too_thin"": 1}",ADJUDICATE,adjudicate_duration,narrowed,
glyph/25/0/10/0/6,clean,False,0,"{""too_thin"": 1}",ADJUDICATE,adjudicate_duration,narrowed,
glyph/25/0/10/0/9,clean,False,0,"{""too_thin"": 1}",ADJUDICATE,adjudicate_duration,narrowed,
glyph/25/0/10/1/1,no_stem,,0,"{""too_thin"": 1}",ADJUDICATE,adjudicate_duration,narrowed,
glyph/25/0/10/1/3,no_stem,,0,"{""too_thin"": 1}",ADJUDICATE,adjudicate_duration,narrowed,
glyph/25/0/10/1/7,occupied,True,0,"{""too_thin"": 1}",ADJUDICATE,adjudicate_duration,narrowed,
glyph/25/0/10/1/19,occupied,True,0,"{""too_thin"": 1}",ADJUDICATE,adjudicate_duration,narrowed,
glyph/25/0/10/6/1,clean,False,1,{},EVALUATE,reconcile_duration,decided,0
glyph/25/0/10/8/0,clean,False,0,{},ADJUDICATE,adjudicate_duration,narrowed,
glyph/25/0/10/8/1,clean,False,1,{},ADJUDICATE,adjudicate_duration,narrowed,
glyph/25/0/11/1/1,no_stem,,0,"{""too_thin"": 1}",ADJUDICATE,adjudicate_duration,narrowed,
glyph/25/0/11/1/2,occupied,True,0,"{""too_thin"": 1}",ADJUDICATE,adjudicate_duration,narrowed,
glyph/25/0/11/1/4,no_stem,,0,"{""too_thin"": 1}",ADJUDICATE,adjudicate_duration,narrowed,
glyph/25/0/11/1/5,occupied,True,0,"{""too_thin"": 1}",ADJUDICATE,adjudicate_duration,narrowed,
glyph/25/0/11/9/3,clean,False,1,{},ADJUDICATE,adjudicate_duration,narrowed,
glyph/25/0/11/9/4,clean,False,1,{},ADJUDICATE,adjudicate_duration,narrowed,
glyph/25/0/11/9/10,clean,False,1,{},ADJUDICATE,adjudicate_duration,narrowed,
glyph/25/0/11/9/11,clean,False,1,{},ADJUDICATE,adjudicate_duration,narrowed,
glyph/25/0/12/1/0,clean,False,0,"{""too_thin"": 2}",ADJUDICATE,adjudicate_duration,narrowed,
glyph/25/0/12/1/3,clean,False,0,"{""too_thin"": 2}",ADJUDICATE,adjudicate_duration,narrowed,
glyph/25/0/12/1/4,hook_seen,False,0,"{""too_thin"": 2}",ADJUDICATE,adjudicate_duration,narrowed,
glyph/25/1/0/1/0,no_stem,,1,{},ADJUDICATE,adjudicate_duration,narrowed,
glyph/25/1/0/1/6,no_stem,,1,{},ADJUDICATE,adjudicate_duration,narrowed,
glyph/25/1/0/1/9,no_stem,,1,"{""too_thin"": 1}",ADJUDICATE,adjudicate_duration,narrowed,
glyph/25/1/0/2/1,no_stem,,1,{},EVALUATE,reconcile_duration,decided,0
glyph/25/1/0/5/2,clean,False,0,{},ADJUDICATE,adjudicate_duration,narrowed,
glyph/25/1/0/5/6,clean,False,1,{},ADJUDICATE,adjudicate_duration,narrowed,
glyph/25/1/0/5/7,clean,False,0,{},ADJUDICATE,adjudicate_duration,narrowed,
glyph/25/1/0/5/9,clean,False,1,{},ADJUDICATE,adjudicate_duration,narrowed,
glyph/25/1/0/7/1,clean,True,1,"{""one_stem"": 1, ""too_thin"": 2}",ADJUDICATE,adjudicate_duration,narrowed,
glyph/25/1/0/7/4,clean,True,1,"{""one_stem"": 1, ""too_thin"": 2}",ADJUDICATE,adjudicate_duration,narrowed,
glyph/25/1/0/7/5,clean,True,1,"{""one_stem"": 1, ""too_thin"": 2}",ADJUDICATE,adjudicate_duration,narrowed,
glyph/25/1/0/7/13,clean,True,1,"{""one_stem"": 1, ""too_thin"": 2}",ADJUDICATE,adjudicate_duration,narrowed,
glyph/25/1/1/5/1,occupied,True,0,"{""too_thin"": 1}",ADJUDICATE,adjudicate_duration,narrowed,
glyph/25/1/1/5/6,occupied,True,0,"{""too_thin"": 1}",ADJUDICATE,adjudicate_duration,narrowed,
glyph/25/1/1/7/0,occupied,False,1,"{""too_thin"": 1}",ADJUDICATE,adjudicate_duration,narrowed,
glyph/25/1/1/7/1,occupied,True,1,"{""too_thin"": 1}",ADJUDICATE,adjudicate_duration,narrowed,
glyph/25/1/1/7/2,occupied,False,1,"{""too_thin"": 1}",ADJUDICATE,adjudicate_duration,narrowed,
glyph/25/1/1/7/10,occupied,True,1,"{""too_thin"": 1}",ADJUDICATE,adjudicate_duration,narrowed,
glyph/25/1/2/2/0,clean,False,0,{},ADJUDICATE,adjudicate_duration,narrowed,
glyph/25/1/2/2/4,clean,False,0,{},ADJUDICATE,adjudicate_duration,narrowed,
glyph/25/1/2/5/1,clean,True,0,"{""too_thin"": 1}",ADJUDICATE,adjudicate_duration,narrowed,
glyph/25/1/2/5/2,clean,True,0,"{""too_thin"": 1}",ADJUDICATE,adjudicate_duration,narrowed,
glyph/25/1/2/5/4,clean,False,1,"{""too_thin"": 1}",ADJUDICATE,adjudicate_duration,narrowed,
glyph/25/1/2/5/10,clean,False,1,"{""too_thin"": 1}",ADJUDICATE,adjudicate_duration,narrowed,
glyph/25/1/2/7/0,clean,True,1,"{""too_thin"": 2}",ADJUDICATE,adjudicate_duration,narrowed,
glyph/25/1/2/7/1,clean,False,1,"{""too_thin"": 2}",ADJUDICATE,adjudicate_duration,narrowed,
glyph/25/1/2/7/2,clean,False,1,"{""too_thin"": 2}",ADJUDICATE,adjudicate_duration,narrowed,
glyph/25/1/2/7/7,clean,True,1,"{""too_thin"": 2}",ADJUDICATE,adjudicate_duration,narrowed,
glyph/25/1/3/1/3,no_stem,,0,"{""too_thin"": 1}",ADJUDICATE,adjudicate_duration,narrowed,
glyph/25/1/3/1/5,clean,False,0,"{""too_thin"": 1}",ADJUDICATE,adjudicate_duration,narrowed,
glyph/25/1/3/7/0,no_stem,,1,"{""too_thin"": 3}",ADJUDICATE,adjudicate_duration,narrowed,
glyph/25/1/3/7/1,no_stem,,1,"{""too_thin"": 3}",ADJUDICATE,adjudicate_duration,narrowed,
glyph/25/1/6/0/3,clean,False,1,{},ADJUDICATE,adjudicate_duration,narrowed,
glyph/25/1/6/0/6,clean,False,1,{},ADJUDICATE,adjudicate_duration,narrowed,
glyph/25/1/6/1/0,no_stem,,1,"{""no_stem_at_ends"": 1}",ADJUDICATE,adjudicate_duration,narrowed,
glyph/25/1/6/1/1,no_stem,,1,"{""no_stem_at_ends"": 1}",ADJUDICATE,adjudicate_duration,narrowed,
glyph/25/1/6/1/2,no_stem,,1,"{""no_stem_at_ends"": 1}",ADJUDICATE,adjudicate_duration,narrowed,
glyph/25/1/6/1/3,no_stem,,1,"{""no_stem_at_ends"": 1}",ADJUDICATE,adjudicate_duration,narrowed,
glyph/25/1/6/3/0,clean,False,1,"{""no_stem_at_ends"": 1, ""too_thin"": 1}",ADJUDICATE,adjudicate_duration,narrowed,
glyph/25/1/6/3/5,clean,False,1,"{""no_stem_at_ends"": 1, ""too_thin"": 1}",ADJUDICATE,adjudicate_duration,narrowed,
glyph/25/1/7/0/1,clean,False,1,{},ADJUDICATE,adjudicate_duration,narrowed,
glyph/25/1/7/1/0,no_stem,,1,"{""too_thin"": 3}",ADJUDICATE,adjudicate_duration,narrowed,
glyph/25/1/7/1/1,clean,True,1,"{""too_thin"": 3}",ADJUDICATE,adjudicate_duration,narrowed,
glyph/25/1/7/2/1,clean,False,1,{},ADJUDICATE,adjudicate_duration,narrowed,
glyph/25/1/7/2/3,clean,False,0,{},ADJUDICATE,adjudicate_duration,narrowed,
glyph/25/1/7/3/0,clean,False,0,{},ADJUDICATE,adjudicate_duration,narrowed,
glyph/25/1/7/3/1,clean,False,0,{},ADJUDICATE,adjudicate_duration,narrowed,
glyph/25/1/7/4/1,clean,False,1,"{""too_thin"": 2}",EVALUATE,reconcile_duration,decided,0
glyph/25/1/7/5/0,clean,False,1,"{""too_thin"": 2}",ADJUDICATE,adjudicate_duration,narrowed,
glyph/25/1/7/5/1,clean,False,0,"{""too_thin"": 2}",ADJUDICATE,adjudicate_duration,narrowed,
glyph/25/1/7/6/1,clean,False,1,{},ADJUDICATE,adjudicate_duration,narrowed,
glyph/25/1/7/6/2,clean,False,1,{},ADJUDICATE,adjudicate_duration,narrowed,
glyph/25/1/7/7/1,occupied,False,1,"{""one_stem"": 1, ""too_thin"": 3}",ADJUDICATE,adjudicate_duration,narrowed,
glyph/25/1/7/7/2,clean,False,1,"{""one_stem"": 1, ""too_thin"": 3}",ADJUDICATE,adjudicate_duration,narrowed,
glyph/25/1/8/0/6,clean,False,1,{},EVALUATE,reconcile_duration,decided,0
glyph/25/1/8/1/0,clean,False,1,"{""too_thin"": 3}",ADJUDICATE,adjudicate_duration,narrowed,
glyph/25/1/8/1/1,no_stem,,1,"{""too_thin"": 8}",ADJUDICATE,adjudicate_duration,narrowed,
glyph/25/1/8/3/1,clean,True,0,"{""too_thin"": 2}",ADJUDICATE,adjudicate_duration,narrowed,
glyph/25/1/8/3/2,clean,True,0,"{""too_thin"": 1}",ADJUDICATE,adjudicate_duration,narrowed,
glyph/25/1/8/5/0,clean,True,1,"{""too_thin"": 2}",ADJUDICATE,adjudicate_duration,narrowed,
glyph/25/1/8/5/11,clean,True,0,"{""not_straight"": 1, ""too_thin"": 2}",ADJUDICATE,adjudicate_duration,narrowed,
glyph/25/1/8/7/0,clean,True,1,"{""too_thin"": 1}",ADJUDICATE,adjudicate_duration,narrowed,
glyph/25/1/8/7/3,clean,True,1,"{""too_thin"": 1}",ADJUDICATE,adjudicate_duration,narrowed,
glyph/25/1/9/4/3,clean,False,1,{},EVALUATE,reconcile_duration,decided,0
glyph/25/1/9/5/0,clean,False,1,"{""too_thin"": 3}",ADJUDICATE,adjudicate_duration,narrowed,
glyph/25/1/9/5/4,clean,False,0,"{""too_thin"": 3}",ADJUDICATE,adjudicate_duration,narrowed,
glyph/25/1/9/6/5,clean,False,1,"{""too_thin"": 1}",EVALUATE,reconcile_duration,decided,0
glyph/25/1/9/7/0,no_stem,,1,"{""too_thin"": 2}",ADJUDICATE,adjudicate_duration,narrowed,
glyph/25/1/9/7/5,clean,False,1,"{""too_thin"": 1}",ADJUDICATE,adjudicate_duration,narrowed,
glyph/25/1/11/7/1,clean,False,0,"{""too_thin"": 3}",EVALUATE,reconcile_duration,decided,0
glyph/26/0/0/2/1,occupied,True,1,"{""too_thin"": 1}",ADJUDICATE,adjudicate_duration,narrowed,
glyph/26/0/0/2/4,occupied,True,1,"{""too_thin"": 1}",ADJUDICATE,adjudicate_duration,narrowed,
glyph/26/0/0/3/1,no_stem,,0,{},ADJUDICATE,adjudicate_duration,narrowed,
glyph/26/0/0/3/2,clean,False,0,{},ADJUDICATE,adjudicate_duration,narrowed,
glyph/26/0/0/6/2,clean,False,1,"{""too_thin"": 3}",ADJUDICATE,adjudicate_duration,narrowed,
glyph/26/0/0/6/3,clean,False,1,"{""too_thin"": 3}",ADJUDICATE,adjudicate_duration,narrowed,
glyph/26/0/0/7/1,clean,False,0,{},ADJUDICATE,adjudicate_duration,narrowed,
glyph/26/0/0/7/2,no_stem,,0,{},ADJUDICATE,adjudicate_duration,narrowed,
glyph/26/0/1/4/0,clean,True,1,"{""too_thin"": 1}",ADJUDICATE,adjudicate_duration,narrowed,
glyph/26/0/1/4/4,clean,True,1,"{""too_thin"": 1}",ADJUDICATE,adjudicate_duration,narrowed,
glyph/26/0/1/5/1,no_stem,,0,{},ADJUDICATE,adjudicate_duration,narrowed,
glyph/26/0/1/5/8,clean,False,1,{},ADJUDICATE,adjudicate_duration,narrowed,
glyph/26/0/1/8/0,clean,True,1,"{""too_thin"": 1}",ADJUDICATE,adjudicate_duration,narrowed,
glyph/26/0/1/8/2,clean,True,1,"{""too_thin"": 1}",ADJUDICATE,adjudicate_duration,narrowed,
glyph/26/0/2/2/0,occupied,True,1,"{""too_thin"": 1}",ADJUDICATE,adjudicate_duration,narrowed,
glyph/26/0/2/2/4,clean,True,1,"{""too_thin"": 1}",ADJUDICATE,adjudicate_duration,narrowed,
glyph/26/0/2/4/2,clean,False,1,"{""too_thin"": 1}",ADJUDICATE,adjudicate_duration,narrowed,
glyph/26/0/2/4/3,no_stem,,1,"{""too_thin"": 3}",ADJUDICATE,adjudicate_duration,narrowed,
glyph/26/0/2/4/6,clean,False,1,"{""too_thin"": 1}",ADJUDICATE,adjudicate_duration,narrowed,
glyph/26/0/2/4/10,no_stem,,1,"{""too_thin"": 3}",ADJUDICATE,adjudicate_duration,narrowed,
glyph/26/0/2/8/5,clean,False,1,{},ADJUDICATE,adjudicate_duration,narrowed,
glyph/26/0/2/8/9,clean,False,1,{},ADJUDICATE,adjudicate_duration,narrowed,
glyph/26/0/3/4/0,clean,False,1,"{""too_thin"": 2}",ADJUDICATE,adjudicate_duration,narrowed,
glyph/26/0/3/4/1,no_stem,,1,"{""too_thin"": 7}",ADJUDICATE,adjudicate_duration,narrowed,
glyph/26/0/3/5/3,occupied,False,0,{},ADJUDICATE,adjudicate_duration,narrowed,
glyph/26/0/3/5/7,clean,False,1,{},ADJUDICATE,adjudicate_duration,narrowed,
glyph/26/0/3/8/2,occupied,True,1,"{""too_thin"": 2}",ADJUDICATE,adjudicate_duration,narrowed,
glyph/26/0/3/8/3,no_stem,,1,"{""too_thin"": 6}",ADJUDICATE,adjudicate_duration,narrowed,
glyph/26/0/3/8/6,no_stem,,1,"{""too_thin"": 6}",ADJUDICATE,adjudicate_duration,narrowed,
glyph/26/0/3/8/10,occupied,True,1,"{""too_thin"": 2}",ADJUDICATE,adjudicate_duration,narrowed,
glyph/26/0/4/0/8,no_stem,,0,{},ADJUDICATE,adjudicate_duration,narrowed,
glyph/26/0/4/6/2,clean,False,1,"{""too_thin"": 2}",ADJUDICATE,adjudicate_duration,narrowed,
glyph/26/0/4/6/5,clean,False,1,"{""too_thin"": 2}",ADJUDICATE,adjudicate_duration,narrowed,
glyph/26/0/4/7/5,clean,False,1,"{""too_thin"": 1}",ADJUDICATE,adjudicate_duration,narrowed,
glyph/26/0/5/6/2,clean,True,1,"{""too_thin"": 2}",ADJUDICATE,adjudicate_duration,narrowed,
glyph/26/0/5/6/8,clean,True,1,"{""too_thin"": 2}",ADJUDICATE,adjudicate_duration,narrowed,
glyph/26/0/8/2/3,clean,False,0,{},ADJUDICATE,adjudicate_duration,narrowed,
glyph/26/0/8/2/4,clean,False,1,{},ADJUDICATE,adjudicate_duration,narrowed,
glyph/26/0/8/6/2,clean,True,1,"{""too_thin"": 3}",ADJUDICATE,adjudicate_duration,narrowed,
glyph/26/0/8/6/3,clean,True,1,"{""too_thin"": 3}",ADJUDICATE,adjudicate_duration,narrowed,
glyph/26/0/8/7/1,no_stem,,0,{},ADJUDICATE,adjudicate_duration,narrowed,
glyph/26/0/9/2/0,clean,True,1,"{""too_thin"": 1}",ADJUDICATE,adjudicate_duration,narrowed,
glyph/26/0/9/2/4,clean,True,1,"{""too_thin"": 1}",ADJUDICATE,adjudicate_duration,narrowed,
glyph/26/0/9/3/0,clean,False,0,{},ADJUDICATE,adjudicate_duration,narrowed,
glyph/26/0/9/5/5,no_stem,,1,"{""too_thin"": 1}",ADJUDICATE,adjudicate_duration,narrowed,
glyph/26/0/9/6/1,clean,True,1,"{""too_thin"": 2}",ADJUDICATE,adjudicate_duration,narrowed,
glyph/26/0/9/6/6,clean,True,1,"{""too_thin"": 2}",ADJUDICATE,adjudicate_duration,narrowed,
glyph/26/0/9/7/7,occupied,False,1,{},EVALUATE,reconcile_duration,decided,0
glyph/26/0/10/3/1,clean,False,0,{},ADJUDICATE,adjudicate_duration,narrowed,
glyph/26/0/10/6/3,clean,False,1,"{""too_thin"": 2}",ADJUDICATE,adjudicate_duration,narrowed,
glyph/26/0/10/6/5,clean,True,1,"{""too_thin"": 2}",ADJUDICATE,adjudicate_duration,narrowed,
glyph/26/0/11/6/2,clean,False,1,"{""too_thin"": 1}",ADJUDICATE,adjudicate_duration,narrowed,
glyph/26/0/11/6/6,clean,False,1,"{""too_thin"": 1}",ADJUDICATE,adjudicate_duration,narrowed,
glyph/26/0/12/3/3,clean,True,0,{},EVALUATE,reconcile_duration,decided,0
glyph/26/0/12/6/0,clean,True,1,"{""too_thin"": 4}",ADJUDICATE,adjudicate_duration,narrowed,
glyph/26/0/12/6/3,clean,True,1,"{""too_thin"": 4}",ADJUDICATE,adjudicate_duration,narrowed,
glyph/26/0/12/7/4,clean,False,0,"{""too_thin"": 1}",EVALUATE,reconcile_duration,decided,0
glyph/26/1/0/4/0,no_stem,,0,{},ADJUDICATE,adjudicate_duration,narrowed,
glyph/26/1/0/4/2,no_stem,,1,{},ADJUDICATE,adjudicate_duration,narrowed,
glyph/26/1/0/4/13,no_stem,,1,"{""too_thin"": 1}",ADJUDICATE,adjudicate_duration,narrowed,
glyph/26/1/0/5/4,no_stem,,0,"{""too_thin"": 2}",ADJUDICATE,adjudicate_duration,narrowed,
glyph/26/1/0/5/16,no_stem,,0,"{""too_thin"": 3}",ADJUDICATE,adjudicate_duration,narrowed,
glyph/26/1/0/6/6,clean,False,0,"{""too_thin"": 2}",ADJUDICATE,adjudicate_duration,narrowed,
glyph/26/1/0/6/12,clean,False,0,"{""too_thin"": 2}",ADJUDICATE,adjudicate_duration,narrowed,
glyph/26/1/0/7/9,no_stem,,0,"{""too_thin"": 1}",ADJUDICATE,adjudicate_duration,narrowed,
glyph/26/1/0/7/12,no_stem,,0,"{""too_thin"": 2}",ADJUDICATE,adjudicate_duration,narrowed,
glyph/26/1/0/10/0,clean,False,0,"{""too_thin"": 1}",ADJUDICATE,adjudicate_duration,narrowed,
glyph/26/1/0/10/3,clean,False,0,"{""too_thin"": 1}",ADJUDICATE,adjudicate_duration,narrowed,
glyph/26/1/1/3/7,no_stem,,0,"{""too_thin"": 3}",ADJUDICATE,adjudicate_duration,narrowed,
glyph/26/1/1/5/3,no_stem,,0,"{""too_thin"": 1}",ADJUDICATE,adjudicate_duration,narrowed,
glyph/26/1/1/5/10,no_stem,,0,"{""too_thin"": 2}",ADJUDICATE,adjudicate_duration,narrowed,
glyph/26/1/1/6/0,no_stem,,0,"{""too_thin"": 1}",ADJUDICATE,adjudicate_duration,narrowed,
glyph/26/1/1/6/5,no_stem,,0,"{""too_thin"": 1}",ADJUDICATE,adjudicate_duration,narrowed,
glyph/26/1/1/7/1,no_stem,,0,"{""too_thin"": 2}",ADJUDICATE,adjudicate_duration,narrowed,
glyph/26/1/1/7/4,no_stem,,0,"{""too_thin"": 2}",ADJUDICATE,adjudicate_duration,narrowed,
glyph/26/1/2/0/3,clean,False,0,"{""too_thin"": 3}",ADJUDICATE,adjudicate_duration,narrowed,
glyph/26/1/2/0/16,clean,False,0,"{""too_thin"": 3}",ADJUDICATE,adjudicate_duration,narrowed,
glyph/26/1/2/5/1,clean,False,0,"{""too_thin"": 1}",ADJUDICATE,adjudicate_duration,narrowed,
glyph/26/1/2/5/12,clean,False,0,"{""too_thin"": 1}",ADJUDICATE,adjudicate_duration,narrowed,
glyph/26/1/2/6/0,clean,False,0,"{""too_thin"": 1}",ADJUDICATE,adjudicate_duration,narrowed,
glyph/26/1/2/6/13,clean,False,0,"{""too_thin"": 1}",ADJUDICATE,adjudicate_duration,narrowed,
glyph/26/1/2/7/0,clean,False,0,"{""too_thin"": 2}",ADJUDICATE,adjudicate_duration,narrowed,
glyph/26/1/2/7/4,clean,False,0,"{""too_thin"": 2}",ADJUDICATE,adjudicate_duration,narrowed,
glyph/26/1/2/10/0,clean,False,0,"{""too_thin"": 2}",ADJUDICATE,adjudicate_duration,narrowed,
glyph/26/1/2/10/1,clean,False,0,"{""too_thin"": 2}",ADJUDICATE,adjudicate_duration,narrowed,
glyph/26/1/3/4/1,clean,False,0,{},ADJUDICATE,adjudicate_duration,narrowed,
glyph/26/1/3/4/5,occupied,False,1,{},ADJUDICATE,adjudicate_duration,narrowed,
glyph/26/1/3/4/6,clean,False,0,{},ADJUDICATE,adjudicate_duration,narrowed,
glyph/26/1/3/4/9,occupied,False,1,{},ADJUDICATE,adjudicate_duration,narrowed,
glyph/26/1/3/7/2,no_stem,,0,"{""too_thin"": 1}",ADJUDICATE,adjudicate_duration,narrowed,
glyph/26/1/3/7/6,no_stem,,0,"{""too_thin"": 1}",ADJUDICATE,adjudicate_duration,narrowed,
glyph/26/1/3/10/0,no_stem,,0,"{""too_thin"": 1}",ADJUDICATE,adjudicate_duration,narrowed,
glyph/26/1/3/10/2,no_stem,,0,"{""too_thin"": 1}",ADJUDICATE,adjudicate_duration,narrowed,
glyph/26/1/4/1/0,clean,False,1,{},ADJUDICATE,adjudicate_duration,narrowed,
glyph/26/1/4/1/2,clean,False,1,{},ADJUDICATE,adjudicate_duration,narrowed,
glyph/26/1/4/2/1,occupied,False,1,{},ADJUDICATE,adjudicate_duration,narrowed,
glyph/26/1/4/2/3,clean,False,1,{},ADJUDICATE,adjudicate_duration,narrowed,
glyph/26/1/4/3/2,clean,False,1,"{""too_thin"": 2}",ADJUDICATE,adjudicate_duration,narrowed,
glyph/26/1/4/3/8,occupied,True,0,"{""too_thin"": 2}",ADJUDICATE,adjudicate_duration,narrowed,
glyph/26/1/8/1/3,clean,False,1,"{""one_stem"": 1}",EVALUATE,reconcile_duration,decided,0
glyph/26/1/8/2/1,clean,False,1,"{""too_thin"": 3}",ADJUDICATE,adjudicate_duration,narrowed,
glyph/26/1/8/2/2,no_stem,,1,"{""too_thin"": 3}",ADJUDICATE,adjudicate_duration,narrowed,
glyph/26/1/8/3/0,clean,False,1,"{""too_thin"": 3}",ADJUDICATE,adjudicate_duration,narrowed,
glyph/26/1/8/3/1,clean,False,1,"{""too_thin"": 3}",ADJUDICATE,adjudicate_duration,narrowed,
glyph/26/1/8/4/0,clean,False,0,"{""one_stem"": 1, ""too_thin"": 1}",ADJUDICATE,adjudicate_duration,narrowed,
glyph/26/1/8/5/0,clean,True,0,"{""too_thin"": 1}",ADJUDICATE,adjudicate_duration,narrowed,
glyph/26/1/8/5/4,no_stem,,0,"{""too_thin"": 2}",ADJUDICATE,adjudicate_duration,narrowed,
glyph/26/1/9/1/0,clean,False,1,"{""one_stem"": 1, ""too_thin"": 1}",ADJUDICATE,adjudicate_duration,narrowed,
glyph/26/1/9/1/2,clean,False,1,"{""one_stem"": 1, ""too_thin"": 1}",ADJUDICATE,adjudicate_duration,narrowed,
glyph/26/1/9/2/3,clean,False,0,"{""too_thin"": 1}",ADJUDICATE,adjudicate_duration,narrowed,
glyph/26/1/9/3/1,occupied,True,1,"{""too_thin"": 1}",ADJUDICATE,adjudicate_duration,narrowed,
glyph/26/1/9/3/5,occupied,True,1,"{""too_thin"": 1}",ADJUDICATE,adjudicate_duration,narrowed,
glyph/26/1/9/3/7,occupied,True,1,"{""too_thin"": 1}",ADJUDICATE,adjudicate_duration,narrowed,
glyph/26/1/9/3/14,occupied,True,1,"{""too_thin"": 1}",ADJUDICATE,adjudicate_duration,narrowed,
glyph/26/1/9/4/5,occupied,False,0,"{""too_thin"": 2}",ADJUDICATE,adjudicate_duration,narrowed,
glyph/26/1/9/4/13,occupied,False,0,"{""too_thin"": 2}",ADJUDICATE,adjudicate_duration,narrowed,
glyph/26/1/9/5/0,occupied,True,0,"{""too_thin"": 6}",ADJUDICATE,adjudicate_duration,narrowed,
glyph/26/1/9/5/8,no_stem,,0,"{""too_thin"": 9}",ADJUDICATE,adjudicate_duration,narrowed,
glyph/26/1/10/2/1,no_stem,,1,"{""too_thin"": 4}",ADJUDICATE,adjudicate_duration,narrowed,
glyph/26/1/10/2/3,clean,True,1,"{""too_thin"": 3}",ADJUDICATE,adjudicate_duration,narrowed,
glyph/26/1/10/2/6,no_stem,,1,"{""too_thin"": 6}",ADJUDICATE,adjudicate_duration,narrowed,
glyph/26/1/10/4/1,hook_seen,False,0,"{""one_stem"": 1, ""too_thin"": 1}",EVALUATE,reconcile_duration,decided,1
glyph/26/1/10/5/0,no_stem,,0,"{""too_thin"": 7}",ADJUDICATE,adjudicate_duration,narrowed,
glyph/26/1/10/5/5,clean,True,0,"{""too_thin"": 4}",ADJUDICATE,adjudicate_duration,narrowed,
glyph/26/1/11/2/0,clean,False,1,"{""too_thin"": 2}",ADJUDICATE,adjudicate_duration,narrowed,
glyph/26/1/11/2/2,clean,False,1,"{""too_thin"": 2}",ADJUDICATE,adjudicate_duration,narrowed,
glyph/26/1/11/3/2,clean,False,1,"{""too_thin"": 1}",ADJUDICATE,adjudicate_duration,narrowed,
glyph/26/1/11/3/3,clean,False,1,"{""too_thin"": 1}",ADJUDICATE,adjudicate_duration,narrowed,
glyph/26/1/11/4/1,clean,False,1,{},ADJUDICATE,adjudicate_duration,narrowed,
glyph/26/1/11/4/2,clean,False,1,{},ADJUDICATE,adjudicate_duration,narrowed,
glyph/26/1/11/5/2,clean,False,1,"{""too_thin"": 4}",ADJUDICATE,adjudicate_duration,narrowed,
glyph/26/1/11/5/4,clean,False,0,"{""too_thin"": 4}",ADJUDICATE,adjudicate_duration,narrowed,
glyph/26/1/11/6/4,clean,False,0,"{""too_thin"": 1}",ADJUDICATE,adjudicate_duration,narrowed,
glyph/26/1/11/8/10,clean,False,1,"{""too_thin"": 2}",EVALUATE,share_stem_value,decided,0
glyph/26/1/12/1/4,clean,False,1,"{""too_thin"": 1}",EVALUATE,reconcile_duration,decided,0
glyph/26/1/12/3/1,clean,True,1,"{""too_thin"": 2}",ADJUDICATE,adjudicate_duration,narrowed,
glyph/26/1/12/3/3,clean,True,1,"{""too_thin"": 2}",ADJUDICATE,adjudicate_duration,narrowed,
glyph/26/1/12/4/8,clean,False,1,"{""too_thin"": 2}",EVALUATE,reconcile_duration,decided,0
