CEILING_hand_label,TRUTH_available,TRUTH_clef,TRUTH_clef_source,TRUTH_key,TRUTH_key_source,TRUTH_n_parts,TRUTH_name,TRUTH_parts,TRUTH_source,n_staves_in_system,n_systems_on_page,page,publisher,row_id,s1_family,s1_instrument,s1_source,s2_clef,s2_defaulted,s2_source,s3_candidates,s3_implied_offset,s3_key_source,s3_page_modal_fifths,s3_read,s3_staff_fifths,s4_bimodal_gap,s4_median,s4_n_notes,s4_pitch_hi,s4_pitch_lo,s4_range_compatible,s5_exact_layouts,s5_position_index,s5_prediction,s5_prediction_set,s6_continuous_with_prev,s6_layout_instrument,s6_slot_index,s7_divisi_bars,s7_dyad_bars,s7_n_bars,s7_note_bars,s7_rest_only_bars,s8_block_position,s8_brace_detections,s8_group_index,s8_group_size,s9_arc_reaches_neighbour_band,s9_available,s9_dyn_ambiguous,s9_dyn_gap_above_near_me,s9_dyn_gap_above_near_them,s9_dyn_gap_below_near_me,s9_dyn_gap_below_near_them,s9_dyn_inside_staff,s9_dyn_total,s9_hairpin_total,s9_slur_total,s9_tie_total,staff_index,system
Flauti,True,treble,hand-read,-3,hand-read,2,Flauti,"[0, 1]",works.json:staves,12,1,1,"Henry Litolff's Verlag, Braunschweig, 1870, plate 2769",beethoven-sym5-mvt1-984073-p1,woodwind,Flute,label,treble,False,detector,"[""Piccolo"", ""Flute"", ""Oboe"", ""Clarinet"", ""Bass clarinet"", ""Bassoon"", ""Contrabassoon"", ""Saxophone"", ""Sarrusophone"", ""Horn"", ""Trumpet"", ""Trombone"", ""Tuba"", ""Timpani"", ""Harp"", ""Piano"", ""Organ"", ""Soprano"", ""Alto"", ""Tenor"", ""Bass voice"", ""Chorus"", ""Violin"", ""Viola"", ""Cello"", ""Contrabass""]",0,header_vote,-3,True,-3,,,0,,,[],"[""classical-condensed""]",0,Flute,"[""Flute""]",,Flute,0,0,0,16,0,16,0,0,0,4,0,True,0,0,0,0,0,0,0,0,0,0,0,0
Oboi,True,treble,hand-read,-3,hand-read,2,Oboi,"[2, 3]",works.json:staves,12,1,1,"Henry Litolff's Verlag, Braunschweig, 1870, plate 2769",beethoven-sym5-mvt1-984073-p1,woodwind,Oboe,score_order,treble,False,detector,"[""English horn"", ""Clarinet"", ""Bass clarinet"", ""Saxophone"", ""Horn"", ""Trumpet""]",1,header_vote,-3,True,-2,,,0,,,[],"[""classical-condensed""]",1,Oboe,"[""Oboe""]",,,1,0,0,16,0,16,1,0,0,4,0,True,0,0,0,0,0,0,0,0,0,1,1,0
Clarinetti in B,True,treble,hand-read,-1,hand-read,2,Clarinetti in B,"[4, 5]",works.json:staves,12,1,1,"Henry Litolff's Verlag, Braunschweig, 1870, plate 2769",beethoven-sym5-mvt1-984073-p1,woodwind,Clarinet,label,treble,False,detector,"[""Clarinet"", ""Bass clarinet"", ""Saxophone"", ""Horn"", ""Trumpet""]",3,header_vote,-3,False,0,2,67,13,71,64,"[""Flute"", ""Oboe"", ""English horn"", ""Clarinet"", ""Bass clarinet"", ""Bassoon"", ""Saxophone"", ""Horn"", ""Trumpet"", ""Trombone"", ""Harp"", ""Piano"", ""Organ"", ""Soprano"", ""Alto"", ""Tenor"", ""Chorus"", ""Violin"", ""Viola"", ""Cello""]","[""classical-condensed""]",2,Clarinet,"[""Clarinet""]",,Clarinet,2,0,1,16,5,10,2,0,0,4,0,True,0,0,0,0,0,0,0,0,2,2,2,0
Fagotti,True,bass,hand-read,-3,hand-read,2,Fagotti,"[6, 7]",works.json:staves,12,1,1,"Henry Litolff's Verlag, Braunschweig, 1870, plate 2769",beethoven-sym5-mvt1-984073-p1,woodwind,Bassoon,label,bass,False,detector,"[""Clarinet"", ""Bass clarinet"", ""Saxophone"", ""Horn"", ""Trumpet""]",3,header_vote,-3,False,0,4,59,4,60,55,"[""English horn"", ""Clarinet"", ""Bass clarinet"", ""Bassoon"", ""Contrabassoon"", ""Saxophone"", ""Sarrusophone"", ""Horn"", ""Trumpet"", ""Trombone"", ""Tuba"", ""Timpani"", ""Harp"", ""Piano"", ""Organ"", ""Alto"", ""Tenor"", ""Bass voice"", ""Chorus"", ""Violin"", ""Viola"", ""Cello"", ""Contrabass""]","[""classical-condensed""]",3,Bassoon,"[""Bassoon""]",,Bassoon,3,0,0,16,4,5,3,0,0,4,0,True,0,2,0,1,0,0,3,0,5,5,3,0
Corni in Es,True,treble,hand-read,0,hand-read,2,Corni in Es,"[8, 9]",works.json:staves,12,1,1,"Henry Litolff's Verlag, Braunschweig, 1870, plate 2769",beethoven-sym5-mvt1-984073-p1,brass,Horn,label,treble,False,detector,"[""Clarinet"", ""Bass clarinet"", ""Saxophone"", ""Horn"", ""Trumpet""]",3,,-3,False,0,,,0,,,[],"[""classical-condensed""]",4,Horn,"[""Horn""]",,Horn,4,0,0,16,0,15,0,1,1,3,0,True,0,0,0,0,0,0,0,0,0,0,4,0
Trombe in C,True,treble,hand-read,0,hand-read,2,Trombe in C,"[10, 11]",works.json:staves,12,1,1,"Henry Litolff's Verlag, Braunschweig, 1870, plate 2769",beethoven-sym5-mvt1-984073-p1,brass,Trumpet,label,treble,False,detector,"[""Clarinet"", ""Bass clarinet"", ""Saxophone"", ""Horn"", ""Trumpet""]",3,,-3,False,0,0,74,1,74,74,"[""Piccolo"", ""Flute"", ""Oboe"", ""English horn"", ""Clarinet"", ""Bass clarinet"", ""Saxophone"", ""Horn"", ""Trumpet"", ""Harp"", ""Piano"", ""Organ"", ""Soprano"", ""Alto"", ""Chorus"", ""Violin"", ""Viola"", ""Cello""]","[""classical-condensed""]",5,Trumpet,"[""Trumpet""]",,Trumpet,5,0,0,16,1,15,1,0,1,3,0,True,0,0,0,0,0,0,0,0,0,0,5,0
Timpani in C.G.,True,bass,hand-read,0,hand-read,1,Timpani in C.G.,[12],works.json:staves,12,1,1,"Henry Litolff's Verlag, Braunschweig, 1870, plate 2769",beethoven-sym5-mvt1-984073-p1,percussion,Timpani,label,bass,False,detector,"[""Clarinet"", ""Bass clarinet"", ""Saxophone"", ""Horn"", ""Trumpet""]",3,,-3,False,0,0,43,1,43,43,"[""Bass clarinet"", ""Bassoon"", ""Contrabassoon"", ""Sarrusophone"", ""Horn"", ""Trombone"", ""Tuba"", ""Timpani"", ""Harp"", ""Piano"", ""Organ"", ""Bass voice"", ""Chorus"", ""Cello"", ""Contrabass""]","[""classical-condensed""]",6,Timpani,"[""Timpani""]",,Timpani,6,0,0,16,1,15,2,0,1,3,0,True,0,0,0,0,0,0,0,0,0,2,6,0
Violino I,True,treble,hand-read,-3,hand-read,1,Violino I,[13],works.json:staves,12,1,1,"Henry Litolff's Verlag, Braunschweig, 1870, plate 2769",beethoven-sym5-mvt1-984073-p1,string,Violin,label,treble,False,detector,"[""Piccolo"", ""Flute"", ""Oboe"", ""Clarinet"", ""Bass clarinet"", ""Bassoon"", ""Contrabassoon"", ""Saxophone"", ""Sarrusophone"", ""Horn"", ""Trumpet"", ""Trombone"", ""Tuba"", ""Timpani"", ""Harp"", ""Piano"", ""Organ"", ""Soprano"", ""Alto"", ""Tenor"", ""Bass voice"", ""Chorus"", ""Violin"", ""Viola"", ""Cello"", ""Contrabass""]",0,header_vote,-3,True,-3,5,75,26,79,62,"[""Flute"", ""Oboe"", ""English horn"", ""Clarinet"", ""Bass clarinet"", ""Saxophone"", ""Trumpet"", ""Harp"", ""Piano"", ""Organ"", ""Soprano"", ""Alto"", ""Chorus"", ""Violin"", ""Viola"", ""Cello""]","[""classical-condensed""]",7,Violin,"[""Violin""]",,Violin,7,0,1,16,11,4,0,0,2,5,0,True,0,0,0,3,0,0,3,0,5,0,7,0
Violino II,True,treble,hand-read,-3,hand-read,1,Violino II,[14],works.json:staves,12,1,1,"Henry Litolff's Verlag, Braunschweig, 1870, plate 2769",beethoven-sym5-mvt1-984073-p1,string,Violin,label,treble,False,detector,"[""Clarinet"", ""Bass clarinet"", ""Saxophone"", ""Horn"", ""Trumpet""]",3,header_vote,-3,False,0,2,65,26,69,62,"[""Flute"", ""Oboe"", ""English horn"", ""Clarinet"", ""Bass clarinet"", ""Bassoon"", ""Saxophone"", ""Horn"", ""Trumpet"", ""Trombone"", ""Harp"", ""Piano"", ""Organ"", ""Soprano"", ""Alto"", ""Tenor"", ""Chorus"", ""Violin"", ""Viola"", ""Cello""]","[""classical-condensed""]",8,Violin,"[""Violin""]",,Violin,8,0,3,16,13,0,1,0,2,5,0,True,0,0,0,3,0,0,3,0,5,1,8,0
Viola,True,alto,hand-read,-3,hand-read,1,Viola,[15],works.json:staves,12,1,1,"Henry Litolff's Verlag, Braunschweig, 1870, plate 2769",beethoven-sym5-mvt1-984073-p1,string,Viola,label,alto,False,detector,"[""Clarinet"", ""Bass clarinet"", ""Saxophone"", ""Horn"", ""Trumpet""]",3,header_vote,-3,False,0,3,55,25,62,52,"[""English horn"", ""Clarinet"", ""Bass clarinet"", ""Bassoon"", ""Saxophone"", ""Sarrusophone"", ""Horn"", ""Trumpet"", ""Trombone"", ""Tuba"", ""Harp"", ""Piano"", ""Organ"", ""Tenor"", ""Bass voice"", ""Chorus"", ""Viola"", ""Cello"", ""Contrabass""]","[""classical-condensed""]",9,Viola,"[""Viola""]",,Viola,9,0,2,16,11,1,2,1,2,5,0,True,0,0,0,3,0,0,3,0,5,0,9,0
Violoncello,True,bass,hand-read,-3,hand-read,1,Violoncello,[16],works.json:staves,12,1,1,"Henry Litolff's Verlag, Braunschweig, 1870, plate 2769",beethoven-sym5-mvt1-984073-p1,string,Cello,label,bass,False,detector,"[""English horn"", ""Clarinet"", ""Bass clarinet"", ""Saxophone"", ""Horn"", ""Trumpet""]",1,header_vote,-3,True,-2,15,58,15,62,38,"[""Bass clarinet"", ""Bassoon"", ""Sarrusophone"", ""Trombone"", ""Tuba"", ""Harp"", ""Piano"", ""Organ"", ""Cello"", ""Contrabass""]","[""classical-condensed""]",10,Cello,"[""Cello""]",,Cello,10,0,1,16,10,1,3,0,2,5,0,True,0,0,0,3,0,0,3,0,6,1,10,0
Basso,True,bass,hand-read,-3,hand-read,1,Basso,[17],works.json:staves,12,1,1,"Henry Litolff's Verlag, Braunschweig, 1870, plate 2769",beethoven-sym5-mvt1-984073-p1,string,Contrabass,score_order_ambiguity,bass,False,detector,"[""Piccolo"", ""Flute"", ""Oboe"", ""Clarinet"", ""Bass clarinet"", ""Bassoon"", ""Contrabassoon"", ""Saxophone"", ""Sarrusophone"", ""Horn"", ""Trumpet"", ""Trombone"", ""Tuba"", ""Timpani"", ""Harp"", ""Piano"", ""Organ"", ""Soprano"", ""Alto"", ""Tenor"", ""Bass voice"", ""Chorus"", ""Violin"", ""Viola"", ""Cello"", ""Contrabass""]",0,header_vote,-3,True,-3,2,55,6,55,53,"[""English horn"", ""Clarinet"", ""Bass clarinet"", ""Bassoon"", ""Contrabassoon"", ""Saxophone"", ""Sarrusophone"", ""Horn"", ""Trumpet"", ""Trombone"", ""Tuba"", ""Timpani"", ""Harp"", ""Piano"", ""Organ"", ""Tenor"", ""Bass voice"", ""Chorus"", ""Viola"", ""Cello"", ""Contrabass""]","[""classical-condensed""]",11,Contrabass,"[""Contrabass""]",,Contrabass,11,0,0,16,2,11,4,0,2,5,0,True,1,0,1,0,0,0,3,0,0,0,11,0
Flauti,True,treble,reference-derived,-3,reference-derived,2,Flauti,"[0, 1]",works.json:staves,11,2,2,"Henry Litolff's Verlag, Braunschweig, 1870, plate 2769",beethoven-sym5-mvt1-984073-p2,woodwind,Flute,label,treble,False,detector,"[""Piccolo"", ""Flute"", ""Oboe"", ""Clarinet"", ""Bass clarinet"", ""Bassoon"", ""Contrabassoon"", ""Saxophone"", ""Sarrusophone"", ""Horn"", ""Trumpet"", ""Trombone"", ""Tuba"", ""Timpani"", ""Harp"", ""Piano"", ""Organ"", ""Soprano"", ""Alto"", ""Tenor"", ""Bass voice"", ""Chorus"", ""Violin"", ""Viola"", ""Cello"", ""Contrabass""]",0,header_vote,-3,True,-3,4,84,16,92,74,"[""Piccolo"", ""Flute"", ""Harp"", ""Piano"", ""Organ"", ""Violin""]","[""classical-shared-bass""]",0,Flute,"[""Flute""]",,Flute,0,0,3,16,8,5,0,1,0,4,0,True,0,0,0,2,0,1,3,0,0,4,0,0
Oboi,True,treble,reference-derived,-3,reference-derived,2,Oboi,"[2, 3]",works.json:staves,11,2,2,"Henry Litolff's Verlag, Braunschweig, 1870, plate 2769",beethoven-sym5-mvt1-984073-p2,woodwind,Oboe,label,treble,False,detector,"[""Piccolo"", ""Flute"", ""Oboe"", ""Clarinet"", ""Bass clarinet"", ""Bassoon"", ""Contrabassoon"", ""Saxophone"", ""Sarrusophone"", ""Horn"", ""Trumpet"", ""Trombone"", ""Tuba"", ""Timpani"", ""Harp"", ""Piano"", ""Organ"", ""Soprano"", ""Alto"", ""Tenor"", ""Bass voice"", ""Chorus"", ""Violin"", ""Viola"", ""Cello"", ""Contrabass""]",0,header_vote,-3,True,-3,7,77,20,80,63,"[""Flute"", ""Oboe"", ""English horn"", ""Clarinet"", ""Saxophone"", ""Trumpet"", ""Harp"", ""Piano"", ""Organ"", ""Soprano"", ""Chorus"", ""Violin"", ""Viola"", ""Cello""]","[""classical-shared-bass""]",1,Oboe,"[""Oboe""]",,Oboe,1,0,4,16,7,9,1,1,0,4,0,True,2,0,2,3,0,0,5,0,2,2,1,0
Clarinetti in B,True,treble,reference-derived,-1,reference-derived,2,Clarinetti in B,"[4, 5]",works.json:staves,11,2,2,"Henry Litolff's Verlag, Braunschweig, 1870, plate 2769",beethoven-sym5-mvt1-984073-p2,woodwind,Clarinet,label,treble,False,detector,"[""Clarinet"", ""Bass clarinet"", ""Saxophone"", ""Horn"", ""Trumpet""]",3,header_vote,-3,False,0,13,69,19,89,60,"[""Flute"", ""Oboe"", ""Clarinet"", ""Saxophone"", ""Harp"", ""Piano"", ""Organ"", ""Violin""]","[""classical-shared-bass""]",2,Clarinet,"[""Clarinet""]",,Clarinet,2,0,3,16,8,4,2,1,0,4,0,True,0,1,0,2,0,0,3,0,1,2,2,0
Fagotti,True,bass,reference-derived,-3,reference-derived,2,Fagotti,"[6, 7]",works.json:staves,11,2,2,"Henry Litolff's Verlag, Braunschweig, 1870, plate 2769",beethoven-sym5-mvt1-984073-p2,woodwind,Bassoon,label,bass,False,detector,"[""English horn"", ""Clarinet"", ""Bass clarinet"", ""Saxophone"", ""Horn"", ""Trumpet""]",1,header_vote,-3,True,-2,17,53,15,77,43,"[""Bass clarinet"", ""Horn"", ""Harp"", ""Piano"", ""Organ"", ""Chorus"", ""Cello""]","[""classical-shared-bass""]",3,Bassoon,"[""Bassoon""]",,Bassoon,3,0,1,16,6,8,3,1,0,4,0,True,0,1,0,3,0,0,4,0,0,3,3,0
Corni in Es,True,treble,reference-derived,0,reference-derived,2,Corni in Es,"[8, 9]",works.json:staves,11,2,2,"Henry Litolff's Verlag, Braunschweig, 1870, plate 2769",beethoven-sym5-mvt1-984073-p2,brass,Horn,label,treble,False,detector,"[""Clarinet"", ""Bass clarinet"", ""Saxophone"", ""Horn"", ""Trumpet""]",3,,-3,False,0,8,76,15,79,60,"[""Flute"", ""Oboe"", ""English horn"", ""Clarinet"", ""Bass clarinet"", ""Saxophone"", ""Trumpet"", ""Harp"", ""Piano"", ""Organ"", ""Soprano"", ""Alto"", ""Chorus"", ""Violin"", ""Viola"", ""Cello""]","[""classical-shared-bass""]",4,Horn,"[""Horn""]",,Horn,4,0,2,16,6,7,0,0,1,3,1,True,1,0,0,0,1,0,1,0,1,2,4,0
Trombe in C,True,treble,reference-derived,-3,reference-derived,2,Trombe in C,"[10, 11]",works.json:staves,11,2,2,"Henry Litolff's Verlag, Braunschweig, 1870, plate 2769",beethoven-sym5-mvt1-984073-p2,brass,Trumpet,label,treble,False,detector,"[""Clarinet"", ""Bass clarinet"", ""Saxophone"", ""Horn"", ""Trumpet""]",3,,-3,False,0,5,67,14,77,55,"[""English horn"", ""Clarinet"", ""Bass clarinet"", ""Saxophone"", ""Horn"", ""Trumpet"", ""Harp"", ""Piano"", ""Organ"", ""Alto"", ""Chorus"", ""Violin"", ""Viola"", ""Cello""]","[""classical-shared-bass""]",5,Trumpet,"[""Trumpet""]",,Trumpet,5,0,2,16,3,11,1,0,1,3,0,True,1,2,1,0,0,0,3,0,0,4,5,0
Timpani in C.G.,True,bass,reference-derived,-3,reference-derived,1,Timpani in C.G.,[12],works.json:staves,11,2,2,"Henry Litolff's Verlag, Braunschweig, 1870, plate 2769",beethoven-sym5-mvt1-984073-p2,percussion,Timpani,label,bass,False,detector,"[""Clarinet"", ""Bass clarinet"", ""Saxophone"", ""Horn"", ""Trumpet""]",3,,-3,False,0,17,48,9,67,43,"[""Bass clarinet"", ""Bassoon"", ""Sarrusophone"", ""Horn"", ""Trombone"", ""Harp"", ""Piano"", ""Organ"", ""Chorus"", ""Cello"", ""Contrabass""]","[""classical-shared-bass""]",6,Timpani,"[""Timpani""]",,Timpani,6,0,2,16,3,11,2,0,1,3,0,True,0,2,0,1,0,0,3,0,0,3,6,0
Violino I,True,treble,reference-derived,-3,reference-derived,1,Violino I,[13],works.json:staves,11,2,2,"Henry Litolff's Verlag, Braunschweig, 1870, plate 2769",beethoven-sym5-mvt1-984073-p2,string,Violin,score_order,treble,False,detector,"[""Piccolo"", ""Flute"", ""Oboe"", ""Clarinet"", ""Bass clarinet"", ""Bassoon"", ""Contrabassoon"", ""Saxophone"", ""Sarrusophone"", ""Horn"", ""Trumpet"", ""Trombone"", ""Tuba"", ""Timpani"", ""Harp"", ""Piano"", ""Organ"", ""Soprano"", ""Alto"", ""Tenor"", ""Bass voice"", ""Chorus"", ""Violin"", ""Viola"", ""Cello"", ""Contrabass""]",0,header_vote,-3,True,-3,5,68,31,79,58,"[""Oboe"", ""English horn"", ""Clarinet"", ""Bass clarinet"", ""Saxophone"", ""Trumpet"", ""Harp"", ""Piano"", ""Organ"", ""Alto"", ""Chorus"", ""Violin"", ""Viola"", ""Cello""]","[""classical-shared-bass""]",7,Violin,"[""Violin""]",,,7,0,3,16,12,0,0,0,2,4,0,True,0,1,0,3,0,0,4,0,3,1,7,0
Violino II,True,treble,reference-derived,-3,reference-derived,1,Violino II,[14],works.json:staves,11,2,2,"Henry Litolff's Verlag, Braunschweig, 1870, plate 2769",beethoven-sym5-mvt1-984073-p2,string,Violin,score_order,treble,False,detector,"[""Clarinet"", ""Bass clarinet"", ""Saxophone"", ""Horn"", ""Trumpet""]",3,header_vote,-3,False,0,12,64,34,86,38,"[""Harp"", ""Piano"", ""Organ""]","[""classical-shared-bass""]",8,Violin,"[""Violin""]",,,8,0,5,16,11,1,1,0,2,4,0,True,0,0,0,2,0,0,2,0,0,2,8,0
Viola,True,alto,reference-derived,-3,reference-derived,1,Viola,[15],works.json:staves,11,2,2,"Henry Litolff's Verlag, Braunschweig, 1870, plate 2769",beethoven-sym5-mvt1-984073-p2,string,Violin,score_order,treble,False,detector_header,"[""Clarinet"", ""Bass clarinet"", ""Saxophone"", ""Horn"", ""Trumpet""]",3,,-3,False,0,12,67,28,89,64,"[""Flute"", ""Oboe"", ""Clarinet"", ""Saxophone"", ""Harp"", ""Piano"", ""Organ"", ""Violin""]","[""classical-shared-bass""]",9,Viola,"[""Viola""]",,,9,0,2,16,12,4,2,0,2,4,0,True,0,2,0,5,0,0,7,0,3,2,9,0
Violoncello e Basso,True,bass,reference-derived,-3,reference-derived,2,Violoncello e Basso,"[16, 17]",works.json:staves,11,2,2,"Henry Litolff's Verlag, Braunschweig, 1870, plate 2769",beethoven-sym5-mvt1-984073-p2,string,Cello,score_order,bass,False,detector,"[""Clarinet"", ""Bass clarinet"", ""Saxophone"", ""Horn"", ""Trumpet""]",3,header_vote,-3,False,0,6,47,26,60,41,"[""Bass clarinet"", ""Bassoon"", ""Contrabassoon"", ""Sarrusophone"", ""Horn"", ""Trombone"", ""Tuba"", ""Timpani"", ""Harp"", ""Piano"", ""Organ"", ""Bass voice"", ""Chorus"", ""Cello"", ""Contrabass""]","[""classical-shared-bass""]",10,Cello,"[""Cello""]",,,10,0,1,16,11,4,3,0,2,4,0,True,0,0,0,0,0,0,6,0,1,4,10,0
Flauti,True,treble,reference-derived,-3,reference-derived,2,Flauti,"[0, 1]",works.json:staves,11,2,2,"Henry Litolff's Verlag, Braunschweig, 1870, plate 2769",beethoven-sym5-mvt1-984073-p2,woodwind,Flute,label,treble,False,detector,"[""Clarinet"", ""Bass clarinet"", ""Saxophone"", ""Horn"", ""Trumpet""]",2,,-3,True,-1,10,84,11,93,64,"[""Flute"", ""Harp"", ""Piano"", ""Organ"", ""Violin""]","[""classical-shared-bass""]",0,Flute,"[""Flute""]",True,Flute,0,0,2,15,8,5,0,0,0,4,0,True,0,0,0,2,0,3,5,0,4,5,0,1
Oboi,True,treble,reference-derived,-3,reference-derived,2,Oboi,"[2, 3]",works.json:staves,11,2,2,"Henry Litolff's Verlag, Braunschweig, 1870, plate 2769",beethoven-sym5-mvt1-984073-p2,woodwind,Oboe,label,treble,False,detector,"[""Piccolo"", ""Flute"", ""Oboe"", ""Clarinet"", ""Bass clarinet"", ""Bassoon"", ""Contrabassoon"", ""Saxophone"", ""Sarrusophone"", ""Horn"", ""Trumpet"", ""Trombone"", ""Tuba"", ""Timpani"", ""Harp"", ""Piano"", ""Organ"", ""Soprano"", ""Alto"", ""Tenor"", ""Bass voice"", ""Chorus"", ""Violin"", ""Viola"", ""Cello"", ""Contrabass""]",0,header_vote,-3,True,-3,12,79,20,82,63,"[""Flute"", ""Oboe"", ""English horn"", ""Clarinet"", ""Saxophone"", ""Trumpet"", ""Harp"", ""Piano"", ""Organ"", ""Soprano"", ""Chorus"", ""Violin"", ""Viola""]","[""classical-shared-bass""]",1,Oboe,"[""Oboe""]",True,Oboe,1,0,7,15,11,2,1,1,0,4,0,True,0,0,0,13,0,0,13,0,7,5,1,1
Clarinetti in B,True,treble,reference-derived,-1,reference-derived,2,Clarinetti in B,"[4, 5]",works.json:staves,11,2,2,"Henry Litolff's Verlag, Braunschweig, 1870, plate 2769",beethoven-sym5-mvt1-984073-p2,woodwind,Clarinet,label,treble,False,detector,"[""Clarinet"", ""Bass clarinet"", ""Saxophone"", ""Horn"", ""Trumpet""]",2,,-3,True,-1,2,67,16,72,64,"[""Flute"", ""Oboe"", ""English horn"", ""Clarinet"", ""Bass clarinet"", ""Bassoon"", ""Saxophone"", ""Horn"", ""Trumpet"", ""Trombone"", ""Harp"", ""Piano"", ""Organ"", ""Soprano"", ""Alto"", ""Tenor"", ""Chorus"", ""Violin"", ""Viola"", ""Cello""]","[""classical-shared-bass""]",2,Clarinet,"[""Clarinet""]",True,Clarinet,2,0,7,15,9,4,2,0,0,4,0,True,0,0,0,14,0,0,14,0,3,8,2,1
Fagotti,True,bass,reference-derived,-3,reference-derived,2,Fagotti,"[6, 7]",works.json:staves,11,2,2,"Henry Litolff's Verlag, Braunschweig, 1870, plate 2769",beethoven-sym5-mvt1-984073-p2,woodwind,Bassoon,label,bass,True,,"[""English horn"", ""Clarinet"", ""Bass clarinet"", ""Saxophone"", ""Horn"", ""Trumpet""]",1,header_vote,-3,True,-2,5,51,27,62,43,"[""Bass clarinet"", ""Bassoon"", ""Sarrusophone"", ""Horn"", ""Trombone"", ""Tuba"", ""Harp"", ""Piano"", ""Organ"", ""Bass voice"", ""Chorus"", ""Cello"", ""Contrabass""]","[""classical-shared-bass""]",3,Bassoon,"[""Bassoon""]",True,Bassoon,3,0,10,15,13,1,3,0,0,4,0,True,0,0,0,12,0,0,12,0,6,8,3,1
Corni in Es,True,treble,reference-derived,0,reference-derived,2,Corni in Es,"[8, 9]",works.json:staves,11,2,2,"Henry Litolff's Verlag, Braunschweig, 1870, plate 2769",beethoven-sym5-mvt1-984073-p2,brass,Horn,label,treble,False,detector,"[""Clarinet"", ""Bass clarinet"", ""Saxophone"", ""Horn"", ""Trumpet""]",3,,-3,False,0,8,76,19,79,64,"[""Flute"", ""Oboe"", ""English horn"", ""Clarinet"", ""Bass clarinet"", ""Saxophone"", ""Trumpet"", ""Harp"", ""Piano"", ""Organ"", ""Soprano"", ""Alto"", ""Chorus"", ""Violin"", ""Viola"", ""Cello""]","[""classical-shared-bass""]",4,Horn,"[""Horn""]",True,Horn,4,0,7,15,9,6,0,0,1,3,1,True,0,0,0,3,0,0,3,0,7,13,4,1
Trombe in C,True,treble,reference-derived,-3,reference-derived,2,Trombe in C,"[10, 11]",works.json:staves,11,2,2,"Henry Litolff's Verlag, Braunschweig, 1870, plate 2769",beethoven-sym5-mvt1-984073-p2,brass,Trumpet,label,treble,False,detector,"[""Clarinet"", ""Bass clarinet"", ""Saxophone"", ""Horn"", ""Trumpet""]",3,,-3,False,0,7,67,9,72,59,"[""Flute"", ""Oboe"", ""English horn"", ""Clarinet"", ""Bass clarinet"", ""Bassoon"", ""Saxophone"", ""Horn"", ""Trumpet"", ""Trombone"", ""Harp"", ""Piano"", ""Organ"", ""Alto"", ""Tenor"", ""Chorus"", ""Violin"", ""Viola"", ""Cello""]","[""classical-shared-bass""]",5,Trumpet,"[""Trumpet""]",True,Trumpet,5,0,3,15,4,9,1,0,1,3,4,True,0,0,0,0,0,0,0,0,0,4,5,1
Timpani in C.G.,True,bass,reference-derived,-3,reference-derived,1,Timpani in C.G.,[12],works.json:staves,11,2,2,"Henry Litolff's Verlag, Braunschweig, 1870, plate 2769",beethoven-sym5-mvt1-984073-p2,percussion,Timpani,label,bass,False,detector,"[""Clarinet"", ""Bass clarinet"", ""Saxophone"", ""Horn"", ""Trumpet""]",3,,-3,False,0,12,48,6,60,43,"[""Bass clarinet"", ""Bassoon"", ""Contrabassoon"", ""Sarrusophone"", ""Horn"", ""Trombone"", ""Tuba"", ""Timpani"", ""Harp"", ""Piano"", ""Organ"", ""Bass voice"", ""Chorus"", ""Cello"", ""Contrabass""]","[""classical-shared-bass""]",6,Timpani,"[""Timpani""]",True,Timpani,6,0,1,15,4,9,2,0,1,3,1,True,0,2,0,2,0,1,5,0,0,5,6,1
Violino I,True,treble,reference-derived,-3,reference-derived,1,Violino I,[13],works.json:staves,11,2,2,"Henry Litolff's Verlag, Braunschweig, 1870, plate 2769",beethoven-sym5-mvt1-984073-p2,string,Violin,score_order,treble,False,detector,"[""Piccolo"", ""Flute"", ""Oboe"", ""Clarinet"", ""Bass clarinet"", ""Bassoon"", ""Contrabassoon"", ""Saxophone"", ""Sarrusophone"", ""Horn"", ""Trumpet"", ""Trombone"", ""Tuba"", ""Timpani"", ""Harp"", ""Piano"", ""Organ"", ""Soprano"", ""Alto"", ""Tenor"", ""Bass voice"", ""Chorus"", ""Violin"", ""Viola"", ""Cello"", ""Contrabass""]",0,header_vote,-3,True,-3,4,77,54,91,57,"[""Clarinet"", ""Harp"", ""Piano"", ""Organ"", ""Violin""]","[""classical-shared-bass""]",7,Violin,"[""Violin""]",True,,7,0,2,15,15,0,0,0,2,4,0,True,0,0,0,12,0,0,12,0,6,2,7,1
Violino II,True,treble,reference-derived,-3,reference-derived,1,Violino II,[14],works.json:staves,11,2,2,"Henry Litolff's Verlag, Braunschweig, 1870, plate 2769",beethoven-sym5-mvt1-984073-p2,string,Violin,score_order,treble,False,detector,"[""Piccolo"", ""Flute"", ""Oboe"", ""Clarinet"", ""Bass clarinet"", ""Bassoon"", ""Contrabassoon"", ""Saxophone"", ""Sarrusophone"", ""Horn"", ""Trumpet"", ""Trombone"", ""Tuba"", ""Timpani"", ""Harp"", ""Piano"", ""Organ"", ""Soprano"", ""Alto"", ""Tenor"", ""Bass voice"", ""Chorus"", ""Violin"", ""Viola"", ""Cello"", ""Contrabass""]",0,,-3,True,-3,3,67,51,80,55,"[""English horn"", ""Clarinet"", ""Saxophone"", ""Trumpet"", ""Harp"", ""Piano"", ""Organ"", ""Chorus"", ""Violin"", ""Viola"", ""Cello""]","[""classical-shared-bass""]",8,Violin,"[""Violin""]",True,,8,0,4,15,14,0,1,0,2,4,0,True,0,1,0,11,0,0,12,0,0,5,8,1
Viola,True,alto,reference-derived,-3,reference-derived,1,Viola,[15],works.json:staves,11,2,2,"Henry Litolff's Verlag, Braunschweig, 1870, plate 2769",beethoven-sym5-mvt1-984073-p2,string,Violin,score_order,treble,True,,"[""English horn"", ""Clarinet"", ""Bass clarinet"", ""Saxophone"", ""Horn"", ""Trumpet""]",1,,-3,True,-2,4,70,47,79,53,"[""English horn"", ""Clarinet"", ""Bass clarinet"", ""Saxophone"", ""Trumpet"", ""Harp"", ""Piano"", ""Organ"", ""Chorus"", ""Viola"", ""Cello""]","[""classical-shared-bass""]",9,Viola,"[""Viola""]",True,,9,0,4,15,15,0,2,0,2,4,0,True,0,2,0,11,0,0,13,0,3,5,9,1
Violoncello e Basso,True,bass,reference-derived,-3,reference-derived,2,Violoncello e Basso,"[16, 17]",works.json:staves,11,2,2,"Henry Litolff's Verlag, Braunschweig, 1870, plate 2769",beethoven-sym5-mvt1-984073-p2,string,Cello,score_order,bass,False,detector,"[""English horn"", ""Clarinet"", ""Bass clarinet"", ""Saxophone"", ""Horn"", ""Trumpet""]",1,,-3,True,-2,15,48,22,65,43,"[""Bass clarinet"", ""Bassoon"", ""Sarrusophone"", ""Horn"", ""Trombone"", ""Tuba"", ""Harp"", ""Piano"", ""Organ"", ""Chorus"", ""Cello"", ""Contrabass""]","[""classical-shared-bass""]",10,Cello,"[""Cello""]",True,,10,0,0,15,14,1,3,1,2,4,0,True,1,2,1,0,0,0,16,0,2,10,10,1
Flauti,True,treble,hand-read,-3,hand-read,2,Flauti,"[0, 1]",alias->beethoven-sym5-mvt1-984073-p1:works.json:staves,12,1,0,"Henry Litolff's Verlag, Braunschweig, 1870, plate 2769",beethoven-sym5-mvt1-575951-p1,woodwind,Flute,label,treble,False,detector,"[""Piccolo"", ""Flute"", ""Oboe"", ""Clarinet"", ""Bass clarinet"", ""Bassoon"", ""Contrabassoon"", ""Saxophone"", ""Sarrusophone"", ""Horn"", ""Trumpet"", ""Trombone"", ""Tuba"", ""Timpani"", ""Harp"", ""Piano"", ""Organ"", ""Soprano"", ""Alto"", ""Tenor"", ""Bass voice"", ""Chorus"", ""Violin"", ""Viola"", ""Cello"", ""Contrabass""]",0,header_vote,-3,True,-3,17,72,4,89,65,"[""Flute"", ""Oboe"", ""Clarinet"", ""Saxophone"", ""Harp"", ""Piano"", ""Organ"", ""Violin""]","[""classical-condensed""]",0,Flute,"[""Flute""]",,Flute,0,0,1,16,2,8,0,0,0,4,0,True,0,0,0,0,0,0,0,0,0,0,0,0
Oboi,True,treble,hand-read,-3,hand-read,2,Oboi,"[2, 3]",alias->beethoven-sym5-mvt1-984073-p1:works.json:staves,12,1,0,"Henry Litolff's Verlag, Braunschweig, 1870, plate 2769",beethoven-sym5-mvt1-575951-p1,woodwind,Oboe,label,treble,False,detector,"[""English horn"", ""Clarinet"", ""Bass clarinet"", ""Saxophone"", ""Horn"", ""Trumpet""]",1,header_vote,-3,True,-2,,,0,,,[],"[""classical-condensed""]",1,Oboe,"[""Oboe""]",,Oboe,1,0,0,16,0,15,1,0,0,4,0,True,0,0,0,0,0,0,0,0,0,4,1,0
Clarinetti in B,True,treble,hand-read,-1,hand-read,2,Clarinetti in B,"[4, 5]",alias->beethoven-sym5-mvt1-984073-p1:works.json:staves,12,1,0,"Henry Litolff's Verlag, Braunschweig, 1870, plate 2769",beethoven-sym5-mvt1-575951-p1,woodwind,Clarinet,label,treble,False,detector,"[""Clarinet"", ""Bass clarinet"", ""Saxophone"", ""Horn"", ""Trumpet""]",3,header_vote,-3,False,0,2,67,11,73,65,"[""Flute"", ""Oboe"", ""English horn"", ""Clarinet"", ""Bass clarinet"", ""Saxophone"", ""Horn"", ""Trumpet"", ""Harp"", ""Piano"", ""Organ"", ""Soprano"", ""Alto"", ""Chorus"", ""Violin"", ""Viola"", ""Cello""]","[""classical-condensed""]",2,Clarinet,"[""Clarinet""]",,Clarinet,2,0,1,16,5,7,2,0,0,4,0,True,0,0,0,0,0,0,0,0,1,3,2,0
Fagotti,True,bass,hand-read,-3,hand-read,2,Fagotti,"[6, 7]",alias->beethoven-sym5-mvt1-984073-p1:works.json:staves,12,1,0,"Henry Litolff's Verlag, Braunschweig, 1870, plate 2769",beethoven-sym5-mvt1-575951-p1,woodwind,Bassoon,label,bass,False,detector,"[""Piccolo"", ""Flute"", ""Oboe"", ""Clarinet"", ""Bass clarinet"", ""Bassoon"", ""Contrabassoon"", ""Saxophone"", ""Sarrusophone"", ""Horn"", ""Trumpet"", ""Trombone"", ""Tuba"", ""Timpani"", ""Harp"", ""Piano"", ""Organ"", ""Soprano"", ""Alto"", ""Tenor"", ""Bass voice"", ""Chorus"", ""Violin"", ""Viola"", ""Cello"", ""Contrabass""]",0,header_vote,-3,True,-3,11,60,11,62,47,"[""Bass clarinet"", ""Bassoon"", ""Sarrusophone"", ""Horn"", ""Trombone"", ""Tuba"", ""Harp"", ""Piano"", ""Organ"", ""Bass voice"", ""Chorus"", ""Cello"", ""Contrabass""]","[""classical-condensed""]",3,Bassoon,"[""Bassoon""]",,Bassoon,3,0,2,16,9,4,3,0,0,4,0,True,0,2,0,1,0,0,3,0,6,11,3,0
Corni in Es,True,treble,hand-read,0,hand-read,2,Corni in Es,"[8, 9]",alias->beethoven-sym5-mvt1-984073-p1:works.json:staves,12,1,0,"Henry Litolff's Verlag, Braunschweig, 1870, plate 2769",beethoven-sym5-mvt1-575951-p1,brass,Horn,label,treble,False,detector,"[""Clarinet"", ""Bass clarinet"", ""Saxophone"", ""Horn"", ""Trumpet""]",3,,-3,False,0,,,0,,,[],"[""classical-condensed""]",4,Horn,"[""Horn""]",,Horn,4,0,0,16,0,14,0,0,1,3,0,True,0,0,0,0,0,0,0,0,0,4,4,0
Trombe in C,True,treble,hand-read,0,hand-read,2,Trombe in C,"[10, 11]",alias->beethoven-sym5-mvt1-984073-p1:works.json:staves,12,1,0,"Henry Litolff's Verlag, Braunschweig, 1870, plate 2769",beethoven-sym5-mvt1-575951-p1,brass,Trumpet,label,treble,False,detector,"[""Clarinet"", ""Bass clarinet"", ""Saxophone"", ""Horn"", ""Trumpet""]",3,,-3,False,0,,,0,,,[],"[""classical-condensed""]",5,Trumpet,"[""Trumpet""]",,Trumpet,5,0,0,16,0,12,1,0,1,3,0,True,0,0,0,0,0,0,0,0,0,11,5,0
Timpani in C.G.,True,bass,hand-read,0,hand-read,1,Timpani in C.G.,[12],alias->beethoven-sym5-mvt1-984073-p1:works.json:staves,12,1,0,"Henry Litolff's Verlag, Braunschweig, 1870, plate 2769",beethoven-sym5-mvt1-575951-p1,percussion,Timpani,label,bass,False,detector,"[""Clarinet"", ""Bass clarinet"", ""Saxophone"", ""Horn"", ""Trumpet""]",3,,-3,False,0,12,55,2,55,43,"[""Bass clarinet"", ""Bassoon"", ""Contrabassoon"", ""Sarrusophone"", ""Horn"", ""Trombone"", ""Tuba"", ""Timpani"", ""Harp"", ""Piano"", ""Organ"", ""Bass voice"", ""Chorus"", ""Cello"", ""Contrabass""]","[""classical-condensed""]",6,Timpani,"[""Timpani""]",,Timpani,6,0,0,16,2,13,2,0,1,3,0,True,0,0,0,0,0,0,0,0,0,12,6,0
Violino I,True,treble,hand-read,-3,hand-read,1,Violino I,[13],alias->beethoven-sym5-mvt1-984073-p1:works.json:staves,12,1,0,"Henry Litolff's Verlag, Braunschweig, 1870, plate 2769",beethoven-sym5-mvt1-575951-p1,string,Violin,label,treble,False,detector,"[""Clarinet"", ""Bass clarinet"", ""Saxophone"", ""Horn"", ""Trumpet""]",3,header_vote,-3,False,0,9,74,29,88,62,"[""Flute"", ""Oboe"", ""Clarinet"", ""Saxophone"", ""Harp"", ""Piano"", ""Organ"", ""Violin"", ""Viola""]","[""classical-condensed""]",7,Violin,"[""Violin""]",,Violin,7,0,3,16,13,2,0,0,2,5,0,True,0,0,0,3,0,0,3,0,5,4,7,0
Violino II,True,treble,hand-read,-3,hand-read,1,Violino II,[14],alias->beethoven-sym5-mvt1-984073-p1:works.json:staves,12,1,0,"Henry Litolff's Verlag, Braunschweig, 1870, plate 2769",beethoven-sym5-mvt1-575951-p1,string,Violin,score_order,treble,False,detector,"[""Piccolo"", ""Flute"", ""Oboe"", ""Clarinet"", ""Bass clarinet"", ""Bassoon"", ""Contrabassoon"", ""Saxophone"", ""Sarrusophone"", ""Horn"", ""Trumpet"", ""Trombone"", ""Tuba"", ""Timpani"", ""Harp"", ""Piano"", ""Organ"", ""Soprano"", ""Alto"", ""Tenor"", ""Bass voice"", ""Chorus"", ""Violin"", ""Viola"", ""Cello"", ""Contrabass""]",0,header_vote,-3,True,-3,4,65,29,72,62,"[""Flute"", ""Oboe"", ""English horn"", ""Clarinet"", ""Bass clarinet"", ""Bassoon"", ""Saxophone"", ""Horn"", ""Trumpet"", ""Trombone"", ""Harp"", ""Piano"", ""Organ"", ""Soprano"", ""Alto"", ""Tenor"", ""Chorus"", ""Violin"", ""Viola"", ""Cello""]","[""classical-condensed""]",8,Violin,"[""Violin""]",,,8,0,0,16,16,0,1,0,2,5,0,True,0,0,0,3,0,0,3,0,9,8,8,0
Viola,True,alto,hand-read,-3,hand-read,1,Viola,[15],alias->beethoven-sym5-mvt1-984073-p1:works.json:staves,12,1,0,"Henry Litolff's Verlag, Braunschweig, 1870, plate 2769",beethoven-sym5-mvt1-575951-p1,string,Viola,label,treble,False,detector,"[""Clarinet"", ""Bass clarinet"", ""Saxophone"", ""Horn"", ""Trumpet""]",3,header_vote,-3,False,0,7,74,30,79,62,"[""Flute"", ""Oboe"", ""English horn"", ""Clarinet"", ""Bass clarinet"", ""Saxophone"", ""Trumpet"", ""Harp"", ""Piano"", ""Organ"", ""Soprano"", ""Alto"", ""Chorus"", ""Violin"", ""Viola"", ""Cello""]","[""classical-condensed""]",9,Viola,"[""Viola""]",,Viola,9,0,2,16,15,1,2,0,2,5,0,True,0,0,0,3,0,0,3,0,6,9,9,0
Violoncello,True,bass,hand-read,-3,hand-read,1,Violoncello,[16],alias->beethoven-sym5-mvt1-984073-p1:works.json:staves,12,1,0,"Henry Litolff's Verlag, Braunschweig, 1870, plate 2769",beethoven-sym5-mvt1-575951-p1,string,Cello,label,bass,False,detector,"[""Piccolo"", ""Flute"", ""Oboe"", ""Clarinet"", ""Bass clarinet"", ""Bassoon"", ""Contrabassoon"", ""Saxophone"", ""Sarrusophone"", ""Horn"", ""Trumpet"", ""Trombone"", ""Tuba"", ""Timpani"", ""Harp"", ""Piano"", ""Organ"", ""Soprano"", ""Alto"", ""Tenor"", ""Bass voice"", ""Chorus"", ""Violin"", ""Viola"", ""Cello"", ""Contrabass""]",0,header_vote,-3,True,-3,12,58,16,62,41,"[""Bass clarinet"", ""Bassoon"", ""Sarrusophone"", ""Horn"", ""Trombone"", ""Tuba"", ""Harp"", ""Piano"", ""Organ"", ""Bass voice"", ""Chorus"", ""Cello"", ""Contrabass""]","[""classical-condensed""]",10,Cello,"[""Cello""]",,Cello,10,0,1,16,10,1,3,0,2,5,0,True,0,0,0,3,0,0,3,0,8,2,10,0
Basso,True,bass,hand-read,-3,hand-read,1,Basso,[17],alias->beethoven-sym5-mvt1-984073-p1:works.json:staves,12,1,0,"Henry Litolff's Verlag, Braunschweig, 1870, plate 2769",beethoven-sym5-mvt1-575951-p1,string,Contrabass,score_order_ambiguity,bass,False,detector,"[""Piccolo"", ""Flute"", ""Oboe"", ""Clarinet"", ""Bass clarinet"", ""Bassoon"", ""Contrabassoon"", ""Saxophone"", ""Sarrusophone"", ""Horn"", ""Trumpet"", ""Trombone"", ""Tuba"", ""Timpani"", ""Harp"", ""Piano"", ""Organ"", ""Soprano"", ""Alto"", ""Tenor"", ""Bass voice"", ""Chorus"", ""Violin"", ""Viola"", ""Cello"", ""Contrabass""]",0,header_vote,-3,True,-3,2,51,12,55,48,"[""Bass clarinet"", ""Bassoon"", ""Contrabassoon"", ""Sarrusophone"", ""Horn"", ""Trombone"", ""Tuba"", ""Timpani"", ""Harp"", ""Piano"", ""Organ"", ""Tenor"", ""Bass voice"", ""Chorus"", ""Viola"", ""Cello"", ""Contrabass""]","[""classical-condensed""]",11,Contrabass,"[""Contrabass""]",,Contrabass,11,0,2,16,5,9,4,0,2,5,0,True,0,0,0,0,0,0,2,0,0,3,11,0
Flauti,True,treble,reference-derived,-3,reference-derived,2,Flauti,"[0, 1]",alias->beethoven-sym5-mvt1-984073-p2:works.json:staves,11,2,1,"Henry Litolff's Verlag, Braunschweig, 1870, plate 2769",beethoven-sym5-mvt1-575951-p2,woodwind,Flute,label,treble,False,detector,"[""Piccolo"", ""Flute"", ""Oboe"", ""Clarinet"", ""Bass clarinet"", ""Bassoon"", ""Contrabassoon"", ""Saxophone"", ""Sarrusophone"", ""Horn"", ""Trumpet"", ""Trombone"", ""Tuba"", ""Timpani"", ""Harp"", ""Piano"", ""Organ"", ""Soprano"", ""Alto"", ""Tenor"", ""Bass voice"", ""Chorus"", ""Violin"", ""Viola"", ""Cello"", ""Contrabass""]",0,header_vote,-2,True,-2,4,84,17,91,75,"[""Piccolo"", ""Flute"", ""Oboe"", ""Clarinet"", ""Harp"", ""Piano"", ""Organ"", ""Violin""]","[""classical-shared-bass""]",0,Flute,"[""Flute""]",,Flute,0,0,5,17,7,8,0,0,0,4,0,True,0,0,0,2,0,0,2,0,2,13,0,0
Oboi,True,treble,reference-derived,-3,reference-derived,2,Oboi,"[2, 3]",alias->beethoven-sym5-mvt1-984073-p2:works.json:staves,11,2,1,"Henry Litolff's Verlag, Braunschweig, 1870, plate 2769",beethoven-sym5-mvt1-575951-p2,woodwind,Oboe,label,treble,False,detector,"[""English horn"", ""Clarinet"", ""Bass clarinet"", ""Saxophone"", ""Horn"", ""Trumpet""]",1,header_vote,-2,True,-1,2,77,21,81,71,"[""Flute"", ""Oboe"", ""English horn"", ""Clarinet"", ""Saxophone"", ""Trumpet"", ""Harp"", ""Piano"", ""Organ"", ""Soprano"", ""Chorus"", ""Violin"", ""Viola"", ""Cello""]","[""classical-shared-bass""]",1,Oboe,"[""Oboe""]",,Oboe,1,0,5,17,8,8,1,0,0,4,1,True,0,0,0,2,0,2,4,0,2,26,1,0
Clarinetti in B,True,treble,reference-derived,-1,reference-derived,2,Clarinetti in B,"[4, 5]",alias->beethoven-sym5-mvt1-984073-p2:works.json:staves,11,2,1,"Henry Litolff's Verlag, Braunschweig, 1870, plate 2769",beethoven-sym5-mvt1-575951-p2,woodwind,Clarinet,label,treble,False,detector,"[""Clarinet"", ""Bass clarinet"", ""Saxophone"", ""Horn"", ""Trumpet""]",2,,-2,False,0,4,69,21,76,61,"[""Flute"", ""Oboe"", ""English horn"", ""Clarinet"", ""Bass clarinet"", ""Saxophone"", ""Horn"", ""Trumpet"", ""Harp"", ""Piano"", ""Organ"", ""Soprano"", ""Alto"", ""Chorus"", ""Violin"", ""Viola"", ""Cello""]","[""classical-shared-bass""]",2,Clarinet,"[""Clarinet""]",,Clarinet,2,0,6,17,9,6,2,1,0,4,0,True,1,0,1,2,0,1,4,0,1,24,2,0
Fagotti,True,bass,reference-derived,-3,reference-derived,2,Fagotti,"[6, 7]",alias->beethoven-sym5-mvt1-984073-p2:works.json:staves,11,2,1,"Henry Litolff's Verlag, Braunschweig, 1870, plate 2769",beethoven-sym5-mvt1-575951-p2,woodwind,Bassoon,label,bass,False,detector,"[""Piccolo"", ""Flute"", ""Oboe"", ""Clarinet"", ""Bass clarinet"", ""Bassoon"", ""Contrabassoon"", ""Saxophone"", ""Sarrusophone"", ""Horn"", ""Trumpet"", ""Trombone"", ""Tuba"", ""Timpani"", ""Harp"", ""Piano"", ""Organ"", ""Soprano"", ""Alto"", ""Tenor"", ""Bass voice"", ""Chorus"", ""Violin"", ""Viola"", ""Cello"", ""Contrabass""]",0,header_vote,-2,True,-2,13,45,13,60,41,"[""Bass clarinet"", ""Bassoon"", ""Contrabassoon"", ""Sarrusophone"", ""Horn"", ""Trombone"", ""Tuba"", ""Timpani"", ""Harp"", ""Piano"", ""Organ"", ""Bass voice"", ""Chorus"", ""Cello"", ""Contrabass""]","[""classical-shared-bass""]",3,Bassoon,"[""Bassoon""]",,Bassoon,3,0,0,17,8,8,3,0,0,4,0,True,1,1,1,3,0,0,5,0,1,17,3,0
Corni in Es,True,treble,reference-derived,0,reference-derived,2,Corni in Es,"[8, 9]",alias->beethoven-sym5-mvt1-984073-p2:works.json:staves,11,2,1,"Henry Litolff's Verlag, Braunschweig, 1870, plate 2769",beethoven-sym5-mvt1-575951-p2,brass,Horn,label,treble,False,detector,"[""Clarinet"", ""Bass clarinet"", ""Saxophone"", ""Horn"", ""Trumpet""]",2,,-2,False,0,7,76,23,79,60,"[""Flute"", ""Oboe"", ""English horn"", ""Clarinet"", ""Bass clarinet"", ""Saxophone"", ""Trumpet"", ""Harp"", ""Piano"", ""Organ"", ""Soprano"", ""Alto"", ""Chorus"", ""Violin"", ""Viola"", ""Cello""]","[""classical-shared-bass""]",4,Horn,"[""Horn""]",,Horn,4,0,4,17,10,6,0,0,1,3,0,True,0,0,0,4,0,0,4,0,1,19,4,0
Trombe in C,True,treble,reference-derived,-3,reference-derived,2,Trombe in C,"[10, 11]",alias->beethoven-sym5-mvt1-984073-p2:works.json:staves,11,2,1,"Henry Litolff's Verlag, Braunschweig, 1870, plate 2769",beethoven-sym5-mvt1-575951-p2,brass,Trumpet,label,treble,False,detector,"[""Clarinet"", ""Bass clarinet"", ""Saxophone"", ""Horn"", ""Trumpet""]",2,,-2,False,0,7,67,10,72,55,"[""English horn"", ""Clarinet"", ""Bass clarinet"", ""Bassoon"", ""Saxophone"", ""Horn"", ""Trumpet"", ""Trombone"", ""Harp"", ""Piano"", ""Organ"", ""Alto"", ""Tenor"", ""Chorus"", ""Violin"", ""Viola"", ""Cello""]","[""classical-shared-bass""]",5,Trumpet,"[""Trumpet""]",,Trumpet,5,0,3,17,4,11,1,0,1,3,0,True,0,1,0,0,0,0,1,0,0,28,5,0
Timpani in C.G.,True,bass,reference-derived,-3,reference-derived,1,Timpani in C.G.,[12],alias->beethoven-sym5-mvt1-984073-p2:works.json:staves,11,2,1,"Henry Litolff's Verlag, Braunschweig, 1870, plate 2769",beethoven-sym5-mvt1-575951-p2,percussion,Timpani,label,bass,False,detector,"[""Clarinet"", ""Bass clarinet"", ""Saxophone"", ""Horn"", ""Trumpet""]",2,,-2,False,0,19,48,8,67,43,"[""Bass clarinet"", ""Bassoon"", ""Sarrusophone"", ""Horn"", ""Trombone"", ""Harp"", ""Piano"", ""Organ"", ""Chorus"", ""Cello"", ""Contrabass""]","[""classical-shared-bass""]",6,Timpani,"[""Timpani""]",,Timpani,6,0,2,17,4,11,2,0,1,3,0,True,0,2,0,0,0,0,2,0,0,15,6,0
Violino I,True,treble,reference-derived,-3,reference-derived,1,Violino I,[13],alias->beethoven-sym5-mvt1-984073-p2:works.json:staves,11,2,1,"Henry Litolff's Verlag, Braunschweig, 1870, plate 2769",beethoven-sym5-mvt1-575951-p2,string,Violin,score_order,treble,False,detector,[],-1,header_vote,-2,True,-3,7,68,31,79,56,"[""English horn"", ""Clarinet"", ""Bass clarinet"", ""Saxophone"", ""Trumpet"", ""Harp"", ""Piano"", ""Organ"", ""Alto"", ""Chorus"", ""Violin"", ""Viola"", ""Cello""]","[""classical-shared-bass""]",7,Violin,"[""Violin""]",,,7,0,3,17,15,0,0,0,2,4,0,True,0,2,0,5,0,0,7,0,5,9,7,0
Violino II,True,treble,reference-derived,-3,reference-derived,1,Violino II,[14],alias->beethoven-sym5-mvt1-984073-p2:works.json:staves,11,2,1,"Henry Litolff's Verlag, Braunschweig, 1870, plate 2769",beethoven-sym5-mvt1-575951-p2,string,Violin,score_order,treble,False,detector,"[""Piccolo"", ""Flute"", ""Oboe"", ""Clarinet"", ""Bass clarinet"", ""Bassoon"", ""Contrabassoon"", ""Saxophone"", ""Sarrusophone"", ""Horn"", ""Trumpet"", ""Trombone"", ""Tuba"", ""Timpani"", ""Harp"", ""Piano"", ""Organ"", ""Soprano"", ""Alto"", ""Tenor"", ""Bass voice"", ""Chorus"", ""Violin"", ""Viola"", ""Cello"", ""Contrabass""]",0,header_vote,-2,True,-2,11,63,37,86,38,"[""Harp"", ""Piano"", ""Organ""]","[""classical-shared-bass""]",8,Violin,"[""Violin""]",,,8,0,3,17,14,0,1,0,2,4,0,True,0,0,0,2,0,0,2,0,0,11,8,0
Viola,True,alto,reference-derived,-3,reference-derived,1,Viola,[15],alias->beethoven-sym5-mvt1-984073-p2:works.json:staves,11,2,1,"Henry Litolff's Verlag, Braunschweig, 1870, plate 2769",beethoven-sym5-mvt1-575951-p2,string,Violin,score_order,treble,False,detector,"[""Piccolo"", ""Flute"", ""Oboe"", ""Clarinet"", ""Bass clarinet"", ""Bassoon"", ""Contrabassoon"", ""Saxophone"", ""Sarrusophone"", ""Horn"", ""Trumpet"", ""Trombone"", ""Tuba"", ""Timpani"", ""Harp"", ""Piano"", ""Organ"", ""Soprano"", ""Alto"", ""Tenor"", ""Bass voice"", ""Chorus"", ""Violin"", ""Viola"", ""Cello"", ""Contrabass""]",0,,-2,True,-2,2,67,30,77,63,"[""Flute"", ""Oboe"", ""English horn"", ""Clarinet"", ""Bass clarinet"", ""Saxophone"", ""Horn"", ""Trumpet"", ""Harp"", ""Piano"", ""Organ"", ""Soprano"", ""Alto"", ""Chorus"", ""Violin"", ""Viola"", ""Cello""]","[""classical-shared-bass""]",9,Viola,"[""Viola""]",,,9,0,1,17,13,2,2,0,2,4,0,True,1,2,1,6,0,0,9,0,5,5,9,0
Violoncello e Basso,True,bass,reference-derived,-3,reference-derived,2,Violoncello e Basso,"[16, 17]",alias->beethoven-sym5-mvt1-984073-p2:works.json:staves,11,2,1,"Henry Litolff's Verlag, Braunschweig, 1870, plate 2769",beethoven-sym5-mvt1-575951-p2,string,Cello,score_order,bass,False,detector,"[""Clarinet"", ""Bass clarinet"", ""Saxophone"", ""Horn"", ""Trumpet""]",2,header_vote,-2,False,0,10,45,25,60,41,"[""Bass clarinet"", ""Bassoon"", ""Contrabassoon"", ""Sarrusophone"", ""Horn"", ""Trombone"", ""Tuba"", ""Timpani"", ""Harp"", ""Piano"", ""Organ"", ""Bass voice"", ""Chorus"", ""Cello"", ""Contrabass""]","[""classical-shared-bass""]",10,Cello,"[""Cello""]",,,10,0,2,17,12,3,3,0,2,4,0,True,0,0,0,0,0,0,7,0,2,0,10,0
Flauti,True,treble,reference-derived,-3,reference-derived,2,Flauti,"[0, 1]",alias->beethoven-sym5-mvt1-984073-p2:works.json:staves,11,2,1,"Henry Litolff's Verlag, Braunschweig, 1870, plate 2769",beethoven-sym5-mvt1-575951-p2,woodwind,Flute,label,treble,False,detector,"[""Piccolo"", ""Flute"", ""Oboe"", ""Clarinet"", ""Bass clarinet"", ""Bassoon"", ""Contrabassoon"", ""Saxophone"", ""Sarrusophone"", ""Horn"", ""Trumpet"", ""Trombone"", ""Tuba"", ""Timpani"", ""Harp"", ""Piano"", ""Organ"", ""Soprano"", ""Alto"", ""Tenor"", ""Bass voice"", ""Chorus"", ""Violin"", ""Viola"", ""Cello"", ""Contrabass""]",0,header_vote,-2,True,-2,32,86,11,93,51,"[""Harp"", ""Piano"", ""Organ""]","[""classical-shared-bass""]",0,Flute,"[""Flute""]",True,Flute,0,0,2,15,9,1,0,1,0,4,0,True,0,0,0,3,0,4,7,0,7,9,0,1
Oboi,True,treble,reference-derived,-3,reference-derived,2,Oboi,"[2, 3]",alias->beethoven-sym5-mvt1-984073-p2:works.json:staves,11,2,1,"Henry Litolff's Verlag, Braunschweig, 1870, plate 2769",beethoven-sym5-mvt1-575951-p2,woodwind,Oboe,label,treble,False,detector,"[""English horn"", ""Clarinet"", ""Bass clarinet"", ""Saxophone"", ""Horn"", ""Trumpet""]",1,header_vote,-2,True,-1,2,77,23,82,76,"[""Piccolo"", ""Flute"", ""Oboe"", ""English horn"", ""Clarinet"", ""Saxophone"", ""Trumpet"", ""Harp"", ""Piano"", ""Organ"", ""Soprano"", ""Chorus"", ""Violin"", ""Viola""]","[""classical-shared-bass""]",1,Oboe,"[""Oboe""]",True,Oboe,1,0,9,15,13,2,1,0,0,4,0,True,0,0,0,13,0,0,13,0,6,18,1,1
Clarinetti in B,True,treble,reference-derived,-1,reference-derived,2,Clarinetti in B,"[4, 5]",alias->beethoven-sym5-mvt1-984073-p2:works.json:staves,11,2,1,"Henry Litolff's Verlag, Braunschweig, 1870, plate 2769",beethoven-sym5-mvt1-575951-p2,woodwind,Clarinet,label,treble,False,detector,"[""English horn"", ""Clarinet"", ""Bass clarinet"", ""Saxophone"", ""Horn"", ""Trumpet""]",1,header_vote,-2,True,-1,2,69,22,72,62,"[""Flute"", ""Oboe"", ""English horn"", ""Clarinet"", ""Bass clarinet"", ""Bassoon"", ""Saxophone"", ""Horn"", ""Trumpet"", ""Trombone"", ""Harp"", ""Piano"", ""Organ"", ""Soprano"", ""Alto"", ""Tenor"", ""Chorus"", ""Violin"", ""Viola"", ""Cello""]","[""classical-shared-bass""]",2,Clarinet,"[""Clarinet""]",True,Clarinet,2,0,10,15,10,4,2,0,0,4,0,True,0,0,0,13,0,0,13,0,6,13,2,1
Fagotti,True,bass,reference-derived,-3,reference-derived,2,Fagotti,"[6, 7]",alias->beethoven-sym5-mvt1-984073-p2:works.json:staves,11,2,1,"Henry Litolff's Verlag, Braunschweig, 1870, plate 2769",beethoven-sym5-mvt1-575951-p2,woodwind,Bassoon,label,bass,False,detector,[],-1,header_vote,-2,True,-3,3,51,24,60,47,"[""Bass clarinet"", ""Bassoon"", ""Contrabassoon"", ""Sarrusophone"", ""Horn"", ""Trombone"", ""Tuba"", ""Timpani"", ""Harp"", ""Piano"", ""Organ"", ""Bass voice"", ""Chorus"", ""Cello"", ""Contrabass""]","[""classical-shared-bass""]",3,Bassoon,"[""Bassoon""]",True,Bassoon,3,0,11,15,13,1,3,0,0,4,0,True,0,0,0,11,0,0,11,0,11,24,3,1
Corni in Es,True,treble,reference-derived,0,reference-derived,2,Corni in Es,"[8, 9]",alias->beethoven-sym5-mvt1-984073-p2:works.json:staves,11,2,1,"Henry Litolff's Verlag, Braunschweig, 1870, plate 2769",beethoven-sym5-mvt1-575951-p2,brass,Horn,label,treble,False,detector,"[""Clarinet"", ""Bass clarinet"", ""Saxophone"", ""Horn"", ""Trumpet""]",2,,-2,False,0,2,76,17,79,72,"[""Flute"", ""Oboe"", ""English horn"", ""Clarinet"", ""Bass clarinet"", ""Saxophone"", ""Trumpet"", ""Harp"", ""Piano"", ""Organ"", ""Soprano"", ""Alto"", ""Chorus"", ""Violin"", ""Viola"", ""Cello""]","[""classical-shared-bass""]",4,Horn,"[""Horn""]",True,Horn,4,0,7,15,8,6,0,0,1,3,2,True,1,0,1,3,0,0,4,0,7,27,4,1
Trombe in C,True,treble,reference-derived,-3,reference-derived,2,Trombe in C,"[10, 11]",alias->beethoven-sym5-mvt1-984073-p2:works.json:staves,11,2,1,"Henry Litolff's Verlag, Braunschweig, 1870, plate 2769",beethoven-sym5-mvt1-575951-p2,brass,Trumpet,label,treble,False,detector,"[""Clarinet"", ""Bass clarinet"", ""Saxophone"", ""Horn"", ""Trumpet""]",2,,-2,False,0,5,67,8,72,59,"[""Flute"", ""Oboe"", ""English horn"", ""Clarinet"", ""Bass clarinet"", ""Bassoon"", ""Saxophone"", ""Horn"", ""Trumpet"", ""Trombone"", ""Harp"", ""Piano"", ""Organ"", ""Alto"", ""Tenor"", ""Chorus"", ""Violin"", ""Viola"", ""Cello""]","[""classical-shared-bass""]",5,Trumpet,"[""Trumpet""]",True,Trumpet,5,0,2,15,4,6,1,0,1,3,3,True,0,0,0,0,0,0,0,0,0,22,5,1
Timpani in C.G.,True,bass,reference-derived,-3,reference-derived,1,Timpani in C.G.,[12],alias->beethoven-sym5-mvt1-984073-p2:works.json:staves,11,2,1,"Henry Litolff's Verlag, Braunschweig, 1870, plate 2769",beethoven-sym5-mvt1-575951-p2,percussion,Timpani,label,bass,False,detector,"[""English horn"", ""Clarinet"", ""Bass clarinet"", ""Saxophone"", ""Horn"", ""Trumpet""]",1,,-2,True,-1,12,48,10,60,31,"[""Contrabassoon"", ""Sarrusophone"", ""Tuba"", ""Harp"", ""Piano"", ""Organ"", ""Contrabass""]","[""classical-shared-bass""]",6,Timpani,"[""Timpani""]",True,Timpani,6,0,1,15,4,10,2,0,1,3,1,True,0,2,0,2,0,0,4,0,0,12,6,1
Violino I,True,treble,reference-derived,-3,reference-derived,1,Violino I,[13],alias->beethoven-sym5-mvt1-984073-p2:works.json:staves,11,2,1,"Henry Litolff's Verlag, Braunschweig, 1870, plate 2769",beethoven-sym5-mvt1-575951-p2,string,Violin,score_order,treble,False,detector,[],-1,header_vote,-2,True,-3,4,77,50,87,57,"[""Clarinet"", ""Saxophone"", ""Harp"", ""Piano"", ""Organ"", ""Violin"", ""Viola""]","[""classical-shared-bass""]",7,Violin,"[""Violin""]",True,,7,0,2,15,15,0,0,0,2,4,0,True,0,0,0,12,0,0,12,0,6,4,7,1
Violino II,True,treble,reference-derived,-3,reference-derived,1,Violino II,[14],alias->beethoven-sym5-mvt1-984073-p2:works.json:staves,11,2,1,"Henry Litolff's Verlag, Braunschweig, 1870, plate 2769",beethoven-sym5-mvt1-575951-p2,string,Violin,score_order,treble,False,detector,"[""Piccolo"", ""Flute"", ""Oboe"", ""Clarinet"", ""Bass clarinet"", ""Bassoon"", ""Contrabassoon"", ""Saxophone"", ""Sarrusophone"", ""Horn"", ""Trumpet"", ""Trombone"", ""Tuba"", ""Timpani"", ""Harp"", ""Piano"", ""Organ"", ""Soprano"", ""Alto"", ""Tenor"", ""Bass voice"", ""Chorus"", ""Violin"", ""Viola"", ""Cello"", ""Contrabass""]",0,header_vote,-2,True,-2,3,67,51,77,55,"[""English horn"", ""Clarinet"", ""Bass clarinet"", ""Saxophone"", ""Horn"", ""Trumpet"", ""Harp"", ""Piano"", ""Organ"", ""Alto"", ""Chorus"", ""Violin"", ""Viola"", ""Cello""]","[""classical-shared-bass""]",8,Violin,"[""Violin""]",True,,8,0,6,15,15,0,1,0,2,4,0,True,0,1,0,12,0,0,13,0,3,5,8,1
Viola,True,alto,reference-derived,-3,reference-derived,1,Viola,[15],alias->beethoven-sym5-mvt1-984073-p2:works.json:staves,11,2,1,"Henry Litolff's Verlag, Braunschweig, 1870, plate 2769",beethoven-sym5-mvt1-575951-p2,string,Violin,score_order,alto,False,detector,[],-1,,-2,True,-3,2,70,55,79,57,"[""English horn"", ""Clarinet"", ""Bass clarinet"", ""Saxophone"", ""Trumpet"", ""Harp"", ""Piano"", ""Organ"", ""Alto"", ""Chorus"", ""Violin"", ""Viola"", ""Cello""]","[""classical-shared-bass""]",9,Viola,"[""Viola""]",True,,9,0,6,15,15,0,2,0,2,4,0,True,0,1,0,12,0,0,13,0,4,11,9,1
Violoncello e Basso,True,bass,reference-derived,-3,reference-derived,2,Violoncello e Basso,"[16, 17]",alias->beethoven-sym5-mvt1-984073-p2:works.json:staves,11,2,1,"Henry Litolff's Verlag, Braunschweig, 1870, plate 2769",beethoven-sym5-mvt1-575951-p2,string,Cello,score_order,bass,False,detector,"[""Clarinet"", ""Bass clarinet"", ""Saxophone"", ""Horn"", ""Trumpet""]",2,header_vote,-2,False,0,5,48,22,52,43,"[""Bass clarinet"", ""Bassoon"", ""Contrabassoon"", ""Sarrusophone"", ""Horn"", ""Trombone"", ""Tuba"", ""Timpani"", ""Harp"", ""Piano"", ""Organ"", ""Bass voice"", ""Chorus"", ""Cello"", ""Contrabass""]","[""classical-shared-bass""]",10,Cello,"[""Cello""]",True,,10,0,1,15,14,1,3,0,2,4,0,True,1,1,1,0,0,0,15,0,3,10,10,1
Flauti,True,treble,reference-derived,1,reference-derived,1,Flauti,[0],works.json:staves,15,1,4,"N. Simrock, Berlin, 1894, plate 10139",dvorak-sym9-mvt1-405834-p5,woodwind,Flute,label,treble,True,,[],,,,False,1,3,79,17,86,74,"[""Piccolo"", ""Flute"", ""Oboe"", ""English horn"", ""Clarinet"", ""Saxophone"", ""Harp"", ""Piano"", ""Organ"", ""Violin"", ""Viola""]",[],0,Flute,"[""Flute"", ""Piccolo"", ""Soprano"", ""Violin""]",,Flute,0,0,0,8,4,4,0,0,0,4,0,True,0,0,0,6,0,0,6,0,3,13,0,0
Oboi,True,treble,reference-derived,1,reference-derived,1,Oboi,[1],works.json:staves,15,1,4,"N. Simrock, Berlin, 1894, plate 10139",dvorak-sym9-mvt1-405834-p5,woodwind,Oboe,label,treble,True,,[],,,,False,1,2,72,21,79,66,"[""Flute"", ""Oboe"", ""English horn"", ""Clarinet"", ""Bass clarinet"", ""Saxophone"", ""Trumpet"", ""Harp"", ""Piano"", ""Organ"", ""Soprano"", ""Alto"", ""Chorus"", ""Violin"", ""Viola"", ""Cello""]",[],1,Flute,"[""Flute"", ""Piccolo"", ""Soprano"", ""Violin""]",,Oboe,1,0,3,8,3,5,1,0,0,4,0,True,0,0,0,5,0,0,5,0,3,16,1,0
Clarinetti in A,True,treble,reference-derived,-2,reference-derived,1,Clarinetti in A,[2],works.json:staves,15,1,4,"N. Simrock, Berlin, 1894, plate 10139",dvorak-sym9-mvt1-405834-p5,woodwind,Clarinet,label,treble,True,,[],,,,False,-2,0,55,2,55,55,"[""English horn"", ""Clarinet"", ""Bass clarinet"", ""Bassoon"", ""Contrabassoon"", ""Saxophone"", ""Sarrusophone"", ""Horn"", ""Trumpet"", ""Trombone"", ""Tuba"", ""Timpani"", ""Harp"", ""Piano"", ""Organ"", ""Alto"", ""Tenor"", ""Bass voice"", ""Chorus"", ""Violin"", ""Viola"", ""Cello"", ""Contrabass""]",[],2,Oboe,"[""Flute"", ""Oboe"", ""Soprano"", ""Violin""]",,Clarinet,2,1,0,8,2,6,2,0,0,4,0,True,0,0,0,0,0,0,0,0,3,17,2,0
Fagotti,True,bass,reference-derived,1,reference-derived,1,Fagotti,[3],works.json:staves,15,1,4,"N. Simrock, Berlin, 1894, plate 10139",dvorak-sym9-mvt1-405834-p5,woodwind,Bassoon,label,bass,True,,[],,,,False,1,6,55,12,64,45,"[""Bass clarinet"", ""Bassoon"", ""Sarrusophone"", ""Horn"", ""Trombone"", ""Tuba"", ""Harp"", ""Piano"", ""Organ"", ""Bass voice"", ""Chorus"", ""Cello"", ""Contrabass""]",[],3,Clarinet,"[""Clarinet"", ""English horn"", ""Oboe"", ""Soprano"", ""Violin""]",,Bassoon,3,2,3,8,4,4,3,0,0,4,0,True,0,3,0,2,0,0,5,0,1,19,3,0
Corni I.II. in E,True,treble,reference-derived,0,reference-derived,1,Corni I.II. in E,[4],works.json:staves,15,1,4,"N. Simrock, Berlin, 1894, plate 10139",dvorak-sym9-mvt1-405834-p5,brass,Horn,label,treble,True,,[],,,,False,0,0,62,1,62,62,"[""Flute"", ""Oboe"", ""English horn"", ""Clarinet"", ""Bass clarinet"", ""Bassoon"", ""Saxophone"", ""Sarrusophone"", ""Horn"", ""Trumpet"", ""Trombone"", ""Tuba"", ""Harp"", ""Piano"", ""Organ"", ""Soprano"", ""Alto"", ""Tenor"", ""Bass voice"", ""Chorus"", ""Violin"", ""Viola"", ""Cello"", ""Contrabass""]",[],4,Clarinet,"[""Alto"", ""Bass clarinet"", ""Bassoon"", ""Cello"", ""Clarinet"", ""Violin""]",,Horn,4,0,0,8,1,7,0,0,1,6,0,True,0,0,0,0,0,0,0,0,0,18,4,0
Corni III.IV. in C,True,treble,reference-derived,0,reference-derived,1,Corni III.IV. in C,[5],works.json:staves,15,1,4,"N. Simrock, Berlin, 1894, plate 10139",dvorak-sym9-mvt1-405834-p5,brass,Horn,label,treble,True,,[],,,,False,0,0,76,3,76,76,"[""Piccolo"", ""Flute"", ""Oboe"", ""English horn"", ""Clarinet"", ""Bass clarinet"", ""Saxophone"", ""Horn"", ""Trumpet"", ""Harp"", ""Piano"", ""Organ"", ""Soprano"", ""Alto"", ""Chorus"", ""Violin"", ""Viola"", ""Cello""]",[],5,Bassoon,"[""Alto"", ""Bass clarinet"", ""Bassoon"", ""Cello"", ""Horn"", ""Violin""]",,Horn,5,1,0,8,2,6,1,0,1,6,0,True,0,0,0,4,0,0,4,0,2,11,5,0
Trombe in E,True,treble,reference-derived,0,reference-derived,1,Trombe in E,[6],works.json:staves,15,1,4,"N. Simrock, Berlin, 1894, plate 10139",dvorak-sym9-mvt1-405834-p5,brass,Trumpet,label,treble,True,,[],,,,False,0,,,0,,,[],[],6,Horn,"[""Alto"", ""Bassoon"", ""Cello"", ""Horn"", ""Trumpet"", ""Violin""]",,Trumpet,6,0,0,8,0,8,2,0,1,6,0,True,0,0,0,0,0,0,0,0,0,10,6,0
Tromboni I.II.,True,alto,reference-derived,1,reference-derived,1,Tromboni I.II.,[7],works.json:staves,15,1,4,"N. Simrock, Berlin, 1894, plate 10139",dvorak-sym9-mvt1-405834-p5,brass,Trombone,label,alto,True,,[],,,,False,1,,,0,,,[],[],7,Trumpet,"[""Alto"", ""Cello"", ""Saxophone"", ""Trombone"", ""Trumpet"", ""Violin""]",,Trombone,7,0,0,8,0,8,3,1,1,6,0,True,0,0,0,0,0,0,0,0,0,18,7,0
Trombone basso,True,bass,reference-derived,1,reference-derived,1,Trombone basso,[8],works.json:staves,15,1,4,"N. Simrock, Berlin, 1894, plate 10139",dvorak-sym9-mvt1-405834-p5,brass,Trombone,label,bass,True,,[],,,,False,1,,,0,,,[],[],8,Timpani,"[""Piano"", ""Saxophone"", ""Tenor"", ""Timpani"", ""Trombone"", ""Trumpet"", ""Tuba"", ""Viola""]",,Trombone,8,0,0,8,0,8,4,0,1,6,0,True,0,0,0,0,0,0,0,0,0,12,8,0
Tympani A.E.H.,True,bass,reference-derived,0,reference-derived,1,Tympani A.E.H.,[9],works.json:staves,15,1,4,"N. Simrock, Berlin, 1894, plate 10139",dvorak-sym9-mvt1-405834-p5,percussion,Timpani,label,bass,True,,[],,,,False,0,3,52,3,55,50,"[""Clarinet"", ""Bass clarinet"", ""Bassoon"", ""Contrabassoon"", ""Saxophone"", ""Sarrusophone"", ""Horn"", ""Trombone"", ""Tuba"", ""Timpani"", ""Harp"", ""Piano"", ""Organ"", ""Tenor"", ""Bass voice"", ""Chorus"", ""Viola"", ""Cello"", ""Contrabass""]",[],9,Timpani,"[""Horn"", ""Percussion"", ""Piano"", ""Tenor"", ""Timpani"", ""Viola"", ""Violin""]",,Timpani,9,0,1,8,1,6,5,0,1,6,0,True,0,0,0,0,0,0,0,0,0,23,9,0
Violino I,True,treble,reference-derived,1,reference-derived,1,Violino I,[10],works.json:staves,15,1,4,"N. Simrock, Berlin, 1894, plate 10139",dvorak-sym9-mvt1-405834-p5,string,Violin,label,treble,True,,[],,,,False,-1,,,0,,,[],[],10,Violin,"[""Harp"", ""Percussion"", ""Piano"", ""Tenor"", ""Trumpet"", ""Viola"", ""Violin""]",,Violin,10,0,0,8,0,8,0,0,2,5,0,True,0,0,0,0,0,0,0,0,0,19,10,0
Violino II,True,treble,reference-derived,1,reference-derived,1,Violino II,[11],works.json:staves,15,1,4,"N. Simrock, Berlin, 1894, plate 10139",dvorak-sym9-mvt1-405834-p5,string,Violin,label,treble,True,,[],,,,False,1,,,0,,,[],[],11,Violin,"[""Harp"", ""Piano"", ""Tenor"", ""Trombone"", ""Viola"", ""Violin""]",,Violin,11,0,0,8,0,8,1,0,2,5,0,True,0,0,0,0,0,0,0,0,0,14,11,0
Viola,True,alto,reference-derived,1,reference-derived,1,Viola,[12],works.json:staves,15,1,4,"N. Simrock, Berlin, 1894, plate 10139",dvorak-sym9-mvt1-405834-p5,string,Viola,label,alto,True,,[],,,,False,1,4,54,19,62,48,"[""Bass clarinet"", ""Bassoon"", ""Sarrusophone"", ""Horn"", ""Trombone"", ""Tuba"", ""Harp"", ""Piano"", ""Organ"", ""Tenor"", ""Bass voice"", ""Chorus"", ""Viola"", ""Cello"", ""Contrabass""]",[],12,Violin,"[""Bass voice"", ""Cello"", ""Piano"", ""Tuba"", ""Viola"", ""Violin""]",,Viola,12,1,3,8,5,3,2,0,2,5,0,True,0,0,0,2,0,0,2,0,3,13,12,0
Violoncello,True,bass,reference-derived,1,reference-derived,1,Violoncello,[13],works.json:staves,15,1,4,"N. Simrock, Berlin, 1894, plate 10139",dvorak-sym9-mvt1-405834-p5,string,Cello,label,bass,True,,[],,,,False,1,3,52,19,57,45,"[""Bass clarinet"", ""Bassoon"", ""Contrabassoon"", ""Sarrusophone"", ""Horn"", ""Trombone"", ""Tuba"", ""Timpani"", ""Harp"", ""Piano"", ""Organ"", ""Bass voice"", ""Chorus"", ""Cello"", ""Contrabass""]",[],13,Viola,"[""Bass voice"", ""Cello"", ""Piano"", ""Timpani"", ""Viola""]",,Cello,13,0,0,8,5,3,3,0,2,5,0,True,0,0,0,2,0,0,2,0,4,16,13,0
Contrabasso,True,bass,reference-derived,1,reference-derived,1,Contrabasso,[14],works.json:staves,15,1,4,"N. Simrock, Berlin, 1894, plate 10139",dvorak-sym9-mvt1-405834-p5,string,Contrabass,label,bass,True,,[],,,,False,1,2,57,12,64,50,"[""Clarinet"", ""Bass clarinet"", ""Bassoon"", ""Saxophone"", ""Sarrusophone"", ""Horn"", ""Trombone"", ""Tuba"", ""Harp"", ""Piano"", ""Organ"", ""Tenor"", ""Bass voice"", ""Chorus"", ""Viola"", ""Cello"", ""Contrabass""]",[],14,Cello,"[""Bass voice"", ""Cello"", ""Contrabass"", ""Percussion"", ""Piano""]",,Contrabass,14,0,1,8,5,3,4,0,2,5,0,True,0,0,0,0,0,0,2,0,2,13,14,0
Flauti,True,treble,reference-derived,1,reference-derived,1,Flauti,[0],works.json:staves,15,1,5,"N. Simrock, Berlin, 1894, plate 10139",dvorak-sym9-mvt1-405834-p6,,,,treble,False,detector,"[""Piccolo"", ""Flute"", ""Oboe"", ""Clarinet"", ""Bass clarinet"", ""Bassoon"", ""Contrabassoon"", ""Saxophone"", ""Sarrusophone"", ""Horn"", ""Trumpet"", ""Trombone"", ""Tuba"", ""Timpani"", ""Harp"", ""Piano"", ""Organ"", ""Soprano"", ""Alto"", ""Tenor"", ""Bass voice"", ""Chorus"", ""Violin"", ""Viola"", ""Cello"", ""Contrabass""]",0,header_vote,1,True,1,4,76,40,87,61,"[""Flute"", ""Oboe"", ""Clarinet"", ""Saxophone"", ""Harp"", ""Piano"", ""Organ"", ""Violin"", ""Viola""]",[],0,Flute,"[""Flute"", ""Piccolo"", ""Soprano"", ""Violin""]",,,0,0,4,7,5,1,0,0,0,4,0,True,0,0,0,3,0,0,3,0,1,13,0,0
Oboi,True,treble,reference-derived,1,reference-derived,1,Oboi,[1],works.json:staves,15,1,5,"N. Simrock, Berlin, 1894, plate 10139",dvorak-sym9-mvt1-405834-p6,,,,treble,False,detector,"[""Piccolo"", ""Flute"", ""Oboe"", ""Clarinet"", ""Bass clarinet"", ""Bassoon"", ""Contrabassoon"", ""Saxophone"", ""Sarrusophone"", ""Horn"", ""Trumpet"", ""Trombone"", ""Tuba"", ""Timpani"", ""Harp"", ""Piano"", ""Organ"", ""Soprano"", ""Alto"", ""Tenor"", ""Bass voice"", ""Chorus"", ""Violin"", ""Viola"", ""Cello"", ""Contrabass""]",0,header_vote,1,True,1,4,74,31,81,61,"[""Flute"", ""Oboe"", ""English horn"", ""Clarinet"", ""Saxophone"", ""Trumpet"", ""Harp"", ""Piano"", ""Organ"", ""Soprano"", ""Chorus"", ""Violin"", ""Viola"", ""Cello""]",[],1,Flute,"[""Flute"", ""Piccolo"", ""Soprano"", ""Violin""]",,,1,0,4,7,5,1,1,0,0,4,0,True,0,0,0,2,0,0,2,0,0,12,1,0
Clarinetti in A,True,treble,reference-derived,-2,reference-derived,1,Clarinetti in A,[2],works.json:staves,15,1,5,"N. Simrock, Berlin, 1894, plate 10139",dvorak-sym9-mvt1-405834-p6,,,,treble,False,detector,"[""Clarinet"", ""Bass clarinet"", ""Saxophone"", ""Horn"", ""Trumpet""]",-3,header_vote,1,True,-2,6,78,11,81,69,"[""Flute"", ""Oboe"", ""English horn"", ""Clarinet"", ""Saxophone"", ""Trumpet"", ""Harp"", ""Piano"", ""Organ"", ""Soprano"", ""Chorus"", ""Violin"", ""Viola"", ""Cello""]",[],2,Oboe,"[""Flute"", ""Oboe"", ""Soprano"", ""Violin""]",,,2,0,2,7,3,3,2,0,0,4,0,True,0,0,0,2,0,0,2,0,0,9,2,0
Fagotti,True,bass,reference-derived,1,reference-derived,1,Fagotti,[3],works.json:staves,15,1,5,"N. Simrock, Berlin, 1894, plate 10139",dvorak-sym9-mvt1-405834-p6,woodwind,Bassoon,score_order,bass,False,detector,"[""Piccolo"", ""Flute"", ""Oboe"", ""Clarinet"", ""Bass clarinet"", ""Bassoon"", ""Contrabassoon"", ""Saxophone"", ""Sarrusophone"", ""Horn"", ""Trumpet"", ""Trombone"", ""Tuba"", ""Timpani"", ""Harp"", ""Piano"", ""Organ"", ""Soprano"", ""Alto"", ""Tenor"", ""Bass voice"", ""Chorus"", ""Violin"", ""Viola"", ""Cello"", ""Contrabass""]",0,header_vote,1,True,1,7,55,4,62,50,"[""Clarinet"", ""Bass clarinet"", ""Bassoon"", ""Saxophone"", ""Sarrusophone"", ""Horn"", ""Trombone"", ""Tuba"", ""Harp"", ""Piano"", ""Organ"", ""Tenor"", ""Bass voice"", ""Chorus"", ""Viola"", ""Cello"", ""Contrabass""]",[],3,Clarinet,"[""Clarinet"", ""English horn"", ""Oboe"", ""Soprano"", ""Violin""]",,,3,0,1,7,2,4,3,0,0,4,0,True,0,0,0,2,0,0,2,0,0,10,3,0
Corni I.II. in E,True,treble,reference-derived,0,reference-derived,1,Corni I.II. in E,[4],works.json:staves,15,1,5,"N. Simrock, Berlin, 1894, plate 10139",dvorak-sym9-mvt1-405834-p6,brass,Horn,score_order,treble,False,detector,[],-1,,1,False,0,3,77,15,77,74,"[""Piccolo"", ""Flute"", ""Oboe"", ""English horn"", ""Clarinet"", ""Bass clarinet"", ""Saxophone"", ""Horn"", ""Trumpet"", ""Harp"", ""Piano"", ""Organ"", ""Soprano"", ""Alto"", ""Chorus"", ""Violin"", ""Viola"", ""Cello""]",[],4,Clarinet,"[""Alto"", ""Bass clarinet"", ""Bassoon"", ""Cello"", ""Clarinet"", ""Violin""]",,,4,0,3,7,3,4,0,0,1,6,0,True,0,0,0,2,0,0,2,0,0,9,4,0
Corni III.IV. in C,True,treble,reference-derived,0,reference-derived,1,Corni III.IV. in C,[5],works.json:staves,15,1,5,"N. Simrock, Berlin, 1894, plate 10139",dvorak-sym9-mvt1-405834-p6,brass,Horn,score_order,treble,False,detector,[],-1,,1,False,0,0,66,7,66,66,"[""Flute"", ""Oboe"", ""English horn"", ""Clarinet"", ""Bass clarinet"", ""Bassoon"", ""Saxophone"", ""Sarrusophone"", ""Horn"", ""Trumpet"", ""Trombone"", ""Harp"", ""Piano"", ""Organ"", ""Soprano"", ""Alto"", ""Tenor"", ""Chorus"", ""Violin"", ""Viola"", ""Cello"", ""Contrabass""]",[],5,Bassoon,"[""Alto"", ""Bass clarinet"", ""Bassoon"", ""Cello"", ""Horn"", ""Violin""]",,,5,0,0,7,3,3,1,0,1,6,0,True,0,0,0,0,0,0,0,0,0,19,5,0
Trombe in E,True,treble,reference-derived,0,reference-derived,1,Trombe in E,[6],works.json:staves,15,1,5,"N. Simrock, Berlin, 1894, plate 10139",dvorak-sym9-mvt1-405834-p6,,,,treble,False,detector,[],-1,,1,False,0,,,0,,,[],[],6,Horn,"[""Alto"", ""Bassoon"", ""Cello"", ""Horn"", ""Trumpet"", ""Violin""]",,,6,0,0,7,0,5,2,0,1,6,0,True,0,2,0,0,0,0,2,0,0,16,6,0
Tromboni I.II.,True,alto,reference-derived,1,reference-derived,1,Tromboni I.II.,[7],works.json:staves,15,1,5,"N. Simrock, Berlin, 1894, plate 10139",dvorak-sym9-mvt1-405834-p6,,,,alto,False,detector,"[""Piccolo"", ""Flute"", ""Oboe"", ""Clarinet"", ""Bass clarinet"", ""Bassoon"", ""Contrabassoon"", ""Saxophone"", ""Sarrusophone"", ""Horn"", ""Trumpet"", ""Trombone"", ""Tuba"", ""Timpani"", ""Harp"", ""Piano"", ""Organ"", ""Soprano"", ""Alto"", ""Tenor"", ""Bass voice"", ""Chorus"", ""Violin"", ""Viola"", ""Cello"", ""Contrabass""]",0,header_vote,1,True,1,,,0,,,[],[],7,Trumpet,"[""Alto"", ""Cello"", ""Saxophone"", ""Trombone"", ""Trumpet"", ""Violin""]",,,7,0,0,7,0,5,3,0,1,6,0,True,0,0,0,0,0,0,0,0,0,6,7,0
Trombone basso,True,bass,reference-derived,1,reference-derived,1,Trombone basso,[8],works.json:staves,15,1,5,"N. Simrock, Berlin, 1894, plate 10139",dvorak-sym9-mvt1-405834-p6,,,,bass,False,detector,"[""Piccolo"", ""Flute"", ""Oboe"", ""Clarinet"", ""Bass clarinet"", ""Bassoon"", ""Contrabassoon"", ""Saxophone"", ""Sarrusophone"", ""Horn"", ""Trumpet"", ""Trombone"", ""Tuba"", ""Timpani"", ""Harp"", ""Piano"", ""Organ"", ""Soprano"", ""Alto"", ""Tenor"", ""Bass voice"", ""Chorus"", ""Violin"", ""Viola"", ""Cello"", ""Contrabass""]",0,header_vote,1,True,1,,,0,,,[],[],8,Timpani,"[""Piano"", ""Saxophone"", ""Tenor"", ""Timpani"", ""Trombone"", ""Trumpet"", ""Tuba"", ""Viola""]",,,8,0,0,7,0,4,4,0,1,6,0,True,0,0,0,0,0,0,0,0,1,10,8,0
Tympani A.E.H.,True,bass,reference-derived,0,reference-derived,1,Tympani A.E.H.,[9],works.json:staves,15,1,5,"N. Simrock, Berlin, 1894, plate 10139",dvorak-sym9-mvt1-405834-p6,percussion,Timpani,score_order,bass,False,detector,[],-1,,1,False,0,0,45,6,45,45,"[""Bass clarinet"", ""Bassoon"", ""Contrabassoon"", ""Sarrusophone"", ""Horn"", ""Trombone"", ""Tuba"", ""Timpani"", ""Harp"", ""Piano"", ""Organ"", ""Bass voice"", ""Chorus"", ""Cello"", ""Contrabass""]",[],9,Timpani,"[""Horn"", ""Percussion"", ""Piano"", ""Tenor"", ""Timpani"", ""Viola"", ""Violin""]",,,9,0,0,7,3,4,5,0,1,6,0,True,0,0,0,7,0,0,7,0,0,13,9,0
Violino I,True,treble,reference-derived,1,reference-derived,1,Violino I,[10],works.json:staves,15,1,5,"N. Simrock, Berlin, 1894, plate 10139",dvorak-sym9-mvt1-405834-p6,string,Violin,score_order,treble,False,detector,"[""Piccolo"", ""Flute"", ""Oboe"", ""Clarinet"", ""Bass clarinet"", ""Bassoon"", ""Contrabassoon"", ""Saxophone"", ""Sarrusophone"", ""Horn"", ""Trumpet"", ""Trombone"", ""Tuba"", ""Timpani"", ""Harp"", ""Piano"", ""Organ"", ""Soprano"", ""Alto"", ""Tenor"", ""Bass voice"", ""Chorus"", ""Violin"", ""Viola"", ""Cello"", ""Contrabass""]",0,header_vote,1,True,1,5,63,21,79,57,"[""English horn"", ""Clarinet"", ""Bass clarinet"", ""Saxophone"", ""Trumpet"", ""Harp"", ""Piano"", ""Organ"", ""Alto"", ""Chorus"", ""Violin"", ""Viola"", ""Cello""]",[],10,Violin,"[""Harp"", ""Percussion"", ""Piano"", ""Tenor"", ""Trumpet"", ""Viola"", ""Violin""]",,,10,0,2,7,6,1,0,0,2,5,0,True,0,0,0,2,0,0,2,0,0,9,10,0
Violino II,True,treble,reference-derived,1,reference-derived,1,Violino II,[11],works.json:staves,15,1,5,"N. Simrock, Berlin, 1894, plate 10139",dvorak-sym9-mvt1-405834-p6,string,Violin,score_order,treble,False,detector,"[""Piccolo"", ""Flute"", ""Oboe"", ""Clarinet"", ""Bass clarinet"", ""Bassoon"", ""Contrabassoon"", ""Saxophone"", ""Sarrusophone"", ""Horn"", ""Trumpet"", ""Trombone"", ""Tuba"", ""Timpani"", ""Harp"", ""Piano"", ""Organ"", ""Soprano"", ""Alto"", ""Tenor"", ""Bass voice"", ""Chorus"", ""Violin"", ""Viola"", ""Cello"", ""Contrabass""]",0,header_vote,1,True,1,20,63,23,96,57,"[""Harp"", ""Piano"", ""Organ"", ""Violin""]",[],11,Violin,"[""Harp"", ""Piano"", ""Tenor"", ""Trombone"", ""Viola"", ""Violin""]",,,11,0,2,7,5,2,1,0,2,5,0,True,0,0,0,2,0,0,2,0,0,11,11,0
Viola,True,alto,reference-derived,1,reference-derived,1,Viola,[12],works.json:staves,15,1,5,"N. Simrock, Berlin, 1894, plate 10139",dvorak-sym9-mvt1-405834-p6,string,Viola,score_order,alto,False,detector,"[""Piccolo"", ""Flute"", ""Oboe"", ""Clarinet"", ""Bass clarinet"", ""Bassoon"", ""Contrabassoon"", ""Saxophone"", ""Sarrusophone"", ""Horn"", ""Trumpet"", ""Trombone"", ""Tuba"", ""Timpani"", ""Harp"", ""Piano"", ""Organ"", ""Soprano"", ""Alto"", ""Tenor"", ""Bass voice"", ""Chorus"", ""Violin"", ""Viola"", ""Cello"", ""Contrabass""]",0,header_vote,1,True,1,3,62,21,64,50,"[""Clarinet"", ""Bass clarinet"", ""Bassoon"", ""Saxophone"", ""Sarrusophone"", ""Horn"", ""Trombone"", ""Tuba"", ""Harp"", ""Piano"", ""Organ"", ""Tenor"", ""Bass voice"", ""Chorus"", ""Viola"", ""Cello"", ""Contrabass""]",[],12,Violin,"[""Bass voice"", ""Cello"", ""Piano"", ""Tuba"", ""Viola"", ""Violin""]",,,12,0,1,7,6,1,2,0,2,5,0,True,0,1,0,4,0,1,6,0,0,11,12,0
Violoncello,True,bass,reference-derived,1,reference-derived,1,Violoncello,[13],works.json:staves,15,1,5,"N. Simrock, Berlin, 1894, plate 10139",dvorak-sym9-mvt1-405834-p6,string,Cello,score_order,bass,False,detector,"[""Piccolo"", ""Flute"", ""Oboe"", ""Clarinet"", ""Bass clarinet"", ""Bassoon"", ""Contrabassoon"", ""Saxophone"", ""Sarrusophone"", ""Horn"", ""Trumpet"", ""Trombone"", ""Tuba"", ""Timpani"", ""Harp"", ""Piano"", ""Organ"", ""Soprano"", ""Alto"", ""Tenor"", ""Bass voice"", ""Chorus"", ""Violin"", ""Viola"", ""Cello"", ""Contrabass""]",0,header_vote,1,True,1,4,48,19,55,39,"[""Bass clarinet"", ""Bassoon"", ""Contrabassoon"", ""Sarrusophone"", ""Trombone"", ""Tuba"", ""Timpani"", ""Harp"", ""Piano"", ""Organ"", ""Cello"", ""Contrabass""]",[],13,Viola,"[""Bass voice"", ""Cello"", ""Piano"", ""Timpani"", ""Viola""]",,,13,0,0,7,6,0,3,0,2,5,0,True,0,0,0,9,0,0,9,0,2,14,13,0
Contrabasso,True,bass,reference-derived,1,reference-derived,1,Contrabasso,[14],works.json:staves,15,1,5,"N. Simrock, Berlin, 1894, plate 10139",dvorak-sym9-mvt1-405834-p6,,,,bass,False,detector,"[""Piccolo"", ""Flute"", ""Oboe"", ""Clarinet"", ""Bass clarinet"", ""Bassoon"", ""Contrabassoon"", ""Saxophone"", ""Sarrusophone"", ""Horn"", ""Trumpet"", ""Trombone"", ""Tuba"", ""Timpani"", ""Harp"", ""Piano"", ""Organ"", ""Soprano"", ""Alto"", ""Tenor"", ""Bass voice"", ""Chorus"", ""Violin"", ""Viola"", ""Cello"", ""Contrabass""]",0,header_vote,1,True,1,3,48,26,55,39,"[""Bass clarinet"", ""Bassoon"", ""Contrabassoon"", ""Sarrusophone"", ""Trombone"", ""Tuba"", ""Timpani"", ""Harp"", ""Piano"", ""Organ"", ""Cello"", ""Contrabass""]",[],14,Cello,"[""Bass voice"", ""Cello"", ""Contrabass"", ""Percussion"", ""Piano""]",,,14,0,0,7,7,0,4,0,2,5,0,True,0,0,0,0,0,0,10,0,1,10,14,0
2 Floten,True,treble,reference-derived,-3,reference-derived,2,2 Floten,"[0, 1]",works.json:staves,14,1,0,Breitkopf & Hartel (Brahms Samtliche Werke),brahms-sym1-mvt1-317803-p1,woodwind,Flute,label,treble,False,detector,"[""English horn"", ""Clarinet"", ""Bass clarinet"", ""Saxophone"", ""Horn"", ""Trumpet""]",1,header_vote,-3,True,-2,6,83,48,91,65,"[""Flute"", ""Oboe"", ""Clarinet"", ""Harp"", ""Piano"", ""Organ"", ""Violin""]",[],0,Flute,"[""Flute"", ""Piccolo"", ""Soprano"", ""Violin""]",,Flute,0,0,7,8,7,0,0,0,0,9,0,True,0,0,0,2,0,0,2,0,6,6,0,0
2 Oboen,True,treble,reference-derived,-3,reference-derived,2,2 Oboen,"[2, 3]",works.json:staves,14,1,0,Breitkopf & Hartel (Brahms Samtliche Werke),brahms-sym1-mvt1-317803-p1,woodwind,Oboe,label,treble,False,detector,"[""Piccolo"", ""Flute"", ""Oboe"", ""Clarinet"", ""Bass clarinet"", ""Bassoon"", ""Contrabassoon"", ""Saxophone"", ""Sarrusophone"", ""Horn"", ""Trumpet"", ""Trombone"", ""Tuba"", ""Timpani"", ""Harp"", ""Piano"", ""Organ"", ""Soprano"", ""Alto"", ""Tenor"", ""Bass voice"", ""Chorus"", ""Violin"", ""Viola"", ""Cello"", ""Contrabass""]",0,header_vote,-3,True,-3,5,75,48,84,65,"[""Flute"", ""Oboe"", ""English horn"", ""Clarinet"", ""Saxophone"", ""Trumpet"", ""Harp"", ""Piano"", ""Organ"", ""Soprano"", ""Chorus"", ""Violin"", ""Viola""]",[],1,Flute,"[""Flute"", ""Piccolo"", ""Soprano"", ""Violin""]",,Oboe,1,0,7,8,7,0,1,0,0,9,0,True,0,0,0,3,0,0,3,0,6,12,1,0
2 Klarinetten in B,True,treble,reference-derived,-3,reference-derived,2,2 Klarinetten in B,"[4, 5]",works.json:staves,14,1,0,Breitkopf & Hartel (Brahms Samtliche Werke),brahms-sym1-mvt1-317803-p1,woodwind,Clarinet,label,treble,False,detector,"[""Clarinet"", ""Bass clarinet"", ""Saxophone"", ""Horn"", ""Trumpet""]",3,header_vote,-3,False,0,2,72,46,86,60,"[""Flute"", ""Oboe"", ""English horn"", ""Clarinet"", ""Saxophone"", ""Harp"", ""Piano"", ""Organ"", ""Violin"", ""Viola""]",[],2,Oboe,"[""Flute"", ""Oboe"", ""Soprano"", ""Violin""]",,Clarinet,2,0,7,8,7,0,2,0,0,9,0,True,1,0,1,2,0,0,3,0,6,10,2,0
2 Fagotte,True,bass,reference-derived,-3,reference-derived,2,2 Fagotte,"[6, 7]",works.json:staves,14,1,0,Breitkopf & Hartel (Brahms Samtliche Werke),brahms-sym1-mvt1-317803-p1,woodwind,Bassoon,label,bass,False,detector,"[""English horn"", ""Clarinet"", ""Bass clarinet"", ""Saxophone"", ""Horn"", ""Trumpet""]",1,header_vote,-3,True,-2,2,53,48,65,45,"[""Bass clarinet"", ""Bassoon"", ""Sarrusophone"", ""Horn"", ""Trombone"", ""Tuba"", ""Harp"", ""Piano"", ""Organ"", ""Chorus"", ""Cello"", ""Contrabass""]",[],3,Clarinet,"[""Clarinet"", ""English horn"", ""Oboe"", ""Soprano"", ""Violin""]",,Bassoon,3,0,7,8,7,0,3,0,0,9,0,True,1,0,1,1,0,0,2,0,6,4,3,0
Kontrafagott,True,bass,reference-derived,-3,reference-derived,1,Kontrafagott,[8],works.json:staves,14,1,0,Breitkopf & Hartel (Brahms Samtliche Werke),brahms-sym1-mvt1-317803-p1,woodwind,Contrabassoon,label,bass,False,detector,"[""Piccolo"", ""Flute"", ""Oboe"", ""Clarinet"", ""Bass clarinet"", ""Bassoon"", ""Contrabassoon"", ""Saxophone"", ""Sarrusophone"", ""Horn"", ""Trumpet"", ""Trombone"", ""Tuba"", ""Timpani"", ""Harp"", ""Piano"", ""Organ"", ""Soprano"", ""Alto"", ""Tenor"", ""Bass voice"", ""Chorus"", ""Violin"", ""Viola"", ""Cello"", ""Contrabass""]",0,header_vote,-3,True,-3,8,36,21,48,34,"[""Bassoon"", ""Contrabassoon"", ""Sarrusophone"", ""Trombone"", ""Tuba"", ""Harp"", ""Piano"", ""Organ"", ""Contrabass""]",[],4,Bassoon,"[""Alto"", ""Bass clarinet"", ""Bassoon"", ""Cello"", ""Clarinet"", ""Violin""]",,Contrabassoon,4,0,5,8,7,1,4,0,0,9,0,True,1,3,1,0,0,0,4,0,1,14,4,0
4 Horner in C 1./2.,True,treble,reference-derived,0,reference-derived,2,4 Horner in C 1./2.,"[9, 10]",works.json:staves,14,1,0,Breitkopf & Hartel (Brahms Samtliche Werke),brahms-sym1-mvt1-317803-p1,brass,Horn,score_order,treble,False,detector,"[""Clarinet"", ""Bass clarinet"", ""Saxophone"", ""Horn"", ""Trumpet""]",3,,-3,False,0,12,48,11,69,48,"[""Bass clarinet"", ""Bassoon"", ""Horn"", ""Trombone"", ""Harp"", ""Piano"", ""Organ"", ""Tenor"", ""Chorus"", ""Viola"", ""Cello""]",[],5,Horn,"[""Alto"", ""Bass clarinet"", ""Bassoon"", ""Cello"", ""Contrabassoon"", ""Horn"", ""Violin""]",,,5,0,3,8,8,0,5,0,0,9,0,True,0,1,0,0,0,0,1,0,0,26,5,0
4 Horner in Es 3./4.,True,treble,reference-derived,-1,reference-derived,2,4 Horner in Es 3./4.,"[11, 12]",works.json:staves,14,1,0,Breitkopf & Hartel (Brahms Samtliche Werke),brahms-sym1-mvt1-317803-p1,brass,Trumpet,score_order,treble,False,detector,"[""Clarinet"", ""Bass clarinet"", ""Saxophone"", ""Horn"", ""Trumpet""]",3,,-3,False,0,7,74,15,79,60,"[""Flute"", ""Oboe"", ""English horn"", ""Clarinet"", ""Bass clarinet"", ""Saxophone"", ""Trumpet"", ""Harp"", ""Piano"", ""Organ"", ""Soprano"", ""Alto"", ""Chorus"", ""Violin"", ""Viola"", ""Cello""]",[],6,Trumpet,"[""Alto"", ""Bassoon"", ""Cello"", ""Horn"", ""Trumpet"", ""Violin""]",,,6,0,4,8,4,3,6,0,0,9,0,True,0,1,0,1,0,0,2,0,12,7,6,0
2 Trompeten in C,True,treble,reference-derived,0,reference-derived,2,2 Trompeten in C,"[13, 14]",works.json:staves,14,1,0,Breitkopf & Hartel (Brahms Samtliche Werke),brahms-sym1-mvt1-317803-p1,brass,Trumpet,label,treble,False,detector,"[""Clarinet"", ""Bass clarinet"", ""Saxophone"", ""Horn"", ""Trumpet""]",3,,-3,False,0,7,72,6,77,60,"[""Flute"", ""Oboe"", ""English horn"", ""Clarinet"", ""Bass clarinet"", ""Saxophone"", ""Horn"", ""Trumpet"", ""Harp"", ""Piano"", ""Organ"", ""Soprano"", ""Alto"", ""Chorus"", ""Violin"", ""Viola"", ""Cello""]",[],7,Tuba,"[""Piano"", ""Saxophone"", ""Tenor"", ""Timpani"", ""Trombone"", ""Trumpet"", ""Tuba"", ""Viola""]",,Trumpet,7,0,1,8,1,6,7,0,0,9,0,True,0,0,0,1,0,0,1,0,2,13,7,0
Pauken in C u.G,True,bass,reference-derived,-3,reference-derived,1,Pauken in C u.G,[15],works.json:staves,14,1,0,Breitkopf & Hartel (Brahms Samtliche Werke),brahms-sym1-mvt1-317803-p1,percussion,Timpani,label,bass,False,detector,"[""Clarinet"", ""Bass clarinet"", ""Saxophone"", ""Horn"", ""Trumpet""]",3,,-3,False,0,11,48,15,59,48,"[""Bass clarinet"", ""Bassoon"", ""Contrabassoon"", ""Sarrusophone"", ""Horn"", ""Trombone"", ""Tuba"", ""Timpani"", ""Harp"", ""Piano"", ""Organ"", ""Tenor"", ""Bass voice"", ""Chorus"", ""Viola"", ""Cello"", ""Contrabass""]",[],8,Timpani,"[""Horn"", ""Piano"", ""Tenor"", ""Timpani"", ""Tuba"", ""Viola""]",,Timpani,8,0,2,8,7,0,8,0,0,9,0,True,0,0,0,1,0,0,1,0,2,14,8,0
1. Violine,True,treble,reference-derived,-3,reference-derived,1,1. Violine,[16],works.json:staves,14,1,0,Breitkopf & Hartel (Brahms Samtliche Werke),brahms-sym1-mvt1-317803-p1,string,Violin,label,treble,False,detector,"[""Piccolo"", ""Flute"", ""Oboe"", ""Clarinet"", ""Bass clarinet"", ""Bassoon"", ""Contrabassoon"", ""Saxophone"", ""Sarrusophone"", ""Horn"", ""Trumpet"", ""Trombone"", ""Tuba"", ""Timpani"", ""Harp"", ""Piano"", ""Organ"", ""Soprano"", ""Alto"", ""Tenor"", ""Bass voice"", ""Chorus"", ""Violin"", ""Viola"", ""Cello"", ""Contrabass""]",0,header_vote,-3,True,-3,10,68,42,93,46,"[""Harp"", ""Piano"", ""Organ""]",[],9,Violin,"[""Percussion"", ""Piano"", ""Tenor"", ""Timpani"", ""Trumpet"", ""Viola"", ""Violin""]",,Violin,9,0,1,8,8,0,0,0,1,5,0,True,0,0,0,4,0,0,4,0,23,4,9,0
2. Violine,True,treble,reference-derived,-3,reference-derived,1,2. Violine,[17],works.json:staves,14,1,0,Breitkopf & Hartel (Brahms Samtliche Werke),brahms-sym1-mvt1-317803-p1,string,Violin,label,treble,False,detector,"[""Piccolo"", ""Flute"", ""Oboe"", ""Clarinet"", ""Bass clarinet"", ""Bassoon"", ""Contrabassoon"", ""Saxophone"", ""Sarrusophone"", ""Horn"", ""Trumpet"", ""Trombone"", ""Tuba"", ""Timpani"", ""Harp"", ""Piano"", ""Organ"", ""Soprano"", ""Alto"", ""Tenor"", ""Bass voice"", ""Chorus"", ""Violin"", ""Viola"", ""Cello"", ""Contrabass""]",0,header_vote,-3,True,-3,4,74,41,82,60,"[""Flute"", ""Oboe"", ""English horn"", ""Clarinet"", ""Saxophone"", ""Trumpet"", ""Harp"", ""Piano"", ""Organ"", ""Soprano"", ""Chorus"", ""Violin"", ""Viola""]",[],10,Violin,"[""Harp"", ""Piano"", ""Tenor"", ""Trombone"", ""Viola"", ""Violin""]",,Violin,10,0,1,8,7,0,1,0,1,5,0,True,1,0,1,6,0,0,7,0,16,12,10,0
Bratsche,True,alto,reference-derived,-3,reference-derived,1,Bratsche,[18],works.json:staves,14,1,0,Breitkopf & Hartel (Brahms Samtliche Werke),brahms-sym1-mvt1-317803-p1,string,Viola,label,alto,False,detector,"[""Piccolo"", ""Flute"", ""Oboe"", ""Clarinet"", ""Bass clarinet"", ""Bassoon"", ""Contrabassoon"", ""Saxophone"", ""Sarrusophone"", ""Horn"", ""Trumpet"", ""Trombone"", ""Tuba"", ""Timpani"", ""Harp"", ""Piano"", ""Organ"", ""Soprano"", ""Alto"", ""Tenor"", ""Bass voice"", ""Chorus"", ""Violin"", ""Viola"", ""Cello"", ""Contrabass""]",0,header_vote,-3,True,-3,2,63,49,77,55,"[""English horn"", ""Clarinet"", ""Bass clarinet"", ""Saxophone"", ""Horn"", ""Trumpet"", ""Harp"", ""Piano"", ""Organ"", ""Alto"", ""Chorus"", ""Violin"", ""Viola"", ""Cello""]",[],11,Violin,"[""Bass voice"", ""Cello"", ""Piano"", ""Tuba"", ""Viola"", ""Violin""]",,Viola,11,2,8,8,8,0,2,0,1,5,0,True,0,0,0,4,0,0,4,0,10,11,11,0
Violoncell,True,tenor,reference-derived,-3,reference-derived,1,Violoncell,[19],works.json:staves,14,1,0,Breitkopf & Hartel (Brahms Samtliche Werke),brahms-sym1-mvt1-317803-p1,string,Cello,label,tenor,False,detector,"[""Piccolo"", ""Flute"", ""Oboe"", ""Clarinet"", ""Bass clarinet"", ""Bassoon"", ""Contrabassoon"", ""Saxophone"", ""Sarrusophone"", ""Horn"", ""Trumpet"", ""Trombone"", ""Tuba"", ""Timpani"", ""Harp"", ""Piano"", ""Organ"", ""Soprano"", ""Alto"", ""Tenor"", ""Bass voice"", ""Chorus"", ""Violin"", ""Viola"", ""Cello"", ""Contrabass""]",0,header_vote,-3,True,-3,4,61,41,70,48,"[""Bass clarinet"", ""Bassoon"", ""Horn"", ""Trombone"", ""Harp"", ""Piano"", ""Organ"", ""Tenor"", ""Chorus"", ""Viola"", ""Cello""]",[],12,Viola,"[""Bass voice"", ""Cello"", ""Piano"", ""Timpani"", ""Viola""]",,Cello,12,0,1,8,7,0,3,0,1,5,0,True,2,0,2,4,0,0,6,0,19,10,12,0
Kontrabass,True,bass,reference-derived,-3,reference-derived,1,Kontrabass,[20],works.json:staves,14,1,0,Breitkopf & Hartel (Brahms Samtliche Werke),brahms-sym1-mvt1-317803-p1,string,Contrabass,label,bass,False,detector,"[""Piccolo"", ""Flute"", ""Oboe"", ""Clarinet"", ""Bass clarinet"", ""Bassoon"", ""Contrabassoon"", ""Saxophone"", ""Sarrusophone"", ""Horn"", ""Trumpet"", ""Trombone"", ""Tuba"", ""Timpani"", ""Harp"", ""Piano"", ""Organ"", ""Soprano"", ""Alto"", ""Tenor"", ""Bass voice"", ""Chorus"", ""Violin"", ""Viola"", ""Cello"", ""Contrabass""]",0,header_vote,-3,True,-3,10,48,15,58,44,"[""Bass clarinet"", ""Bassoon"", ""Contrabassoon"", ""Sarrusophone"", ""Horn"", ""Trombone"", ""Tuba"", ""Timpani"", ""Harp"", ""Piano"", ""Organ"", ""Bass voice"", ""Chorus"", ""Cello"", ""Contrabass""]",[],13,Cello,"[""Bass voice"", ""Cello"", ""Contrabass"", ""Percussion"", ""Piano""]",,Contrabass,13,0,2,8,8,0,4,0,1,5,0,True,3,0,3,0,0,0,7,0,1,12,13,0
2 Floten,True,treble,reference-derived,-3,reference-derived,2,2 Floten,"[0, 1]","works.json:systems_as_printed (per-system, INFORMATIONAL)",14,2,1,Breitkopf & Hartel (Brahms Samtliche Werke),brahms-sym1-mvt1-317803-p2,woodwind,Flute,label,treble,False,detector,"[""Piccolo"", ""Flute"", ""Oboe"", ""Clarinet"", ""Bass clarinet"", ""Bassoon"", ""Contrabassoon"", ""Saxophone"", ""Sarrusophone"", ""Horn"", ""Trumpet"", ""Trombone"", ""Tuba"", ""Timpani"", ""Harp"", ""Piano"", ""Organ"", ""Soprano"", ""Alto"", ""Tenor"", ""Bass voice"", ""Chorus"", ""Violin"", ""Viola"", ""Cello"", ""Contrabass""]",0,header_vote,-2,True,-2,4,81,59,93,65,"[""Flute"", ""Harp"", ""Piano"", ""Organ"", ""Violin""]",[],0,Flute,"[""Flute"", ""Piccolo"", ""Soprano"", ""Violin""]",,Flute,0,1,5,7,7,0,0,0,0,9,0,True,0,0,0,4,0,0,5,0,18,13,0,0
2 Oboen,True,treble,reference-derived,-3,reference-derived,2,2 Oboen,"[2, 3]","works.json:systems_as_printed (per-system, INFORMATIONAL)",14,2,1,Breitkopf & Hartel (Brahms Samtliche Werke),brahms-sym1-mvt1-317803-p2,woodwind,Oboe,label,treble,False,detector,"[""English horn"", ""Clarinet"", ""Bass clarinet"", ""Saxophone"", ""Horn"", ""Trumpet""]",1,header_vote,-2,True,-1,3,73,44,84,61,"[""Flute"", ""Oboe"", ""English horn"", ""Clarinet"", ""Saxophone"", ""Trumpet"", ""Harp"", ""Piano"", ""Organ"", ""Soprano"", ""Chorus"", ""Violin"", ""Viola""]",[],1,Flute,"[""Flute"", ""Piccolo"", ""Soprano"", ""Violin""]",,Oboe,1,2,3,7,6,1,1,0,0,9,0,True,0,0,0,2,0,0,2,0,9,10,1,0
2 Klarinetten in B,True,treble,reference-derived,-3,reference-derived,2,2 Klarinetten in B,"[4, 5]","works.json:systems_as_printed (per-system, INFORMATIONAL)",14,2,1,Breitkopf & Hartel (Brahms Samtliche Werke),brahms-sym1-mvt1-317803-p2,woodwind,Clarinet,label,treble,False,detector,"[""Clarinet"", ""Bass clarinet"", ""Saxophone"", ""Horn"", ""Trumpet""]",2,header_vote,-2,False,0,7,66,46,76,41,"[""Bass clarinet"", ""Horn"", ""Harp"", ""Piano"", ""Organ"", ""Chorus"", ""Cello""]",[],2,Oboe,"[""Flute"", ""Oboe"", ""Soprano"", ""Violin""]",,Clarinet,2,2,6,7,6,1,2,0,0,9,0,True,0,2,0,3,0,0,5,0,10,15,2,0
2 Fagotte,True,bass,reference-derived,-3,reference-derived,2,2 Fagotte,"[6, 7]","works.json:systems_as_printed (per-system, INFORMATIONAL)",14,2,1,Breitkopf & Hartel (Brahms Samtliche Werke),brahms-sym1-mvt1-317803-p2,woodwind,Bassoon,label,bass,False,detector,[],-1,header_vote,-2,True,-3,4,53,72,68,41,"[""Bass clarinet"", ""Bassoon"", ""Horn"", ""Trombone"", ""Harp"", ""Piano"", ""Organ"", ""Chorus"", ""Cello""]",[],3,Clarinet,"[""Clarinet"", ""English horn"", ""Oboe"", ""Soprano"", ""Violin""]",,Bassoon,3,2,7,7,7,0,3,0,0,9,0,True,0,1,0,2,0,0,3,0,7,28,3,0
Kontrafagott,True,bass,reference-derived,-3,reference-derived,1,Kontrafagott,[8],"works.json:systems_as_printed (per-system, INFORMATIONAL)",14,2,1,Breitkopf & Hartel (Brahms Samtliche Werke),brahms-sym1-mvt1-317803-p2,woodwind,Bassoon,label,treble,False,detector,"[""Clarinet"", ""Bass clarinet"", ""Saxophone"", ""Horn"", ""Trumpet""]",2,,-2,False,0,3,68,27,76,64,"[""Flute"", ""Oboe"", ""English horn"", ""Clarinet"", ""Bass clarinet"", ""Saxophone"", ""Horn"", ""Trumpet"", ""Harp"", ""Piano"", ""Organ"", ""Soprano"", ""Alto"", ""Chorus"", ""Violin"", ""Viola"", ""Cello""]",[],4,Bassoon,"[""Alto"", ""Bass clarinet"", ""Bassoon"", ""Cello"", ""Clarinet"", ""Violin""]",,Bassoon,4,0,3,7,5,2,4,0,0,9,3,True,0,1,0,1,0,0,2,0,1,13,4,0
4 Horner in C 1./2.,True,treble,reference-derived,0,reference-derived,2,4 Horner in C 1./2.,"[9, 10]","works.json:systems_as_printed (per-system, INFORMATIONAL)",14,2,1,Breitkopf & Hartel (Brahms Samtliche Werke),brahms-sym1-mvt1-317803-p2,brass,Horn,score_order,treble,False,detector,"[""Clarinet"", ""Bass clarinet"", ""Saxophone"", ""Horn"", ""Trumpet""]",2,,-2,False,0,7,69,37,79,48,"[""Bass clarinet"", ""Harp"", ""Piano"", ""Organ"", ""Chorus"", ""Viola"", ""Cello""]",[],5,Horn,"[""Alto"", ""Bass clarinet"", ""Bassoon"", ""Cello"", ""Contrabassoon"", ""Horn"", ""Violin""]",,,5,0,5,7,5,2,5,0,0,9,1,True,0,0,0,0,0,0,0,0,0,12,5,0
4 Horner in Es 3./4.,True,treble,reference-derived,-1,reference-derived,2,4 Horner in Es 3./4.,"[11, 12]","works.json:systems_as_printed (per-system, INFORMATIONAL)",14,2,1,Breitkopf & Hartel (Brahms Samtliche Werke),brahms-sym1-mvt1-317803-p2,brass,Trumpet,score_order,treble,False,detector,"[""Clarinet"", ""Bass clarinet"", ""Saxophone"", ""Horn"", ""Trumpet""]",2,,-2,False,0,12,67,21,88,60,"[""Flute"", ""Oboe"", ""Clarinet"", ""Saxophone"", ""Harp"", ""Piano"", ""Organ"", ""Violin"", ""Viola""]",[],6,Trumpet,"[""Alto"", ""Bassoon"", ""Cello"", ""Horn"", ""Trumpet"", ""Violin""]",,,6,0,3,7,3,4,6,0,0,9,0,True,0,1,0,2,0,0,3,0,0,15,6,0
2 Trompeten in C,True,treble,reference-derived,0,reference-derived,2,2 Trompeten in C,"[13, 14]","works.json:systems_as_printed (per-system, INFORMATIONAL)",14,2,1,Breitkopf & Hartel (Brahms Samtliche Werke),brahms-sym1-mvt1-317803-p2,brass,Trumpet,score_order,treble,False,detector,"[""Clarinet"", ""Bass clarinet"", ""Saxophone"", ""Horn"", ""Trumpet""]",2,,-2,False,0,2,65,5,69,64,"[""Flute"", ""Oboe"", ""English horn"", ""Clarinet"", ""Bass clarinet"", ""Bassoon"", ""Saxophone"", ""Horn"", ""Trumpet"", ""Trombone"", ""Harp"", ""Piano"", ""Organ"", ""Soprano"", ""Alto"", ""Tenor"", ""Chorus"", ""Violin"", ""Viola"", ""Cello""]",[],7,Tuba,"[""Piano"", ""Saxophone"", ""Tenor"", ""Timpani"", ""Trombone"", ""Trumpet"", ""Tuba"", ""Viola""]",,,7,0,2,7,3,4,7,0,0,9,0,True,0,0,0,0,0,0,0,0,0,14,7,0
Pauken in C u.G,True,bass,reference-derived,-3,reference-derived,1,Pauken in C u.G,[15],"works.json:systems_as_printed (per-system, INFORMATIONAL)",14,2,1,Breitkopf & Hartel (Brahms Samtliche Werke),brahms-sym1-mvt1-317803-p2,percussion,Timpani,label,treble,False,detector,"[""English horn"", ""Clarinet"", ""Bass clarinet"", ""Saxophone"", ""Horn"", ""Trumpet""]",1,,-2,True,-1,3,69,14,72,64,"[""Flute"", ""Oboe"", ""English horn"", ""Clarinet"", ""Bass clarinet"", ""Bassoon"", ""Saxophone"", ""Horn"", ""Trumpet"", ""Trombone"", ""Harp"", ""Piano"", ""Organ"", ""Soprano"", ""Alto"", ""Tenor"", ""Chorus"", ""Violin"", ""Viola"", ""Cello""]",[],8,Timpani,"[""Horn"", ""Piano"", ""Tenor"", ""Timpani"", ""Tuba"", ""Viola""]",,Timpani,8,0,1,7,2,4,8,0,0,9,2,True,0,0,0,2,0,0,2,0,0,14,8,0
1. Violine,True,treble,reference-derived,-3,reference-derived,1,1. Violine,[16],"works.json:systems_as_printed (per-system, INFORMATIONAL)",14,2,1,Breitkopf & Hartel (Brahms Samtliche Werke),brahms-sym1-mvt1-317803-p2,string,Violin,label,treble,False,detector,"[""Piccolo"", ""Flute"", ""Oboe"", ""Clarinet"", ""Bass clarinet"", ""Bassoon"", ""Contrabassoon"", ""Saxophone"", ""Sarrusophone"", ""Horn"", ""Trumpet"", ""Trombone"", ""Tuba"", ""Timpani"", ""Harp"", ""Piano"", ""Organ"", ""Soprano"", ""Alto"", ""Tenor"", ""Bass voice"", ""Chorus"", ""Violin"", ""Viola"", ""Cello"", ""Contrabass""]",0,header_vote,-2,True,-2,7,72,45,84,55,"[""English horn"", ""Clarinet"", ""Saxophone"", ""Trumpet"", ""Harp"", ""Piano"", ""Organ"", ""Chorus"", ""Violin"", ""Viola""]",[],9,Violin,"[""Percussion"", ""Piano"", ""Tenor"", ""Timpani"", ""Trumpet"", ""Viola"", ""Violin""]",,Violin,9,1,4,7,7,0,0,0,1,5,0,True,2,0,2,1,0,0,3,0,2,8,9,0
2. Violine,True,treble,reference-derived,-3,reference-derived,1,2. Violine,[17],"works.json:systems_as_printed (per-system, INFORMATIONAL)",14,2,1,Breitkopf & Hartel (Brahms Samtliche Werke),brahms-sym1-mvt1-317803-p2,string,Violin,label,treble,False,detector,"[""English horn"", ""Clarinet"", ""Bass clarinet"", ""Saxophone"", ""Horn"", ""Trumpet""]",1,header_vote,-2,True,-1,3,65,40,73,58,"[""Oboe"", ""English horn"", ""Clarinet"", ""Bass clarinet"", ""Saxophone"", ""Horn"", ""Trumpet"", ""Harp"", ""Piano"", ""Organ"", ""Alto"", ""Chorus"", ""Violin"", ""Viola"", ""Cello""]",[],10,Violin,"[""Harp"", ""Piano"", ""Tenor"", ""Trombone"", ""Viola"", ""Violin""]",,Violin,10,1,2,7,7,0,1,0,1,5,0,True,2,3,0,1,2,0,6,0,3,10,10,0
Bratsche,True,alto,reference-derived,-3,reference-derived,1,Bratsche,[18],"works.json:systems_as_printed (per-system, INFORMATIONAL)",14,2,1,Breitkopf & Hartel (Brahms Samtliche Werke),brahms-sym1-mvt1-317803-p2,string,Viola,label,alto,False,detector,"[""Piccolo"", ""Flute"", ""Oboe"", ""Clarinet"", ""Bass clarinet"", ""Bassoon"", ""Contrabassoon"", ""Saxophone"", ""Sarrusophone"", ""Horn"", ""Trumpet"", ""Trombone"", ""Tuba"", ""Timpani"", ""Harp"", ""Piano"", ""Organ"", ""Soprano"", ""Alto"", ""Tenor"", ""Bass voice"", ""Chorus"", ""Violin"", ""Viola"", ""Cello"", ""Contrabass""]",0,header_vote,-2,True,-2,4,62,47,72,45,"[""Bass clarinet"", ""Bassoon"", ""Horn"", ""Trombone"", ""Harp"", ""Piano"", ""Organ"", ""Chorus"", ""Cello""]",[],11,Violin,"[""Bass voice"", ""Cello"", ""Piano"", ""Tuba"", ""Viola"", ""Violin""]",,Viola,11,2,2,7,7,0,2,0,1,5,0,True,0,1,0,2,0,0,3,0,1,12,11,0
Violoncell,True,tenor,reference-derived,-3,reference-derived,1,Violoncell,[19],"works.json:systems_as_printed (per-system, INFORMATIONAL)",14,2,1,Breitkopf & Hartel (Brahms Samtliche Werke),brahms-sym1-mvt1-317803-p2,string,Cello,label,bass,False,detector,"[""Clarinet"", ""Bass clarinet"", ""Saxophone"", ""Horn"", ""Trumpet""]",2,,-2,False,0,3,52,39,60,43,"[""Bass clarinet"", ""Bassoon"", ""Contrabassoon"", ""Sarrusophone"", ""Horn"", ""Trombone"", ""Tuba"", ""Timpani"", ""Harp"", ""Piano"", ""Organ"", ""Bass voice"", ""Chorus"", ""Cello"", ""Contrabass""]",[],12,Viola,"[""Bass voice"", ""Cello"", ""Piano"", ""Timpani"", ""Viola""]",,Cello,12,0,1,7,7,0,3,0,1,5,0,True,1,5,1,3,0,0,9,0,2,4,12,0
Kontrabass,True,bass,reference-derived,-3,reference-derived,1,Kontrabass,[20],"works.json:systems_as_printed (per-system, INFORMATIONAL)",14,2,1,Breitkopf & Hartel (Brahms Samtliche Werke),brahms-sym1-mvt1-317803-p2,string,Contrabass,label,bass,False,detector,"[""English horn"", ""Clarinet"", ""Bass clarinet"", ""Saxophone"", ""Horn"", ""Trumpet""]",1,header_vote,-2,True,-1,3,50,34,55,43,"[""Bass clarinet"", ""Bassoon"", ""Contrabassoon"", ""Sarrusophone"", ""Horn"", ""Trombone"", ""Tuba"", ""Timpani"", ""Harp"", ""Piano"", ""Organ"", ""Bass voice"", ""Chorus"", ""Cello"", ""Contrabass""]",[],13,Cello,"[""Bass voice"", ""Cello"", ""Contrabass"", ""Percussion"", ""Piano""]",,Contrabass,13,0,3,7,7,0,4,0,1,5,2,True,0,0,0,0,0,0,2,0,1,10,13,0
2 Floten,True,treble,reference-derived,-3,reference-derived,2,2 Floten,"[0, 1]","works.json:systems_as_printed (per-system, INFORMATIONAL)",13,2,1,Breitkopf & Hartel (Brahms Samtliche Werke),brahms-sym1-mvt1-317803-p2,woodwind,Flute,label,treble,False,detector,"[""Clarinet"", ""Bass clarinet"", ""Saxophone"", ""Horn"", ""Trumpet""]",2,header_vote,-2,False,0,4,81,24,93,62,"[""Flute"", ""Harp"", ""Piano"", ""Organ"", ""Violin""]","[""wind-band""]",0,Piccolo,"[""Piccolo""]",True,Flute,0,0,1,8,7,1,0,0,0,8,3,True,0,0,0,6,0,0,7,0,4,16,0,1
2 Oboen,True,treble,reference-derived,-3,reference-derived,2,2 Oboen,"[2, 3]","works.json:systems_as_printed (per-system, INFORMATIONAL)",13,2,1,Breitkopf & Hartel (Brahms Samtliche Werke),brahms-sym1-mvt1-317803-p2,woodwind,Oboe,label,treble,False,detector,[],-1,header_vote,-2,True,-3,7,68,6,80,61,"[""Flute"", ""Oboe"", ""English horn"", ""Clarinet"", ""Saxophone"", ""Trumpet"", ""Harp"", ""Piano"", ""Organ"", ""Soprano"", ""Chorus"", ""Violin"", ""Viola"", ""Cello""]","[""wind-band""]",1,Flute,"[""Flute""]",True,Oboe,1,0,1,8,4,4,1,0,0,8,3,True,0,0,0,0,0,0,0,0,1,21,1,1
2 Klarinetten in B,True,treble,reference-derived,-3,reference-derived,2,2 Klarinetten in B,"[4, 5]","works.json:systems_as_printed (per-system, INFORMATIONAL)",13,2,1,Breitkopf & Hartel (Brahms Samtliche Werke),brahms-sym1-mvt1-317803-p2,woodwind,Clarinet,label,treble,False,detector,"[""Clarinet"", ""Bass clarinet"", ""Saxophone"", ""Horn"", ""Trumpet""]",2,header_vote,-2,False,0,8,64,7,72,62,"[""Flute"", ""Oboe"", ""English horn"", ""Clarinet"", ""Bass clarinet"", ""Bassoon"", ""Saxophone"", ""Horn"", ""Trumpet"", ""Trombone"", ""Harp"", ""Piano"", ""Organ"", ""Soprano"", ""Alto"", ""Tenor"", ""Chorus"", ""Violin"", ""Viola"", ""Cello""]","[""wind-band""]",2,Oboe,"[""Oboe""]",True,Clarinet,2,1,2,8,5,3,2,0,0,8,0,True,0,0,0,0,0,0,0,0,3,19,2,1
2 Fagotte,True,bass,reference-derived,-3,reference-derived,2,2 Fagotte,"[6, 7]","works.json:systems_as_printed (per-system, INFORMATIONAL)",13,2,1,Breitkopf & Hartel (Brahms Samtliche Werke),brahms-sym1-mvt1-317803-p2,woodwind,Bassoon,label,bass,False,detector,"[""Piccolo"", ""Flute"", ""Oboe"", ""Clarinet"", ""Bass clarinet"", ""Bassoon"", ""Contrabassoon"", ""Saxophone"", ""Sarrusophone"", ""Horn"", ""Trumpet"", ""Trombone"", ""Tuba"", ""Timpani"", ""Harp"", ""Piano"", ""Organ"", ""Soprano"", ""Alto"", ""Tenor"", ""Bass voice"", ""Chorus"", ""Violin"", ""Viola"", ""Cello"", ""Contrabass""]",0,header_vote,-2,True,-2,3,53,51,64,41,"[""Bass clarinet"", ""Bassoon"", ""Sarrusophone"", ""Horn"", ""Trombone"", ""Tuba"", ""Harp"", ""Piano"", ""Organ"", ""Bass voice"", ""Chorus"", ""Cello"", ""Contrabass""]","[""wind-band""]",3,Clarinet,"[""Clarinet""]",True,Bassoon,3,1,5,8,7,1,3,0,0,8,3,True,0,1,0,6,0,0,7,0,7,16,3,1
Kontrafagott,True,bass,reference-derived,-3,reference-derived,1,Kontrafagott,[8],"works.json:systems_as_printed (per-system, INFORMATIONAL)",13,2,1,Breitkopf & Hartel (Brahms Samtliche Werke),brahms-sym1-mvt1-317803-p2,woodwind,Bassoon,label,treble,False,detector,"[""Piccolo"", ""Flute"", ""Oboe"", ""Clarinet"", ""Bass clarinet"", ""Bassoon"", ""Contrabassoon"", ""Saxophone"", ""Sarrusophone"", ""Horn"", ""Trumpet"", ""Trombone"", ""Tuba"", ""Timpani"", ""Harp"", ""Piano"", ""Organ"", ""Soprano"", ""Alto"", ""Tenor"", ""Bass voice"", ""Chorus"", ""Violin"", ""Viola"", ""Cello"", ""Contrabass""]",0,header_vote,-2,True,-2,5,72,14,86,62,"[""Flute"", ""Oboe"", ""English horn"", ""Clarinet"", ""Saxophone"", ""Harp"", ""Piano"", ""Organ"", ""Violin"", ""Viola""]","[""wind-band""]",4,Bass clarinet,"[""Bass clarinet""]",True,Bassoon,4,0,4,8,4,4,4,0,0,8,3,True,0,1,0,0,0,0,1,0,0,19,4,1
4 Horner in C 1./2.,True,treble,reference-derived,0,reference-derived,2,4 Horner in C 1./2.,"[9, 10]","works.json:systems_as_printed (per-system, INFORMATIONAL)",13,2,1,Breitkopf & Hartel (Brahms Samtliche Werke),brahms-sym1-mvt1-317803-p2,brass,Horn,score_order,treble,False,detector,"[""Clarinet"", ""Bass clarinet"", ""Saxophone"", ""Horn"", ""Trumpet""]",2,,-2,False,0,4,76,2,76,72,"[""Flute"", ""Oboe"", ""English horn"", ""Clarinet"", ""Bass clarinet"", ""Saxophone"", ""Horn"", ""Trumpet"", ""Harp"", ""Piano"", ""Organ"", ""Soprano"", ""Alto"", ""Chorus"", ""Violin"", ""Viola"", ""Cello""]","[""wind-band""]",5,Bassoon,"[""Bassoon""]",True,,5,0,1,8,1,7,5,0,0,8,7,True,0,0,0,3,0,0,3,0,0,28,5,1
4 Horner in Es 3./4.,True,treble,reference-derived,-1,reference-derived,2,4 Horner in Es 3./4.,"[11, 12]","works.json:systems_as_printed (per-system, INFORMATIONAL)",13,2,1,Breitkopf & Hartel (Brahms Samtliche Werke),brahms-sym1-mvt1-317803-p2,brass,Trumpet,score_order,treble,False,detector,"[""Clarinet"", ""Bass clarinet"", ""Saxophone"", ""Horn"", ""Trumpet""]",2,,-2,False,0,8,64,3,72,64,"[""Flute"", ""Oboe"", ""English horn"", ""Clarinet"", ""Bass clarinet"", ""Bassoon"", ""Saxophone"", ""Horn"", ""Trumpet"", ""Trombone"", ""Harp"", ""Piano"", ""Organ"", ""Soprano"", ""Alto"", ""Tenor"", ""Chorus"", ""Violin"", ""Viola"", ""Cello""]","[""wind-band""]",6,Saxophone,"[""Saxophone""]",True,,7,0,1,8,2,6,6,0,0,8,1,True,0,0,0,0,0,0,0,0,3,20,6,1
Pauken in C u.G,True,bass,reference-derived,-3,reference-derived,1,Pauken in C u.G,[15],"works.json:systems_as_printed (per-system, INFORMATIONAL)",13,2,1,Breitkopf & Hartel (Brahms Samtliche Werke),brahms-sym1-mvt1-317803-p2,percussion,Timpani,label,bass,False,detector,"[""Clarinet"", ""Bass clarinet"", ""Saxophone"", ""Horn"", ""Trumpet""]",2,,-2,False,0,10,43,3,53,43,"[""Bass clarinet"", ""Bassoon"", ""Contrabassoon"", ""Sarrusophone"", ""Horn"", ""Trombone"", ""Tuba"", ""Timpani"", ""Harp"", ""Piano"", ""Organ"", ""Bass voice"", ""Chorus"", ""Cello"", ""Contrabass""]","[""wind-band""]",7,Horn,"[""Horn""]",True,Timpani,8,0,1,8,2,5,7,0,0,8,0,True,0,2,0,2,0,0,4,0,0,20,7,1
1. Violine,True,treble,reference-derived,-3,reference-derived,1,1. Violine,[16],"works.json:systems_as_printed (per-system, INFORMATIONAL)",13,2,1,Breitkopf & Hartel (Brahms Samtliche Werke),brahms-sym1-mvt1-317803-p2,string,Violin,label,treble,False,detector,"[""Clarinet"", ""Bass clarinet"", ""Saxophone"", ""Horn"", ""Trumpet""]",2,header_vote,-2,False,0,4,66,43,81,55,"[""English horn"", ""Clarinet"", ""Saxophone"", ""Trumpet"", ""Harp"", ""Piano"", ""Organ"", ""Chorus"", ""Violin"", ""Viola"", ""Cello""]","[""wind-band""]",8,Trumpet,"[""Trumpet""]",True,Violin,9,0,0,8,8,0,0,0,1,5,0,True,0,0,0,2,0,0,2,0,2,14,8,1
2. Violine,True,treble,reference-derived,-3,reference-derived,1,2. Violine,[17],"works.json:systems_as_printed (per-system, INFORMATIONAL)",13,2,1,Breitkopf & Hartel (Brahms Samtliche Werke),brahms-sym1-mvt1-317803-p2,string,Violin,label,treble,False,detector,[],-1,header_vote,-2,True,-3,11,63,36,79,55,"[""English horn"", ""Clarinet"", ""Bass clarinet"", ""Saxophone"", ""Trumpet"", ""Harp"", ""Piano"", ""Organ"", ""Alto"", ""Chorus"", ""Violin"", ""Viola"", ""Cello""]","[""wind-band""]",9,Trombone,"[""Trombone""]",True,Violin,10,0,0,8,7,1,1,0,1,5,0,True,3,3,1,1,2,0,7,0,2,12,9,1
Bratsche,True,alto,reference-derived,-3,reference-derived,1,Bratsche,[18],"works.json:systems_as_printed (per-system, INFORMATIONAL)",13,2,1,Breitkopf & Hartel (Brahms Samtliche Werke),brahms-sym1-mvt1-317803-p2,string,Viola,label,alto,False,detector,[],-1,header_vote,-2,True,-3,4,58,32,67,49,"[""Bass clarinet"", ""Bassoon"", ""Saxophone"", ""Sarrusophone"", ""Horn"", ""Trombone"", ""Harp"", ""Piano"", ""Organ"", ""Tenor"", ""Chorus"", ""Viola"", ""Cello"", ""Contrabass""]","[""wind-band""]",10,Tuba,"[""Tuba""]",True,Viola,11,1,0,8,7,1,2,0,1,5,0,True,0,3,0,3,0,0,6,0,4,17,10,1
Violoncell,True,tenor,reference-derived,-3,reference-derived,1,Violoncell,[19],"works.json:systems_as_printed (per-system, INFORMATIONAL)",13,2,1,Breitkopf & Hartel (Brahms Samtliche Werke),brahms-sym1-mvt1-317803-p2,string,Cello,label,bass,False,detector,"[""Clarinet"", ""Bass clarinet"", ""Saxophone"", ""Horn"", ""Trumpet""]",2,header_vote,-2,False,0,2,47,37,57,42,"[""Bass clarinet"", ""Bassoon"", ""Contrabassoon"", ""Sarrusophone"", ""Horn"", ""Trombone"", ""Tuba"", ""Timpani"", ""Harp"", ""Piano"", ""Organ"", ""Bass voice"", ""Chorus"", ""Cello"", ""Contrabass""]","[""wind-band""]",11,Timpani,"[""Timpani""]",True,Cello,12,0,1,8,7,1,3,0,1,5,1,True,0,0,0,3,0,0,3,0,1,10,11,1
Kontrabass,True,bass,reference-derived,-3,reference-derived,1,Kontrabass,[20],"works.json:systems_as_printed (per-system, INFORMATIONAL)",13,2,1,Breitkopf & Hartel (Brahms Samtliche Werke),brahms-sym1-mvt1-317803-p2,string,Contrabass,label,bass,False,detector,[],-1,header_vote,-2,True,-3,3,44,26,53,42,"[""Bass clarinet"", ""Bassoon"", ""Contrabassoon"", ""Sarrusophone"", ""Horn"", ""Trombone"", ""Tuba"", ""Timpani"", ""Harp"", ""Piano"", ""Organ"", ""Bass voice"", ""Chorus"", ""Cello"", ""Contrabass""]","[""wind-band""]",12,Percussion,"[""Percussion""]",True,Contrabass,13,0,0,8,5,3,4,0,1,5,1,True,0,0,0,0,0,0,2,0,1,6,12,1
Vier Flöten,True,treble,reference-derived,4,reference-derived,3,Vier Flöten,"[0, 1, 2]",works.json:condensation.staves_as_printed (5-line only),17,1,1,(unidentified scan 2016); the page itself says Edition Peters No. 3087b,mahler-sym5-mvt1-local-p2,woodwind,Flute,label,treble,False,detector,"[""Piccolo"", ""Flute"", ""Oboe"", ""Clarinet"", ""Bass clarinet"", ""Bassoon"", ""Contrabassoon"", ""Saxophone"", ""Sarrusophone"", ""Horn"", ""Trumpet"", ""Trombone"", ""Tuba"", ""Timpani"", ""Harp"", ""Piano"", ""Organ"", ""Soprano"", ""Alto"", ""Tenor"", ""Bass voice"", ""Chorus"", ""Violin"", ""Viola"", ""Cello"", ""Contrabass""]",0,header_vote,4,True,4,,,0,,,[],"[""french-large""]",0,Flute,"[""Flute""]",,Flute,0,0,0,9,0,6,0,0,0,5,0,True,0,0,0,0,0,0,0,0,0,5,0,0
Drei Hoboen,True,treble,reference-derived,5,reference-derived,3,Drei Hoboen,"[3, 4, 5]",works.json:condensation.staves_as_printed (5-line only),17,1,1,(unidentified scan 2016); the page itself says Edition Peters No. 3087b,mahler-sym5-mvt1-local-p2,woodwind,Oboe,label,treble,False,detector,"[""Piccolo"", ""Flute"", ""Oboe"", ""Clarinet"", ""Bass clarinet"", ""Bassoon"", ""Contrabassoon"", ""Saxophone"", ""Sarrusophone"", ""Horn"", ""Trumpet"", ""Trombone"", ""Tuba"", ""Timpani"", ""Harp"", ""Piano"", ""Organ"", ""Soprano"", ""Alto"", ""Tenor"", ""Bass voice"", ""Chorus"", ""Violin"", ""Viola"", ""Cello"", ""Contrabass""]",0,header_vote,4,True,4,,,0,,,[],"[""french-large""]",1,Piccolo,"[""Piccolo""]",,Oboe,1,0,0,9,0,2,1,0,0,5,0,True,0,0,0,0,0,0,0,0,0,8,1,0
Drei Klarinetten in A,True,treble,reference-derived,4,reference-derived,4,Drei Klarinetten in A,"[6, 7, 8, 9]",works.json:condensation.staves_as_printed (5-line only),17,1,1,(unidentified scan 2016); the page itself says Edition Peters No. 3087b,mahler-sym5-mvt1-local-p2,woodwind,Clarinet,label,treble,False,detector,[],-4,header_vote,4,False,0,0,65,1,65,65,"[""Flute"", ""Oboe"", ""English horn"", ""Clarinet"", ""Bass clarinet"", ""Bassoon"", ""Saxophone"", ""Sarrusophone"", ""Horn"", ""Trumpet"", ""Trombone"", ""Tuba"", ""Harp"", ""Piano"", ""Organ"", ""Soprano"", ""Alto"", ""Tenor"", ""Chorus"", ""Violin"", ""Viola"", ""Cello"", ""Contrabass""]","[""french-large""]",2,Oboe,"[""Oboe""]",,Clarinet,2,0,0,9,1,7,2,0,0,5,0,True,0,0,0,0,0,0,0,0,0,9,2,0
Zwei Fagotte,True,treble,reference-derived,5,reference-derived,1,Zwei Fagotte,[10],works.json:condensation.staves_as_printed (5-line only),17,1,1,(unidentified scan 2016); the page itself says Edition Peters No. 3087b,mahler-sym5-mvt1-local-p2,woodwind,Bassoon,label,bass,False,detector,[],-4,header_vote,4,False,0,5,55,4,57,49,"[""Bass clarinet"", ""Bassoon"", ""Contrabassoon"", ""Saxophone"", ""Sarrusophone"", ""Horn"", ""Trombone"", ""Tuba"", ""Timpani"", ""Harp"", ""Piano"", ""Organ"", ""Tenor"", ""Bass voice"", ""Chorus"", ""Viola"", ""Cello"", ""Contrabass""]","[""french-large""]",3,English horn,"[""English horn""]",,Bassoon,3,0,1,9,3,3,3,0,0,5,0,True,0,0,0,0,0,0,0,0,0,8,3,0
Contrafagott,True,treble,reference-derived,0,reference-derived,1,Contrafagott,[11],works.json:condensation.staves_as_printed (5-line only),17,1,1,(unidentified scan 2016); the page itself says Edition Peters No. 3087b,mahler-sym5-mvt1-local-p2,brass,Horn,score_order,treble,False,detector,[],-4,,4,False,0,,,0,,,[],"[""french-large""]",4,Clarinet,"[""Clarinet""]",,,4,0,0,9,0,4,4,1,0,5,0,True,0,0,0,0,0,0,0,0,0,4,4,0
Sechs Hörner in F (upper),True,bass,reference-derived,4,reference-derived,2,Sechs Hörner in F (upper),"[12, 13]",works.json:condensation.staves_as_printed (5-line only),17,1,1,(unidentified scan 2016); the page itself says Edition Peters No. 3087b,mahler-sym5-mvt1-local-p2,brass,Horn,label,treble,False,detector,[],-4,,4,False,0,0,62,1,62,62,"[""Flute"", ""Oboe"", ""English horn"", ""Clarinet"", ""Bass clarinet"", ""Bassoon"", ""Saxophone"", ""Sarrusophone"", ""Horn"", ""Trumpet"", ""Trombone"", ""Tuba"", ""Harp"", ""Piano"", ""Organ"", ""Soprano"", ""Alto"", ""Tenor"", ""Bass voice"", ""Chorus"", ""Violin"", ""Viola"", ""Cello"", ""Contrabass""]","[""french-large""]",5,Bassoon,"[""Bassoon""]",,Horn,5,0,0,9,1,5,0,1,1,6,0,True,0,0,0,0,0,0,0,0,0,1,5,0
Sechs Hörner in F (lower),True,bass,reference-derived,0,reference-derived,1,Sechs Hörner in F (lower),[14],works.json:condensation.staves_as_printed (5-line only),17,1,1,(unidentified scan 2016); the page itself says Edition Peters No. 3087b,mahler-sym5-mvt1-local-p2,brass,Horn,score_order,treble,False,detector,[],-4,,4,False,0,5,76,2,76,71,"[""Flute"", ""Oboe"", ""English horn"", ""Clarinet"", ""Bass clarinet"", ""Saxophone"", ""Horn"", ""Trumpet"", ""Harp"", ""Piano"", ""Organ"", ""Soprano"", ""Alto"", ""Chorus"", ""Violin"", ""Viola"", ""Cello""]","[""french-large""]",6,Horn,"[""Horn""]",,,6,0,0,9,2,4,1,1,1,6,0,True,0,0,0,0,0,0,0,0,0,8,6,0
Vier Trompeten in B (upper),True,,,0,reference-derived,2,Vier Trompeten in B (upper),"[15, 17]",works.json:condensation.staves_as_printed (5-line only),17,1,1,(unidentified scan 2016); the page itself says Edition Peters No. 3087b,mahler-sym5-mvt1-local-p2,brass,Trumpet,label,treble,False,detector,[],-4,,4,False,0,6,62,17,74,60,"[""Flute"", ""Oboe"", ""English horn"", ""Clarinet"", ""Bass clarinet"", ""Saxophone"", ""Horn"", ""Trumpet"", ""Harp"", ""Piano"", ""Organ"", ""Soprano"", ""Alto"", ""Chorus"", ""Violin"", ""Viola"", ""Cello""]","[""french-large""]",7,Trumpet,"[""Trumpet""]",,Trumpet,7,0,0,9,8,0,2,0,1,6,0,True,1,0,0,6,1,0,7,0,0,4,7,0
Vier Trompeten in B (lower),True,,,0,reference-derived,2,Vier Trompeten in B (lower),"[16, 18]",works.json:condensation.staves_as_printed (5-line only),17,1,1,(unidentified scan 2016); the page itself says Edition Peters No. 3087b,mahler-sym5-mvt1-local-p2,brass,Trumpet,score_order,treble,False,detector,[],-4,,4,False,0,,,0,,,[],"[""french-large""]",8,Tuba,"[""Tuba""]",,,8,0,0,9,0,4,3,1,1,6,0,True,0,5,0,0,0,0,5,0,0,0,8,0
Drei Posaunen,True,treble,reference-derived,4,reference-derived,2,Drei Posaunen,"[19, 20]",works.json:condensation.staves_as_printed (5-line only),17,1,1,(unidentified scan 2016); the page itself says Edition Peters No. 3087b,mahler-sym5-mvt1-local-p2,brass,Trombone,label,bass,False,detector,[],-4,,4,False,0,13,56,2,56,43,"[""Bass clarinet"", ""Bassoon"", ""Contrabassoon"", ""Sarrusophone"", ""Horn"", ""Trombone"", ""Tuba"", ""Timpani"", ""Harp"", ""Piano"", ""Organ"", ""Bass voice"", ""Chorus"", ""Cello"", ""Contrabass""]","[""french-large""]",9,Timpani,"[""Timpani""]",,Trombone,9,0,0,9,2,1,4,0,1,6,0,True,0,0,0,0,0,0,0,0,0,1,9,0
Tuba,True,treble,reference-derived,4,reference-derived,1,Tuba,[21],works.json:condensation.staves_as_printed (5-line only),17,1,1,(unidentified scan 2016); the page itself says Edition Peters No. 3087b,mahler-sym5-mvt1-local-p2,brass,Tuba,label,bass,False,detector,[],-4,header_vote,4,False,0,4,52,5,52,45,"[""Bass clarinet"", ""Bassoon"", ""Contrabassoon"", ""Sarrusophone"", ""Horn"", ""Trombone"", ""Tuba"", ""Timpani"", ""Harp"", ""Piano"", ""Organ"", ""Bass voice"", ""Chorus"", ""Cello"", ""Contrabass""]","[""french-large""]",10,Percussion,"[""Percussion""]",,Tuba,10,0,1,9,3,3,5,1,1,6,0,True,0,0,0,0,0,0,0,0,0,2,10,0
Pauken,True,alto,reference-derived,4,reference-derived,1,Pauken,[22],works.json:condensation.staves_as_printed (5-line only),17,1,1,(unidentified scan 2016); the page itself says Edition Peters No. 3087b,mahler-sym5-mvt1-local-p2,percussion,Timpani,label,bass,False,detector,[],-4,header_vote,4,False,0,7,45,5,55,41,"[""Bass clarinet"", ""Bassoon"", ""Contrabassoon"", ""Sarrusophone"", ""Horn"", ""Trombone"", ""Tuba"", ""Timpani"", ""Harp"", ""Piano"", ""Organ"", ""Bass voice"", ""Chorus"", ""Cello"", ""Contrabass""]","[""french-large""]",11,Harp,"[""Harp""]",,Timpani,11,0,1,9,3,6,0,0,2,1,0,True,0,0,0,0,0,0,0,0,0,4,11,0
Erste Violinen,True,,,,,2,Erste Violinen,"[27, 28]",works.json:condensation.staves_as_printed (5-line only),17,1,1,(unidentified scan 2016); the page itself says Edition Peters No. 3087b,mahler-sym5-mvt1-local-p2,string,Violin,label,treble,False,detector,"[""Piccolo"", ""Flute"", ""Oboe"", ""Clarinet"", ""Bass clarinet"", ""Bassoon"", ""Contrabassoon"", ""Saxophone"", ""Sarrusophone"", ""Horn"", ""Trumpet"", ""Trombone"", ""Tuba"", ""Timpani"", ""Harp"", ""Piano"", ""Organ"", ""Soprano"", ""Alto"", ""Tenor"", ""Bass voice"", ""Chorus"", ""Violin"", ""Viola"", ""Cello"", ""Contrabass""]",0,header_vote,4,True,4,2,64,3,66,63,"[""Flute"", ""Oboe"", ""English horn"", ""Clarinet"", ""Bass clarinet"", ""Bassoon"", ""Saxophone"", ""Sarrusophone"", ""Horn"", ""Trumpet"", ""Trombone"", ""Harp"", ""Piano"", ""Organ"", ""Soprano"", ""Alto"", ""Tenor"", ""Chorus"", ""Violin"", ""Viola"", ""Cello"", ""Contrabass""]","[""french-large""]",12,Violin,"[""Violin""]",,Violin,14,0,1,9,2,4,0,1,3,5,0,True,0,0,0,0,0,0,0,0,0,3,12,0
Zweite Violinen,True,,,,,3,Zweite Violinen,"[29, 30, 31]",works.json:condensation.staves_as_printed (5-line only),17,1,1,(unidentified scan 2016); the page itself says Edition Peters No. 3087b,mahler-sym5-mvt1-local-p2,string,Violin,label,treble,False,detector,"[""Piccolo"", ""Flute"", ""Oboe"", ""Clarinet"", ""Bass clarinet"", ""Bassoon"", ""Contrabassoon"", ""Saxophone"", ""Sarrusophone"", ""Horn"", ""Trumpet"", ""Trombone"", ""Tuba"", ""Timpani"", ""Harp"", ""Piano"", ""Organ"", ""Soprano"", ""Alto"", ""Tenor"", ""Bass voice"", ""Chorus"", ""Violin"", ""Viola"", ""Cello"", ""Contrabass""]",0,header_vote,4,True,4,,,0,,,[],"[""french-large""]",13,Violin,"[""Violin""]",,Violin,15,0,0,9,0,9,1,1,3,5,0,True,0,0,0,0,0,0,0,0,0,8,13,0
Violen,True,,,,,2,Violen,"[32, 33]",works.json:condensation.staves_as_printed (5-line only),17,1,1,(unidentified scan 2016); the page itself says Edition Peters No. 3087b,mahler-sym5-mvt1-local-p2,string,Viola,label,alto,False,cv_locator,"[""Piccolo"", ""Flute"", ""Oboe"", ""Clarinet"", ""Bass clarinet"", ""Bassoon"", ""Contrabassoon"", ""Saxophone"", ""Sarrusophone"", ""Horn"", ""Trumpet"", ""Trombone"", ""Tuba"", ""Timpani"", ""Harp"", ""Piano"", ""Organ"", ""Soprano"", ""Alto"", ""Tenor"", ""Bass voice"", ""Chorus"", ""Violin"", ""Viola"", ""Cello"", ""Contrabass""]",0,header_vote,4,True,4,4,56,5,63,56,"[""English horn"", ""Clarinet"", ""Bass clarinet"", ""Bassoon"", ""Saxophone"", ""Sarrusophone"", ""Horn"", ""Trumpet"", ""Trombone"", ""Tuba"", ""Harp"", ""Piano"", ""Organ"", ""Alto"", ""Tenor"", ""Bass voice"", ""Chorus"", ""Violin"", ""Viola"", ""Cello"", ""Contrabass""]","[""french-large""]",14,Viola,"[""Viola""]",,Viola,16,0,1,9,3,6,2,0,3,5,0,True,0,0,0,0,0,0,0,0,0,6,14,0
Violoncelle,True,,,,,2,Violoncelle,"[34, 35]",works.json:condensation.staves_as_printed (5-line only),17,1,1,(unidentified scan 2016); the page itself says Edition Peters No. 3087b,mahler-sym5-mvt1-local-p2,string,Cello,label,bass,False,detector,[],-4,header_vote,4,False,0,0,52,1,52,52,"[""English horn"", ""Clarinet"", ""Bass clarinet"", ""Bassoon"", ""Contrabassoon"", ""Saxophone"", ""Sarrusophone"", ""Horn"", ""Trumpet"", ""Trombone"", ""Tuba"", ""Timpani"", ""Harp"", ""Piano"", ""Organ"", ""Tenor"", ""Bass voice"", ""Chorus"", ""Viola"", ""Cello"", ""Contrabass""]","[""french-large""]",15,Cello,"[""Cello""]",,Cello,17,0,0,9,1,7,3,0,3,5,0,True,0,0,0,0,0,0,0,0,0,10,15,0
Bässe,True,,,,,2,Bässe,"[36, 37]",works.json:condensation.staves_as_printed (5-line only),17,1,1,(unidentified scan 2016); the page itself says Edition Peters No. 3087b,mahler-sym5-mvt1-local-p2,string,Contrabass,score_order_ambiguity,bass,False,detector,[],-4,header_vote,4,False,0,,,0,,,[],"[""french-large""]",16,Contrabass,"[""Contrabass""]",,Contrabass,18,0,0,9,0,8,4,0,3,5,0,True,0,0,0,0,0,0,0,0,0,9,16,0
,False,,,,,,,,none,13,1,2,(unidentified scan 2016); the page itself says Edition Peters No. 3087b,mahler-sym5-mvt1-local-p3,woodwind,Bassoon,label,bass,False,detector_header,"[""Piccolo"", ""Flute"", ""Oboe"", ""Clarinet"", ""Bass clarinet"", ""Bassoon"", ""Contrabassoon"", ""Saxophone"", ""Sarrusophone"", ""Horn"", ""Trumpet"", ""Trombone"", ""Tuba"", ""Timpani"", ""Harp"", ""Piano"", ""Organ"", ""Soprano"", ""Alto"", ""Tenor"", ""Bass voice"", ""Chorus"", ""Violin"", ""Viola"", ""Cello"", ""Contrabass""]",0,,4,False,4,3,50,17,57,37,"[""Bassoon"", ""Contrabassoon"", ""Sarrusophone"", ""Trombone"", ""Tuba"", ""Timpani"", ""Harp"", ""Piano"", ""Organ"", ""Cello"", ""Contrabass""]","[""wind-band""]",0,Piccolo,"[""Piccolo""]",,Bassoon,0,0,3,8,3,0,0,0,0,2,0,True,0,0,0,2,0,0,2,0,0,3,0,0
,False,,,,,,,,none,13,1,2,(unidentified scan 2016); the page itself says Edition Peters No. 3087b,mahler-sym5-mvt1-local-p3,woodwind,Bassoon,score_order,bass,False,detector_header,"[""Clarinet"", ""Bass clarinet"", ""Saxophone"", ""Horn"", ""Trumpet""]",-3,,4,False,1,2,51,15,57,43,"[""Bass clarinet"", ""Bassoon"", ""Contrabassoon"", ""Sarrusophone"", ""Horn"", ""Trombone"", ""Tuba"", ""Timpani"", ""Harp"", ""Piano"", ""Organ"", ""Bass voice"", ""Chorus"", ""Cello"", ""Contrabass""]","[""wind-band""]",1,Flute,"[""Flute""]",,,1,0,0,8,3,4,1,0,0,2,0,True,0,0,0,2,0,0,2,0,1,3,1,0
,False,,,,,,,,none,13,1,2,(unidentified scan 2016); the page itself says Edition Peters No. 3087b,mahler-sym5-mvt1-local-p3,brass,Horn,score_order,treble,False,detector_header,[],-4,,4,False,0,4,71,13,76,71,"[""Flute"", ""Oboe"", ""English horn"", ""Clarinet"", ""Bass clarinet"", ""Saxophone"", ""Horn"", ""Trumpet"", ""Harp"", ""Piano"", ""Organ"", ""Soprano"", ""Alto"", ""Chorus"", ""Violin"", ""Viola"", ""Cello""]","[""wind-band""]",2,Oboe,"[""Oboe""]",,,2,0,0,8,4,3,0,0,1,6,0,True,0,0,0,6,0,0,6,0,0,2,2,0
,False,,,,,,,,none,13,1,2,(unidentified scan 2016); the page itself says Edition Peters No. 3087b,mahler-sym5-mvt1-local-p3,brass,Horn,label,treble,False,detector_header,[],-4,,4,False,0,4,68,34,76,64,"[""Flute"", ""Oboe"", ""English horn"", ""Clarinet"", ""Bass clarinet"", ""Saxophone"", ""Horn"", ""Trumpet"", ""Harp"", ""Piano"", ""Organ"", ""Soprano"", ""Alto"", ""Chorus"", ""Violin"", ""Viola"", ""Cello""]","[""wind-band""]",3,Clarinet,"[""Clarinet""]",,Horn,3,0,3,8,4,3,1,0,1,6,0,True,0,0,0,6,0,0,6,0,0,3,3,0
,False,,,,,,,,none,13,1,2,(unidentified scan 2016); the page itself says Edition Peters No. 3087b,mahler-sym5-mvt1-local-p3,brass,Horn,score_order,treble,False,detector_header,[],-4,,4,False,0,3,74,18,83,66,"[""Flute"", ""Oboe"", ""English horn"", ""Clarinet"", ""Saxophone"", ""Trumpet"", ""Harp"", ""Piano"", ""Organ"", ""Soprano"", ""Chorus"", ""Violin"", ""Viola""]","[""wind-band""]",4,Bass clarinet,"[""Bass clarinet""]",,,4,1,0,8,7,0,2,0,1,6,0,True,1,1,0,7,1,0,9,0,0,3,4,0
,False,,,,,,,,none,13,1,2,(unidentified scan 2016); the page itself says Edition Peters No. 3087b,mahler-sym5-mvt1-local-p3,brass,Trumpet,label,treble,False,detector_header,[],-4,,4,False,0,2,75,6,78,72,"[""Flute"", ""Oboe"", ""English horn"", ""Clarinet"", ""Bass clarinet"", ""Saxophone"", ""Trumpet"", ""Harp"", ""Piano"", ""Organ"", ""Soprano"", ""Alto"", ""Chorus"", ""Violin"", ""Viola"", ""Cello""]","[""wind-band""]",5,Bassoon,"[""Bassoon""]",,Trumpet,5,0,2,8,3,3,3,0,1,6,0,True,0,4,0,2,0,0,6,0,0,9,5,0
,False,,,,,,,,none,13,1,2,(unidentified scan 2016); the page itself says Edition Peters No. 3087b,mahler-sym5-mvt1-local-p3,brass,Trombone,label,bass,False,detector_header,"[""Clarinet"", ""Bass clarinet"", ""Saxophone"", ""Horn"", ""Trumpet""]",-2,,4,False,2,4,61,5,64,57,"[""English horn"", ""Clarinet"", ""Bass clarinet"", ""Bassoon"", ""Saxophone"", ""Sarrusophone"", ""Horn"", ""Trumpet"", ""Trombone"", ""Tuba"", ""Harp"", ""Piano"", ""Organ"", ""Alto"", ""Tenor"", ""Bass voice"", ""Chorus"", ""Violin"", ""Viola"", ""Cello"", ""Contrabass""]","[""wind-band""]",6,Saxophone,"[""Saxophone""]",,Trombone,6,0,2,8,2,6,4,0,1,6,0,True,0,0,0,2,0,0,2,0,1,8,6,0
,False,,,,,,,,none,13,1,2,(unidentified scan 2016); the page itself says Edition Peters No. 3087b,mahler-sym5-mvt1-local-p3,brass,Tuba,label,bass,False,detector_header,"[""Piccolo"", ""Flute"", ""Oboe"", ""Clarinet"", ""Bass clarinet"", ""Bassoon"", ""Contrabassoon"", ""Saxophone"", ""Sarrusophone"", ""Horn"", ""Trumpet"", ""Trombone"", ""Tuba"", ""Timpani"", ""Harp"", ""Piano"", ""Organ"", ""Soprano"", ""Alto"", ""Tenor"", ""Bass voice"", ""Chorus"", ""Violin"", ""Viola"", ""Cello"", ""Contrabass""]",0,,4,False,4,12,45,3,49,33,"[""Contrabassoon"", ""Sarrusophone"", ""Tuba"", ""Harp"", ""Piano"", ""Organ"", ""Contrabass""]","[""wind-band""]",7,Horn,"[""Horn""]",,Tuba,7,0,0,8,3,3,5,0,1,6,0,True,0,0,0,2,0,0,2,0,0,5,7,0
,False,,,,,,,,none,13,1,2,(unidentified scan 2016); the page itself says Edition Peters No. 3087b,mahler-sym5-mvt1-local-p3,string,Violin,label,treble,False,detector_header,"[""Piccolo"", ""Flute"", ""Oboe"", ""Clarinet"", ""Bass clarinet"", ""Bassoon"", ""Contrabassoon"", ""Saxophone"", ""Sarrusophone"", ""Horn"", ""Trumpet"", ""Trombone"", ""Tuba"", ""Timpani"", ""Harp"", ""Piano"", ""Organ"", ""Soprano"", ""Alto"", ""Tenor"", ""Bass voice"", ""Chorus"", ""Violin"", ""Viola"", ""Cello"", ""Contrabass""]",0,header_vote,4,True,4,7,51,27,52,44,"[""Bass clarinet"", ""Bassoon"", ""Contrabassoon"", ""Sarrusophone"", ""Horn"", ""Trombone"", ""Tuba"", ""Timpani"", ""Harp"", ""Piano"", ""Organ"", ""Bass voice"", ""Chorus"", ""Cello"", ""Contrabass""]","[""wind-band""]",8,Trumpet,"[""Trumpet""]",,Violin,10,0,4,8,4,2,0,0,3,5,0,True,0,0,0,0,0,0,0,0,0,6,8,0
,False,,,,,,,,none,13,1,2,(unidentified scan 2016); the page itself says Edition Peters No. 3087b,mahler-sym5-mvt1-local-p3,string,Violin,label,treble,False,detector_header,"[""Piccolo"", ""Flute"", ""Oboe"", ""Clarinet"", ""Bass clarinet"", ""Bassoon"", ""Contrabassoon"", ""Saxophone"", ""Sarrusophone"", ""Horn"", ""Trumpet"", ""Trombone"", ""Tuba"", ""Timpani"", ""Harp"", ""Piano"", ""Organ"", ""Soprano"", ""Alto"", ""Tenor"", ""Bass voice"", ""Chorus"", ""Violin"", ""Viola"", ""Cello"", ""Contrabass""]",0,,4,False,4,12,64,30,76,61,"[""Flute"", ""Oboe"", ""English horn"", ""Clarinet"", ""Bass clarinet"", ""Saxophone"", ""Horn"", ""Trumpet"", ""Harp"", ""Piano"", ""Organ"", ""Soprano"", ""Alto"", ""Chorus"", ""Violin"", ""Viola"", ""Cello""]","[""wind-band""]",9,Trombone,"[""Trombone""]",,Violin,11,0,4,8,4,3,1,0,3,5,0,True,0,6,0,5,0,0,11,0,0,14,9,0
,False,,,,,,,,none,13,1,2,(unidentified scan 2016); the page itself says Edition Peters No. 3087b,mahler-sym5-mvt1-local-p3,string,Viola,label,alto,False,detector_header,[],-1,,4,False,3,4,56,17,66,49,"[""Bass clarinet"", ""Bassoon"", ""Saxophone"", ""Sarrusophone"", ""Horn"", ""Trombone"", ""Harp"", ""Piano"", ""Organ"", ""Tenor"", ""Chorus"", ""Viola"", ""Cello"", ""Contrabass""]","[""wind-band""]",10,Tuba,"[""Tuba""]",,Viola,12,0,2,8,5,2,2,1,3,5,0,True,2,0,2,5,0,0,7,0,0,9,10,0
,False,,,,,,,,none,13,1,2,(unidentified scan 2016); the page itself says Edition Peters No. 3087b,mahler-sym5-mvt1-local-p3,voice,Bass voice,label,bass,False,detector_header,"[""Piccolo"", ""Flute"", ""Oboe"", ""Clarinet"", ""Bass clarinet"", ""Bassoon"", ""Contrabassoon"", ""Saxophone"", ""Sarrusophone"", ""Horn"", ""Trumpet"", ""Trombone"", ""Tuba"", ""Timpani"", ""Harp"", ""Piano"", ""Organ"", ""Soprano"", ""Alto"", ""Tenor"", ""Bass voice"", ""Chorus"", ""Violin"", ""Viola"", ""Cello"", ""Contrabass""]",0,,4,False,4,2,50,19,57,44,"[""Bass clarinet"", ""Bassoon"", ""Contrabassoon"", ""Sarrusophone"", ""Horn"", ""Trombone"", ""Tuba"", ""Timpani"", ""Harp"", ""Piano"", ""Organ"", ""Bass voice"", ""Chorus"", ""Cello"", ""Contrabass""]","[""wind-band""]",11,Timpani,"[""Timpani""]",,Bass voice,13,0,1,8,3,3,3,0,3,5,0,True,0,0,0,6,0,0,6,0,0,3,11,0
,False,,,,,,,,none,13,1,2,(unidentified scan 2016); the page itself says Edition Peters No. 3087b,mahler-sym5-mvt1-local-p3,string,Contrabass,score_order_ambiguity,bass,True,,"[""Clarinet"", ""Bass clarinet"", ""Saxophone"", ""Horn"", ""Trumpet""]",-3,,4,False,1,2,50,15,57,43,"[""Bass clarinet"", ""Bassoon"", ""Contrabassoon"", ""Sarrusophone"", ""Horn"", ""Trombone"", ""Tuba"", ""Timpani"", ""Harp"", ""Piano"", ""Organ"", ""Bass voice"", ""Chorus"", ""Cello"", ""Contrabass""]","[""wind-band""]",12,Percussion,"[""Percussion""]",,Contrabass,14,0,1,8,4,3,4,0,3,5,0,True,2,0,2,0,0,0,7,0,0,5,12,0
,False,,,,,,,,none,12,6,0,''Edition Peters Nr.4412'',bach-brandenburg3-mvt1-468678-p1,,,,treble,False,detector_header,[],-1,,1,False,0,3,65,67,79,55,"[""English horn"", ""Clarinet"", ""Bass clarinet"", ""Saxophone"", ""Trumpet"", ""Harp"", ""Piano"", ""Organ"", ""Alto"", ""Chorus"", ""Violin"", ""Viola"", ""Cello""]","[""classical-condensed""]",0,Flute,"[""Flute""]",,,,0,4,6,6,0,0,0,,9,0,True,0,0,0,0,0,0,0,0,3,3,0,0
,False,,,,,,,,none,12,6,0,''Edition Peters Nr.4412'',bach-brandenburg3-mvt1-468678-p1,,,,treble,True,,[],-1,,1,False,0,2,65,65,79,55,"[""English horn"", ""Clarinet"", ""Bass clarinet"", ""Saxophone"", ""Trumpet"", ""Harp"", ""Piano"", ""Organ"", ""Alto"", ""Chorus"", ""Violin"", ""Viola"", ""Cello""]","[""classical-condensed""]",1,Oboe,"[""Oboe""]",,,,0,5,6,6,0,1,0,,9,0,True,0,0,0,0,0,0,0,0,3,6,1,0
,False,,,,,,,,none,12,6,0,''Edition Peters Nr.4412'',bach-brandenburg3-mvt1-468678-p1,,,,treble,False,detector,[],-1,,1,False,0,2,65,67,79,55,"[""English horn"", ""Clarinet"", ""Bass clarinet"", ""Saxophone"", ""Trumpet"", ""Harp"", ""Piano"", ""Organ"", ""Alto"", ""Chorus"", ""Violin"", ""Viola"", ""Cello""]","[""classical-condensed""]",2,Clarinet,"[""Clarinet""]",,,,0,5,6,6,0,2,0,,9,0,True,0,0,0,0,0,0,0,0,3,4,2,0
,False,,,,,,,,none,12,6,0,''Edition Peters Nr.4412'',bach-brandenburg3-mvt1-468678-p1,,,,alto,False,cv_locator,[],-1,,1,False,0,2,62,36,71,53,"[""English horn"", ""Clarinet"", ""Bass clarinet"", ""Bassoon"", ""Saxophone"", ""Horn"", ""Trumpet"", ""Trombone"", ""Harp"", ""Piano"", ""Organ"", ""Tenor"", ""Chorus"", ""Viola"", ""Cello""]","[""classical-condensed""]",3,Bassoon,"[""Bassoon""]",,,,0,1,6,6,0,3,0,,9,0,True,0,0,0,0,0,0,0,0,0,2,3,0
,False,,,,,,,,none,12,6,0,''Edition Peters Nr.4412'',bach-brandenburg3-mvt1-468678-p1,,,,treble,True,,[],-1,,1,False,0,4,72,37,81,65,"[""Flute"", ""Oboe"", ""English horn"", ""Clarinet"", ""Saxophone"", ""Trumpet"", ""Harp"", ""Piano"", ""Organ"", ""Soprano"", ""Chorus"", ""Violin"", ""Viola"", ""Cello""]","[""classical-condensed""]",4,Horn,"[""Horn""]",,,,0,1,6,6,0,4,0,,9,0,True,0,0,0,0,0,0,0,0,0,0,4,0
,False,,,,,,,,none,12,6,0,''Edition Peters Nr.4412'',bach-brandenburg3-mvt1-468678-p1,,,,alto,False,cv_locator,[],-1,,1,False,0,2,62,36,71,55,"[""English horn"", ""Clarinet"", ""Bass clarinet"", ""Bassoon"", ""Saxophone"", ""Horn"", ""Trumpet"", ""Trombone"", ""Harp"", ""Piano"", ""Organ"", ""Alto"", ""Tenor"", ""Chorus"", ""Violin"", ""Viola"", ""Cello""]","[""classical-condensed""]",5,Trumpet,"[""Trumpet""]",,,,0,2,6,6,0,5,0,,9,0,True,0,0,0,0,0,0,0,0,0,0,5,0
,False,,,,,,,,none,12,6,0,''Edition Peters Nr.4412'',bach-brandenburg3-mvt1-468678-p1,,,,alto,False,cv_locator,"[""Piccolo"", ""Flute"", ""Oboe"", ""Clarinet"", ""Bass clarinet"", ""Bassoon"", ""Contrabassoon"", ""Saxophone"", ""Sarrusophone"", ""Horn"", ""Trumpet"", ""Trombone"", ""Tuba"", ""Timpani"", ""Harp"", ""Piano"", ""Organ"", ""Soprano"", ""Alto"", ""Tenor"", ""Bass voice"", ""Chorus"", ""Violin"", ""Viola"", ""Cello"", ""Contrabass""]",0,header_vote,1,True,1,17,62,47,72,35,"[""Bassoon"", ""Trombone"", ""Harp"", ""Piano"", ""Organ""]","[""classical-condensed""]",6,Timpani,"[""Timpani""]",,,,0,4,6,6,0,6,0,,9,0,True,0,0,0,0,0,0,0,0,0,1,6,0
,False,,,,,,,,none,12,6,0,''Edition Peters Nr.4412'',bach-brandenburg3-mvt1-468678-p1,,,,treble,True,,[],-1,,1,False,0,4,72,41,83,64,"[""Flute"", ""Oboe"", ""English horn"", ""Clarinet"", ""Saxophone"", ""Trumpet"", ""Harp"", ""Piano"", ""Organ"", ""Soprano"", ""Chorus"", ""Violin"", ""Viola""]","[""classical-condensed""]",7,Violin,"[""Violin""]",,,,0,1,6,6,0,7,0,,9,0,True,0,0,0,0,0,0,0,0,0,1,7,0
,False,,,,,,,,none,12,6,0,''Edition Peters Nr.4412'',bach-brandenburg3-mvt1-468678-p1,,,,treble,True,,[],-1,,1,False,0,4,71,43,83,62,"[""Flute"", ""Oboe"", ""English horn"", ""Clarinet"", ""Saxophone"", ""Trumpet"", ""Harp"", ""Piano"", ""Organ"", ""Soprano"", ""Chorus"", ""Violin"", ""Viola""]","[""classical-condensed""]",8,Violin,"[""Violin""]",,,,0,2,6,6,0,8,0,,9,0,True,0,0,0,0,0,0,0,0,0,0,8,0
,False,,,,,,,,none,12,6,0,''Edition Peters Nr.4412'',bach-brandenburg3-mvt1-468678-p1,string,Violin,score_order,treble,False,detector,"[""Clarinet"", ""Bass clarinet"", ""Saxophone"", ""Horn"", ""Trumpet""]",-2,header_vote,1,True,-1,4,72,41,84,64,"[""Flute"", ""Oboe"", ""English horn"", ""Clarinet"", ""Saxophone"", ""Trumpet"", ""Harp"", ""Piano"", ""Organ"", ""Soprano"", ""Chorus"", ""Violin"", ""Viola""]","[""classical-condensed""]",9,Viola,"[""Viola""]",,,0,0,1,6,6,0,0,0,0,3,0,True,0,0,0,0,0,0,0,0,0,0,9,0
,False,,,,,,,,none,12,6,0,''Edition Peters Nr.4412'',bach-brandenburg3-mvt1-468678-p1,string,Violin,score_order,treble,False,detector,"[""English horn"", ""Clarinet"", ""Bass clarinet"", ""Saxophone"", ""Horn"", ""Trumpet""]",1,header_vote,1,True,2,4,62,91,76,55,"[""English horn"", ""Clarinet"", ""Bass clarinet"", ""Saxophone"", ""Horn"", ""Trumpet"", ""Harp"", ""Piano"", ""Organ"", ""Alto"", ""Chorus"", ""Violin"", ""Viola"", ""Cello""]","[""classical-condensed""]",10,Cello,"[""Cello""]",,,1,0,6,6,6,0,1,1,0,3,0,True,0,0,0,0,0,0,0,0,0,0,10,0
,False,,,,,,,,none,12,6,0,''Edition Peters Nr.4412'',bach-brandenburg3-mvt1-468678-p1,string,Viola,score_order,alto,False,cv_locator,"[""Piccolo"", ""Flute"", ""Oboe"", ""Clarinet"", ""Bass clarinet"", ""Bassoon"", ""Contrabassoon"", ""Saxophone"", ""Sarrusophone"", ""Horn"", ""Trumpet"", ""Trombone"", ""Tuba"", ""Timpani"", ""Harp"", ""Piano"", ""Organ"", ""Soprano"", ""Alto"", ""Tenor"", ""Bass voice"", ""Chorus"", ""Violin"", ""Viola"", ""Cello"", ""Contrabass""]",0,header_vote,1,True,1,4,60,44,72,52,"[""English horn"", ""Clarinet"", ""Bass clarinet"", ""Bassoon"", ""Saxophone"", ""Horn"", ""Trumpet"", ""Trombone"", ""Harp"", ""Piano"", ""Organ"", ""Tenor"", ""Chorus"", ""Viola"", ""Cello""]","[""classical-condensed""]",11,Contrabass,"[""Contrabass""]",,,2,0,2,6,6,0,2,1,0,3,0,True,0,1,0,0,0,0,1,0,0,1,11,0
,False,,,,,,,,none,3,6,0,''Edition Peters Nr.4412'',bach-brandenburg3-mvt1-468678-p1,string,Violin,score_order,treble,False,detector,[],-1,,1,False,0,2,66,54,79,55,"[""English horn"", ""Clarinet"", ""Bass clarinet"", ""Saxophone"", ""Trumpet"", ""Harp"", ""Piano"", ""Organ"", ""Alto"", ""Chorus"", ""Violin"", ""Viola"", ""Cello""]",[],0,Flute,"[""Flute"", ""Piccolo"", ""Soprano"", ""Violin""]",True,,0,0,4,28,27,0,0,0,0,3,0,True,0,0,0,0,0,0,0,0,0,1,0,1
,False,,,,,,,,none,3,6,0,''Edition Peters Nr.4412'',bach-brandenburg3-mvt1-468678-p1,string,Violin,score_order,treble,False,detector,[],-1,,1,False,0,10,67,55,89,53,"[""Clarinet"", ""Saxophone"", ""Harp"", ""Piano"", ""Organ""]",[],1,Bassoon,"[""Alto"", ""Bass clarinet"", ""Bassoon"", ""Cello"", ""Horn"", ""Violin""]",True,,1,0,9,28,26,0,1,0,0,3,0,True,0,0,0,0,0,0,0,0,0,0,1,1
,False,,,,,,,,none,3,6,0,''Edition Peters Nr.4412'',bach-brandenburg3-mvt1-468678-p1,string,Viola,score_order,treble,False,detector,[],-1,,1,False,0,2,67,50,74,55,"[""English horn"", ""Clarinet"", ""Bass clarinet"", ""Saxophone"", ""Horn"", ""Trumpet"", ""Harp"", ""Piano"", ""Organ"", ""Alto"", ""Chorus"", ""Violin"", ""Viola"", ""Cello""]",[],2,Violin,"[""Harp"", ""Percussion"", ""Piano"", ""Tenor"", ""Trumpet"", ""Viola"", ""Violin""]",True,,2,0,4,28,27,0,2,0,0,3,0,True,0,0,0,0,0,0,1,0,0,1,2,1
,False,,,,,,,,none,3,6,0,''Edition Peters Nr.4412'',bach-brandenburg3-mvt1-468678-p1,string,Violin,score_order,treble,True,,[],-1,,1,False,0,11,76,52,96,60,"[""Flute"", ""Harp"", ""Piano"", ""Organ"", ""Violin""]",[],0,Flute,"[""Flute"", ""Piccolo"", ""Soprano"", ""Violin""]",True,,0,0,7,29,26,0,0,0,0,3,0,True,0,0,0,0,0,0,0,0,0,1,0,2
,False,,,,,,,,none,3,6,0,''Edition Peters Nr.4412'',bach-brandenburg3-mvt1-468678-p1,string,Violin,score_order,treble,True,,[],-1,,1,False,0,3,72,46,84,60,"[""Flute"", ""Oboe"", ""English horn"", ""Clarinet"", ""Saxophone"", ""Trumpet"", ""Harp"", ""Piano"", ""Organ"", ""Soprano"", ""Chorus"", ""Violin"", ""Viola""]",[],1,Bassoon,"[""Alto"", ""Bass clarinet"", ""Bassoon"", ""Cello"", ""Horn"", ""Violin""]",True,,1,0,4,29,25,1,1,0,0,3,0,True,0,0,0,0,0,0,0,0,0,3,1,2
,False,,,,,,,,none,3,6,0,''Edition Peters Nr.4412'',bach-brandenburg3-mvt1-468678-p1,string,Viola,score_order,treble,True,,[],-1,,1,False,0,3,72,42,84,60,"[""Flute"", ""Oboe"", ""English horn"", ""Clarinet"", ""Saxophone"", ""Trumpet"", ""Harp"", ""Piano"", ""Organ"", ""Soprano"", ""Chorus"", ""Violin"", ""Viola""]",[],2,Violin,"[""Harp"", ""Percussion"", ""Piano"", ""Tenor"", ""Trumpet"", ""Viola"", ""Violin""]",True,,2,0,4,29,23,2,2,1,0,3,0,True,0,0,0,0,0,0,0,0,0,4,2,2
,False,,,,,,,,none,3,6,0,''Edition Peters Nr.4412'',bach-brandenburg3-mvt1-468678-p1,string,Violin,score_order,treble,True,,[],-1,,1,False,0,4,71,41,83,64,"[""Flute"", ""Oboe"", ""English horn"", ""Clarinet"", ""Saxophone"", ""Trumpet"", ""Harp"", ""Piano"", ""Organ"", ""Soprano"", ""Chorus"", ""Violin"", ""Viola""]",[],0,Flute,"[""Flute"", ""Piccolo"", ""Soprano"", ""Violin""]",True,,0,0,2,25,23,0,0,0,0,3,0,True,0,0,0,0,0,0,0,0,0,1,0,3
,False,,,,,,,,none,3,6,0,''Edition Peters Nr.4412'',bach-brandenburg3-mvt1-468678-p1,string,Violin,score_order,treble,True,,"[""Piccolo"", ""Flute"", ""Oboe"", ""Clarinet"", ""Bass clarinet"", ""Bassoon"", ""Contrabassoon"", ""Saxophone"", ""Sarrusophone"", ""Horn"", ""Trumpet"", ""Trombone"", ""Tuba"", ""Timpani"", ""Harp"", ""Piano"", ""Organ"", ""Soprano"", ""Alto"", ""Tenor"", ""Bass voice"", ""Chorus"", ""Violin"", ""Viola"", ""Cello"", ""Contrabass""]",0,header_vote,1,True,1,3,71,43,83,59,"[""Flute"", ""Oboe"", ""English horn"", ""Clarinet"", ""Saxophone"", ""Trumpet"", ""Harp"", ""Piano"", ""Organ"", ""Chorus"", ""Violin"", ""Viola""]",[],1,Bassoon,"[""Alto"", ""Bass clarinet"", ""Bassoon"", ""Cello"", ""Horn"", ""Violin""]",True,,1,0,2,25,21,0,1,0,0,3,0,True,0,0,0,0,0,0,0,0,0,3,1,3
,False,,,,,,,,none,3,6,0,''Edition Peters Nr.4412'',bach-brandenburg3-mvt1-468678-p1,string,Viola,score_order,treble,True,,[],-1,,1,False,0,4,71,44,83,59,"[""Flute"", ""Oboe"", ""English horn"", ""Clarinet"", ""Saxophone"", ""Trumpet"", ""Harp"", ""Piano"", ""Organ"", ""Chorus"", ""Violin"", ""Viola""]",[],2,Violin,"[""Harp"", ""Percussion"", ""Piano"", ""Tenor"", ""Trumpet"", ""Viola"", ""Violin""]",True,,2,0,4,25,24,0,2,0,0,3,0,True,0,0,0,0,0,0,0,0,0,1,2,3
,False,,,,,,,,none,1,6,0,''Edition Peters Nr.4412'',bach-brandenburg3-mvt1-468678-p1,string,Violin,score_order,treble,True,,[],-1,,1,False,0,4,71,37,83,59,"[""Flute"", ""Oboe"", ""English horn"", ""Clarinet"", ""Saxophone"", ""Trumpet"", ""Harp"", ""Piano"", ""Organ"", ""Chorus"", ""Violin"", ""Viola""]",[],0,Flute,"[""Flute"", ""Piccolo"", ""Soprano"", ""Violin""]",True,,0,0,2,24,21,0,0,0,0,1,0,True,0,0,0,0,0,0,0,0,0,1,0,4
,False,,,,,,,,none,2,6,0,''Edition Peters Nr.4412'',bach-brandenburg3-mvt1-468678-p1,string,Violin,score_order,treble,False,detector,"[""Piccolo"", ""Flute"", ""Oboe"", ""Clarinet"", ""Bass clarinet"", ""Bassoon"", ""Contrabassoon"", ""Saxophone"", ""Sarrusophone"", ""Horn"", ""Trumpet"", ""Trombone"", ""Tuba"", ""Timpani"", ""Harp"", ""Piano"", ""Organ"", ""Soprano"", ""Alto"", ""Tenor"", ""Bass voice"", ""Chorus"", ""Violin"", ""Viola"", ""Cello"", ""Contrabass""]",0,header_vote,1,True,1,2,66,63,83,55,"[""English horn"", ""Clarinet"", ""Saxophone"", ""Trumpet"", ""Harp"", ""Piano"", ""Organ"", ""Chorus"", ""Violin"", ""Viola""]","[""piano""]",0,Piano,"[""Piano""]",True,,0,0,8,10,8,1,0,1,0,2,0,True,0,0,0,0,0,0,0,0,0,2,0,5
,False,,,,,,,,none,2,6,0,''Edition Peters Nr.4412'',bach-brandenburg3-mvt1-468678-p1,string,Viola,score_order,bass,True,,"[""Clarinet"", ""Bass clarinet"", ""Saxophone"", ""Horn"", ""Trumpet""]",-2,header_vote,1,True,-1,3,50,40,62,38,"[""Bass clarinet"", ""Bassoon"", ""Sarrusophone"", ""Trombone"", ""Tuba"", ""Harp"", ""Piano"", ""Organ"", ""Cello"", ""Contrabass""]","[""piano""]",1,Piano,"[""Piano""]",False,,2,0,2,10,8,1,1,1,0,2,0,True,0,0,0,0,0,0,0,0,0,0,1,5
